id,rt,rt_range:min,rt_range:max,mz,mz_range:min,mz_range:max,height,area,intensity_range:min,intensity_range:max,fragment_scans,charge,feature_group,ion_identities:iin_id,ion_identities:ion_identities,ion_identities:list_size,ion_identities:neutral_mass,ion_identities:partner_row_ids,ion_identities:iin_relationship,ion_identities:consensus_formulas,ion_identities:simple_formulas,datafile:202406251802_PMA_dbgi_003198_01_01.mzML:feature_state,datafile:202406251802_PMA_dbgi_003198_01_01.mzML:mz,datafile:202406251802_PMA_dbgi_003198_01_01.mzML:mz_range:min,datafile:202406251802_PMA_dbgi_003198_01_01.mzML:mz_range:max,datafile:202406251802_PMA_dbgi_003198_01_01.mzML:rt,datafile:202406251802_PMA_dbgi_003198_01_01.mzML:rt_range:min,datafile:202406251802_PMA_dbgi_003198_01_01.mzML:rt_range:max,datafile:202406251802_PMA_dbgi_003198_01_01.mzML:height,datafile:202406251802_PMA_dbgi_003198_01_01.mzML:area,datafile:202406251802_PMA_dbgi_003198_01_01.mzML:intensity_range:min,datafile:202406251802_PMA_dbgi_003198_01_01.mzML:intensity_range:max,datafile:202406251802_PMA_dbgi_003198_01_01.mzML:fwhm,datafile:202406251802_PMA_dbgi_003198_01_01.mzML:tailing_factor,datafile:202406251802_PMA_dbgi_003198_01_01.mzML:asymmetry_factor,datafile:202406251802_PMA_dbgi_003198_01_01.mzML:fragment_scans,datafile:202406251802_PMA_dbgi_003198_01_01.mzML:rt_ms2_apex_distance,datafile:202406251802_PMA_dbgi_003198_01_01.mzML:isotopes,datafile:202406251802_PMA_dbgi_003198_01_01.mzML:charge
2,0.4769,0.3036,0.5459,173.92316,173.9229,173.92366,6.642E5,7.458E4,8.87E4,6.642E5,4,1,1,,,,,,,,,DETECTED,173.92316,173.9229,173.92366,0.4769,0.3036,0.5459,6.642E5,7.458E4,8.87E4,6.642E5,0.0549,0.6989,0.3977,4,-0.1579,3,1
3,0.4769,0.311,0.5922,226.96341,226.96274,226.96417,2.62E5,1.626E4,7.829E3,2.62E5,0,1,1,,,,,,,,,DETECTED,226.96341,226.96274,226.96417,0.4769,0.311,0.5922,2.62E5,1.626E4,7.829E3,2.62E5,0.0712,0.947,6.423,,,3,1
5,0.4769,0.4207,0.524,242.94103,242.94075,242.94151,4.598E5,1.789E4,2.205E4,4.598E5,1,,1,,,,,,,,,DETECTED,242.94103,242.94075,242.94151,0.4769,0.4207,0.524,4.598E5,1.789E4,2.205E4,4.598E5,0.2229,1.0605,2.8426,1,0.0039,,
13,0.4885,0.4607,0.5691,356.92107,356.91928,356.92328,2.651E5,1.414E4,4.221E4,2.651E5,0,1,,,,,,,,,,DETECTED,356.92107,356.91928,356.92328,0.4885,0.4607,0.5691,2.651E5,1.414E4,4.221E4,2.651E5,0.0609,1.9502,3.531,,,3,1
17,0.4999,0.4607,0.5807,402.91385,402.91238,402.91599,1.412E6,6.505E4,1.494E4,1.412E6,1,1,64,,,,,,,,,DETECTED,402.91385,402.91238,402.91599,0.4999,0.4607,0.5807,1.412E6,6.505E4,1.494E4,1.412E6,0.05,1.4448,1.6398,1,-0.0058,5,1
19,0.4999,0.4607,0.5922,418.89198,418.89032,418.89362,3.272E6,1.502E5,2.482E4,3.272E6,2,1,64,,,,,,,,,DETECTED,418.89198,418.89032,418.89362,0.4999,0.4607,0.5922,3.272E6,1.502E5,2.482E4,3.272E6,0.0465,1.459,1.7727,2,-0.0157,5,1
21,0.4999,0.4607,0.5807,434.86912,434.86752,434.86942,2.448E6,1.111E5,2.323E4,2.448E6,1,1,64,,,,,,,,,DETECTED,434.86912,434.86752,434.86942,0.4999,0.4607,0.5807,2.448E6,1.111E5,2.323E4,2.448E6,0.0445,1.482,2.1321,1,-0.0075,3,1
23,0.4999,0.4682,0.5353,516.89241,516.89178,516.89423,9.921E4,3.823E3,2.392E4,9.921E4,0,1,64,,,,,,,,,DETECTED,516.89241,516.89178,516.89423,0.4999,0.4682,0.5353,9.921E4,3.823E3,2.392E4,9.921E4,0.0436,1.057,1.1139,,,3,1
24,0.4999,0.4682,0.5459,532.87085,532.86957,532.87164,3.913E5,1.567E4,6.789E4,3.913E5,1,1,64,,,,,,,,,DETECTED,532.87085,532.86957,532.87164,0.4999,0.4682,0.5459,3.913E5,1.567E4,6.789E4,3.913E5,0.0491,1.2235,1.5536,1,0.0167,4,1
26,0.4999,0.4682,0.5574,548.84841,548.84711,548.85004,7.096E5,2.898E4,5.074E4,7.096E5,1,1,64,,,,,,,,,DETECTED,548.84841,548.84711,548.85004,0.4999,0.4682,0.5574,7.096E5,2.898E4,5.074E4,7.096E5,0.0449,1.2669,1.7661,1,-0.0041,5,1
27,0.4999,0.4682,0.5574,564.82455,564.82324,564.82574,5.585E5,2.251E4,4.023E4,5.585E5,1,1,64,,,,,,,,,DETECTED,564.82455,564.82324,564.82574,0.4999,0.4682,0.5574,5.585E5,2.251E4,4.023E4,5.585E5,0.0387,1.2457,1.8987,1,0.0056,4,1
28,0.4999,0.4769,0.5353,678.80138,678.79907,678.8031,1.924E5,6.005E3,6.424E4,1.924E5,0,1,,,,,,,,,,DETECTED,678.80138,678.79907,678.8031,0.4999,0.4769,0.5353,1.924E5,6.005E3,6.424E4,1.924E5,0.0319,1.2688,1.5376,,,3,1
30,0.5113,0.4533,0.6813,146.95814,146.9577,146.95842,1.69E6,1.683E5,2.107E4,1.69E6,2,1,64,,,,,,,,,DETECTED,146.95814,146.9577,146.95842,0.5113,0.4533,0.6813,1.69E6,1.683E5,2.107E4,1.69E6,0.1015,2.2813,2.1727,2,-0.0374,2,1
33,0.5113,0.4533,0.6813,175.95575,175.95546,175.95676,7.495E5,7.678E4,1.028E4,7.495E5,2,1,64,,,,,,,,,DETECTED,175.95575,175.95546,175.95676,0.5113,0.4533,0.6813,7.495E5,7.678E4,1.028E4,7.495E5,0.1027,2.286,2.3205,2,-0.0254,5,1
37,0.5113,0.4769,0.5574,231.92908,231.92822,231.92926,6.465E5,3.263E4,3.933E4,6.465E5,1,1,64,,,,,,,,,DETECTED,231.92908,231.92822,231.92926,0.5113,0.4769,0.5574,6.465E5,3.263E4,3.933E4,6.465E5,0.0517,1.1714,1.3428,1,-0.0041,6,1
42,0.5113,0.4533,0.6385,304.91265,304.91175,304.91367,1.326E7,8.53E5,1.225E4,1.326E7,2,1,64,,,,,,,,,DETECTED,304.91265,304.91175,304.91367,0.5113,0.4533,0.6385,1.326E7,8.53E5,1.225E4,1.326E7,0.0722,1.3365,1.4618,2,-0.0321,5,1
44,0.5113,0.4607,0.5922,305.91547,305.91281,305.91769,4.914E5,3.159E4,1.542E4,4.914E5,1,1,64,,,,,,,,,DETECTED,305.91547,305.91281,305.91769,0.5113,0.4607,0.5922,4.914E5,3.159E4,1.542E4,4.914E5,0.0664,1.3536,1.6036,1,-0.0138,5,1
45,0.5113,0.4607,0.5922,308.90488,308.90375,308.9064,3.661E5,2.505E4,2.131E4,3.661E5,1,1,64,,,,,,,,,DETECTED,308.90488,308.90375,308.9064,0.5113,0.4607,0.5922,3.661E5,2.505E4,2.131E4,3.661E5,0.0686,1.3399,1.5431,1,0.0087,5,1
47,0.5113,0.4682,0.5691,420.88945,420.88812,420.89124,4.211E5,2.072E4,3.109E4,4.211E5,0,1,64,,,,,,,,,DETECTED,420.88945,420.88812,420.89124,0.5113,0.4682,0.5691,4.211E5,2.072E4,3.109E4,4.211E5,0.0509,1.0768,0.9787,,,4,1
54,0.524,0.4533,0.6813,174.95374,174.95276,174.95396,3.47E7,3.594E6,4.435E5,3.47E7,4,1,64,,,,,,,,,DETECTED,174.95374,174.95276,174.95396,0.524,0.4533,0.6813,3.47E7,3.594E6,4.435E5,3.47E7,0.1032,1.529,1.5424,4,-0.0684,5,1
56,0.524,0.4533,0.6274,178.94554,178.94518,178.94676,4.046E5,4.101E4,1.017E4,4.046E5,1,1,64,,,,,,,,,DETECTED,178.94554,178.94518,178.94676,0.524,0.4533,0.6274,4.046E5,4.101E4,1.017E4,4.046E5,0.1124,1.3293,1.662,1,-0.0151,5,1
57,0.524,0.3036,0.5574,178.97457,178.97389,178.97481,1.431E6,1.269E5,7.991E4,1.431E6,5,1,64,,,,,,,,,DETECTED,178.97457,178.97389,178.97481,0.524,0.3036,0.5574,1.431E6,1.269E5,7.991E4,1.431E6,0.0378,0.5759,0.1518,5,-0.2181,3,1
62,0.524,0.4607,0.6056,272.95737,272.95633,272.95749,6.137E6,3.163E5,6.358E4,6.137E6,2,1,64,,,,,,,,,DETECTED,272.95737,272.95633,272.95749,0.524,0.4607,0.6056,6.137E6,3.163E5,6.358E4,6.137E6,0.0509,0.8744,0.6619,2,-0.0414,5,1
67,0.524,0.4607,0.6385,288.93538,288.93433,288.93579,1.57E7,9.655E5,4.542E4,1.57E7,3,1,64,,,,,,,,,DETECTED,288.93538,288.93433,288.93579,0.524,0.4607,0.6385,1.57E7,9.655E5,4.542E4,1.57E7,0.067,0.9778,0.8124,3,-0.0517,5,1
71,0.524,0.4607,0.6056,290.93237,290.93158,290.93326,1.86E6,1.054E5,3.502E4,1.86E6,0,1,64,,,,,,,,,DETECTED,290.93237,290.93158,290.93326,0.524,0.4607,0.6056,1.86E6,1.054E5,3.502E4,1.86E6,0.0618,0.9714,0.7769,,,5,1
73,0.524,0.4682,0.5922,502.85379,502.85251,502.85718,7.817E5,3.283E4,2.727E4,7.817E5,1,1,64,,,,,,,,,DETECTED,502.85379,502.85251,502.85718,0.524,0.4682,0.5922,7.817E5,3.283E4,2.727E4,7.817E5,0.0386,0.981,0.9195,1,-0.0056,3,1
74,0.524,0.4999,0.5922,518.83025,518.8288,518.83118,6.922E5,2.588E4,2.965E4,6.922E5,1,1,64,,,,,,,,,DETECTED,518.83025,518.8288,518.83118,0.524,0.4999,0.5922,6.922E5,2.588E4,2.965E4,6.922E5,0.045,1.6545,1.9064,1,0.0073,3,1
76,0.524,0.4769,0.5691,632.80498,632.80273,632.80768,3.167E5,9.543E3,2.663E4,3.167E5,0,1,64,,,,,,,,,DETECTED,632.80498,632.80273,632.80768,0.524,0.4769,0.5691,3.167E5,9.543E3,2.663E4,3.167E5,0.0221,0.875,0.3625,,,3,1
78,0.524,0.4999,0.5691,716.76219,716.76117,716.76294,1.371E5,4.147E3,2.2E4,1.371E5,0,1,,,,,,,,,,DETECTED,716.76219,716.76117,716.76294,0.524,0.4999,0.5691,1.371E5,4.147E3,2.2E4,1.371E5,0.0308,1.4391,1.4754,,,2,1
80,0.5353,0.4533,0.7266,158.9758,158.97517,158.97598,1.036E7,1.028E6,1.13E5,1.036E7,3,1,64,,,,,,,,,DETECTED,158.9758,158.97517,158.97598,0.5353,0.4533,0.7266,1.036E7,1.028E6,1.13E5,1.036E7,0.1074,1.1108,0.9917,3,-0.0706,3,1
90,0.5459,0.4607,0.6056,372.89716,372.89594,372.89944,7.299E5,4.558E4,3.951E4,7.299E5,1,1,64,,,,,,,,,DETECTED,372.89716,372.89594,372.89944,0.5459,0.4607,0.6056,7.299E5,4.558E4,3.951E4,7.299E5,0.0472,0.8007,0.4781,1,-0.0242,4,1
93,0.5459,0.4999,0.6056,388.87331,388.87164,388.87396,1.152E6,5.286E4,7.762E4,1.152E6,1,1,64,,,,,,,,,DETECTED,388.87331,388.87164,388.87396,0.5459,0.4999,0.6056,1.152E6,5.286E4,7.762E4,1.152E6,0.0572,1.0328,1.1316,1,-0.0163,3,1
96,0.5459,0.4999,0.6056,456.85746,456.85425,456.8587,9.814E5,3.782E4,3.871E4,9.814E5,1,1,64,,,,,,,,,DETECTED,456.85746,456.85425,456.8587,0.5459,0.4999,0.6056,9.814E5,3.782E4,3.871E4,9.814E5,0.0342,1.2005,1.3175,1,0.0155,5,1
98,0.5459,0.5113,0.5922,458.85545,458.85345,458.8573,2.616E5,9.834E3,4.639E4,2.616E5,0,1,64,,,,,,,,,DETECTED,458.85545,458.85345,458.8573,0.5459,0.5113,0.5922,2.616E5,9.834E3,4.639E4,2.616E5,0.0362,1.1701,1.1163,,,5,1
99,0.5459,0.5113,0.6056,472.83472,472.83313,472.83759,1.284E6,4.725E4,1.044E5,1.284E6,1,1,64,,,,,,,,,DETECTED,472.83472,472.83313,472.83759,0.5459,0.5113,0.6056,1.284E6,4.725E4,1.044E5,1.284E6,0.0328,1.2239,1.2757,1,0.0089,4,1
104,0.5459,0.5113,0.6056,556.794,556.79236,556.79492,5.359E5,2.13E4,5.109E4,5.359E5,0,1,64,,,,,,,,,DETECTED,556.794,556.79236,556.79492,0.5459,0.5113,0.6056,5.359E5,2.13E4,5.109E4,5.359E5,0.0393,1.2194,1.9716,,,4,1
107,0.5459,0.5113,0.5807,670.76984,670.76611,670.77185,2.168E5,7.287E3,6.479E4,2.168E5,0,1,64,,,,,,,,,DETECTED,670.76984,670.76611,670.77185,0.5459,0.5113,0.5807,2.168E5,7.287E3,6.479E4,2.168E5,0.0342,1.0028,1.0057,,,4,1
111,0.5574,0.5113,0.6274,242.93808,242.93748,242.94024,1.736E6,8.358E4,6.862E4,1.736E6,1,1,64,,,,,,,,,DETECTED,242.93808,242.93748,242.94024,0.5574,0.5113,0.6274,1.736E6,8.358E4,6.862E4,1.736E6,0.0428,1.0969,0.9775,1,-0.014,3,1
113,0.5574,0.4999,0.6492,258.91558,258.91428,258.91577,3.002E6,1.462E5,5.615E4,3.002E6,2,1,64,,,,,,,,,DETECTED,258.91558,258.91428,258.91577,0.5574,0.4999,0.6492,3.002E6,1.462E5,5.615E4,3.002E6,0.0418,1.136,1.1965,2,-0.0245,3,1
114,0.5574,0.5113,0.6162,326.90011,326.89941,326.90179,9.956E5,4.171E4,5.728E4,9.956E5,1,1,64,,,,,,,,,DETECTED,326.90011,326.89941,326.90179,0.5574,0.5113,0.6162,9.956E5,4.171E4,5.728E4,9.956E5,0.0377,1.0312,1.1919,1,0.009,3,1
117,0.5574,0.5113,0.6274,342.87732,342.87665,342.87927,1.693E6,7.48E4,7.01E4,1.693E6,1,1,64,,,,,,,,,DETECTED,342.87732,342.87665,342.87927,0.5574,0.5113,0.6274,1.693E6,7.48E4,7.01E4,1.693E6,0.04,1.1241,1.4466,1,0.0023,4,1
120,0.5574,0.524,0.6056,412.85659,412.85391,412.85919,2.119E5,8.107E3,3.482E4,2.119E5,0,1,64,,,,,,,,,DETECTED,412.85659,412.85391,412.85919,0.5574,0.524,0.6056,2.119E5,8.107E3,3.482E4,2.119E5,0.0353,1.2196,1.1239,,,5,1
121,0.5574,0.5113,0.6056,426.83741,426.83594,426.83859,1.077E6,4.513E4,5.406E4,1.077E6,1,1,64,,,,,,,,,DETECTED,426.83741,426.83594,426.83859,0.5574,0.5113,0.6056,1.077E6,4.513E4,5.406E4,1.077E6,0.0396,1.2192,1.6366,1,0.0073,4,1
123,0.5691,0.4999,0.715,128.95664,128.95598,128.95706,2.964E6,1.382E5,3.094E4,2.964E6,1,1,64,,,,,,,,,DETECTED,128.95664,128.95598,128.95706,0.5691,0.4999,0.715,2.964E6,1.382E5,3.094E4,2.964E6,0.0397,1.2071,1.2944,1,-0.006,4,1
125,0.5691,0.524,0.6162,296.88059,296.87875,296.88086,8.649E5,3.06E4,7.045E4,8.649E5,1,1,64,,,,,,,,,DETECTED,296.88059,296.87875,296.88086,0.5691,0.524,0.6162,8.649E5,3.06E4,7.045E4,8.649E5,0.0328,1.1597,1.1378,1,0.0089,2,1
129,0.5691,0.524,0.6056,510.79853,510.797,510.79968,4.03E5,1.555E4,5.754E4,4.03E5,0,1,64,,,,,,,,,DETECTED,510.79853,510.797,510.79968,0.5691,0.524,0.6056,4.03E5,1.555E4,5.754E4,4.03E5,0.0376,0.9043,0.739,,,3,1
139,0.6056,0.5353,0.8381,131.03174,131.03133,131.03221,9.125E5,6.588E4,1.914E4,9.125E5,1,1,13,,,,,,,,,DETECTED,131.03174,131.03133,131.03221,0.6056,0.5353,0.8381,9.125E5,6.588E4,1.914E4,9.125E5,0.0449,2.1683,2.2242,1,-0.016,3,1
140,0.6056,0.5353,0.8811,143.03183,143.03146,143.03293,3.218E6,2.238E5,2.632E4,3.218E6,3,1,13,,,,,,,,,DETECTED,143.03183,143.03146,143.03293,0.6056,0.5353,0.8811,3.218E6,2.238E5,2.632E4,3.218E6,0.0459,1.8319,1.8695,3,-0.0292,3,1
141,0.6056,0.5353,0.8381,161.04241,161.04202,161.04257,3.579E6,2.607E5,5.609E4,3.579E6,3,1,13,,,,,,,,,DETECTED,161.04241,161.04202,161.04257,0.6056,0.5353,0.8381,3.579E6,2.607E5,5.609E4,3.579E6,0.0468,2.0476,2.2194,3,-0.0326,4,1
143,0.6056,0.524,0.9003,179.05371,179.05235,179.05394,2.451E7,1.901E6,1.419E5,2.451E7,5,1,13,0,[M-H]-,3,180.06117,148;143;146,,,,DETECTED,179.05371,179.05235,179.05394,0.6056,0.524,0.9003,2.451E7,1.901E6,1.419E5,2.451E7,0.0504,1.684,2.2097,5,-0.0541,3,1
146,0.6056,0.5353,0.8381,215.03057,215.03008,215.03111,8.185E6,5.058E5,3.703E4,8.185E6,3,1,13,0,[M+Cl]-,3,180.06117,143;146,,,,DETECTED,215.03057,215.03008,215.03111,0.6056,0.5353,0.8381,8.185E6,5.058E5,3.703E4,8.185E6,0.0524,1.7262,2.5061,3,-0.0176,4,1
147,0.6056,0.5459,0.7823,217.02748,217.02711,217.02803,2.173E6,1.322E5,2.536E4,2.173E6,0,1,13,,,,,,,,,DETECTED,217.02748,217.02711,217.02803,0.6056,0.5459,0.7823,2.173E6,1.322E5,2.536E4,2.173E6,0.0517,1.7213,2.4982,,,4,1
148,0.6056,0.5113,0.8811,225.05956,225.05832,225.05981,9.035E6,6.923E5,4.473E4,9.035E6,5,1,13,0,[M+FA]-,3,180.06117,148;143,,,,DETECTED,225.05956,225.05832,225.05981,0.6056,0.5113,0.8811,9.035E6,6.923E5,4.473E4,9.035E6,0.0574,2.287,1.6492,5,-0.0525,3,1
160,0.6056,0.5353,0.8381,471.07337,471.06897,471.07431,6.342E6,4.112E5,1.998E4,6.342E6,3,1,13,,,,,,,,,DETECTED,471.07337,471.06897,471.07431,0.6056,0.5353,0.8381,6.342E6,4.112E5,1.998E4,6.342E6,0.0419,2.4784,3.1954,3,-0.0209,4,1
167,0.6162,0.5459,0.8612,195.04812,195.0475,195.04849,1.208E6,1.29E5,2.459E4,1.208E6,2,1,13,,,,,,,,,DETECTED,195.04812,195.0475,195.04849,0.6162,0.5459,0.8612,1.208E6,1.29E5,2.459E4,1.208E6,0.0936,1.8529,2.2947,2,-0.0129,3,1
171,0.6162,0.5353,0.8811,341.10747,341.10483,341.10831,1.645E7,1.334E6,5.636E4,1.645E7,4,1,13,1,[M-H]-,3,342.11518,171;176;173,,,,DETECTED,341.10747,341.10483,341.10831,0.6162,0.5353,0.8811,1.645E7,1.334E6,5.636E4,1.645E7,0.0525,2.4572,3.5812,4,-0.0299,3,1
172,0.6162,0.5691,0.8381,371.11791,371.11545,371.1196,1.069E6,8.608E4,2.768E4,1.069E6,1,1,13,,,,,,,,,DETECTED,371.11791,371.11545,371.1196,0.6162,0.5691,0.8381,1.069E6,8.608E4,2.768E4,1.069E6,0.055,3.1299,5.0232,1,0.004,2,1
173,0.6162,0.5574,0.8811,377.08468,377.08176,377.08508,9.328E6,6.327E5,3.91E4,9.328E6,3,1,13,1,[M+Cl]-,3,342.11518,171;176;173,,,,DETECTED,377.08468,377.08176,377.08508,0.6162,0.5574,0.8811,9.328E6,6.327E5,3.91E4,9.328E6,0.0544,2.4091,3.9298,3,-0.0162,4,1
174,0.6162,0.5574,0.8148,379.08164,379.0802,379.08392,2.326E6,1.585E5,2.174E4,2.326E6,0,1,13,,,,,,,,,DETECTED,379.08164,379.0802,379.08392,0.6162,0.5574,0.8148,2.326E6,1.585E5,2.174E4,2.326E6,0.054,2.5292,3.5141,,,4,1
176,0.6162,0.524,0.9003,387.11372,387.11084,387.11395,5.636E7,4.821E6,8.002E4,5.636E7,6,1,13,1,[M+FA]-,3,342.11518,171;176;173,,,,DETECTED,387.11372,387.11084,387.11395,0.6162,0.524,0.9003,5.636E7,4.821E6,8.002E4,5.636E7,0.0543,2.4362,3.5867,6,-0.0415,2,1
178,0.6162,0.5574,0.8266,389.11617,389.1152,389.12018,1.216E6,1.006E5,2.76E4,1.216E6,0,1,13,,,,,,,,,DETECTED,389.11617,389.1152,389.12018,0.6162,0.5574,0.8266,1.216E6,1.006E5,2.76E4,1.216E6,0.0534,2.3672,3.6103,,,3,1
191,0.6385,0.5574,0.8381,135.02669,135.02631,135.02692,1.631E6,1.617E5,4.543E4,1.631E6,2,1,13,,,,,,,,,DETECTED,135.02669,135.02631,135.02692,0.6385,0.5574,0.8381,1.631E6,1.617E5,4.543E4,1.631E6,0.0941,1.5144,1.8113,2,-0.0244,4,1
195,0.6385,0.5691,0.8497,191.0528,191.0511,191.05362,1.031E6,9.268E4,1.972E4,1.031E6,1,1,13,,,,,,,,,DETECTED,191.0528,191.0511,191.05362,0.6385,0.5691,0.8497,1.031E6,9.268E4,1.972E4,1.031E6,0.0672,1.861,2.8184,1,0.018,4,1
202,0.6385,0.5807,0.7896,404.1008,404.09784,404.10397,5.59E5,4.449E4,2.8E4,5.59E5,0,1,13,,,,,,,,,DETECTED,404.1008,404.09784,404.10397,0.6385,0.5807,0.7896,5.59E5,4.449E4,2.8E4,5.59E5,0.0732,2.0405,2.7378,,,2,1
204,0.6385,0.5807,0.8044,447.13277,447.13025,447.13345,1.977E6,1.231E5,1.893E4,1.977E6,2,1,13,,,,,,,,,DETECTED,447.13277,447.13025,447.13345,0.6385,0.5807,0.8044,1.977E6,1.231E5,1.893E4,1.977E6,0.0584,1.7447,2.0602,2,-0.0149,3,1
212,0.6492,0.5574,0.8044,129.0163,129.01608,129.01656,1.628E6,2.253E5,2.191E4,1.628E6,3,1,13,,,,,,,,,DETECTED,129.0163,129.01608,129.01656,0.6492,0.5574,0.8044,1.628E6,2.253E5,2.191E4,1.628E6,0.1635,1.8616,3.0168,3,-0.0023,6,1
213,0.6492,0.5691,0.8044,142.99591,142.99564,142.99608,1.261E7,1.39E6,4.028E4,1.261E7,4,1,13,,,,,,,,,DETECTED,142.99591,142.99564,142.99608,0.6492,0.5691,0.8044,1.261E7,1.39E6,4.028E4,1.261E7,0.1015,2.2031,3.6089,4,-0.0385,3,1
215,0.6492,0.5353,0.8811,149.04252,149.04218,149.04274,3.179E6,2.916E5,3.67E4,3.179E6,3,1,13,,,,,,,,,DETECTED,149.04252,149.04218,149.04274,0.6492,0.5353,0.8811,3.179E6,2.916E5,3.67E4,3.179E6,0.0759,1.3201,2.1092,3,-0.0146,2,1
216,0.6492,0.5353,0.8148,165.03715,165.03665,165.03728,1.878E6,1.973E5,2.485E4,1.878E6,3,1,13,2,[M-H]-,2,166.04384,216;173,,,,DETECTED,165.03715,165.03665,165.03728,0.6492,0.5353,0.8148,1.878E6,1.973E5,2.485E4,1.878E6,0.0985,1.2308,1.265,3,-0.0476,4,1
217,0.6492,0.5691,0.8044,173.00678,173.00603,173.00786,1.202E7,1.467E6,2.677E4,1.202E7,4,1,13,3,[M-H]-,3,174.01468,217;221,,,,DETECTED,173.00678,173.00603,173.00786,0.6492,0.5691,0.8044,1.202E7,1.467E6,2.677E4,1.202E7,0.1214,2.2244,3.7297,4,-0.0307,3,1
220,0.6492,0.5459,0.9003,209.06423,209.06325,209.06465,2.159E6,2.119E5,2.96E4,2.159E6,3,1,13,,,,,,,,,DETECTED,209.06423,209.06325,209.06465,0.6492,0.5459,0.9003,2.159E6,2.119E5,2.96E4,2.159E6,0.0882,1.8027,2.3916,3,-0.0129,2,1
221,0.6492,0.5691,0.9312,219.01256,219.01205,219.01282,4.953E6,6.652E5,2.508E4,4.953E6,3,1,13,3,[M+FA]-,3,174.01468,217;235;221,,,,DETECTED,219.01256,219.01205,219.01282,0.6492,0.5691,0.9312,4.953E6,6.652E5,2.508E4,4.953E6,0.1377,2.4475,3.852,3,-0.0274,3,1
223,0.6492,0.5922,0.9312,226.99448,226.99283,226.99496,6.131E6,7.567E5,1.754E5,6.131E6,5,1,13,,,,,,,,,DETECTED,226.99448,226.99283,226.99496,0.6492,0.5922,0.9312,6.131E6,7.567E5,1.754E5,6.131E6,0.1075,2.973,4.7154,5,-0.024,4,1
224,0.6492,0.5922,0.8612,228.99087,228.98966,228.99164,1.544E6,1.742E5,7.722E4,1.544E6,1,1,13,,,,,,,,,DETECTED,228.99087,228.98966,228.99164,0.6492,0.5922,0.8612,1.544E6,1.742E5,7.722E4,1.544E6,0.1006,2.803,4.5683,1,0.0056,4,1
229,0.6709,0.6162,0.8148,279.03356,279.03299,279.035,5.895E5,5.393E4,3.631E4,5.895E5,0,1,13,,,,,,,,,DETECTED,279.03356,279.03299,279.035,0.6709,0.6162,0.8148,5.895E5,5.393E4,3.631E4,5.895E5,0.0827,1.7607,2.5707,,,2,1
232,0.6813,0.6056,0.8266,297.04477,297.0419,297.04715,9.451E5,8.041E4,1.841E4,9.451E5,1,1,13,,,,,,,,,DETECTED,297.04477,297.0419,297.04715,0.6813,0.6056,0.8266,9.451E5,8.041E4,1.841E4,9.451E5,0.0883,1.2988,1.3723,1,0.0067,2,1
235,0.6813,0.6056,0.8612,347.02399,347.02338,347.02533,1.287E6,1.624E5,2.647E4,1.287E6,2,1,13,3,[2M-H]-,3,174.01468,235;221,,,,DETECTED,347.02399,347.02338,347.02533,0.6813,0.6056,0.8612,1.287E6,1.624E5,2.647E4,1.287E6,0.1373,1.5164,2.0334,2,-0.0281,3,1
236,0.6813,0.6162,0.8266,365.03405,365.03119,365.03598,3.019E5,3.421E4,1.984E4,3.019E5,0,1,13,,,,,,,,,DETECTED,365.03405,365.03119,365.03598,0.6813,0.6162,0.8266,3.019E5,3.421E4,1.984E4,3.019E5,0.1146,1.5488,1.9103,,,2,1
237,0.6923,0.5691,0.8266,439.07477,439.07211,439.07593,4.612E6,5.127E5,2.785E4,4.612E6,3,1,13,,,,,,,,,DETECTED,439.07477,439.07211,439.07593,0.6923,0.5691,0.8266,4.612E6,5.127E5,2.785E4,4.612E6,0.1057,1.0426,0.9121,3,-0.0799,3,1
238,0.7037,0.6162,1.2534,133.0116,133.01091,133.01178,1.702E7,2.032E6,9.651E4,1.702E7,8,1,13,,,,,,,,,DETECTED,133.0116,133.01091,133.01178,0.7037,0.6162,1.2534,1.702E7,2.032E6,9.651E4,1.702E7,0.1212,1.9884,2.0349,8,-0.0601,6,1
239,0.7037,0.6274,0.9099,134.01416,134.01376,134.01465,4.944E5,4.846E4,2.141E4,4.944E5,1,1,13,,,,,,,,,DETECTED,134.01416,134.01376,134.01465,0.7037,0.6274,0.9099,4.944E5,4.846E4,2.141E4,4.944E5,0.0799,1.7749,1.3298,1,0.0169,6,1
240,0.7037,0.5807,1.0996,145.01124,145.01094,145.01149,1.857E6,2.73E5,3.729E4,1.857E6,3,1,13,,,,,,,,,DETECTED,145.01124,145.01094,145.01149,0.7037,0.5807,1.0996,1.857E6,2.73E5,3.729E4,1.857E6,0.1423,1.5202,1.8099,3,-0.0367,3,1
244,0.7037,0.6056,0.9501,288.98544,288.98422,288.9866,5.938E5,7.445E4,2.184E4,5.938E5,1,1,13,,,,,,,,,DETECTED,288.98544,288.98422,288.9866,0.7037,0.6056,0.9501,5.938E5,7.445E4,2.184E4,5.938E5,0.1112,1.8338,1.7107,1,-0.0025,4,1
247,0.715,0.6492,0.7823,290.94283,290.94165,290.94379,1.346E5,1.385E4,5.029E4,1.346E5,0,1,,,,,,,,,,DETECTED,290.94283,290.94165,290.94379,0.715,0.6492,0.7823,1.346E5,1.385E4,5.029E4,1.346E5,0.114,1.0113,1.0226,,,3,1
255,0.7716,0.6385,0.8729,305.0131,305.01138,305.0159,2.163E5,2.647E4,2.381E4,2.163E5,0,1,53,,,,,,,,,DETECTED,305.0131,305.01138,305.0159,0.7716,0.6385,0.8729,2.163E5,2.647E4,2.381E4,2.163E5,0.1203,0.8803,0.6804,,,2,1
258,0.7971,0.7266,0.8266,158.97546,158.97527,158.9756,4.545E5,3.182E4,1.024E5,4.545E5,1,1,53,,,,,,,,,DETECTED,158.97546,158.97527,158.9756,0.7971,0.7266,0.8266,4.545E5,3.182E4,1.024E5,4.545E5,0.0808,0.7098,0.4197,1,-0.0301,3,1
259,0.7971,0.6813,0.8266,174.95339,174.95274,174.95386,2.953E6,2.622E5,4.542E5,2.953E6,3,1,53,,,,,,,,,DETECTED,174.95339,174.95274,174.95386,0.7971,0.6813,0.8266,2.953E6,2.622E5,4.542E5,2.953E6,0.0851,0.6277,0.2554,3,-0.0992,2,1
260,0.8044,0.6813,0.8729,152.06865,152.06796,152.06879,3.248E5,1.998E4,2.448E4,3.248E5,1,1,,,,,,,,,,DETECTED,152.06865,152.06796,152.06879,0.8044,0.6813,0.8729,3.248E5,1.998E4,2.448E4,3.248E5,0.0441,0.7738,0.5017,1,0.0072,2,1
261,0.8148,0.7896,0.8811,198.96231,198.96104,198.96268,3.957E5,1.973E4,1.642E4,3.957E5,0,1,62,,,,,,,,,DETECTED,198.96231,198.96104,198.96268,0.8148,0.7896,0.8811,3.957E5,1.973E4,1.642E4,3.957E5,0.0448,2.4151,4.3977,,,3,1
262,0.8148,0.7823,0.9618,241.00947,241.00879,241.00998,2.322E5,2.154E4,4.65E4,2.322E5,0,1,62,,,,,,,,,DETECTED,241.00947,241.00879,241.00998,0.8148,0.7823,0.9618,2.322E5,2.154E4,4.65E4,2.322E5,0.0817,2.7641,4.5283,,,2,1
264,0.8148,0.7896,0.8811,244.95934,244.95895,244.95972,6.029E5,2.676E4,1.378E4,6.029E5,0,1,62,,,,,,,,,DETECTED,244.95934,244.95895,244.95972,0.8148,0.7896,0.8811,6.029E5,2.676E4,1.378E4,6.029E5,0.0372,2.4884,4.4808,,,2,1
265,0.8266,0.5922,1.2736,191.01734,191.01651,191.01765,8.524E6,1.35E6,5.425E4,8.524E6,9,1,15,,,,,,,,,DETECTED,191.01734,191.01651,191.01765,0.8266,0.5922,1.2736,8.524E6,1.35E6,5.425E4,8.524E6,0.0897,1.0857,0.7801,9,-0.1813,3,1
271,0.8266,0.7896,1.2444,307.02936,307.02826,307.03088,2.54E6,2.556E5,1.471E4,2.54E6,3,1,15,,,,,,,,,DETECTED,307.02936,307.02826,307.03088,0.8266,0.7896,1.2444,2.54E6,2.556E5,1.471E4,2.54E6,0.0687,6.4872,10.8073,3,-0.0047,3,1
275,0.8612,0.8044,1.1903,174.00899,174.00868,174.00964,4.659E5,5.848E4,9.045E3,4.659E5,1,1,15,,,,,,,,,DETECTED,174.00899,174.00868,174.00964,0.8612,0.8044,1.1903,4.659E5,5.848E4,9.045E3,4.659E5,0.1139,2.3188,2.7012,1,0.0172,3,1
277,0.8612,0.7896,1.2534,289.01908,289.01709,289.01947,7.447E6,9.129E5,2.387E4,7.447E6,5,1,15,,,,,,,,,DETECTED,289.01908,289.01709,289.01947,0.8612,0.7896,1.2534,7.447E6,9.129E5,2.387E4,7.447E6,0.1086,2.1668,2.6784,5,-0.0409,3,1
284,0.8729,0.8044,1.2187,173.0067,173.00601,173.00696,1.148E7,1.431E6,1.472E5,1.148E7,6,1,15,,,,,,,,,DETECTED,173.0067,173.00601,173.00696,0.8729,0.8044,1.2187,1.148E7,1.431E6,1.472E5,1.148E7,0.12,1.8334,2.033,6,-0.0325,3,1
287,0.8811,0.8044,1.1791,129.01627,129.0159,129.01642,1.512E6,1.894E5,4.182E4,1.512E6,3,1,15,,,,,,,,,DETECTED,129.01627,129.0159,129.01642,0.8811,0.8044,1.1791,1.512E6,1.894E5,4.182E4,1.512E6,0.1212,1.8366,1.765,3,-0.0375,4,1
294,0.8889,0.8044,1.4083,231.013,231.01161,231.01323,2.908E7,2.935E6,1.192E4,2.908E7,5,1,15,,,,,,,,,DETECTED,231.013,231.01161,231.01323,0.8889,0.8044,1.4083,2.908E7,2.935E6,1.192E4,2.908E7,0.0899,1.3729,1.6004,5,-0.0569,4,1
298,0.8889,0.7971,1.0996,250.92453,250.92352,250.92513,3.603E5,5.525E4,2.971E4,3.603E5,1,1,15,,,,,,,,,DETECTED,250.92453,250.92352,250.92513,0.8889,0.7971,1.0996,3.603E5,5.525E4,2.971E4,3.603E5,0.1273,1.6467,2.543,1,-0.0319,3,1
299,0.8889,0.7971,1.3779,252.99498,252.99377,252.99538,7.692E6,1.059E6,1.05E4,7.692E6,6,1,15,,,,,,,,,DETECTED,252.99498,252.99377,252.99538,0.8889,0.7971,1.3779,7.692E6,1.059E6,1.05E4,7.692E6,0.1304,1.7722,2.0311,6,-0.0553,3,1
302,0.8889,0.7971,1.3779,268.96938,268.96759,268.96973,1.215E7,1.603E6,1.902E4,1.215E7,6,1,15,,,,,,,,,DETECTED,268.96938,268.96759,268.96973,0.8889,0.7971,1.3779,1.215E7,1.603E6,1.902E4,1.215E7,0.1248,1.5892,1.9595,6,-0.0583,4,1
304,0.8889,0.8044,1.1342,269.97182,269.97067,269.97336,6.77E5,8.805E4,1.4E4,6.77E5,2,1,15,,,,,,,,,DETECTED,269.97182,269.97067,269.97336,0.8889,0.8044,1.1342,6.77E5,8.805E4,1.4E4,6.77E5,0.1275,1.6275,1.9843,2,-0.0336,4,1
307,0.8889,0.8044,1.1161,298.98796,298.98721,298.98898,4.289E5,5.838E4,1.435E4,4.289E5,2,1,15,,,,,,,,,DETECTED,298.98796,298.98721,298.98898,0.8889,0.8044,1.1161,4.289E5,5.838E4,1.435E4,4.289E5,0.1438,1.7814,2.1437,2,-0.0303,3,1
308,0.8889,0.8044,1.0996,314.96578,314.96518,314.96628,1.362E6,1.782E5,6.408E4,1.362E6,3,1,15,,,,,,,,,DETECTED,314.96578,314.96518,314.96628,0.8889,0.8044,1.0996,1.362E6,1.782E5,6.408E4,1.362E6,0.1619,1.7743,2.0715,3,-0.0436,3,1
311,0.8889,0.8044,1.0763,347.94096,347.93973,347.94186,5.319E5,6.627E4,2.775E4,5.319E5,2,1,15,,,,,,,,,DETECTED,347.94096,347.93973,347.94186,0.8889,0.8044,1.0763,5.319E5,6.627E4,2.775E4,5.319E5,0.1284,1.8654,2.1882,2,-0.0221,2,1
313,0.8889,0.8044,1.0277,359.07104,359.06943,359.07321,2.257E5,2.017E4,1.167E4,2.257E5,0,1,15,,,,,,,,,DETECTED,359.07104,359.06943,359.07321,0.8889,0.8044,1.0277,2.257E5,2.017E4,1.167E4,2.257E5,0.0772,1.3578,1.4251,,,2,1
315,0.8889,0.8148,1.0491,368.993,368.99213,368.99518,4.088E5,4.091E4,9.623E3,4.088E5,1,1,15,,,,,,,,,DETECTED,368.993,368.99213,368.99518,0.8889,0.8148,1.0491,4.088E5,4.091E4,9.623E3,4.088E5,0.0973,1.3582,1.5519,1,-0.0188,3,1
316,0.8889,0.8044,1.1161,384.97056,384.96933,384.97363,1.298E6,1.408E5,7.753E3,1.298E6,3,1,15,,,,,,,,,DETECTED,384.97056,384.96933,384.97363,0.8889,0.8044,1.1161,1.298E6,1.408E5,7.753E3,1.298E6,0.102,1.3754,1.6127,3,-0.0419,4,1
318,0.8889,0.8148,1.0277,445.93933,445.93732,445.94263,2.976E5,2.841E4,1.035E4,2.976E5,0,1,15,,,,,,,,,DETECTED,445.93933,445.93732,445.94263,0.8889,0.8148,1.0277,2.976E5,2.841E4,1.035E4,2.976E5,0.097,1.3302,1.5609,,,2,1
320,0.8889,0.7896,1.2051,457.11818,457.1149,457.1192,1.957E6,3.162E5,1.828E4,1.957E6,4,1,15,,,,,,,,,DETECTED,457.11818,457.1149,457.1192,0.8889,0.7896,1.2051,1.957E6,3.162E5,1.828E4,1.957E6,0.15,2.3129,2.6482,4,-0.0536,2,1
321,0.9003,0.7971,1.3437,214.92666,214.92583,214.92711,3.911E6,5.978E5,1.103E4,3.911E6,5,1,15,,,,,,,,,DETECTED,214.92666,214.92583,214.92711,0.9003,0.7971,1.3437,3.911E6,5.978E5,1.103E4,3.911E6,0.1438,1.7876,2.0074,5,-0.0583,4,1
346,0.9501,0.7896,1.1977,295.06576,295.06512,295.0661,2.522E6,4.848E5,2.365E4,2.522E6,7,1,15,,,,,,,,,DETECTED,295.06576,295.06512,295.0661,0.9501,0.7896,1.1977,2.522E6,4.848E5,2.365E4,2.522E6,0.1826,1.3493,1.6682,7,-0.1264,3,1
347,0.9501,0.8044,1.0763,313.93574,313.93347,313.93661,4.81E5,6.337E4,2.631E4,4.81E5,2,1,15,,,,,,,,,DETECTED,313.93574,313.93347,313.93661,0.9501,0.8044,1.0763,4.81E5,6.337E4,2.631E4,4.81E5,0.1364,1.0101,0.7539,2,-0.0733,4,1
354,0.995,0.7971,1.3779,277.93464,277.93347,277.93582,4.446E5,1.234E5,3.202E4,4.446E5,2,1,,,,,,,,,,DETECTED,277.93464,277.93347,277.93582,0.995,0.7971,1.3779,4.446E5,1.234E5,3.202E4,4.446E5,0.3162,1.5001,1.972,2,0.0056,4,1
356,1.0058,0.8811,1.3885,198.96242,198.96188,198.96268,5.247E5,1.879E5,1.775E5,5.247E5,8,1,,,,,,,,,,DETECTED,198.96242,198.96188,198.96268,1.0058,0.8811,1.3885,5.247E5,1.879E5,1.775E5,5.247E5,0.4226,2.0353,3.0706,8,-0.0468,4,1
358,1.0058,0.8811,1.1161,382.95214,382.94965,382.95615,5.911E4,8.238E3,1.185E4,5.911E4,0,1,,,,,,,,,,DETECTED,382.95214,382.94965,382.95615,1.0058,0.8811,1.1161,5.911E4,8.238E3,1.185E4,5.911E4,0.1454,0.9425,0.8849,,,2,1
359,1.0277,0.7971,1.3565,182.98814,182.98744,182.98851,8.491E5,2.64E5,1.698E4,8.491E5,8,1,,,,,,,,,,DETECTED,182.98814,182.98744,182.98851,1.0277,0.7971,1.3565,8.491E5,2.64E5,1.698E4,8.491E5,0.2924,1.2128,1.4678,8,-0.1741,3,1
361,1.0763,0.9312,1.2051,226.99418,226.99364,226.99461,3.488E5,6.129E4,5.965E4,3.488E5,2,1,,,,,,,,,,DETECTED,226.99418,226.99364,226.99461,1.0763,0.9312,1.2051,3.488E5,6.129E4,5.965E4,3.488E5,0.2287,0.9436,0.9914,2,-0.043,2,1
362,1.0763,0.9214,1.2278,243.92928,243.92836,243.93008,8.624E4,1.415E4,9.876E3,8.624E4,0,1,61,,,,,,,,,DETECTED,243.92928,243.92836,243.93008,1.0763,0.9214,1.2278,8.624E4,1.415E4,9.876E3,8.624E4,0.1885,0.9888,0.8884,,,2,1
364,1.0763,0.9003,1.2051,387.1129,387.11142,387.11328,1.16E6,2.088E5,2.346E5,1.16E6,4,1,61,,,,,,,,,DETECTED,387.1129,387.11142,387.11328,1.0763,0.9003,1.2051,1.16E6,2.088E5,2.346E5,1.16E6,0.2173,0.8657,0.7313,4,-0.0848,3,1
367,1.1552,1.0491,1.2444,385.13347,385.13098,385.13474,8.219E4,9.834E3,1.28E4,8.219E4,0,1,,,,,,,,,,DETECTED,385.13347,385.13098,385.13474,1.1552,1.0491,1.2444,8.219E4,9.834E3,1.28E4,8.219E4,0.1329,0.9204,0.9105,,,2,1
371,1.2097,1.0996,1.3779,314.96591,314.96506,314.96695,1.296E5,2.015E4,2.621E4,1.296E5,0,1,,,,,,,,,,DETECTED,314.96591,314.96506,314.96695,1.2097,1.0996,1.3779,1.296E5,2.015E4,2.621E4,1.296E5,0.1486,1.2645,1.529,,,2,1
374,1.2278,0.8811,1.3565,244.95951,244.95908,244.95973,1.126E6,2.837E5,1.9E5,1.126E6,7,1,72,,,,,,,,,DETECTED,244.95951,244.95908,244.95973,1.2278,0.8811,1.3565,1.126E6,2.837E5,1.9E5,1.126E6,0.3472,0.6856,0.3659,7,-0.2893,2,1
375,1.2278,0.9618,1.3779,312.94656,312.94495,312.94858,1.105E5,2.686E4,1.912E4,1.105E5,0,1,72,,,,,,,,,DETECTED,312.94656,312.94495,312.94858,1.2278,0.9618,1.3779,1.105E5,2.686E4,1.912E4,1.105E5,0.2346,0.7822,0.5588,,,2,1
381,1.2444,0.8811,1.3437,228.98153,228.98048,228.98239,2.999E5,7.193E4,4.701E4,2.999E5,2,1,72,,,,,,,,,DETECTED,228.98153,228.98048,228.98239,1.2444,0.8811,1.3437,2.999E5,7.193E4,4.701E4,2.999E5,0.3231,0.6367,0.2672,2,-0.0575,3,1
382,1.2444,0.995,1.5658,288.93469,288.93277,288.93588,2.166E5,5.568E4,1.175E4,2.166E5,1,1,68,,,,,,,,,DETECTED,288.93469,288.93277,288.93588,1.2444,0.995,1.5658,2.166E5,5.568E4,1.175E4,2.166E5,0.2791,1.1583,1.5062,1,0.0056,3,1
383,1.2444,1.0491,1.5411,304.91233,304.91016,304.91327,2.913E5,7.45E4,2.061E4,2.913E5,2,,68,,,,,,,,,DETECTED,304.91233,304.91016,304.91327,1.2444,1.0491,1.5411,2.913E5,7.45E4,2.061E4,2.913E5,0.2798,1.2674,2.3663,2,-0.0291,,
384,1.2608,1.017,1.6752,258.91549,258.91455,258.91785,1.919E5,5.484E4,1.095E4,1.919E5,0,1,68,,,,,,,,,DETECTED,258.91549,258.91455,258.91785,1.2608,1.017,1.6752,1.919E5,5.484E4,1.095E4,1.919E5,0.2667,1.3758,1.7225,,,6,1
385,1.3058,1.2369,1.3437,297.11714,297.11563,297.11823,9.704E4,7.24E3,1.974E4,9.704E4,0,1,,,,,,,,,,DETECTED,297.11714,297.11563,297.11823,1.3058,1.2369,1.3437,9.704E4,7.24E3,1.974E4,9.704E4,0.0861,0.7752,0.5504,,,2,1
392,1.3672,0.8811,1.6752,341.10758,341.10468,341.10831,1.3E6,3.666E5,7.055E4,1.3E6,6,1,24,4,[M-H]-,2,342.11515,424;392,,,,DETECTED,341.10758,341.10468,341.10831,1.3672,0.8811,1.6752,1.3E6,3.666E5,7.055E4,1.3E6,0.2643,0.823,0.8525,6,-0.1263,3,1
396,1.3672,0.9618,1.4421,471.0731,471.06927,471.07523,5.454E5,9.278E4,1.156E4,5.454E5,2,1,24,,,,,,,,,DETECTED,471.0731,471.06927,471.07523,1.3672,0.9618,1.4421,5.454E5,9.278E4,1.156E4,5.454E5,0.1552,0.6006,0.2277,2,-0.0158,3,1
399,1.3779,1.2444,1.4775,189.06375,189.06323,189.06412,1.887E5,2.406E4,1.726E4,1.887E5,0,1,24,,,,,,,,,DETECTED,189.06375,189.06323,189.06412,1.3779,1.2444,1.4775,1.887E5,2.406E4,1.726E4,1.887E5,0.1309,0.8862,0.699,,,2,1
400,1.3779,1.1903,1.4775,371.11811,371.11581,371.1214,8.844E4,1.531E4,1.142E4,8.844E4,0,1,24,,,,,,,,,DETECTED,371.11811,371.11581,371.1214,1.3779,1.1903,1.4775,8.844E4,1.531E4,1.142E4,8.844E4,0.1988,0.7653,0.5885,,,2,1
401,1.396,1.1791,1.8795,129.01611,129.01582,129.01633,2.181E5,7.146E4,3.017E4,2.181E5,0,1,24,,,,,,,,,DETECTED,129.01611,129.01582,129.01633,1.396,1.1791,1.8795,2.181E5,7.146E4,3.017E4,2.181E5,0.2821,1.6146,2.1678,,,4,1
403,1.396,0.8811,1.4528,143.03204,143.0311,143.03238,3.705E5,7.981E4,2.632E4,3.705E5,3,1,24,,,,,,,,,DETECTED,143.03204,143.0311,143.03238,1.396,0.8811,1.4528,3.705E5,7.981E4,2.632E4,3.705E5,0.4202,0.5598,0.1249,3,-0.0953,3,1
405,1.396,0.9739,1.5658,146.95821,146.95799,146.9584,3.323E5,1.072E5,2.128E4,3.323E5,2,,43,,,,,,,,,DETECTED,146.95821,146.95799,146.9584,1.396,0.9739,1.5658,3.323E5,1.072E5,2.128E4,3.323E5,0.3075,0.6713,0.4292,2,-0.1824,,
408,1.396,0.8381,1.4528,161.04231,161.04175,161.04253,4.059E5,9.77E4,5.609E4,4.059E5,3,1,24,,,,,,,,,DETECTED,161.04231,161.04175,161.04253,1.396,0.8381,1.4528,4.059E5,9.77E4,5.609E4,4.059E5,0.1807,0.551,0.0939,3,-0.097,4,1
410,1.396,0.9739,1.6661,174.95383,174.95293,174.95396,7.692E6,2.834E6,4.437E5,7.692E6,11,1,43,,,,,,,,,DETECTED,174.95383,174.95293,174.95396,1.396,0.9739,1.6661,7.692E6,2.834E6,4.437E5,7.692E6,0.3258,0.8229,0.6759,11,-0.366,5,1
414,1.396,0.9003,1.7112,179.05365,179.05241,179.05399,2.895E6,8.863E5,1.419E5,2.895E6,13,1,24,5,[M-H]-,2,180.06116,414;416,,,,DETECTED,179.05365,179.05241,179.05399,1.396,0.9003,1.7112,2.895E6,8.863E5,1.419E5,2.895E6,0.3178,0.7895,0.8216,13,-0.4151,3,1
415,1.396,0.9312,1.5023,219.01255,219.01205,219.01282,6.162E5,1.324E5,9.788E4,6.162E5,3,1,24,,,,,,,,,DETECTED,219.01255,219.01205,219.01282,1.396,0.9312,1.5023,6.162E5,1.324E5,9.788E4,6.162E5,0.1855,0.6144,0.3995,3,-0.0755,2,1
416,1.396,0.8811,1.7112,225.05961,225.05861,225.0602,1.226E6,3.697E5,4.473E4,1.226E6,6,1,24,5,[M+FA]-,2,180.06116,414;416,,,,DETECTED,225.05961,225.05861,225.0602,1.396,0.8811,1.7112,1.226E6,3.697E5,4.473E4,1.226E6,0.2147,0.8195,0.727,6,-0.1642,2,1
419,1.396,0.986,1.6373,277.97076,277.96936,277.9715,2.822E5,1.06E5,6.409E4,2.822E5,0,1,24,,,,,,,,,DETECTED,277.97076,277.96936,277.9715,1.396,0.986,1.6373,2.822E5,1.06E5,6.409E4,2.822E5,0.3441,0.7943,0.5885,,,3,1
423,1.396,1.3346,1.4899,331.10235,331.10159,331.10287,4.73E5,2.642E4,1.019E4,4.73E5,1,1,,,,,,,,,,DETECTED,331.10235,331.10159,331.10287,1.396,1.3346,1.4899,4.73E5,2.642E4,1.019E4,4.73E5,0.0528,1.0335,0.8777,1,-0.0232,3,1
424,1.396,1.2051,1.7112,387.11364,387.11273,387.11398,5.497E6,1.399E6,6.064E5,5.497E6,9,1,24,4,[M+FA]-,2,342.11515,424;392,,,,DETECTED,387.11364,387.11273,387.11398,1.396,1.2051,1.7112,5.497E6,1.399E6,6.064E5,5.497E6,0.2732,1.3257,0.55,9,-0.1749,4,1
425,1.4191,0.9739,1.6497,158.97583,158.97528,158.97598,1.664E6,5.863E5,7.365E4,1.664E6,10,1,43,,,,,,,,,DETECTED,158.97583,158.97528,158.97598,1.4191,0.9739,1.6497,1.664E6,5.863E5,7.365E4,1.664E6,0.3133,0.7463,0.5591,10,-0.3355,4,1
429,1.4528,1.3672,1.6373,328.92209,328.92004,328.9241,1.41E5,2.137E4,3.636E4,1.41E5,0,1,51,,,,,,,,,DETECTED,328.92209,328.92004,328.9241,1.4528,1.3672,1.6373,1.41E5,2.137E4,3.636E4,1.41E5,0.1464,1.5769,2.1538,,,2,1
430,1.4528,1.396,1.5023,345.08076,345.0798,345.08289,9.682E4,6.07E3,2.123E4,9.682E4,0,1,,,,,,,,,,DETECTED,345.08076,345.0798,345.08289,1.4528,1.396,1.5023,9.682E4,6.07E3,2.123E4,9.682E4,0.0663,0.9355,0.871,,,2,1
432,1.4652,1.4083,1.5146,162.01633,162.01588,162.01651,1.337E5,6.807E3,2.296E4,1.337E5,0,1,51,,,,,,,,,DETECTED,162.01633,162.01588,162.01651,1.4652,1.4083,1.5146,1.337E5,6.807E3,2.296E4,1.337E5,0.0494,0.9352,0.7987,,,2,1
434,1.4652,1.3565,1.5873,244.95958,244.95932,244.95984,1.344E6,1.877E5,4.658E5,1.344E6,4,1,51,,,,,,,,,DETECTED,244.95958,244.95932,244.95984,1.4652,1.3565,1.5873,1.344E6,1.877E5,4.658E5,1.344E6,0.1502,1.0619,1.1239,4,-0.1047,3,1
435,1.4652,1.3779,1.598,312.94678,312.94547,312.94797,1.063E5,1.592E4,4.569E4,1.063E5,0,1,51,,,,,,,,,DETECTED,312.94678,312.94547,312.94797,1.4652,1.3779,1.598,1.063E5,1.592E4,4.569E4,1.063E5,0.2113,1.2613,1.5225,,,2,1
439,1.4775,1.4421,1.598,301.09145,301.0889,301.09192,1.183E5,7.708E3,1.183E4,1.183E5,0,1,22,,,,,,,,,DETECTED,301.09145,301.0889,301.09192,1.4775,1.4421,1.598,1.183E5,7.708E3,1.183E4,1.183E5,0.0577,2.1293,3.1014,,,2,1
441,1.4899,1.3885,1.6249,198.96249,198.96234,198.96259,8.892E5,1.282E5,2.782E5,8.892E5,4,1,22,,,,,,,,,DETECTED,198.96249,198.96234,198.96259,1.4899,1.3885,1.6249,8.892E5,1.282E5,2.782E5,8.892E5,0.1369,1.1659,1.3319,4,-0.0545,3,1
442,1.4899,0.8381,1.7112,215.03059,215.02954,215.03093,9.196E5,2.393E5,6.453E4,9.196E5,5,1,22,,,,,,,,,DETECTED,215.03059,215.02954,215.03093,1.4899,0.8381,1.7112,9.196E5,2.393E5,6.453E4,9.196E5,0.1561,0.6707,0.4293,5,-0.2197,4,1
443,1.4899,1.2051,1.7112,217.02754,217.02698,217.02809,2.331E5,5.014E4,3.37E4,2.331E5,0,1,22,,,,,,,,,DETECTED,217.02754,217.02698,217.02809,1.4899,1.2051,1.7112,2.331E5,5.014E4,3.37E4,2.331E5,0.186,0.8885,0.7989,,,4,1
456,1.5146,1.3779,1.9786,268.96886,268.96762,268.96951,1.033E6,2.219E5,1.108E4,1.033E6,5,1,22,,,,,,,,,DETECTED,268.96886,268.96762,268.96951,1.5146,1.3779,1.9786,1.033E6,2.219E5,1.108E4,1.033E6,0.237,1.5698,2.6266,5,-0.0529,3,1
459,1.5146,1.1977,2.0687,295.06586,295.06412,295.06628,3.145E6,5.884E5,2.722E4,3.145E6,10,1,22,,,,,,,,,DETECTED,295.06586,295.06412,295.06628,1.5146,1.1977,2.0687,3.145E6,5.884E5,2.722E4,3.145E6,0.0982,0.9741,0.9036,10,-0.2573,3,1
460,1.5146,1.2051,1.6373,377.08413,377.0816,377.0856,4.788E5,7.078E4,2.41E4,4.788E5,0,1,22,,,,,,,,,DETECTED,377.08413,377.0816,377.0856,1.5146,1.2051,1.6373,4.788E5,7.078E4,2.41E4,4.788E5,0.0816,0.5432,0.51,,,4,1
462,1.5146,1.2051,2.0489,457.11828,457.11533,457.12134,1.501E6,2.43E5,1.655E4,1.501E6,6,1,22,,,,,,,,,DETECTED,457.11828,457.11533,457.12134,1.5146,1.2051,2.0489,1.501E6,2.43E5,1.655E4,1.501E6,0.078,0.8454,0.7965,6,-0.1925,3,1
466,1.5411,1.2097,2.0208,142.99583,142.9955,142.99594,1.468E6,4.471E5,6.233E4,1.468E6,9,1,22,,,,,,,,,DETECTED,142.99583,142.9955,142.99594,1.5411,1.2097,2.0208,1.468E6,4.471E5,6.233E4,1.468E6,0.2843,1.184,0.8464,9,-0.2742,2,1
467,1.5411,1.2187,2.0311,173.00639,173.0058,173.00662,1.658E6,4.451E5,6.671E4,1.658E6,8,1,22,,,,,,,,,DETECTED,173.00639,173.0058,173.00662,1.5411,1.2187,2.0311,1.658E6,4.451E5,6.671E4,1.658E6,0.451,1.1806,0.9963,8,-0.2511,4,1
468,1.5411,1.2736,1.8852,191.01685,191.01649,191.01709,4.115E5,1.547E5,1.212E5,4.115E5,4,1,22,,,,,,,,,DETECTED,191.01685,191.01649,191.01709,1.5411,1.2736,1.8852,4.115E5,1.547E5,1.212E5,4.115E5,0.3873,1.1435,1.287,4,-0.1362,2,1
469,1.5411,1.2811,1.8943,226.99426,226.99362,226.99461,1.454E6,2.625E5,5.947E4,1.454E6,6,1,22,,,,,,,,,DETECTED,226.99426,226.99362,226.99461,1.5411,1.2811,1.8943,1.454E6,2.625E5,5.947E4,1.454E6,0.1184,1.2392,2.0521,6,-0.0687,4,1
470,1.5411,1.2534,1.6249,289.01905,289.01678,289.01932,1.573E6,1.745E5,3.089E4,1.573E6,3,1,22,,,,,,,,,DETECTED,289.01905,289.01678,289.01932,1.5411,1.2534,1.6249,1.573E6,1.745E5,3.089E4,1.573E6,0.1025,0.8094,0.9703,3,-0.0563,3,1
471,1.5411,1.2444,1.905,307.02944,307.02762,307.03033,6.171E5,9.914E4,1.451E4,6.171E5,3,1,22,,,,,,,,,DETECTED,307.02944,307.02762,307.03033,1.5411,1.2444,1.905,6.171E5,9.914E4,1.451E4,6.171E5,0.1075,1.353,2.4684,3,-0.0315,2,1
473,1.5658,1.2534,1.9563,133.01125,133.01074,133.01163,1.117E6,2.528E5,6.792E4,1.117E6,6,1,22,,,,,,,,,DETECTED,133.01125,133.01074,133.01163,1.5658,1.2534,1.9563,1.117E6,2.528E5,6.792E4,1.117E6,0.1366,1.1184,0.884,6,-0.2128,5,1
475,1.5658,1.5288,1.6125,417.10077,417.09912,417.10284,1.084E5,4.323E3,9.563E3,1.084E5,0,1,22,,,,,,,,,DETECTED,417.10077,417.09912,417.10284,1.5658,1.5288,1.6125,1.084E5,4.323E3,9.563E3,1.084E5,0.0377,0.9636,0.851,,,2,1
476,1.5765,1.5288,1.6373,164.06836,164.0679,164.06871,9.842E4,4.945E3,1.245E4,9.842E4,0,1,,,,,,,,,,DETECTED,164.06836,164.0679,164.06871,1.5765,1.5288,1.6373,9.842E4,4.945E3,1.245E4,9.842E4,0.0492,1.1355,1.0877,,,2,1
478,1.6125,1.5534,1.7202,165.01607,165.01534,165.0166,1.666E5,9.417E3,1.174E4,1.666E5,0,1,6,,,,,,,,,DETECTED,165.01607,165.01534,165.0166,1.6125,1.5534,1.7202,1.666E5,9.417E3,1.174E4,1.666E5,0.0482,1.7296,1.1886,,,5,1
479,1.6125,1.5534,1.7276,281.02808,281.02658,281.02936,2.89E5,1.616E4,1.162E4,2.89E5,0,1,6,,,,,,,,,DETECTED,281.02808,281.02658,281.02936,1.6125,1.5534,1.7276,2.89E5,1.616E4,1.162E4,2.89E5,0.0481,1.4961,1.1684,,,2,1
481,1.6373,1.5534,1.6897,195.02701,195.02663,195.02736,1.381E5,9.683E3,1.382E4,1.381E5,0,1,59,,,,,,,,,DETECTED,195.02701,195.02663,195.02736,1.6373,1.5534,1.6897,1.381E5,9.683E3,1.382E4,1.381E5,0.1864,0.8128,0.7341,,,2,1
482,1.6373,1.5534,1.6897,313.05554,313.05511,313.05652,3.981E5,2.996E4,5.668E4,3.981E5,0,1,,,,,,,,,,DETECTED,313.05554,313.05511,313.05652,1.6373,1.5534,1.6897,3.981E5,2.996E4,5.668E4,3.981E5,0.0776,0.8128,0.572,,,2,1
486,1.6497,1.5534,1.6897,311.03987,311.03871,311.04007,1.227E6,7.254E4,5.7E4,1.227E6,2,1,59,,,,,,,,,DETECTED,311.03987,311.03871,311.04007,1.6497,1.5534,1.6897,1.227E6,7.254E4,5.7E4,1.227E6,0.0474,0.7399,0.5095,2,-0.0406,2,1
487,1.6587,1.3565,2.2764,182.98809,182.98752,182.98857,8.98E5,3.547E5,1.672E4,8.98E5,10,1,31,,,,,,,,,DETECTED,182.98809,182.98752,182.98857,1.6587,1.3565,2.2764,8.98E5,3.547E5,1.672E4,8.98E5,0.3207,1.508,1.9847,10,-0.188,2,1
488,1.6587,1.3437,1.8737,214.92678,214.9257,214.92737,1.105E6,1.588E5,1.103E4,1.105E6,4,1,31,,,,,,,,,DETECTED,214.92678,214.9257,214.92737,1.6587,1.3437,1.8737,1.105E6,1.588E5,1.103E4,1.105E6,0.0932,1.0649,1.2085,4,-0.0964,4,1
489,1.6587,1.4083,1.8852,231.01239,231.01141,231.01344,8.524E5,1.141E5,1.776E4,8.524E5,3,1,31,,,,,,,,,DETECTED,231.01239,231.01141,231.01344,1.6587,1.4083,1.8852,8.524E5,1.141E5,1.776E4,8.524E5,0.0669,0.8343,0.4636,3,-0.1332,3,1
490,1.6587,1.3779,1.8543,252.99445,252.99365,252.99475,1.031E6,1.577E5,2.894E4,1.031E6,4,1,31,,,,,,,,,DETECTED,252.99445,252.99365,252.99475,1.6587,1.3779,1.8543,1.031E6,1.577E5,2.894E4,1.031E6,0.0828,0.9945,0.7672,4,-0.1475,2,1
492,1.6587,1.3672,1.7995,305.9306,305.92935,305.93362,2.291E5,5.068E4,2.856E4,2.291E5,0,1,31,,,,,,,,,DETECTED,305.9306,305.92935,305.93362,1.6587,1.3672,1.7995,2.291E5,5.068E4,2.856E4,2.291E5,0.1944,0.7415,0.4408,,,4,1
495,1.6587,1.4652,1.8497,347.94074,347.93793,347.94455,7.27E4,1.055E4,8.156E3,7.27E4,0,1,31,,,,,,,,,DETECTED,347.94074,347.93793,347.94455,1.6587,1.4652,1.8497,7.27E4,1.055E4,8.156E3,7.27E4,0.0983,0.9933,0.7065,,,2,1
499,1.6661,1.3779,2.0777,277.93481,277.93411,277.93558,3.598E5,1.109E5,3.975E4,3.598E5,1,1,31,,,,,,,,,DETECTED,277.93481,277.93411,277.93558,1.6661,1.3779,2.0777,3.598E5,1.109E5,3.975E4,3.598E5,0.2173,1.214,1.4807,1,-0.034,4,1
505,1.6897,1.6587,1.7938,248.12673,248.12509,248.12749,5.46E4,3.982E3,8.784E3,5.46E4,0,1,0,,,,,,,,,DETECTED,248.12673,248.12509,248.12749,1.6897,1.6587,1.7938,5.46E4,3.982E3,8.784E3,5.46E4,0.0681,2.179,3.2228,,,2,1
506,1.6897,1.5411,1.8588,343.10191,343.09985,343.10513,1.268E5,1.947E4,1.012E4,1.268E5,0,1,0,,,,,,,,,DETECTED,343.10191,343.09985,343.10513,1.6897,1.5411,1.8588,1.268E5,1.947E4,1.012E4,1.268E5,0.1471,0.9189,1.5374,,,4,1
508,1.6897,1.6497,1.7202,432.16368,432.16141,432.16486,3.349E5,8.511E3,1.779E4,3.349E5,1,1,,,,,,,,,,DETECTED,432.16368,432.16141,432.16486,1.6897,1.6497,1.7202,3.349E5,8.511E3,1.779E4,3.349E5,0.0261,0.9843,0.936,1,0.0073,3,1
509,1.7004,1.4528,1.9261,243.9292,243.92836,243.92975,7.771E4,2.426E4,1.418E4,7.771E4,0,1,0,,,,,,,,,DETECTED,243.9292,243.92836,243.92975,1.7004,1.4528,1.9261,7.771E4,2.426E4,1.418E4,7.771E4,0.3836,0.9557,0.9244,,,2,1
511,1.7202,1.6897,1.7847,311.03966,311.03821,311.03995,8.569E5,3.189E4,4.909E4,8.569E5,1,1,83,,,,,,,,,DETECTED,311.03966,311.03821,311.03995,1.7202,1.6897,1.7847,8.569E5,3.189E4,4.909E4,8.569E5,0.0317,1.3692,1.342,1,0.0114,2,1
512,1.7202,1.6897,1.7995,313.05551,313.05362,313.05652,2.92E5,1.179E4,2.083E4,2.92E5,0,1,83,,,,,,,,,DETECTED,313.05551,313.05362,313.05652,1.7202,1.6897,1.7995,2.92E5,1.179E4,2.083E4,2.92E5,0.0342,1.7262,2.1558,,,3,1
513,1.7441,1.7112,1.7938,218.10106,218.10039,218.1013,1.631E5,5.242E3,8.984E3,1.631E5,0,1,,,,,,,,,,DETECTED,218.10106,218.10039,218.1013,1.7441,1.7112,1.7938,1.631E5,5.242E3,8.984E3,1.631E5,0.0307,1.1658,0.7579,,,2,1
514,1.7516,1.7004,1.7847,385.11217,385.11035,385.11383,7.069E4,3.421E3,1.618E4,7.069E4,0,1,,,,,,,,,,DETECTED,385.11217,385.11035,385.11383,1.7516,1.7004,1.7847,7.069E4,3.421E3,1.618E4,7.069E4,0.0503,0.8232,0.6464,,,5,1
515,1.7516,1.7367,1.7847,433.13244,433.12891,433.13376,1.294E5,2.747E3,1.279E4,1.294E5,0,1,,,,,,,,,,DETECTED,433.13244,433.12891,433.13376,1.7516,1.7367,1.7847,1.294E5,2.747E3,1.279E4,1.294E5,0.0218,1.5321,1.8266,,,2,1
516,1.7607,1.7367,1.8405,291.10698,291.10599,291.10938,5.361E5,1.311E4,8.645E3,5.361E5,1,1,,,,,,,,,,DETECTED,291.10698,291.10599,291.10938,1.7607,1.7367,1.8405,5.361E5,1.311E4,8.645E3,5.361E5,0.0212,1.4539,1.5022,1,-0.0035,3,1
519,1.7995,1.7699,1.8543,331.10229,331.10052,331.10352,1.861E5,5.795E3,1.19E4,1.861E5,0,1,14,,,,,,,,,DETECTED,331.10229,331.10052,331.10352,1.7995,1.7699,1.8543,1.861E5,5.795E3,1.19E4,1.861E5,0.0262,1.2352,3.5228,,,2,1
521,1.8071,1.7847,1.8737,323.13325,323.13098,323.13452,1.133E5,3.466E3,1.054E4,1.133E5,0,1,14,,,,,,,,,DETECTED,323.13325,323.13098,323.13452,1.8071,1.7847,1.8737,1.133E5,3.466E3,1.054E4,1.133E5,0.0244,3.6239,2.5945,,,2,1
522,1.8071,1.7847,1.8543,327.07093,327.07014,327.07129,9.04E4,2.864E3,9.81E3,9.04E4,0,1,14,,,,,,,,,DETECTED,327.07093,327.07014,327.07129,1.8071,1.7847,1.8543,9.04E4,2.864E3,9.81E3,9.04E4,0.029,1.5562,2.2182,,,2,1
523,1.8071,1.779,1.8543,335.08915,335.08817,335.09207,2.499E5,6.64E3,1.127E4,2.499E5,0,1,14,6,[M+Cl]-,2,300.11966,524;523,,,,DETECTED,335.08915,335.08817,335.09207,1.8071,1.779,1.8543,2.499E5,6.64E3,1.127E4,2.499E5,0.0238,1.3472,0.9935,,,3,1
524,1.8071,1.7699,1.8737,345.11778,345.11548,345.11835,3.731E6,1.001E5,3.068E4,3.731E6,0,1,14,6,[M+FA]-,2,300.11966,524;523,,,,DETECTED,345.11778,345.11548,345.11835,1.8071,1.7699,1.8737,3.731E6,1.001E5,3.068E4,3.731E6,0.0249,1.2308,1.0066,,,3,1
526,1.8071,1.779,1.8405,444.0335,444.03226,444.03476,7.383E4,2.005E3,8.822E3,7.383E4,0,1,14,,,,,,,,,DETECTED,444.0335,444.03226,444.03476,1.8071,1.779,1.8405,7.383E4,2.005E3,8.822E3,7.383E4,0.0278,1.0956,1.4728,,,2,1
527,1.8116,1.7847,1.8691,231.13234,231.13202,231.13327,8.48E4,2.826E3,8.035E3,8.48E4,0,1,14,,,,,,,,,DETECTED,231.13234,231.13202,231.13327,1.8116,1.7847,1.8691,8.48E4,2.826E3,8.035E3,8.48E4,0.0281,1.8751,3.4485,,,2,1
528,1.8191,1.7995,1.9141,315.10719,315.10532,315.10831,3.47E5,1.468E4,2.022E4,3.47E5,1,1,,,,,,,,,,DETECTED,315.10719,315.10532,315.10831,1.8191,1.7995,1.9141,3.47E5,1.468E4,2.022E4,3.47E5,0.0461,2.8146,5.2378,1,0.0056,2,1
529,1.8191,1.7995,1.8795,361.11197,361.11136,361.1142,9.742E4,3.808E3,1.86E4,9.742E4,0,1,,,,,,,,,,DETECTED,361.11197,361.11136,361.1142,1.8191,1.7995,1.8795,9.742E4,3.808E3,1.86E4,9.742E4,0.0269,2.0457,3.0913,,,2,1
533,1.8282,1.7847,1.8737,311.03949,311.03894,311.04019,2.24E5,1.05E4,4.909E4,2.24E5,0,1,33,,,,,,,,,DETECTED,311.03949,311.03894,311.04019,1.8282,1.7847,1.8737,2.24E5,1.05E4,4.909E4,2.24E5,0.0351,1.024,1.048,,,2,1
534,1.8282,1.7995,1.8737,313.05518,313.05399,313.0564,2.884E5,1.018E4,2.083E4,2.884E5,1,1,33,,,,,,,,,DETECTED,313.05518,313.05399,313.0564,1.8282,1.7995,1.8737,2.884E5,1.018E4,2.083E4,2.884E5,0.0324,1.2951,2.1455,1,0.0072,2,1
535,1.8405,1.7938,1.8691,151.03706,151.03662,151.03734,2.694E5,9.481E3,1.084E4,2.694E5,1,1,33,,,,,,,,,DETECTED,151.03706,151.03662,151.03734,1.8405,1.7938,1.8691,2.694E5,9.481E3,1.084E4,2.694E5,0.0313,0.8453,0.9866,1,-0.0035,3,1
536,1.8497,1.8071,1.8943,313.09113,313.08865,313.09201,1.314E5,3.66E3,8.172E3,1.314E5,0,1,78,7,[M-H]-,2,314.09827,536;537,,,,DETECTED,313.09113,313.08865,313.09201,1.8497,1.8071,1.8943,1.314E5,3.66E3,8.172E3,1.314E5,0.0238,0.9614,0.8455,,,2,1
537,1.8497,1.8191,1.9141,359.09634,359.09531,359.09717,1.047E5,3.614E3,8.582E3,1.047E5,0,1,78,7,[M+FA]-,2,314.09827,536;537,,,,DETECTED,359.09634,359.09531,359.09717,1.8497,1.8191,1.9141,1.047E5,3.614E3,8.582E3,1.047E5,0.0205,1.7707,2.584,,,2,1
538,1.8497,1.7202,1.974,493.15444,493.1514,493.15762,1.378E5,1.617E4,9.55E3,1.378E5,0,1,55,,,,,,,,,DETECTED,493.15444,493.1514,493.15762,1.8497,1.7202,1.974,1.378E5,1.617E4,9.55E3,1.378E5,0.1719,1.0397,1.0101,,,2,1
541,1.8691,1.7202,2.0385,475.14385,475.14093,475.1474,3.798E5,4.448E4,1.163E4,3.798E5,2,1,55,,,,,,,,,DETECTED,475.14385,475.14093,475.1474,1.8691,1.7202,2.0385,3.798E5,4.448E4,1.163E4,3.798E5,0.1034,0.9832,0.8284,2,-0.0552,3,1
542,1.8943,1.8691,1.9563,151.03706,151.03667,151.03712,4.178E5,1.322E4,2.328E4,4.178E5,1,1,7,,,,,,,,,DETECTED,151.03706,151.03667,151.03712,1.8943,1.8691,1.9563,4.178E5,1.322E4,2.328E4,4.178E5,0.0261,1.536,12.5904,1,0.0056,3,1
543,1.8943,1.8691,2.0581,195.02698,195.02629,195.02808,1.693E5,6.808E3,7.84E3,1.693E5,0,1,7,,,,,,,,,DETECTED,195.02698,195.02629,195.02808,1.8943,1.8691,2.0581,1.693E5,6.808E3,7.84E3,1.693E5,0.0271,3.5381,3.7414,,,3,1
545,1.8943,1.8737,2.0208,311.03933,311.03799,311.04022,4.099E5,1.511E4,1.402E4,4.099E5,1,1,7,,,,,,,,,DETECTED,311.03933,311.03799,311.04022,1.8943,1.8737,2.0208,4.099E5,1.511E4,1.402E4,4.099E5,0.0265,3.4558,3.3244,1,0.0073,2,1
546,1.8943,1.8405,1.9563,311.07579,311.07498,311.07736,1.392E5,6.513E3,1.433E4,1.392E5,0,1,7,,,,,,,,,DETECTED,311.07579,311.07498,311.07736,1.8943,1.8405,1.9563,1.392E5,6.513E3,1.433E4,1.392E5,0.0317,1.0774,1.0291,,,2,1
547,1.8943,1.8737,2.1226,313.05506,313.05383,313.05542,4.73E5,1.734E4,8.078E3,4.73E5,1,1,7,,,,,,,,,DETECTED,313.05506,313.05383,313.05542,1.8943,1.8737,2.1226,4.73E5,1.734E4,8.078E3,4.73E5,0.0226,3.8295,2.2508,1,0.0039,3,1
548,1.905,1.8852,1.9563,297.05936,297.05792,297.05969,1.118E5,3.626E3,1.02E4,1.118E5,0,1,,,,,,,,,,DETECTED,297.05936,297.05792,297.05969,1.905,1.8852,1.9563,1.118E5,3.626E3,1.02E4,1.118E5,0.0293,1.9678,2.0673,,,4,1
550,1.9141,1.8737,2.0581,345.11717,345.11618,345.12012,1.137E5,1.087E4,1.135E4,1.137E5,0,1,,,,,,,,,,DETECTED,345.11717,345.11618,345.12012,1.9141,1.8737,2.0581,1.137E5,1.087E4,1.135E4,1.137E5,0.0937,2.1737,3.1892,,,2,1
553,1.9261,1.8852,1.9952,351.07126,351.06921,351.07166,1.244E6,3.913E4,2.568E4,1.244E6,1,1,8,,,,,,,,,DETECTED,351.07126,351.06921,351.07166,1.9261,1.8852,1.9952,1.244E6,3.913E4,2.568E4,1.244E6,0.0262,1.3538,1.5508,1,-0.0052,2,1
555,1.9261,1.8795,1.9952,353.08655,353.0853,353.0867,7.533E6,2.365E5,9.558E3,7.533E6,2,1,8,,,,,,,,,DETECTED,353.08655,353.0853,353.0867,1.9261,1.8795,1.9952,7.533E6,2.365E5,9.558E3,7.533E6,0.0271,1.5702,1.5839,2,-0.0171,4,1
558,1.9261,1.8943,1.9906,375.068,375.0675,375.07062,2.562E5,8.623E3,1.043E4,2.562E5,1,1,8,,,,,,,,,DETECTED,375.068,375.0675,375.07062,1.9261,1.8943,1.9906,2.562E5,8.623E3,1.043E4,2.562E5,0.0281,2.0943,2.0036,1,0.0062,2,1
559,1.9261,1.8943,1.9786,391.04175,391.04068,391.04529,1.244E5,3.999E3,8.747E3,1.244E5,0,1,8,,,,,,,,,DETECTED,391.04175,391.04068,391.04529,1.9261,1.8943,1.9786,1.244E5,3.999E3,8.747E3,1.244E5,0.028,1.7236,1.6306,,,2,1
560,1.9261,1.8943,1.9683,453.00999,453.00818,453.01163,8.543E4,2.798E3,7.822E3,8.543E4,0,1,8,,,,,,,,,DETECTED,453.00999,453.00818,453.01163,1.9261,1.8943,1.9683,8.543E4,2.798E3,7.822E3,8.543E4,0.0282,1.4634,1.68,,,3,1
561,1.9358,1.9187,1.9906,298.14297,298.142,298.14426,1.13E5,3.117E3,9.254E3,1.13E5,0,1,,,,,,,,,,DETECTED,298.14297,298.142,298.14426,1.9358,1.9187,1.9906,1.13E5,3.117E3,9.254E3,1.13E5,0.0243,2.1225,2.7661,,,2,1
565,1.9489,1.9261,1.9786,533.14808,533.14655,533.15082,1.323E5,2.434E3,8.673E3,1.323E5,0,1,,,,,,,,,,DETECTED,533.14808,533.14655,533.15082,1.9489,1.9261,1.9786,1.323E5,2.434E3,8.673E3,1.323E5,0.0161,1.5986,2.1049,,,3,1
567,1.9609,1.9415,1.9906,371.09583,371.09299,371.09659,9.345E4,2.142E3,1.53E4,9.345E4,0,1,,,,,,,,,,DETECTED,371.09583,371.09299,371.09659,1.9609,1.9415,1.9906,9.345E4,2.142E3,1.53E4,9.345E4,0.0201,1.2693,2.1593,,,2,1
568,1.974,1.9609,2.0134,593.16851,593.16675,593.16986,2.536E5,4.967E3,2.054E4,2.536E5,0,1,,,,,,,,,,DETECTED,593.16851,593.16675,593.16986,1.974,1.9609,2.0134,2.536E5,4.967E3,2.054E4,2.536E5,0.0171,1.7825,2.1287,,,3,1
569,1.9786,1.9563,2.0208,230.10072,230.10046,230.10092,1.005E5,2.766E3,8.974E3,1.005E5,0,1,32,,,,,,,,,DETECTED,230.10072,230.10046,230.10092,1.9786,1.9563,2.0208,1.005E5,2.766E3,8.974E3,1.005E5,0.0308,1.3864,1.5075,,,2,1
570,1.9786,1.9563,2.0311,297.05953,297.05801,297.06006,8.666E4,2.458E3,8.332E3,8.666E4,0,1,32,,,,,,,,,DETECTED,297.05953,297.05801,297.06006,1.9786,1.9563,2.0311,8.666E4,2.458E3,8.332E3,8.666E4,0.0264,1.6471,2.1488,,,4,1
571,1.9786,1.9415,2.0311,299.07545,299.07474,299.07666,9.173E4,3.044E3,1.007E4,9.173E4,0,1,32,,,,,,,,,DETECTED,299.07545,299.07474,299.07666,1.9786,1.9415,2.0311,9.173E4,3.044E3,1.007E4,9.173E4,0.0279,1.2086,1.6879,,,2,1
574,1.9861,1.9683,2.0385,372.10714,372.10562,372.10767,1.942E5,4.88E3,1.054E4,1.942E5,0,1,,,,,,,,,,DETECTED,372.10714,372.10562,372.10767,1.9861,1.9683,2.0385,1.942E5,4.88E3,1.054E4,1.942E5,0.0219,1.8205,1.7929,,,3,1
577,2.0266,1.9952,2.0959,203.07984,203.07944,203.08011,2.389E5,7.241E3,8.914E3,2.389E5,0,1,,,,,,,,,,DETECTED,203.07984,203.07944,203.08011,2.0266,1.9952,2.0959,2.389E5,7.241E3,8.914E3,2.389E5,0.0303,1.3848,1.3956,,,2,1
579,2.0266,1.9952,2.2045,353.0871,353.08389,353.08978,2.806E5,2.358E4,1.956E4,2.806E5,1,1,,,,,,,,,,DETECTED,353.0871,353.08389,353.08978,2.0266,1.9952,2.2045,2.806E5,2.358E4,1.956E4,2.806E5,0.0838,3.1936,4.7719,1,0.0085,3,1
580,2.0489,2.0311,2.0959,270.11095,270.10895,270.11182,8.088E4,1.802E3,9.025E3,8.088E4,0,1,,,,,,,,,,DETECTED,270.11095,270.10895,270.11182,2.0489,2.0311,2.0959,8.088E4,1.802E3,9.025E3,8.088E4,0.0195,1.8247,2.0296,,,2,1
582,2.0581,2.0311,2.1226,149.02121,149.02106,149.02144,2.173E5,8.802E3,1.414E4,2.173E5,0,1,19,,,,,,,,,DETECTED,149.02121,149.02106,149.02144,2.0581,2.0311,2.1226,2.173E5,8.802E3,1.414E4,2.173E5,0.0368,2.1238,3.5686,,,4,1
583,2.0581,2.0311,2.2372,177.01574,177.01501,177.01617,7.322E5,3.387E4,9.136E3,7.322E5,1,1,19,,,,,,,,,DETECTED,177.01574,177.01501,177.01617,2.0581,2.0311,2.2372,7.322E5,3.387E4,9.136E3,7.322E5,0.0356,3.9017,4.4936,1,0.0039,2,1
587,2.0581,2.0311,2.3428,354.09748,354.09488,354.09805,2.523E7,1.323E6,1.645E5,2.523E7,5,1,19,,,,,,,,,DETECTED,354.09748,354.09488,354.09805,2.0581,2.0311,2.3428,2.523E7,1.323E6,1.645E5,2.523E7,0.0397,3.9714,5.5177,5,-0.0127,4,1
589,2.0581,2.0311,2.2509,390.07237,390.07043,390.07462,7.124E5,3.19E4,8.442E3,7.124E5,1,1,19,8,[M+Cl]-,2,355.10286,589;598,,,,DETECTED,390.07237,390.07043,390.07462,2.0581,2.0311,2.2509,7.124E5,3.19E4,8.442E3,7.124E5,0.0376,3.7047,3.0326,1,-0.0034,4,1
593,2.0581,2.0311,2.2223,422.08248,422.08014,422.08548,4.257E5,2.001E4,1.248E4,4.257E5,1,,19,,,,,,,,,DETECTED,422.08248,422.08014,422.08548,2.0581,2.0311,2.2223,4.257E5,2.001E4,1.248E4,4.257E5,0.0352,4.0153,5.0912,1,0.0073,,
594,2.0581,2.0385,2.0959,423.08394,423.08231,423.08719,7.555E4,2.694E3,2.158E4,7.555E4,0,1,19,,,,,,,,,DETECTED,423.08394,423.08231,423.08719,2.0581,2.0385,2.0959,7.555E4,2.694E3,2.158E4,7.555E4,0.0591,1.4686,1.9371,,,2,1
597,2.0581,2.0311,2.1834,470.10662,470.10294,470.10864,2.796E5,1.35E4,1.217E4,2.796E5,1,1,19,,,,,,,,,DETECTED,470.10662,470.10294,470.10864,2.0581,2.0311,2.1834,2.796E5,1.35E4,1.217E4,2.796E5,0.0363,2.6635,3.829,1,0.0146,3,1
598,2.0581,2.0311,2.142,709.19823,709.19269,709.19928,1.898E6,5.825E4,1.364E4,1.898E6,1,1,19,8,[2M-H]-,2,355.10286,589;598,,,,DETECTED,709.19823,709.19269,709.19928,2.0581,2.0311,2.142,1.898E6,5.825E4,1.364E4,1.898E6,0.0293,1.9749,2.4784,1,-0.0051,4,1
602,2.0687,2.0431,2.2178,339.07031,339.06879,339.07129,7.759E5,2.679E4,7.342E3,7.759E5,1,1,19,,,,,,,,,DETECTED,339.07031,339.06879,339.07129,2.0687,2.0431,2.2178,7.759E5,2.679E4,7.342E3,7.759E5,0.0282,2.8668,1.9181,1,-0.005,3,1
604,2.0687,2.0311,2.2045,499.01782,499.01315,499.02151,2.212E5,1.307E4,1.933E4,2.212E5,0,1,19,,,,,,,,,DETECTED,499.01782,499.01315,499.02151,2.0687,2.0311,2.2045,2.212E5,1.307E4,1.933E4,2.212E5,0.0421,2.1884,4.1807,,,3,1
608,2.0868,2.0581,2.2223,345.11772,345.11588,345.12051,3.516E5,1.085E4,7.474E3,3.516E5,0,1,,,,,,,,,,DETECTED,345.11772,345.11588,345.12051,2.0868,2.0581,2.2223,3.516E5,1.085E4,7.474E3,3.516E5,0.0209,3.4201,3.3534,,,2,1
609,2.1375,2.1181,2.1627,337.14881,337.14801,337.14954,6.122E4,1.306E3,1.165E4,6.122E4,0,1,,,,,,,,,,DETECTED,337.14881,337.14801,337.14954,2.1375,2.1181,2.1627,6.122E4,1.306E3,1.165E4,6.122E4,0.0435,1.1498,1.1654,,,2,1
610,2.1495,2.1329,2.212,401.10563,401.10422,401.10703,1.411E5,3.307E3,7.686E3,1.411E5,0,1,46,,,,,,,,,DETECTED,401.10563,401.10422,401.10703,2.1495,2.1329,2.212,1.411E5,3.307E3,7.686E3,1.411E5,0.0181,3.7046,2.9794,,,3,1
611,2.157,2.0959,2.2566,137.02141,137.02086,137.02156,6.738E5,2.846E4,1.37E4,6.738E5,1,1,46,,,,,,,,,DETECTED,137.02141,137.02086,137.02156,2.157,2.0959,2.2566,6.738E5,2.846E4,1.37E4,6.738E5,0.0337,1.7274,2.0066,1,-0.011,4,1
613,2.1834,2.1701,2.2372,469.12376,469.12238,469.12582,1.113E5,2.494E3,9.067E3,1.113E5,0,1,,,,,,,,,,DETECTED,469.12376,469.12238,469.12582,2.1834,2.1701,2.2372,1.113E5,2.494E3,9.067E3,1.113E5,0.0183,2.4863,2.862,,,2,1
614,2.197,2.1758,2.2297,593.16838,593.16498,593.17206,1.314E5,2.504E3,8.805E3,1.314E5,0,1,,,,,,,,,,DETECTED,593.16838,593.16498,593.17206,2.197,2.1758,2.2297,1.314E5,2.504E3,8.805E3,1.314E5,0.0157,1.6709,1.9984,,,3,1
616,2.2045,2.1879,2.2566,327.10654,327.10492,327.108,1.242E5,2.727E3,8.244E3,1.242E5,0,1,80,,,,,,,,,DETECTED,327.10654,327.10492,327.108,2.2045,2.1879,2.2566,1.242E5,2.727E3,8.244E3,1.242E5,0.0176,1.9545,2.8284,,,2,1
617,2.2045,2.1701,2.352,341.08559,341.08423,341.08621,6.447E5,1.863E4,7.284E3,6.447E5,1,1,80,,,,,,,,,DETECTED,341.08559,341.08423,341.08621,2.2045,2.1701,2.352,6.447E5,1.863E4,7.284E3,6.447E5,0.0202,3.3795,2.6543,1,-0.0035,6,1
619,2.212,2.1879,2.4063,337.09132,337.08972,337.09183,2.635E6,1.422E5,2.034E4,2.635E6,2,1,,,,,,,,,,DETECTED,337.09132,337.08972,337.09183,2.212,2.1879,2.4063,2.635E6,1.422E5,2.034E4,2.635E6,0.0275,3.9664,7.2932,2,-0.0035,7,1
622,2.2178,2.197,2.2764,465.10103,465.09848,465.10245,1.057E5,2.586E3,7.766E3,1.057E5,0,1,,,,,,,,,,DETECTED,465.10103,465.09848,465.10245,2.2178,2.197,2.2764,1.057E5,2.586E3,7.766E3,1.057E5,0.0213,1.5684,2.3632,,,2,1
624,2.2418,2.2223,2.3003,393.13126,393.12961,393.13278,1.062E5,4.078E3,7.865E3,1.062E5,0,1,,,,,,,,,,DETECTED,393.13126,393.12961,393.13278,2.2418,2.2223,2.3003,1.062E5,4.078E3,7.865E3,1.062E5,0.0519,1.8714,2.6864,,,2,1
627,2.2659,2.2509,2.3681,625.1385,625.13422,625.14056,2.786E6,5.173E4,8.139E3,2.786E6,1,1,,,,,,,,,,DETECTED,625.1385,625.13422,625.14056,2.2659,2.2509,2.3681,2.786E6,5.173E4,8.139E3,2.786E6,0.0142,2.3674,2.9723,1,-0.0035,4,1
629,2.2659,2.2509,2.3094,627.13896,627.13629,627.14423,1.358E5,2.918E3,9.139E3,1.358E5,0,1,,,,,,,,,,DETECTED,627.13896,627.13629,627.14423,2.2659,2.2509,2.3094,1.358E5,2.918E3,9.139E3,1.358E5,0.0178,1.8411,5.5657,,,4,1
631,2.2764,2.2566,2.3094,191.01663,191.01653,191.01694,4.614E5,1.054E4,5.239E4,4.614E5,1,1,,,,,,,,,,DETECTED,191.01663,191.01653,191.01694,2.2764,2.2566,2.3094,4.614E5,1.054E4,5.239E4,4.614E5,0.0213,1.3368,1.8232,1,0.0058,2,1
633,2.2764,2.2566,2.3336,441.10079,441.09744,441.10281,4.259E5,9.145E3,8.663E3,4.259E5,0,1,,,,,,,,,,DETECTED,441.10079,441.09744,441.10281,2.2764,2.2566,2.3336,4.259E5,9.145E3,8.663E3,4.259E5,0.0195,2.3368,2.3079,,,2,1
634,2.2764,2.2566,2.314,771.20021,771.19415,771.20172,2.119E7,4.967E5,1.323E6,2.119E7,1,1,,,,,,,,,,DETECTED,771.20021,771.19415,771.20172,2.2764,2.2566,2.314,2.119E7,4.967E5,1.323E6,2.119E7,0.0268,1.4938,1.3304,1,-0.005,5,1
635,2.2764,2.2566,2.3003,771.26114,771.26038,771.26373,3.435E5,6.911E3,7.941E4,3.435E5,0,1,,,,,,,,,,DETECTED,771.26114,771.26038,771.26373,2.2764,2.2566,2.3003,3.435E5,6.911E3,7.941E4,3.435E5,0.0213,1.1062,1.2125,,,2,1
638,2.2764,2.2566,2.3578,773.19669,773.1911,773.20233,1.597E6,3.754E4,7.95E3,1.597E6,0,1,,,,,,,,,,DETECTED,773.19669,773.1911,773.20233,2.2764,2.2566,2.3578,1.597E6,3.754E4,7.95E3,1.597E6,0.0244,1.4114,1.3556,,,5,1
639,2.2764,2.2566,2.3261,807.16659,807.16296,807.16882,4.999E5,1.134E4,8.014E3,4.999E5,1,1,,,,,,,,,,DETECTED,807.16659,807.16296,807.16882,2.2764,2.2566,2.3261,4.999E5,1.134E4,8.014E3,4.999E5,0.0271,1.2324,1.2126,1,0.0041,5,1
644,2.2764,2.2566,2.3185,889.12366,889.12061,889.12524,3.327E5,7.707E3,7.187E3,3.327E5,0,1,,,,,,,,,,DETECTED,889.12366,889.12061,889.12524,2.2764,2.2566,2.3185,3.327E5,7.707E3,7.187E3,3.327E5,0.0287,2.6054,1.1842,,,5,1
648,2.2855,2.2566,2.3261,815.17965,815.17419,815.18152,1.211E5,3.508E3,7.659E3,1.211E5,0,1,,,,,,,,,,DETECTED,815.17965,815.17419,815.18152,2.2855,2.2566,2.3261,1.211E5,3.508E3,7.659E3,1.211E5,0.0245,1.0912,1.0367,,,2,1
649,2.3003,2.2566,2.3623,175.0582,175.05765,175.05838,1.229E6,3.723E4,1.122E4,1.229E6,1,1,,,,,,,,,,DETECTED,175.0582,175.05765,175.05838,2.3003,2.2566,2.3623,1.229E6,3.723E4,1.122E4,1.229E6,0.0258,1.5424,1.5652,1,-0.0092,4,1
654,2.3094,2.2764,2.4154,387.11191,387.11029,387.1131,1.858E5,1.768E4,6.571E4,1.858E5,0,1,,,,,,,,,,DETECTED,387.11191,387.11029,387.1131,2.3094,2.2764,2.4154,1.858E5,1.768E4,6.571E4,1.858E5,0.1968,2.1035,3.2069,,,4,1
655,2.3094,2.2855,2.352,431.11587,431.11258,431.11697,1.703E5,4.079E3,1.198E4,1.703E5,0,1,,,,,,,,,,DETECTED,431.11587,431.11258,431.11697,2.3094,2.2855,2.352,1.703E5,4.079E3,1.198E4,1.703E5,0.0194,1.2603,1.2131,,,2,1
656,2.3185,2.3003,2.3863,526.15347,526.151,526.15601,2.656E5,6.381E3,7.574E3,2.656E5,0,1,,,,,,,,,,DETECTED,526.15347,526.151,526.15601,2.3185,2.3003,2.3863,2.656E5,6.381E3,7.574E3,2.656E5,0.0214,1.8517,2.2462,,,3,1
657,2.3261,2.2855,2.4245,129.05243,129.05212,129.05287,1.154E5,5.783E3,9.011E3,1.154E5,0,1,,,,,,,,,,DETECTED,129.05243,129.05212,129.05287,2.3261,2.2855,2.4245,1.154E5,5.783E3,9.011E3,1.154E5,0.0438,1.7446,2.7762,,,2,1
658,2.3336,2.3094,2.4385,312.12271,312.1221,312.12555,3.92E5,1.152E4,7.84E3,3.92E5,1,1,74,,,,,,,,,DETECTED,312.12271,312.1221,312.12555,2.3336,2.3094,2.4385,3.92E5,1.152E4,7.84E3,3.92E5,0.0178,2.9804,2.2797,1,0.0057,2,1
659,2.3336,2.3185,2.3817,347.13258,347.12946,347.13364,8.697E4,1.944E3,9.814E3,8.697E4,0,1,39,,,,,,,,,DETECTED,347.13258,347.12946,347.13364,2.3336,2.3185,2.3817,8.697E4,1.944E3,9.814E3,8.697E4,0.0191,2.0941,2.3884,,,2,1
660,2.3336,2.3185,2.3954,451.21549,451.21405,451.21707,2.068E5,5.269E3,1.228E4,2.068E5,0,1,,,,,,,,,,DETECTED,451.21549,451.21405,451.21707,2.3336,2.3185,2.3954,2.068E5,5.269E3,1.228E4,2.068E5,0.04,2.2783,3.1948,,,2,1
661,2.3336,2.314,2.4063,457.09654,457.09406,457.10028,1.707E5,4.957E3,1.285E4,1.707E5,0,1,74,,,,,,,,,DETECTED,457.09654,457.09406,457.10028,2.3336,2.314,2.4063,1.707E5,4.957E3,1.285E4,1.707E5,0.0235,2.1443,3.8178,,,2,1
662,2.3428,2.3185,2.3954,351.07025,351.06885,351.0723,1.327E5,3.612E3,1.721E4,1.327E5,0,1,40,,,,,,,,,DETECTED,351.07025,351.06885,351.0723,2.3428,2.3185,2.3954,1.327E5,3.612E3,1.721E4,1.327E5,0.0219,1.5828,2.7642,,,2,1
663,2.3428,2.2946,2.3954,353.08597,353.08401,353.08682,8.653E5,2.096E4,2.611E4,8.653E5,1,1,39,,,,,,,,,DETECTED,353.08597,353.08401,353.08682,2.3428,2.2946,2.3954,8.653E5,2.096E4,2.611E4,8.653E5,0.0191,1.2405,2.2121,1,-0.0051,5,1
664,2.3428,2.3185,2.3954,357.08071,357.0798,357.08255,1.569E5,3.876E3,8.785E3,1.569E5,0,1,39,,,,,,,,,DETECTED,357.08071,357.0798,357.08255,2.3428,2.3185,2.3954,1.569E5,3.876E3,8.785E3,1.569E5,0.0368,1.4226,2.0752,,,5,1
665,2.3428,2.3049,2.3681,367.15894,367.15802,367.16055,5.414E4,1.527E3,8.862E3,5.414E4,0,1,40,,,,,,,,,DETECTED,367.15894,367.15802,367.16055,2.3428,2.3049,2.3681,5.414E4,1.527E3,8.862E3,5.414E4,0.0203,0.8331,0.7141,,,2,1
666,2.3428,2.2855,2.4063,413.16302,413.15958,413.16388,2.498E5,8.92E3,1.517E4,2.498E5,0,1,39,,,,,,,,,DETECTED,413.16302,413.15958,413.16388,2.3428,2.2855,2.4063,2.498E5,8.92E3,1.517E4,2.498E5,0.0201,1.0721,0.8941,,,3,1
667,2.3681,2.3428,2.4199,163.03672,163.03641,163.03687,1.485E5,3.736E3,1.091E4,1.485E5,0,1,41,,,,,,,,,DETECTED,163.03672,163.03641,163.03687,2.3681,2.3428,2.4199,1.485E5,3.736E3,1.091E4,1.485E5,0.0194,1.5252,2.5709,,,4,1
668,2.3681,2.3261,2.5266,325.09106,325.0896,325.09174,2E6,5.056E4,1.09E4,2E6,1,1,41,,,,,,,,,DETECTED,325.09106,325.0896,325.09174,2.3681,2.3261,2.5266,2E6,5.056E4,1.09E4,2E6,0.0194,1.5287,1.6633,1,-0.0035,3,1
669,2.3681,2.3428,2.4063,339.07003,339.06741,339.07117,1.787E5,4.386E3,1.163E4,1.787E5,0,1,41,,,,,,,,,DETECTED,339.07003,339.06741,339.07117,2.3681,2.3428,2.4063,1.787E5,4.386E3,1.163E4,1.787E5,0.0225,1.6637,2.0366,,,2,1
670,2.3681,2.3428,2.3954,393.07722,393.0759,393.07977,1.225E5,2.607E3,1.184E4,1.225E5,0,1,41,,,,,,,,,DETECTED,393.07722,393.0759,393.07977,2.3681,2.3428,2.3954,1.225E5,2.607E3,1.184E4,1.225E5,0.02,1.316,1.3574,,,2,1
671,2.3726,2.3578,2.4063,357.11737,357.11667,357.11914,9.922E4,1.932E3,1.142E4,9.922E4,0,1,,,,,,,,,,DETECTED,357.11737,357.11667,357.11914,2.3726,2.3578,2.4063,9.922E4,1.932E3,1.142E4,9.922E4,0.0172,1.6314,1.5892,,,2,1
672,2.3726,2.3578,2.4063,532.17845,532.17468,532.17993,6.084E4,1.369E3,1.032E4,6.084E4,0,1,30,,,,,,,,,DETECTED,532.17845,532.17468,532.17993,2.3726,2.3578,2.4063,6.084E4,1.369E3,1.032E4,6.084E4,0.0206,1.6314,3.0129,,,2,1
673,2.3817,2.3578,2.4661,312.15863,312.1575,312.15924,4.286E5,1.248E4,1.141E4,4.286E5,1,1,30,9,[M-H]-,2,313.16582,674;673,,,,DETECTED,312.15863,312.1575,312.15924,2.3817,2.3578,2.4661,4.286E5,1.248E4,1.141E4,4.286E5,0.0231,1.9409,1.8318,1,-0.0035,3,1
674,2.3817,2.3578,2.4063,358.16393,358.16351,358.16481,2.428E5,5.692E3,2.063E4,2.428E5,0,1,30,9,[M+FA]-,2,313.16582,674;673,,,,DETECTED,358.16393,358.16351,358.16481,2.3817,2.3578,2.4063,2.428E5,5.692E3,2.063E4,2.428E5,0.0225,1.1131,1.2818,,,2,1
675,2.3817,2.3578,2.434,404.16896,404.16788,404.17007,9.692E5,2.476E4,5.492E4,9.692E5,1,1,30,10,[M+FA]-,2,359.17098,674;675,,,,DETECTED,404.16896,404.16788,404.17007,2.3817,2.3578,2.434,9.692E5,2.476E4,5.492E4,9.692E5,0.022,1.9781,1.6869,1,-0.0051,3,1
676,2.3863,2.3336,2.5478,383.05985,383.05731,383.06412,2.528E5,8.863E3,7.503E3,2.528E5,0,1,,,,,,,,,,DETECTED,383.05985,383.05731,383.06412,2.3863,2.3336,2.5478,2.528E5,8.863E3,7.503E3,2.528E5,0.0234,2.0944,1.8101,,,2,1
678,2.3954,2.3726,2.4661,235.06199,235.06111,235.06223,2.801E5,7.219E3,1.092E4,2.801E5,1,1,,,,,,,,,,DETECTED,235.06199,235.06111,235.06223,2.3954,2.3726,2.4661,2.801E5,7.219E3,1.092E4,2.801E5,0.0219,1.6338,1.3283,1,0.0132,2,1
679,2.3954,2.3817,2.4385,373.03051,373.02911,373.03195,7.578E4,1.802E3,9.677E3,7.578E4,0,1,,,,,,,,,,DETECTED,373.03051,373.02911,373.03195,2.3954,2.3817,2.4385,7.578E4,1.802E3,9.677E3,7.578E4,0.0207,2.0786,4.6033,,,3,1
681,2.4063,2.3726,2.508,193.04786,193.04669,193.0493,3.137E5,1.04E4,8.609E3,3.137E5,1,1,20,,,,,,,,,DETECTED,193.04786,193.04669,193.0493,2.4063,2.3726,2.508,3.137E5,1.04E4,8.609E3,3.137E5,0.0266,2.1259,2.5621,1,0.0039,3,1
684,2.4063,2.3726,2.6698,367.10282,367.10052,367.10361,4.229E7,1.361E6,2.96E4,4.229E7,3,1,20,,,,,,,,,DETECTED,367.10282,367.10052,367.10361,2.4063,2.3726,2.6698,4.229E7,1.361E6,2.96E4,4.229E7,0.026,2.2099,2.5755,3,-0.016,4,1
686,2.4063,2.3726,2.519,369.10533,369.10452,369.10776,9.648E5,3E4,1.285E4,9.648E5,0,1,20,,,,,,,,,DETECTED,369.10533,369.10452,369.10776,2.4063,2.3726,2.519,9.648E5,3E4,1.285E4,9.648E5,0.0249,2.0202,2.5357,,,4,1
687,2.4063,2.3726,2.5581,435.08778,435.08527,435.09067,1.036E6,3.242E4,7.701E3,1.036E6,1,1,20,,,,,,,,,DETECTED,435.08778,435.08527,435.09067,2.4063,2.3726,2.5581,1.036E6,3.242E4,7.701E3,1.036E6,0.031,2.0292,2.0895,1,-0.0069,3,1
688,2.4063,2.3817,2.4977,467.02551,467.02396,467.02792,5.9E5,1.577E4,1.299E4,5.9E5,1,1,20,,,,,,,,,DETECTED,467.02551,467.02396,467.02792,2.4063,2.3817,2.4977,5.9E5,1.577E4,1.299E4,5.9E5,0.0576,1.7577,2.1835,1,-0.0052,5,1
689,2.4063,2.3817,2.508,512.02203,512.02063,512.02655,3.894E5,1.195E4,6.664E3,3.894E5,0,1,20,,,,,,,,,DETECTED,512.02203,512.02063,512.02655,2.4063,2.3817,2.508,3.894E5,1.195E4,6.664E3,3.894E5,0.0422,1.8597,2.0418,,,7,1
691,2.4063,2.3817,2.4706,524.02238,524.02026,524.02539,9.209E4,3.569E3,9.923E3,9.209E4,0,1,20,,,,,,,,,DETECTED,524.02238,524.02026,524.02539,2.4063,2.3817,2.4706,9.209E4,3.569E3,9.923E3,9.209E4,0.0616,1.8105,3.7962,,,2,1
692,2.4154,2.3954,2.5741,433.20603,433.20236,433.20712,4.891E6,1.077E5,1.245E4,4.891E6,0,1,,,,,,,,,,DETECTED,433.20603,433.20236,433.20712,2.4154,2.3954,2.5741,4.891E6,1.077E5,1.245E4,4.891E6,0.0179,1.2506,1.1847,,,4,1
694,2.4245,2.3336,2.4661,293.12248,293.12033,293.1239,6.45E4,3.189E3,9.769E3,6.45E4,0,1,,,,,,,,,,DETECTED,293.12248,293.12033,293.1239,2.4245,2.3336,2.4661,6.45E4,3.189E3,9.769E3,6.45E4,0.0737,0.729,16.2094,,,2,1
695,2.434,2.3863,2.5035,389.08265,389.08102,389.08524,2.148E5,6.445E3,9.418E3,2.148E5,0,1,20,,,,,,,,,DETECTED,389.08265,389.08102,389.08524,2.434,2.3863,2.5035,2.148E5,6.445E3,9.418E3,2.148E5,0.0176,1.1481,2.8724,,,2,1
700,2.434,2.4154,2.508,595.16255,595.15869,595.16589,4.814E5,1.062E4,1.037E4,4.814E5,0,1,20,,,,,,,,,DETECTED,595.16255,595.15869,595.16589,2.434,2.4154,2.508,4.814E5,1.062E4,1.037E4,4.814E5,0.0174,1.8799,4.6236,,,3,1
701,2.446,2.434,2.4799,609.14175,609.14032,609.14264,5.478E5,1.081E4,2.042E4,5.478E5,1,1,,,,,,,,,,DETECTED,609.14175,609.14032,609.14264,2.446,2.434,2.4799,5.478E5,1.081E4,2.042E4,5.478E5,0.0201,1.9097,2.3673,1,0.0059,3,1
702,2.4553,2.4245,2.4977,133.02614,133.02536,133.02644,1.94E5,3.824E3,8.645E3,1.94E5,0,1,9,,,,,,,,,DETECTED,133.02614,133.02536,133.02644,2.4553,2.4245,2.4977,1.94E5,3.824E3,8.645E3,1.94E5,0.0162,1.4661,1.0996,,,5,1
703,2.4553,2.3954,2.5035,177.01605,177.01564,177.01627,6.647E5,2.26E4,1.181E4,6.647E5,1,1,9,,,,,,,,,DETECTED,177.01605,177.01564,177.01627,2.4553,2.3954,2.5035,6.647E5,2.26E4,1.181E4,6.647E5,0.0297,0.9919,2.1304,1,-0.0248,2,1
705,2.4553,2.4154,2.5035,293.02838,293.02707,293.02872,7.443E5,1.407E4,1.626E4,7.443E5,1,1,9,,,,,,,,,DETECTED,293.02838,293.02707,293.02872,2.4553,2.4154,2.5035,7.443E5,1.407E4,1.626E4,7.443E5,0.0146,1.2299,1.195,1,0.0039,2,1
706,2.4553,2.4245,2.5035,295.04375,295.04306,295.04425,2.558E5,6.673E3,2.176E4,2.558E5,0,1,9,,,,,,,,,DETECTED,295.04375,295.04306,295.04425,2.4553,2.4245,2.5035,2.558E5,6.673E3,2.176E4,2.558E5,0.0235,1.5758,1.7339,,,2,1
707,2.4553,2.434,2.5312,441.10123,441.09964,441.10321,6.509E5,1.272E4,8.187E3,6.509E5,1,1,9,,,,,,,,,DETECTED,441.10123,441.09964,441.10321,2.4553,2.434,2.5312,6.509E5,1.272E4,8.187E3,6.509E5,0.0156,1.4918,1.5948,1,0.0056,3,1
708,2.4553,2.4385,2.4874,755.20156,755.1958,755.20331,4.665E6,8.401E4,3.421E5,4.665E6,1,1,,,,,,,,,,DETECTED,755.20156,755.1958,755.20331,2.4553,2.4385,2.4874,4.665E6,8.401E4,3.421E5,4.665E6,0.0169,1.2603,2.3826,1,-0.0052,5,1
713,2.4661,2.446,2.508,565.2466,565.24146,565.24744,4.384E5,8.529E3,9.15E3,4.384E5,1,1,,,,,,,,,,DETECTED,565.2466,565.24146,565.24744,2.4661,2.446,2.508,4.384E5,8.529E3,9.15E3,4.384E5,0.0172,1.173,1.0386,1,0.0069,3,1
714,2.4706,2.446,2.5863,425.1634,425.16003,425.16724,3.808E5,1.141E4,7.686E3,3.808E5,1,1,,,,,,,,,,DETECTED,425.1634,425.16003,425.16724,2.4706,2.446,2.5863,3.808E5,1.141E4,7.686E3,3.808E5,0.0181,3.0636,4.6004,1,0.0041,3,1
716,2.508,2.4919,2.5535,639.15204,639.14832,639.15314,5.501E5,1.283E4,1.53E4,5.501E5,1,1,,,,,,,,,,DETECTED,639.15204,639.14832,639.15314,2.508,2.4919,2.5535,5.501E5,1.283E4,1.53E4,5.501E5,0.0201,2.455,3.444,1,0.0058,3,1
717,2.519,2.4977,2.5696,267.04889,267.04816,267.04956,1.133E5,3.15E3,7.435E3,1.133E5,0,1,60,,,,,,,,,DETECTED,267.04889,267.04816,267.04956,2.519,2.4977,2.5696,1.133E5,3.15E3,7.435E3,1.133E5,0.023,2.0787,3.1826,,,2,1
720,2.519,2.4977,2.5478,785.21075,785.20544,785.21289,2.932E6,4.689E4,4.42E4,2.932E6,1,1,60,,,,,,,,,DETECTED,785.21075,785.20544,785.21289,2.519,2.4977,2.5478,2.932E6,4.689E4,4.42E4,2.932E6,0.0137,1.2363,1.6701,1,-0.0035,4,1
722,2.519,2.5035,2.5535,787.21056,787.20782,787.21295,2.203E5,3.967E3,1.096E4,2.203E5,0,1,,,,,,,,,,DETECTED,787.21056,787.20782,787.21295,2.519,2.5035,2.5535,2.203E5,3.967E3,1.096E4,2.203E5,0.0149,1.4251,1.3307,,,4,1
723,2.519,2.5035,2.5478,821.1781,821.17169,821.17963,6.982E4,1.301E3,1.243E4,6.982E4,0,1,,,,,,,,,,DETECTED,821.1781,821.17169,821.17963,2.519,2.5035,2.5478,6.982E4,1.301E3,1.243E4,6.982E4,0.0175,1.4259,1.7886,,,4,1
726,2.519,2.5035,2.5478,884.11659,884.11316,884.11725,5.672E4,1.084E3,8.261E3,5.672E4,0,1,,,,,,,,,,DETECTED,884.11659,884.11316,884.11725,2.519,2.5035,2.5478,5.672E4,1.084E3,8.261E3,5.672E4,0.019,1.4259,1.3251,,,3,1
728,2.5312,2.446,2.6104,355.10148,355.09766,355.10202,1.271E6,2.762E4,1.011E4,1.271E6,1,1,,,,,,,,,,DETECTED,355.10148,355.09766,355.10202,2.5312,2.446,2.6104,1.271E6,2.762E4,1.011E4,1.271E6,0.0155,0.568,2.5087,1,0.004,4,1
731,2.5386,2.5035,2.6029,177.01597,177.01555,177.01622,2.305E5,8.84E3,3.86E4,2.305E5,0,1,18,,,,,,,,,DETECTED,177.01597,177.01555,177.01622,2.5386,2.5035,2.6029,2.305E5,8.84E3,3.86E4,2.305E5,0.0238,1.4154,1.8309,,,2,1
733,2.5386,2.5035,2.6029,293.02827,293.02756,293.02875,2.859E5,9.676E3,3.306E4,2.859E5,1,1,18,,,,,,,,,DETECTED,293.02827,293.02756,293.02875,2.5386,2.5035,2.6029,2.859E5,9.676E3,3.306E4,2.859E5,0.0237,1.4154,8.2143,1,0.004,2,1
734,2.5386,2.5035,2.6029,295.04374,295.04306,295.04422,2.119E5,8.65E3,2.802E4,2.119E5,0,1,18,,,,,,,,,DETECTED,295.04374,295.04306,295.04422,2.5386,2.5035,2.6029,2.119E5,8.65E3,2.802E4,2.119E5,0.0271,1.4154,0.4948,,,2,1
736,2.5478,2.5266,2.6029,297.05975,297.05884,297.06125,1.139E5,2.706E3,1.154E4,1.139E5,0,1,,,,,,,,,,DETECTED,297.05975,297.05884,297.06125,2.5478,2.5266,2.6029,1.139E5,2.706E3,1.154E4,1.139E5,0.018,1.8023,2.7927,,,2,1
740,2.5639,2.5386,2.615,385.11193,385.11029,385.1123,4.849E5,1.051E4,1.167E4,4.849E5,1,1,,,,,,,,,,DETECTED,385.11193,385.11029,385.1123,2.5639,2.5386,2.615,4.849E5,1.051E4,1.167E4,4.849E5,0.0187,1.15,1.3696,1,-0.0035,2,1
742,2.5696,2.4385,2.6698,404.1473,404.14389,404.14792,1.426E6,1.383E5,6.756E4,1.426E6,3,1,35,,,,,,,,,DETECTED,404.1473,404.14389,404.14792,2.5696,2.4385,2.6698,1.426E6,1.383E5,6.756E4,1.426E6,0.0812,0.8581,0.7421,3,-0.0361,3,1
744,2.5817,2.5581,2.615,364.10234,364.10071,364.1044,5.36E4,1.481E3,7.72E3,5.36E4,0,1,,,,,,,,,,DETECTED,364.10234,364.10071,364.1044,2.5817,2.5581,2.615,5.36E4,1.481E3,7.72E3,5.36E4,0.0224,1.2045,1.4312,,,4,1
745,2.5817,2.4661,2.6586,426.12867,426.12558,426.13126,6.932E4,6.762E3,7.12E3,6.932E4,0,1,35,,,,,,,,,DETECTED,426.12867,426.12558,426.13126,2.5817,2.4661,2.6586,6.932E4,6.762E3,7.12E3,6.932E4,0.0858,0.8324,0.6294,,,2,1
747,2.5817,2.5581,2.63,451.08605,451.08365,451.08679,7.478E5,1.557E4,2.044E4,7.478E5,0,1,42,,,,,,,,,DETECTED,451.08605,451.08365,451.08679,2.5817,2.5581,2.63,7.478E5,1.557E4,2.044E4,7.478E5,0.0186,1.428,1.6581,,,2,1
748,2.5817,2.5639,2.6104,462.07679,462.07095,462.07776,9.747E4,1.578E3,1.257E4,9.747E4,0,1,42,,,,,,,,,DETECTED,462.07679,462.07095,462.07776,2.5817,2.5639,2.6104,9.747E4,1.578E3,1.257E4,9.747E4,0.0125,1.3051,1.8906,,,3,1
749,2.5817,2.5639,2.6104,618.15564,618.15253,618.1571,1.522E5,2.777E3,1.988E4,1.522E5,0,1,42,,,,,,,,,DETECTED,618.15564,618.15253,618.1571,2.5817,2.5639,2.6104,1.522E5,2.777E3,1.988E4,1.522E5,0.0141,1.3051,1.6714,,,3,1
751,2.5954,2.5741,2.6494,401.14212,401.14026,401.14386,4.581E5,9.71E3,1.338E4,4.581E5,1,1,17,,,,,,,,,DETECTED,401.14212,401.14026,401.14386,2.5954,2.5741,2.6494,4.581E5,9.71E3,1.338E4,4.581E5,0.017,1.3899,1.7755,1,-0.0035,5,1
753,2.5954,2.5741,2.63,439.11618,439.11377,439.11896,5.706E4,1.298E3,8.339E3,5.706E4,0,1,17,,,,,,,,,DETECTED,439.11618,439.11377,439.11896,2.5954,2.5741,2.63,5.706E4,1.298E3,8.339E3,5.706E4,0.0211,1.3148,1.4995,,,4,1
754,2.5954,2.5266,2.6698,447.14915,447.14584,447.15189,3.733E6,7.979E4,1.603E4,3.733E6,1,1,17,,,,,,,,,DETECTED,447.14915,447.14584,447.15189,2.5954,2.5266,2.6698,3.733E6,7.979E4,1.603E4,3.733E6,0.0168,1.4758,1.7819,1,-0.0051,4,1
756,2.5954,2.5741,2.6358,464.13776,464.13498,464.14127,6.616E4,1.689E3,7.658E3,6.616E4,0,1,17,,,,,,,,,DETECTED,464.13776,464.13498,464.14127,2.5954,2.5741,2.6358,6.616E4,1.689E3,7.658E3,6.616E4,0.0268,1.4499,1.7198,,,2,1
757,2.5954,2.5741,2.63,469.12277,469.12155,469.12628,8.865E4,1.833E3,8.39E3,8.865E4,0,1,17,,,,,,,,,DETECTED,469.12277,469.12155,469.12628,2.5954,2.5741,2.63,8.865E4,1.833E3,8.39E3,8.865E4,0.0173,1.2374,1.8432,,,2,1
758,2.5954,2.5741,2.6358,515.13488,515.13397,515.13733,1.284E5,2.996E3,9.176E3,1.284E5,0,1,17,,,,,,,,,DETECTED,515.13488,515.13397,515.13733,2.5954,2.5741,2.6358,1.284E5,2.996E3,9.176E3,1.284E5,0.0213,1.3605,2.1601,,,2,1
760,2.6104,2.5954,2.6586,232.13177,232.13144,232.13223,1.32E5,2.877E3,1.546E4,1.32E5,0,1,,,,,,,,,,DETECTED,232.13177,232.13144,232.13223,2.6104,2.5954,2.6586,1.32E5,2.877E3,1.546E4,1.32E5,0.0178,2.0999,5.9596,,,2,1
761,2.6104,2.5581,2.6698,271.08027,271.07941,271.0806,6.737E4,4.27E3,1.166E4,6.737E4,0,1,,,,,,,,,,DETECTED,271.08027,271.07941,271.0806,2.6104,2.5581,2.6698,6.737E4,4.27E3,1.166E4,6.737E4,0.0848,1.0666,1.1691,,,2,1
762,2.6104,2.5863,2.6698,277.08078,277.08005,277.08112,1.049E5,3.001E3,1.258E4,1.049E5,0,1,,,,,,,,,,DETECTED,277.08078,277.08005,277.08112,2.6104,2.5863,2.6698,1.049E5,3.001E3,1.258E4,1.049E5,0.0204,1.7268,3.1688,,,2,1
763,2.615,2.5863,2.6403,773.19438,773.19281,773.1983,1.355E5,2.684E3,8.503E3,1.355E5,0,1,,,,,,,,,,DETECTED,773.19438,773.19281,773.1983,2.615,2.5863,2.6403,1.355E5,2.684E3,8.503E3,1.355E5,0.0236,1.0953,2.8187,,,4,1
764,2.6225,2.6029,2.6494,326.09893,326.09796,326.09927,5.501E4,1.391E3,1.465E4,5.501E4,0,1,27,,,,,,,,,DETECTED,326.09893,326.09796,326.09927,2.6225,2.6029,2.6494,5.501E4,1.391E3,1.465E4,5.501E4,0.0269,1.1881,1.3762,,,2,1
766,2.6225,2.5863,2.6779,326.13834,326.13635,326.13855,7.436E6,2.19E5,2.598E4,7.436E6,2,1,27,,,,,,,,,DETECTED,326.13834,326.13635,326.13855,2.6225,2.5863,2.6779,7.436E6,2.19E5,2.598E4,7.436E6,0.0276,1.675,2.1906,2,-0.0052,4,1
767,2.6225,2.6029,2.6698,394.12431,394.12378,394.12476,3.563E5,1.083E4,4.237E4,3.563E5,1,1,27,,,,,,,,,DETECTED,394.12431,394.12378,394.12476,2.6225,2.6029,2.6698,3.563E5,1.083E4,4.237E4,3.563E5,0.0282,1.7087,1.8894,1,0.0041,3,1
769,2.63,2.6104,2.6698,371.09613,371.0947,371.09686,8.5E4,2.07E3,1.191E4,8.5E4,0,1,,,,,,,,,,DETECTED,371.09613,371.0947,371.09686,2.63,2.6104,2.6698,8.5E4,2.07E3,1.191E4,8.5E4,0.0252,1.515,1.9961,,,4,1
770,2.6358,2.6104,2.6698,355.10112,355.09766,355.10181,7.816E4,1.793E3,1.28E4,7.816E4,0,1,,,,,,,,,,DETECTED,355.10112,355.09766,355.10181,2.6358,2.6104,2.6698,7.816E4,1.793E3,1.28E4,7.816E4,0.018,1.1715,0.4102,,,3,1
771,2.6358,2.6029,2.6586,409.0583,409.05692,409.05984,9.018E4,2.715E3,2.523E4,9.018E4,0,1,27,,,,,,,,,DETECTED,409.0583,409.05692,409.05984,2.6358,2.6029,2.6586,9.018E4,2.715E3,2.523E4,9.018E4,0.0299,0.8473,0.6947,,,2,1
773,2.6494,2.63,2.6698,374.10791,374.10703,374.10999,7.079E4,1.414E3,2.434E4,7.079E4,0,1,,,,,,,,,,DETECTED,374.10791,374.10703,374.10999,2.6494,2.63,2.6698,7.079E4,1.414E3,2.434E4,7.079E4,0.0195,1.0253,1.0505,,,2,1
774,2.6494,2.63,2.6779,385.11229,385.11081,385.11377,6.219E5,1.139E4,1.399E4,6.219E5,1,1,,,,,,,,,,DETECTED,385.11229,385.11081,385.11377,2.6494,2.63,2.6779,6.219E5,1.139E4,1.399E4,6.219E5,0.0228,1.3987,2.2552,1,0.0057,3,1
775,2.6586,2.5863,2.7219,433.20448,433.20178,433.20865,1.047E6,4.46E4,1.416E4,1.047E6,1,1,,,,,,,,,,DETECTED,433.20448,433.20178,433.20865,2.6586,2.5863,2.7219,1.047E6,4.46E4,1.416E4,1.047E6,0.0169,3.9149,7.2092,1,0.0057,3,1
777,2.6698,2.6029,2.9642,177.01678,177.01555,177.017,3.822E7,1.99E6,3.86E4,3.822E7,4,1,23,,,,,,,,,DETECTED,177.01678,177.01555,177.017,2.6698,2.6029,2.9642,3.822E7,1.99E6,3.86E4,3.822E7,0.0361,3.2737,5.6707,4,-0.0272,3,1
781,2.6698,2.6029,2.9837,293.02958,293.02762,293.02991,2.047E7,1.318E6,3.478E4,2.047E7,4,1,23,,,,,,,,,DETECTED,293.02958,293.02762,293.02991,2.6698,2.6029,2.9837,2.047E7,1.318E6,3.478E4,2.047E7,0.0368,3.7899,6.3979,4,-0.0238,2,1
783,2.6698,2.615,2.9436,294.0327,294.03049,294.03348,2.196E6,1.369E5,8.276E3,2.196E6,2,1,23,,,,,,,,,DETECTED,294.0327,294.03049,294.03348,2.6698,2.615,2.9436,2.196E6,1.369E5,8.276E3,2.196E6,0.0351,3.7734,6.4792,2,0.0358,2,1
784,2.6698,2.63,2.7885,392.95148,392.95032,392.95343,3.752E5,3.665E4,9.231E3,3.752E5,1,1,,,,,,,,,,DETECTED,392.95148,392.95032,392.95343,2.6698,2.63,2.7885,3.752E5,3.665E4,9.231E3,3.752E5,0.1143,2.6535,5.552,1,-0.0021,2,1
786,2.6779,2.6403,2.8774,133.01209,133.01079,133.01245,1.389E7,7.134E5,4.685E4,1.389E7,3,,23,,,,,,,,,DETECTED,133.01209,133.01079,133.01245,2.6779,2.6403,2.8774,1.389E7,7.134E5,4.685E4,1.389E7,0.0617,2.9857,4.5415,3,-0.0153,,
787,2.6779,2.6029,2.97,133.02619,133.02542,133.02664,1.889E7,8.751E5,9.122E3,1.889E7,3,1,23,11,[M-H]-,2,134.03368,787;792,,,,DETECTED,133.02619,133.02542,133.02664,2.6779,2.6029,2.97,1.889E7,8.751E5,9.122E3,1.889E7,0.0327,2.2192,3.2439,3,-0.0245,2,1
789,2.6779,2.6494,2.8018,134.0139,134.0136,134.01497,4.007E5,1.783E4,9.573E3,4.007E5,1,1,23,,,,,,,,,DETECTED,134.0139,134.0136,134.01497,2.6779,2.6494,2.8018,4.007E5,1.783E4,9.573E3,4.007E5,0.0375,2.9588,4.2821,1,0.0199,3,1
792,2.6779,2.6029,3.0172,179.0321,179.03125,179.03233,1.053E7,5.444E5,1.172E4,1.053E7,0,1,23,11,[M+FA]-,2,134.03368,787;792,,,,DETECTED,179.0321,179.03125,179.03233,2.6779,2.6029,3.0172,1.053E7,5.444E5,1.172E4,1.053E7,0.0667,2.9854,4.3035,,,6,1
793,2.6779,2.6494,2.8323,180.03439,180.03404,180.03604,6.917E5,3.296E4,9.389E3,6.917E5,1,1,23,,,,,,,,,DETECTED,180.03439,180.03404,180.03604,2.6779,2.6494,2.8323,6.917E5,3.296E4,9.389E3,6.917E5,0.0463,3.14,4.3434,1,0.0136,6,1
794,2.6779,2.5817,2.9642,195.02679,195.02606,195.02754,9.804E5,7.627E4,7.893E3,9.804E5,2,1,23,,,,,,,,,DETECTED,195.02679,195.02606,195.02754,2.6779,2.5817,2.9642,9.804E5,7.627E4,7.893E3,9.804E5,0.0481,2.2117,3.5802,2,0.0039,2,1
796,2.6779,2.6029,3.1561,295.0444,295.04132,295.04468,5.716E7,3.476E6,4.546E4,5.716E7,5,1,23,,,,,,,,,DETECTED,295.0444,295.04132,295.04468,2.6779,2.6029,3.1561,5.716E7,3.476E6,4.546E4,5.716E7,0.0563,2.8723,5.1583,5,0.0714,4,1
797,2.6779,2.615,3.0109,296.04702,296.04541,296.04852,6.99E6,4.247E5,8.879E3,6.99E6,1,1,23,,,,,,,,,DETECTED,296.04702,296.04541,296.04852,2.6779,2.615,3.0109,6.99E6,4.247E5,8.879E3,6.99E6,0.0583,3.3044,5.1553,1,0.0166,4,1
798,2.6779,2.615,2.8894,311.0387,311.03738,311.03937,1.192E6,7.651E4,1.091E4,1.192E6,2,1,23,,,,,,,,,DETECTED,311.0387,311.03738,311.03937,2.6779,2.615,2.8894,1.192E6,7.651E4,1.091E4,1.192E6,0.069,2.173,3.3944,2,0.0023,2,1
802,2.6779,2.6494,2.759,591.09711,591.09314,591.09729,3.836E7,9.437E5,7.158E4,3.836E7,1,1,23,,,,,,,,,DETECTED,591.09711,591.09314,591.09729,2.6779,2.6494,2.759,3.836E7,9.437E5,7.158E4,3.836E7,0.0226,1.4923,1.805,1,0.0463,4,1
805,2.6779,2.6494,2.7323,607.08886,607.08484,607.09137,8.049E5,1.966E4,1.963E4,8.049E5,1,1,23,,,,,,,,,DETECTED,607.08886,607.08484,607.09137,2.6779,2.6494,2.7323,8.049E5,1.966E4,1.963E4,8.049E5,0.0203,1.596,1.9012,1,0.0074,2,1
806,2.6779,2.6494,2.7839,613.07514,613.07227,613.08087,9.705E5,3.622E4,1.077E4,9.705E5,1,1,23,,,,,,,,,DETECTED,613.07514,613.07227,613.08087,2.6779,2.6494,2.7839,9.705E5,3.622E4,1.077E4,9.705E5,0.0401,2.548,4.796,1,0.0057,3,1
807,2.6779,2.6494,2.7471,636.20206,636.19891,636.20392,5.418E5,1.758E4,1.71E4,5.418E5,1,,23,,,,,,,,,DETECTED,636.20206,636.19891,636.20392,2.6779,2.6494,2.7471,5.418E5,1.758E4,1.71E4,5.418E5,0.038,2.0735,2.3228,1,0.0153,,
811,2.7082,2.63,2.9539,363.03145,363.02954,363.03302,9.376E5,5.848E4,1.256E4,9.376E5,1,1,23,,,,,,,,,DETECTED,363.03145,363.02954,363.03302,2.7082,2.63,2.9539,9.376E5,5.848E4,1.256E4,9.376E5,0.0633,1.6959,1.4063,1,0.0264,2,1
812,2.7082,2.6494,2.9895,386.15798,386.15665,386.16,3.974E5,4.053E4,1.834E4,3.974E5,1,1,23,,,,,,,,,DETECTED,386.15798,386.15665,386.16,2.7082,2.6494,2.9895,3.974E5,4.053E4,1.834E4,3.974E5,0.0737,2.7879,2.7008,1,-0.012,2,1
813,2.7082,2.6403,2.759,439.96475,439.9614,439.96619,2.064E5,1.131E4,9.172E3,2.064E5,0,1,23,,,,,,,,,DETECTED,439.96475,439.9614,439.96619,2.7082,2.6403,2.759,2.064E5,1.131E4,9.172E3,2.064E5,0.0481,0.9344,0.7608,,,2,1
816,2.7323,2.7149,2.7782,565.24545,565.24365,565.24872,2.453E5,5.032E3,1.476E4,2.453E5,0,1,,,,,,,,,,DETECTED,565.24545,565.24365,565.24872,2.7323,2.7149,2.7782,2.453E5,5.032E3,1.476E4,2.453E5,0.0177,1.6472,1.5183,,,3,1
817,2.7471,2.7219,2.8266,249.03775,249.03656,249.03844,3.192E5,1.003E4,8.078E3,3.192E5,1,1,48,,,,,,,,,DETECTED,249.03775,249.03656,249.03844,2.7471,2.7219,2.8266,3.192E5,1.003E4,8.078E3,3.192E5,0.0235,1.6481,1.4957,1,0.0056,2,1
820,2.7471,2.6403,2.9175,317.02588,317.02438,317.02768,6.188E5,3.76E4,8.981E3,6.188E5,1,1,48,,,,,,,,,DETECTED,317.02588,317.02438,317.02768,2.7471,2.6403,2.9175,6.188E5,3.76E4,8.981E3,6.188E5,0.0447,0.896,0.6217,1,-0.0026,2,1
822,2.7471,2.6225,2.9054,361.01507,361.01144,361.0173,3.465E5,3.566E4,1.09E4,3.465E5,2,1,48,,,,,,,,,DETECTED,361.01507,361.01144,361.0173,2.7471,2.6225,2.9054,3.465E5,3.566E4,1.09E4,3.465E5,0.0905,1.1632,0.8749,2,-0.0712,2,1
824,2.7471,2.7219,2.8819,433.20593,433.20309,433.20633,1.072E7,3.347E5,4.658E4,1.072E7,2,1,48,,,,,,,,,DETECTED,433.20593,433.20309,433.20633,2.7471,2.7219,2.8819,1.072E7,3.347E5,4.658E4,1.072E7,0.0633,3.1019,5.0082,2,-0.0059,4,1
826,2.7471,2.7219,2.796,451.08626,451.08365,451.08792,2.215E5,5.293E3,1.367E4,2.215E5,0,1,48,,,,,,,,,DETECTED,451.08626,451.08365,451.08792,2.7471,2.7219,2.796,2.215E5,5.293E3,1.367E4,2.215E5,0.0201,1.26,2.0709,,,2,1
829,2.759,2.7323,2.8018,403.15789,403.15494,403.15967,2.182E5,6.162E3,1.524E4,2.182E5,0,1,,,,,,,,,,DETECTED,403.15789,403.15494,403.15967,2.759,2.7323,2.8018,2.182E5,6.162E3,1.524E4,2.182E5,0.0251,1.2768,1.1425,,,2,1
832,2.7692,2.7471,2.8266,458.09317,458.08957,458.09726,1.034E5,3.082E3,9.499E3,1.034E5,0,1,,,,,,,,,,DETECTED,458.09317,458.08957,458.09726,2.7692,2.7471,2.8266,1.034E5,3.082E3,9.499E3,1.034E5,0.0384,1.7095,2.3223,,,2,1
833,2.7782,2.7082,2.8481,203.08976,203.08928,203.09041,1.235E5,6.397E3,8.646E3,1.235E5,0,1,,,,,,,,,,DETECTED,203.08976,203.08928,203.09041,2.7782,2.7082,2.8481,1.235E5,6.397E3,8.646E3,1.235E5,0.0578,1.0755,2.4896,,,2,1
834,2.7782,2.759,2.8151,374.15937,374.15732,374.16092,6.566E4,1.647E3,1.007E4,6.566E4,0,1,,,,,,,,,,DETECTED,374.15937,374.15732,374.16092,2.7782,2.759,2.8151,6.566E4,1.647E3,1.007E4,6.566E4,0.0221,1.4601,1.7927,,,2,1
835,2.7839,2.759,2.8774,249.08551,249.08501,249.08595,1.578E5,5.794E3,8.06E3,1.578E5,0,1,38,,,,,,,,,DETECTED,249.08551,249.08501,249.08595,2.7839,2.759,2.8774,1.578E5,5.794E3,8.06E3,1.578E5,0.0361,2.2806,2.641,,,2,1
836,2.7885,2.7692,2.8266,755.1933,755.18951,755.1944,1.59E5,3.24E3,7.619E3,1.59E5,0,1,38,,,,,,,,,DETECTED,755.1933,755.18951,755.1944,2.7885,2.7692,2.8266,1.59E5,3.24E3,7.619E3,1.59E5,0.0168,1.3273,1.2886,,,3,1
837,2.796,2.7471,2.8819,367.10156,367.10025,367.1021,6.583E5,2.023E4,1.596E4,6.583E5,1,1,,,,,,,,,,DETECTED,367.10156,367.10025,367.1021,2.796,2.7471,2.8819,6.583E5,2.023E4,1.596E4,6.583E5,0.0229,1.5304,0.6142,1,-0.0052,3,1
841,2.8076,2.7839,2.8613,427.17906,427.17557,427.18179,2.218E5,6.512E3,7.662E3,2.218E5,1,1,,,,,,,,,,DETECTED,427.17906,427.17557,427.18179,2.8076,2.7839,2.8613,2.218E5,6.512E3,7.662E3,2.218E5,0.027,1.35,1.771,1,0.0041,6,1
843,2.8436,2.8266,2.9175,444.12767,444.12531,444.12915,2.65E5,6.48E3,8.123E3,2.65E5,1,1,,,,,,,,,,DETECTED,444.12767,444.12531,444.12915,2.8436,2.8266,2.9175,2.65E5,6.48E3,8.123E3,2.65E5,0.0205,2.602,2.9303,1,0.0085,3,1
844,2.8556,2.8151,2.9054,452.21623,452.21182,452.21799,5.826E4,2.102E3,8.105E3,5.826E4,0,1,,,,,,,,,,DETECTED,452.21623,452.21182,452.21799,2.8556,2.8151,2.9054,5.826E4,2.102E3,8.105E3,5.826E4,0.0266,1.1163,1.2296,,,2,1
845,2.8716,2.8481,2.9791,319.044,319.04266,319.04474,9.692E5,2.478E4,7.771E3,9.692E5,1,1,47,,,,,,,,,DETECTED,319.044,319.04266,319.04474,2.8716,2.8481,2.9791,9.692E5,2.478E4,7.771E3,9.692E5,0.0224,1.9097,2.2845,1,0.0023,3,1
846,2.8774,2.8481,2.9175,341.0256,341.02431,341.02682,5.305E4,1.584E3,7.513E3,5.305E4,0,1,47,,,,,,,,,DETECTED,341.0256,341.02431,341.02682,2.8774,2.8481,2.9175,5.305E4,1.584E3,7.513E3,5.305E4,0.0241,1.1855,1.701,,,2,1
847,2.8819,2.8613,2.91,427.17882,427.17749,427.18039,5.932E4,1.365E3,8.728E3,5.932E4,0,1,,,,,,,,,,DETECTED,427.17882,427.17749,427.18039,2.8819,2.8613,2.91,5.932E4,1.365E3,8.728E3,5.932E4,0.0215,1.1807,1.2989,,,2,1
848,2.8819,2.8556,2.9054,563.23056,563.22906,563.23462,1.16E5,2.526E3,8.07E3,1.16E5,0,1,47,,,,,,,,,DETECTED,563.23056,563.22906,563.23462,2.8819,2.8556,2.9054,1.16E5,2.526E3,8.07E3,1.16E5,0.0195,1.0592,0.9183,,,3,1
850,2.8997,2.8436,2.9436,241.008,241.00728,241.0083,1.093E5,7.639E3,5.63E4,1.093E5,0,1,79,,,,,,,,,DETECTED,241.008,241.00728,241.0083,2.8997,2.8436,2.9436,1.093E5,7.639E3,5.63E4,1.093E5,0.1053,0.8911,0.7823,,,10,1
851,2.8997,2.8774,2.9379,321.15373,321.15222,321.15427,1.499E5,3.163E3,8.261E3,1.499E5,0,1,34,,,,,,,,,DETECTED,321.15373,321.15222,321.15427,2.8997,2.8774,2.9379,1.499E5,3.163E3,8.261E3,1.499E5,0.0178,1.17,1.2684,,,2,1
852,2.8997,2.8819,2.9596,433.20472,433.20276,433.20654,1.509E5,5.177E3,2.627E4,1.509E5,0,1,34,,,,,,,,,DETECTED,433.20472,433.20276,433.20654,2.8997,2.8819,2.9596,1.509E5,5.177E3,2.627E4,1.509E5,0.0239,2.1875,2.8453,,,2,1
853,2.8997,2.8819,2.9288,461.16367,461.16226,461.16516,5.785E4,1.35E3,1.571E4,5.785E4,0,1,34,,,,,,,,,DETECTED,461.16367,461.16226,461.16516,2.8997,2.8819,2.9288,5.785E4,1.35E3,1.571E4,5.785E4,0.0195,1.318,1.6359,,,2,1
854,2.9054,2.8819,2.9539,403.15782,403.15652,403.15985,1.723E5,3.971E3,7.699E3,1.723E5,0,1,79,,,,,,,,,DETECTED,403.15782,403.15652,403.15985,2.9054,2.8819,2.9539,1.723E5,3.971E3,7.699E3,1.723E5,0.0199,1.68,2.0068,,,2,1
858,2.97,2.8819,3.0172,431.19004,431.18692,431.19354,2.199E6,5.006E4,7.073E3,2.199E6,1,1,26,,,,,,,,,DETECTED,431.19004,431.18692,431.19354,2.97,2.8819,3.0172,2.199E6,5.006E4,7.073E3,2.199E6,0.0214,0.7239,0.3766,1,-0.0035,4,1
859,2.97,2.9493,3.0063,439.17919,439.17694,439.18332,3.08E5,6.744E3,1.041E4,3.08E5,1,1,26,,,,,,,,,DETECTED,439.17919,439.17694,439.18332,2.97,2.9493,3.0063,3.08E5,6.744E3,1.041E4,3.08E5,0.0198,1.5343,2.0483,1,0.004,3,1
860,2.97,2.9493,2.9996,461.16466,461.16345,461.16754,2.283E5,5.042E3,1.011E4,2.283E5,0,1,26,,,,,,,,,DETECTED,461.16466,461.16345,461.16754,2.97,2.9493,2.9996,2.283E5,5.042E3,1.011E4,2.283E5,0.0214,1.4303,2.0437,,,4,1
864,2.9895,2.9642,3.1055,177.01579,177.01527,177.0163,1.788E5,1.331E4,4.615E4,1.788E5,0,1,57,,,,,,,,,DETECTED,177.01579,177.01527,177.0163,2.9895,2.9642,3.1055,1.788E5,1.331E4,4.615E4,1.788E5,0.0676,2.7914,4.5828,,,2,1
865,2.9895,2.97,3.1055,677.12501,677.12238,677.12823,4.4E5,1.698E4,1.774E4,4.4E5,1,1,57,,,,,,,,,DETECTED,677.12501,677.12238,677.12823,2.9895,2.97,3.1055,4.4E5,1.698E4,1.774E4,4.4E5,0.0141,5.5672,14.8702,1,0.0041,3,1
866,2.9895,2.9791,3.031,678.12569,678.12341,678.12787,1.318E5,3.534E3,1.507E4,1.318E5,0,1,,,,,,,,,,DETECTED,678.12569,678.12341,678.12787,2.9895,2.9791,3.031,1.318E5,3.534E3,1.507E4,1.318E5,0.0313,2.5006,7.0228,,,3,1
872,3.0063,2.9837,3.0933,384.10595,384.10504,384.1102,4.094E5,1.233E4,1.021E4,4.094E5,0,1,29,,,,,,,,,DETECTED,384.10595,384.10504,384.1102,3.0063,2.9837,3.0933,4.094E5,1.233E4,1.021E4,4.094E5,0.0237,2.4276,2.9948,,,2,1
873,3.0063,2.9791,3.0933,609.14772,609.14386,609.14954,8.546E7,2.538E6,1.354E6,8.546E7,2,1,29,,,,,,,,,DETECTED,609.14772,609.14386,609.14954,3.0063,2.9791,3.0933,8.546E7,2.538E6,1.354E6,8.546E7,0.0239,1.6301,1.719,2,-0.0203,6,1
880,3.0063,2.9791,3.0448,727.07319,727.0675,727.07513,6.185E5,1.647E4,7.675E3,6.185E5,1,1,29,,,,,,,,,DETECTED,727.07319,727.0675,727.07513,3.0063,2.9791,3.0448,6.185E5,1.647E4,7.675E3,6.185E5,0.0244,1.3208,1.2021,1,-0.0093,3,1
882,3.0109,2.9837,3.0504,607.13134,607.12665,607.13391,1.099E6,3.337E4,1.42E5,1.099E6,0,1,29,,,,,,,,,DETECTED,607.13134,607.12665,607.13391,3.0109,2.9837,3.0504,1.099E6,3.337E4,1.42E5,1.099E6,0.0274,1.2259,1.4018,,,2,1
883,3.0109,2.9791,3.0802,612.14817,612.14575,612.15399,6.129E5,1.871E4,1.295E4,6.129E5,0,1,29,,,,,,,,,DETECTED,612.14817,612.14575,612.15399,3.0109,2.9791,3.0802,6.129E5,1.871E4,1.295E4,6.129E5,0.0244,1.3936,1.1367,,,5,1
890,3.031,2.9996,3.1055,163.03739,163.03651,163.03749,3.895E7,1.175E6,3.929E5,3.895E7,2,1,57,,,,,,,,,DETECTED,163.03739,163.03651,163.03749,3.031,2.9996,3.1055,3.895E7,1.175E6,3.929E5,3.895E7,0.0249,1.6963,1.8567,2,-0.0115,3,1
895,3.031,2.9996,3.1055,279.0497,279.04816,279.05002,4.411E7,1.319E6,4.112E5,4.411E7,2,1,57,,,,,,,,,DETECTED,279.0497,279.04816,279.05002,3.031,2.9996,3.1055,4.411E7,1.319E6,4.112E5,4.411E7,0.0248,1.7792,1.8166,2,-0.0178,4,1
898,3.031,3.0109,3.1055,378.97378,378.97324,378.97699,5.666E5,1.816E4,1.398E4,5.666E5,1,1,57,,,,,,,,,DETECTED,378.97378,378.97324,378.97699,3.031,3.0109,3.1055,5.666E5,1.816E4,1.398E4,5.666E5,0.0293,1.8912,1.9814,1,-0.0039,3,1
901,3.031,3.0172,3.0802,581.08515,581.08325,581.08777,3.845E5,7.821E3,1.244E4,3.845E5,1,1,,,,,,,,,,DETECTED,581.08515,581.08325,581.08777,3.031,3.0172,3.0802,3.845E5,7.821E3,1.244E4,3.845E5,0.0187,1.79,1.733,1,0.0041,2,1
902,3.0377,3.0109,3.1055,347.0362,347.0346,347.03668,7.561E5,3.317E4,3.265E4,7.561E5,2,1,,,,,,,,,,DETECTED,347.0362,347.0346,347.03668,3.0377,3.0109,3.1055,7.561E5,3.317E4,3.265E4,7.561E5,0.0412,1.7668,2.129,2,-0.0089,2,1
904,3.0504,3.031,3.1231,439.17941,439.177,439.17981,1.024E6,2.155E4,1.621E4,1.024E6,1,1,,,,,,,,,,DETECTED,439.17941,439.177,439.17981,3.0504,3.031,3.1231,1.024E6,2.155E4,1.621E4,1.024E6,0.0193,1.4051,1.2002,1,-0.0086,3,1
905,3.0623,3.0377,3.1231,377.17921,377.17731,377.18103,5.018E4,1.846E3,1.296E4,5.018E4,0,1,,,,,,,,,,DETECTED,377.17921,377.17731,377.18103,3.0623,3.0377,3.1231,5.018E4,1.846E3,1.296E4,5.018E4,0.0219,1.7351,2.4701,,,2,1
906,3.0726,3.0448,3.1314,431.18871,431.18692,431.18961,2.442E5,7.079E3,1.38E4,2.442E5,0,1,,,,,,,,,,DETECTED,431.18871,431.18692,431.18961,3.0726,3.0448,3.1314,2.442E5,7.079E3,1.38E4,2.442E5,0.0227,1.7945,2.0039,,,2,1
908,3.0877,3.0669,3.1231,349.05354,349.05179,349.05582,1.291E5,2.872E3,2.127E4,1.291E5,0,1,,,,,,,,,,DETECTED,349.05354,349.05179,349.05582,3.0877,3.0669,3.1231,1.291E5,2.872E3,2.127E4,1.291E5,0.0198,1.3511,2.0874,,,2,1
911,3.0933,3.0448,3.1698,409.11087,409.10815,409.11325,2.639E5,8.231E3,1.067E4,2.639E5,0,1,,,,,,,,,,DETECTED,409.11087,409.10815,409.11325,3.0933,3.0448,3.1698,2.639E5,8.231E3,1.067E4,2.639E5,0.0198,0.6105,2.6897,,,2,1
915,3.1055,3.0504,3.2931,463.08758,463.08374,463.08795,2.921E7,8.361E5,1.285E4,2.921E7,2,1,54,,,,,,,,,DETECTED,463.08758,463.08374,463.08795,3.1055,3.0504,3.2931,2.921E7,8.361E5,1.285E4,2.921E7,0.0286,1.2953,1.2858,2,-0.0099,4,1
921,3.1055,3.0802,3.1314,581.01816,581.01615,581.02258,1.901E5,4.953E3,1.921E4,1.901E5,0,1,54,,,,,,,,,DETECTED,581.01816,581.01615,581.02258,3.1055,3.0802,3.1314,1.901E5,4.953E3,1.921E4,1.901E5,0.031,1.01,0.9435,,,3,1
922,3.1128,3.0726,3.1561,461.07284,461.0701,461.07361,1.272E6,3.385E4,1.607E4,1.272E6,1,1,54,,,,,,,,,DETECTED,461.07284,461.0701,461.07361,3.1128,3.0726,3.1561,1.272E6,3.385E4,1.607E4,1.272E6,0.0241,1.0951,0.6775,1,-0.0137,2,1
923,3.1128,3.0802,3.1433,531.0721,531.07172,531.07349,7.067E5,1.882E4,3.72E4,7.067E5,1,1,54,,,,,,,,,DETECTED,531.0721,531.07172,531.07349,3.1128,3.0802,3.1433,7.067E5,1.882E4,3.72E4,7.067E5,0.0275,0.7905,0.41,1,-0.012,3,1
927,3.1231,3.0802,3.1863,743.13617,743.13342,743.13861,8.608E5,2.8E4,1.662E4,8.608E5,1,1,,,,,,,,,,DETECTED,743.13617,743.13342,743.13861,3.1231,3.0802,3.1863,8.608E5,2.8E4,1.662E4,8.608E5,0.0262,1.0008,0.9297,1,-0.0062,3,1
929,3.1314,3.1055,3.2557,133.01152,133.01065,133.01161,1.598E7,5.512E5,3.383E4,1.598E7,2,1,45,,,,,,,,,DETECTED,133.01152,133.01065,133.01161,3.1314,3.1055,3.2557,1.598E7,5.512E5,3.383E4,1.598E7,0.0279,2.0969,2.5894,2,-0.0129,3,1
933,3.1314,3.1055,3.4718,163.03732,163.03636,163.03748,1.244E7,4.557E5,1.935E4,1.244E7,2,1,45,,,,,,,,,DETECTED,163.03732,163.03636,163.03748,3.1314,3.1055,3.4718,1.244E7,4.557E5,1.935E4,1.244E7,0.0284,2.0726,2.4843,2,0.0023,3,1
935,3.1314,3.1055,3.5479,279.04992,279.04724,279.05023,3.23E7,1.149E6,1.239E4,3.23E7,3,1,45,,,,,,,,,DETECTED,279.04992,279.04724,279.05023,3.1314,3.1055,3.5479,3.23E7,1.149E6,1.239E4,3.23E7,0.0281,2.1481,2.5494,3,-0.006,4,1
940,3.1314,3.1128,3.1863,559.10584,559.10486,559.10919,2.589E6,5.855E4,1.892E4,2.589E6,1,1,,,,,,,,,,DETECTED,559.10584,559.10486,559.10919,3.1314,3.1128,3.1863,2.589E6,5.855E4,1.892E4,2.589E6,0.021,1.2889,1.3121,1,-0.0025,3,1
942,3.1314,3.1128,3.1955,581.0861,581.08502,581.09106,6.623E5,1.72E4,8.156E3,6.623E5,1,1,45,,,,,,,,,DETECTED,581.0861,581.08502,581.09106,3.1314,3.1128,3.1955,6.623E5,1.72E4,8.156E3,6.623E5,0.0231,1.5035,1.5731,1,0.0056,3,1
946,3.1433,3.1128,3.2073,134.01396,134.01379,134.01448,4.613E5,1.415E4,1.435E4,4.613E5,1,1,45,,,,,,,,,DETECTED,134.01396,134.01379,134.01448,3.1433,3.1128,3.2073,4.613E5,1.415E4,1.435E4,4.613E5,0.0246,1.2649,0.8977,1,-0.0046,3,1
948,3.1433,3.1055,3.2804,347.03642,347.0346,347.03775,1.169E6,5.05E4,8.808E3,1.169E6,1,1,45,,,,,,,,,DETECTED,347.03642,347.0346,347.03775,3.1433,3.1055,3.2804,1.169E6,5.05E4,8.808E3,1.169E6,0.0539,1.2246,1.5869,1,0.0023,2,1
949,3.1433,3.1055,3.2249,378.97408,378.97208,378.97488,1.196E6,4.187E4,1.838E4,1.196E6,1,1,45,,,,,,,,,DETECTED,378.97408,378.97208,378.97488,3.1433,3.1055,3.2249,1.196E6,4.187E4,1.838E4,1.196E6,0.0344,1.489,0.9342,1,-0.0161,4,1
953,3.1698,3.1486,3.2249,405.17312,405.17111,405.17487,2.487E5,6.396E3,1.005E4,2.487E5,1,1,,,,,,,,,,DETECTED,405.17312,405.17111,405.17487,3.1698,3.1486,3.2249,2.487E5,6.396E3,1.005E4,2.487E5,0.0184,1.5115,1.4437,1,-0.0035,3,1
954,3.1863,3.1314,3.2669,549.2514,549.24841,549.25403,6.863E5,2.187E4,8.815E3,6.863E5,1,1,,,,,,,,,,DETECTED,549.2514,549.24841,549.25403,3.1863,3.1314,3.2669,6.863E5,2.187E4,8.815E3,6.863E5,0.0198,1.0501,0.6323,1,-0.0216,3,1
955,3.1955,3.1561,3.2886,195.0266,195.0257,195.02797,1.164E5,5.1E3,8.904E3,1.164E5,0,1,,,,,,,,,,DETECTED,195.0266,195.0257,195.02797,3.1955,3.1561,3.2886,1.164E5,5.1E3,8.904E3,1.164E5,0.0284,2.7787,2.6177,,,2,1
957,3.1955,3.1698,3.2249,634.18662,634.18549,634.19171,7.073E4,1.895E3,1.426E4,7.073E4,0,1,,,,,,,,,,DETECTED,634.18662,634.18549,634.19171,3.1955,3.1698,3.2249,7.073E4,1.895E3,1.426E4,7.073E4,0.0292,1.0739,1.1478,,,2,1
958,3.2,3.1756,3.2335,444.1262,444.12509,444.1272,5.836E4,1.588E3,1.193E4,5.836E4,0,1,,,,,,,,,,DETECTED,444.1262,444.12509,444.1272,3.2,3.1756,3.2335,5.836E4,1.588E3,1.193E4,5.836E4,0.0222,1.1835,1.3671,,,2,1
960,3.2073,3.1863,3.2511,134.03373,134.03351,134.03407,1.74E5,3.808E3,1.093E4,1.74E5,0,1,16,,,,,,,,,DETECTED,134.03373,134.03351,134.03407,3.2073,3.1863,3.2511,1.74E5,3.808E3,1.093E4,1.74E5,0.0175,1.7854,1.5054,,,2,1
962,3.2073,3.1756,3.2557,193.0482,193.04736,193.04831,1.322E7,3.364E5,1.897E4,1.322E7,2,1,16,,,,,,,,,DETECTED,193.0482,193.04736,193.04831,3.2073,3.1756,3.2557,1.322E7,3.364E5,1.897E4,1.322E7,0.0222,1.5896,1.6785,2,-0.0153,3,1
967,3.2073,3.1756,3.2557,309.0605,309.05945,309.06079,2.025E7,5.153E5,5.097E5,2.025E7,2,1,16,,,,,,,,,DETECTED,309.0605,309.05945,309.06079,3.2073,3.1756,3.2557,2.025E7,5.153E5,5.097E5,2.025E7,0.0221,1.5992,1.7162,2,-0.0169,5,1
972,3.2073,3.1756,3.2557,377.04711,377.04395,377.04825,9.489E5,2.566E4,4.301E4,9.489E5,1,1,16,,,,,,,,,DETECTED,377.04711,377.04395,377.04825,3.2073,3.1756,3.2557,9.489E5,2.566E4,4.301E4,9.489E5,0.0312,1.8344,1.2552,1,-0.005,3,1
973,3.2073,3.1863,3.2931,408.98312,408.98166,408.98709,5.105E5,1.33E4,8.415E3,5.105E5,1,1,16,,,,,,,,,DETECTED,408.98312,408.98166,408.98709,3.2073,3.1863,3.2931,5.105E5,1.33E4,8.415E3,5.105E5,0.0194,1.0959,3.1028,1,-0.0032,5,1
977,3.2073,3.1863,3.2249,619.12235,619.12134,619.12524,3.569E5,5.096E3,7.647E4,3.569E5,0,1,16,,,,,,,,,DETECTED,619.12235,619.12134,619.12524,3.2073,3.1863,3.2249,3.569E5,5.096E3,7.647E4,3.569E5,0.0112,0.9187,0.8374,,,3,1
978,3.2073,3.1863,3.2335,641.10323,641.10205,641.10602,1.631E5,2.803E3,1.311E4,1.631E5,0,1,16,,,,,,,,,DETECTED,641.10323,641.10205,641.10602,3.2073,3.1863,3.2335,1.631E5,2.803E3,1.311E4,1.631E5,0.0163,0.9382,0.8122,,,2,1
984,3.2335,3.2073,3.3391,593.15143,593.14606,593.15326,2.944E7,7.489E5,1.689E4,2.944E7,2,1,63,,,,,,,,,DETECTED,593.15143,593.14606,593.15326,3.2335,3.2073,3.3391,2.944E7,7.489E5,1.689E4,2.944E7,0.0224,1.8709,2.2602,2,-0.012,5,1
993,3.2335,3.2115,3.3345,661.13214,661.12646,661.13837,4.334E5,1.552E4,1.651E4,4.334E5,1,1,63,,,,,,,,,DETECTED,661.13214,661.12646,661.13837,3.2335,3.2115,3.3345,4.334E5,1.552E4,1.651E4,4.334E5,0.03,3.3081,3.477,1,-0.0027,3,1
994,3.2335,3.2173,3.2804,662.13248,662.12823,662.13812,1.313E5,4.086E3,2.041E4,1.313E5,0,1,63,,,,,,,,,DETECTED,662.13248,662.12823,662.13812,3.2335,3.2173,3.2804,1.313E5,4.086E3,2.041E4,1.313E5,0.0283,1.9557,2.8054,,,3,1
995,3.2335,3.2173,3.2804,711.07913,711.07587,711.08008,2.145E5,5.028E3,1.647E4,2.145E5,0,1,,,,,,,,,,DETECTED,711.07913,711.07587,711.08008,3.2335,3.2173,3.2804,2.145E5,5.028E3,1.647E4,2.145E5,0.021,2.1829,1.9969,,,3,1
997,3.2335,3.2115,3.3057,903.20902,903.20276,903.21381,6.525E5,1.424E4,2.443E4,6.525E5,1,1,63,,,,,,,,,DETECTED,903.20902,903.20276,903.21381,3.2335,3.2115,3.3057,6.525E5,1.424E4,2.443E4,6.525E5,0.0198,1.738,2.4351,1,-0.0044,4,1
999,3.2335,3.2173,3.2669,1187.29364,1187.28918,1187.29773,2.9E5,4.728E3,1.54E4,2.9E5,0,1,,,,,,,,,,DETECTED,1187.29364,1187.28918,1187.29773,3.2335,3.2173,3.2669,2.9E5,4.728E3,1.54E4,2.9E5,0.016,1.1938,2.1,,,4,1
1000,3.2437,3.2173,3.3208,384.1065,384.10373,384.10715,5.684E5,1.637E4,1.046E4,5.684E5,0,1,63,,,,,,,,,DETECTED,384.1065,384.10373,384.10715,3.2437,3.2173,3.3208,5.684E5,1.637E4,1.046E4,5.684E5,0.0346,1.3934,1.6501,,,3,1
1003,3.2511,3.1486,3.4718,171.06284,171.06209,171.06339,2.278E5,1.838E4,8.424E3,2.278E5,1,1,,,,,,,,,,DETECTED,171.06284,171.06209,171.06339,3.2511,3.1486,3.4718,2.278E5,1.838E4,8.424E3,2.278E5,0.0431,1.3277,1.0868,1,0.0106,2,1
1004,3.2557,3.2335,3.2886,361.14809,361.14691,361.14963,5.939E4,1.509E3,1.423E4,5.939E4,0,1,73,,,,,,,,,DETECTED,361.14809,361.14691,361.14963,3.2557,3.2335,3.2886,5.939E4,1.509E3,1.423E4,5.939E4,0.0262,1.242,1.4839,,,2,1
1006,3.2557,3.1955,3.3345,433.20465,433.20236,433.20929,2.384E5,1.021E4,1.468E4,2.384E5,0,1,73,,,,,,,,,DETECTED,433.20465,433.20236,433.20929,3.2557,3.1955,3.3345,2.384E5,1.021E4,1.468E4,2.384E5,0.0222,1.1969,1.2728,,,2,1
1007,3.2804,3.2557,3.3208,133.01089,133.01067,133.01109,5.998E5,1.737E4,6.32E4,5.998E5,1,1,12,,,,,,,,,DETECTED,133.01089,133.01067,133.01109,3.2804,3.2557,3.3208,5.998E5,1.737E4,6.32E4,5.998E5,0.0263,1.3155,1.7469,1,-0.0049,2,1
1009,3.2804,3.2557,3.4866,193.04794,193.04675,193.04817,3.353E6,1.138E5,1.502E4,3.353E6,1,1,12,,,,,,,,,DETECTED,193.04794,193.04675,193.04817,3.2804,3.2557,3.4866,3.353E6,1.138E5,1.502E4,3.353E6,0.0276,1.5711,1.4416,1,0.0292,3,1
1011,3.2804,3.2557,3.5027,309.0602,309.05853,309.06055,1.538E7,4.783E5,1.789E4,1.538E7,1,1,12,,,,,,,,,DETECTED,309.0602,309.05853,309.06055,3.2804,3.2557,3.5027,1.538E7,4.783E5,1.789E4,1.538E7,0.0278,1.5229,1.4443,1,0.0276,4,1
1014,3.2804,3.2437,3.3345,331.04274,331.04187,331.04483,1.383E5,4.141E3,1.158E4,1.383E5,0,1,12,12,[M-H]-,2,332.04936,1015;1014,,,,DETECTED,331.04274,331.04187,331.04483,3.2804,3.2437,3.3345,1.383E5,4.141E3,1.158E4,1.383E5,0.0214,1.2247,1.481,,,2,1
1015,3.2804,3.2557,3.3813,377.04691,377.04529,377.05029,2.889E5,8.899E3,9.323E3,2.889E5,1,1,12,12,[M+FA]-,2,332.04936,1015;1014,,,,DETECTED,377.04691,377.04529,377.05029,3.2804,3.2557,3.3813,2.889E5,8.899E3,9.323E3,2.889E5,0.0205,2.0307,2.0878,1,-0.0033,2,1
1020,3.2886,3.2714,3.3253,723.07613,723.0722,723.07794,7.516E4,2.099E3,2.026E4,7.516E4,0,1,2,,,,,,,,,DETECTED,723.07613,723.0722,723.07794,3.2886,3.2714,3.3253,7.516E4,2.099E3,2.026E4,7.516E4,0.0284,1.5705,2.1409,,,3,1
1021,3.2886,3.2714,3.3345,933.21891,933.2146,933.22199,7.021E5,1.193E4,9.713E3,7.021E5,1,1,2,,,,,,,,,DETECTED,933.21891,933.2146,933.22199,3.2886,3.2714,3.3345,7.021E5,1.193E4,9.713E3,7.021E5,0.0148,1.1686,0.9938,1,0.0069,3,1
1025,3.2931,3.2669,3.3549,623.16159,623.15649,623.16211,2.217E7,5.717E5,6.65E4,2.217E7,1,1,2,,,,,,,,,DETECTED,623.16159,623.15649,623.16211,3.2931,3.2669,3.3549,2.217E7,5.717E5,6.65E4,2.217E7,0.0222,1.5443,2.5395,1,-0.0071,5,1
1026,3.2931,3.2714,3.3208,623.24414,623.2431,623.24475,1.276E5,3.595E3,3.932E4,1.276E5,0,1,2,,,,,,,,,DETECTED,623.24414,623.2431,623.24475,3.2931,3.2714,3.3208,1.276E5,3.595E3,3.932E4,1.276E5,0.0297,1.1395,1.279,,,2,1
1030,3.2931,3.2714,3.3549,691.14193,691.13782,691.14264,4.579E5,1.318E4,1.406E4,4.579E5,1,1,2,,,,,,,,,DETECTED,691.14193,691.13782,691.14264,3.2931,3.2714,3.3549,4.579E5,1.318E4,1.406E4,4.579E5,0.0278,1.6963,1.8383,1,0.0041,3,1
1034,3.3057,3.2115,3.4163,417.21035,417.20694,417.21219,1.52E6,5.262E4,9.331E3,1.52E6,1,1,,,,,,,,,,DETECTED,417.21035,417.20694,417.21219,3.3057,3.2115,3.4163,1.52E6,5.262E4,9.331E3,1.52E6,0.0518,0.9942,2.0029,1,-0.0052,3,1
1039,3.3253,3.3057,3.395,333.05928,333.05597,333.05994,2.359E5,5.245E3,8.104E3,2.359E5,1,1,,,,,,,,,,DETECTED,333.05928,333.05597,333.05994,3.3253,3.3057,3.395,2.359E5,5.245E3,8.104E3,2.359E5,0.0179,2.2381,2.6525,1,0.0058,2,1
1040,3.3253,3.2931,3.4208,463.08601,463.08401,463.08771,1.346E5,1.251E4,6.961E4,1.346E5,0,1,,,,,,,,,,DETECTED,463.08601,463.08401,463.08771,3.3253,3.2931,3.4208,1.346E5,1.251E4,6.961E4,1.346E5,0.086,1.9814,2.9628,,,2,1
1043,3.3391,3.2886,3.4523,429.17374,429.17154,429.17569,6.779E5,2.705E4,1.257E4,6.779E5,1,1,37,,,,,,,,,DETECTED,429.17374,429.17154,429.17569,3.3391,3.2886,3.4523,6.779E5,2.705E4,1.257E4,6.779E5,0.0859,1.502,4.3801,1,0.0078,2,1
1044,3.3391,3.3131,3.4208,447.09221,447.08939,447.09265,9.045E6,2.201E5,4.94E4,9.045E6,2,1,37,,,,,,,,,DETECTED,447.09221,447.08939,447.09265,3.3391,3.3131,3.4208,9.045E6,2.201E5,4.94E4,9.045E6,0.0265,1.9785,2.3659,2,-0.0097,4,1
1046,3.3391,3.3208,3.4042,515.07756,515.0752,515.08044,2.172E5,5.513E3,9.166E3,2.172E5,0,1,37,,,,,,,,,DETECTED,515.07756,515.0752,515.08044,3.3391,3.3208,3.4042,2.172E5,5.513E3,9.166E3,2.172E5,0.0246,2.2036,2.5123,,,3,1
1047,3.3549,3.1561,3.5627,295.04332,295.0419,295.04431,8.511E4,1.848E4,1.877E4,8.511E4,0,1,,,,,,,,,,DETECTED,295.04332,295.0419,295.04431,3.3549,3.1561,3.5627,8.511E4,1.848E4,1.877E4,8.511E4,0.1438,1.0226,1.0451,,,2,1
1051,3.3813,3.3549,3.4284,463.21648,463.21393,463.2197,3.13E5,6.981E3,7.369E3,3.13E5,1,1,70,13,[M-H]-,2,464.22341,1051;1052,,,,DETECTED,463.21648,463.21393,463.2197,3.3813,3.3549,3.4284,3.13E5,6.981E3,7.369E3,3.13E5,0.0243,1.2263,1.2091,1,0.0057,3,1
1052,3.3813,3.2931,3.4969,509.22127,509.21826,509.22562,6.187E5,1.747E4,1.037E4,6.187E5,1,1,70,13,[M+FA]-,2,464.22341,1051;1052,,,,DETECTED,509.22127,509.21826,509.22562,3.3813,3.2931,3.4969,6.187E5,1.747E4,1.037E4,6.187E5,0.023,1.7274,0.7981,1,-0.0035,3,1
1054,3.4042,3.2886,3.4466,271.08011,271.0791,271.08127,6.503E4,4.958E3,6.758E3,6.503E4,0,1,,,,,,,,,,DETECTED,271.08011,271.0791,271.08127,3.4042,3.2886,3.4466,6.503E4,4.958E3,6.758E3,6.503E4,0.074,0.683,0.3382,,,2,1
1055,3.4042,3.3813,3.4821,299.01723,299.01636,299.01767,6.211E5,2.105E4,8.624E4,6.211E5,1,1,66,,,,,,,,,DETECTED,299.01723,299.01636,299.01767,3.4042,3.3813,3.4821,6.211E5,2.105E4,8.624E4,6.211E5,0.0188,2.1996,3.112,1,-0.0035,3,1
1058,3.4117,3.3813,3.6267,477.10295,477.09888,477.10361,9.207E6,2.334E5,2.066E4,9.207E6,2,1,66,,,,,,,,,DETECTED,477.10295,477.09888,477.10361,3.4117,3.3813,3.6267,9.207E6,2.334E5,2.066E4,9.207E6,0.0206,1.2821,1.3318,2,-0.0126,3,1
1061,3.4208,3.395,3.4643,333.05928,333.0563,333.06067,7.112E4,2.086E3,9.926E3,7.112E4,0,1,,,,,,,,,,DETECTED,333.05928,333.0563,333.06067,3.4208,3.395,3.4643,7.112E4,2.086E3,9.926E3,7.112E4,0.0246,1.3408,3.2319,,,2,1
1062,3.4284,3.4042,3.4718,517.22529,517.22235,517.22705,1.434E5,2.928E3,8.399E3,1.434E5,0,1,,,,,,,,,,DETECTED,517.22529,517.22235,517.22705,3.4284,3.4042,3.4718,1.434E5,2.928E3,8.399E3,1.434E5,0.017,1.4775,1.3729,,,3,1
1065,3.4329,3.4208,3.4718,441.19502,441.19324,441.19662,5.011E4,1.1E3,9.129E3,5.011E4,0,1,,,,,,,,,,DETECTED,441.19502,441.19324,441.19662,3.4329,3.4208,3.4718,5.011E4,1.1E3,9.129E3,5.011E4,0.0267,2.1069,5.0144,,,2,1
1066,3.4466,3.4163,3.5239,131.06825,131.06772,131.06837,6.062E5,1.676E4,7.755E3,6.062E5,1,1,81,,,,,,,,,DETECTED,131.06825,131.06772,131.06837,3.4466,3.4163,3.5239,6.062E5,1.676E4,7.755E3,6.062E5,0.0256,1.316,1.3609,1,-0.008,2,1
1067,3.4466,3.3905,3.5239,173.07868,173.07814,173.07924,3.091E5,9.603E3,7.58E3,3.091E5,1,1,81,,,,,,,,,DETECTED,173.07868,173.07814,173.07924,3.4466,3.3905,3.5239,3.091E5,9.603E3,7.58E3,3.091E5,0.0283,1.493,1.4328,1,0.0023,2,1
1069,3.4597,3.4208,3.5776,447.09023,447.08807,447.09256,2.582E5,1.11E4,1.526E4,2.582E5,0,1,11,,,,,,,,,DETECTED,447.09023,447.08807,447.09256,3.4597,3.4208,3.5776,2.582E5,1.11E4,1.526E4,2.582E5,0.0236,1.9753,2.7829,,,3,1
1070,3.4597,3.442,3.4969,579.20544,579.20471,579.20941,3.623E5,6.59E3,1.445E4,3.623E5,0,1,11,,,,,,,,,DETECTED,579.20544,579.20471,579.20941,3.4597,3.442,3.4969,3.623E5,6.59E3,1.445E4,3.623E5,0.0154,1.6104,2.0487,,,3,1
1072,3.4718,3.4523,3.5027,405.16635,405.16483,405.16742,5.482E4,1.212E3,1.043E4,5.482E4,0,1,36,14,[M+Cl]-,2,370.19711,1073;1072,,,,DETECTED,405.16635,405.16483,405.16742,3.4718,3.4523,3.5027,5.482E4,1.212E3,1.043E4,5.482E4,0.0182,1.2936,1.4894,,,3,1
1073,3.4718,3.3813,3.6222,415.19547,415.19223,415.19614,3.867E6,1.059E5,7.516E3,3.867E6,1,1,36,14,[M+FA]-,2,370.19711,1073;1072,,,,DETECTED,415.19547,415.19223,415.19614,3.4718,3.3813,3.6222,3.867E6,1.059E5,7.516E3,3.867E6,0.0236,0.7287,0.2145,1,-0.0052,3,1
1075,3.5359,3.5027,3.6325,309.05973,309.05832,309.06085,9.307E4,3.597E3,8.613E3,9.307E4,0,1,,,,,,,,,,DETECTED,309.05973,309.05832,309.06085,3.5359,3.5027,3.6325,9.307E4,3.597E3,8.613E3,9.307E4,0.0265,2.022,2.6844,,,2,1
1078,3.5404,3.5193,3.5627,411.1624,411.16068,411.16354,5.806E4,1.284E3,9.99E3,5.806E4,0,1,,,,,,,,,,DETECTED,411.1624,411.16068,411.16354,3.5404,3.5193,3.5627,5.806E4,1.284E3,9.99E3,5.806E4,0.0211,1.0292,1.2562,,,2,1
1079,3.5524,3.5239,3.693,131.06858,131.06789,131.06877,1.717E6,4.585E4,7.382E3,1.717E6,1,1,25,,,,,,,,,DETECTED,131.06858,131.06789,131.06877,3.5524,3.5239,3.693,1.717E6,4.585E4,7.382E3,1.717E6,0.0229,1.8577,2.0606,1,-0.008,2,1
1080,3.5524,3.5239,3.6826,173.0789,173.07806,173.07916,7.527E5,2.365E4,7.58E3,7.527E5,1,1,25,,,,,,,,,DETECTED,173.0789,173.07806,173.07916,3.5524,3.5239,3.6826,7.527E5,2.365E4,7.58E3,7.527E5,0.0259,1.7512,2.3391,1,0.0023,2,1
1082,3.5524,3.5284,3.6044,239.05114,239.0504,239.0518,8.95E4,2.638E3,9.744E3,8.95E4,0,1,25,,,,,,,,,DETECTED,239.05114,239.0504,239.0518,3.5524,3.5284,3.6044,8.95E4,2.638E3,9.744E3,8.95E4,0.0287,1.5803,2.4604,,,2,1
1083,3.5524,3.5027,3.661,547.23694,547.2345,547.23792,1.203E6,3.517E4,1.202E4,1.203E6,1,1,25,,,,,,,,,DETECTED,547.23694,547.2345,547.23792,3.5524,3.5027,3.661,1.203E6,3.517E4,1.202E4,1.203E6,0.0149,1.1645,0.5602,1,0.0468,4,1
1084,3.5524,3.5148,3.573,654.11789,654.1153,654.12146,5.171E4,1.447E3,7.057E3,5.171E4,0,1,25,,,,,,,,,DETECTED,654.11789,654.1153,654.12146,3.5524,3.5148,3.573,5.171E4,1.447E3,7.057E3,5.171E4,0.0232,0.7731,0.8338,,,2,1
1085,3.5582,3.5359,3.6089,243.12135,243.12067,243.12169,1.179E5,3.146E3,8.431E3,1.179E5,0,1,25,,,,,,,,,DETECTED,243.12135,243.12067,243.12169,3.5582,3.5359,3.6089,1.179E5,3.146E3,8.431E3,1.179E5,0.0229,2.5002,2.7861,,,2,1
1088,3.5897,3.5627,3.6428,417.20964,417.20718,417.21231,2.299E5,6.267E3,8.744E3,2.299E5,0,1,,,,,,,,,,DETECTED,417.20964,417.20718,417.21231,3.5897,3.5627,3.6428,2.299E5,6.267E3,8.744E3,2.299E5,0.023,1.6336,2.1844,,,3,1
1089,3.6044,3.5582,3.7062,187.09441,187.09387,187.09535,3.441E5,1.052E4,7.572E3,3.441E5,1,1,28,,,,,,,,,DETECTED,187.09441,187.09387,187.09535,3.6044,3.5582,3.7062,3.441E5,1.052E4,7.572E3,3.441E5,0.0243,1.5656,1.4221,1,-0.0035,2,1
1090,3.6044,3.5821,3.6473,347.16911,347.16583,347.17078,1.712E5,3.555E3,1.065E4,1.712E5,0,1,28,,,,,,,,,DETECTED,347.16911,347.16583,347.17078,3.6044,3.5821,3.6473,1.712E5,3.555E3,1.065E4,1.712E5,0.0179,1.9423,1.6223,,,2,1
1091,3.6089,3.573,3.6428,385.14871,385.1478,385.15002,1.511E5,4.67E3,7.163E3,1.511E5,0,1,28,,,,,,,,,DETECTED,385.14871,385.1478,385.15002,3.6089,3.573,3.6428,1.511E5,4.67E3,7.163E3,1.511E5,0.0268,1.0415,1.0655,,,2,1
1092,3.6147,3.5897,3.6781,147.04208,147.04175,147.04247,1.707E5,5.144E3,7.277E3,1.707E5,0,1,49,,,,,,,,,DETECTED,147.04208,147.04175,147.04247,3.6147,3.5897,3.6781,1.707E5,5.144E3,7.277E3,1.707E5,0.0256,2.0075,4.4684,,,3,1
1093,3.6147,3.5897,3.6826,165.05241,165.05191,165.05293,2.144E5,6.243E3,8.306E3,2.144E5,1,1,49,,,,,,,,,DETECTED,165.05241,165.05191,165.05293,3.6147,3.5897,3.6826,2.144E5,6.243E3,8.306E3,2.144E5,0.0245,1.9687,4.7305,1,0.004,2,1
1094,3.6222,3.5952,3.6826,207.0636,207.06268,207.06389,2.408E5,7.15E3,1.012E4,2.408E5,1,1,49,,,,,,,,,DETECTED,207.0636,207.06268,207.06389,3.6222,3.5952,3.6826,2.408E5,7.15E3,1.012E4,2.408E5,0.0252,1.3911,1.1969,1,0.0068,2,1
1105,3.6564,3.6325,3.693,391.10148,391.09995,391.10196,5.646E5,1.414E4,1.885E4,5.646E5,1,1,,,,,,,,,,DETECTED,391.10148,391.09995,391.10196,3.6564,3.6325,3.693,5.646E5,1.414E4,1.885E4,5.646E5,0.0228,1.4339,8.9136,1,-0.0035,2,1
1107,3.6667,3.023,3.8904,258.99915,258.99777,258.99976,1.738E5,9.136E4,4.208E4,1.738E5,0,1,56,,,,,,,,,DETECTED,258.99915,258.99777,258.99976,3.6667,3.023,3.8904,1.738E5,9.136E4,4.208E4,1.738E5,0.594,0.6737,0.3475,,,13,1
1108,3.6667,3.573,3.9086,273.0148,273.01416,273.01538,1.474E5,3.288E4,5.905E4,1.474E5,0,1,56,,,,,,,,,DETECTED,273.0148,273.01416,273.01538,3.6667,3.573,3.9086,1.474E5,3.288E4,5.905E4,1.474E5,0.2904,1.7912,2.5825,,,13,1
1109,3.6724,3.6428,3.7388,385.14847,385.14655,385.14944,9.42E4,2.863E3,1.112E4,9.42E4,0,1,,,,,,,,,,DETECTED,385.14847,385.14655,385.14944,3.6724,3.6428,3.7388,9.42E4,2.863E3,1.112E4,9.42E4,0.0194,1.6182,1.297,,,2,1
1111,3.6872,3.6147,3.7479,429.17371,429.17136,429.17538,4.152E5,1.138E4,7.475E3,4.152E5,1,1,,,,,,,,,,DETECTED,429.17371,429.17136,429.17538,3.6872,3.6147,3.7479,4.152E5,1.138E4,7.475E3,4.152E5,0.0186,0.9407,2.2675,1,0.0023,2,1
1113,3.7062,3.6826,3.7594,245.13706,245.13649,245.13725,3.744E5,9.116E3,1.11E4,3.744E5,1,1,,,,,,,,,,DETECTED,245.13706,245.13649,245.13725,3.7062,3.6826,3.7594,3.744E5,9.116E3,1.11E4,3.744E5,0.0213,1.5252,1.4359,1,-0.0035,2,1
1114,3.7165,3.637,3.7798,275.09037,275.08923,275.09097,1.121E5,5.551E3,7.639E3,1.121E5,0,1,10,,,,,,,,,DETECTED,275.09037,275.08923,275.09097,3.7165,3.637,3.7798,1.121E5,5.551E3,7.639E3,1.121E5,0.0792,0.8884,0.2813,,,2,1
1115,3.7165,3.6872,3.7695,389.0848,389.0835,389.08652,7.594E4,2.476E3,9.387E3,7.594E4,0,1,10,,,,,,,,,DETECTED,389.0848,389.0835,389.08652,3.7165,3.6872,3.7695,7.594E4,2.476E3,9.387E3,7.594E4,0.0278,1.4015,3.1095,,,2,1
1116,3.7165,3.693,3.7889,391.10118,391.09973,391.10156,6.343E5,1.706E4,2.941E4,6.343E5,1,1,10,,,,,,,,,DETECTED,391.10118,391.09973,391.10156,3.7165,3.693,3.7889,6.343E5,1.706E4,2.941E4,6.343E5,0.0202,1.998,2.7265,1,-0.0035,3,1
1117,3.7285,3.7062,3.7695,347.16888,347.16736,347.17017,1.224E5,2.836E3,8.632E3,1.224E5,0,1,50,,,,,,,,,DETECTED,347.16888,347.16736,347.17017,3.7285,3.7062,3.7695,1.224E5,2.836E3,8.632E3,1.224E5,0.021,1.246,4.3802,,,2,1
1118,3.7285,3.6667,3.8391,415.19483,415.19177,415.1969,1.259E6,2.695E4,6.991E3,1.259E6,0,1,50,,,,,,,,,DETECTED,415.19483,415.19177,415.1969,3.7285,3.6667,3.8391,1.259E6,2.695E4,6.991E3,1.259E6,0.0191,1.518,1.1553,,,2,1
1120,3.7331,3.7108,3.7798,243.12129,243.12079,243.12219,5.405E4,1.633E3,7.782E3,5.405E4,0,1,,,,,,,,,,DETECTED,243.12129,243.12079,243.12219,3.7331,3.7108,3.7798,5.405E4,1.633E3,7.782E3,5.405E4,0.0245,1.5464,2.5668,,,2,1
1121,3.7695,3.7537,3.7991,385.14817,385.14749,385.14871,5.391E4,1.128E3,7.652E3,5.391E4,0,1,75,,,,,,,,,DETECTED,385.14817,385.14749,385.14871,3.7695,3.7537,3.7991,5.391E4,1.128E3,7.652E3,5.391E4,0.02,1.4401,1.8217,,,2,1
1122,3.7695,3.7388,3.7991,387.16406,387.16312,387.16565,1.07E5,2.82E3,1.116E4,1.07E5,0,1,75,,,,,,,,,DETECTED,387.16406,387.16312,387.16565,3.7695,3.7388,3.7991,1.07E5,2.82E3,1.116E4,1.07E5,0.0224,0.9844,1.1478,,,2,1
1126,3.7843,3.7594,3.8801,245.13702,245.13615,245.13803,2.112E5,5.715E3,6.557E3,2.112E5,0,1,,,,,,,,,,DETECTED,245.13702,245.13615,245.13803,3.7843,3.7594,3.8801,2.112E5,5.715E3,6.557E3,2.112E5,0.0224,1.5859,2.2226,,,2,1
1128,3.8037,3.7537,3.9539,373.09084,373.08783,373.09329,8.731E4,4.346E3,7.192E3,8.731E4,0,1,,,,,,,,,,DETECTED,373.09084,373.08783,373.09329,3.8037,3.7537,3.9539,8.731E4,4.346E3,7.192E3,8.731E4,0.029,1.5677,4.3626,,,2,1
1130,3.8094,3.7798,3.8549,389.08527,389.08334,389.0864,6.615E4,2.009E3,8.424E3,6.615E4,0,1,67,,,,,,,,,DETECTED,389.08527,389.08334,389.0864,3.8094,3.7798,3.8549,6.615E4,2.009E3,8.424E3,6.615E4,0.0242,1.2657,2.2342,,,2,1
1131,3.8094,3.7889,3.8652,391.10101,391.09973,391.10269,1.942E5,6.106E3,2.516E4,1.942E5,0,1,67,,,,,,,,,DETECTED,391.10101,391.09973,391.10269,3.8094,3.7889,3.8652,1.942E5,6.106E3,2.516E4,1.942E5,0.0236,1.8543,2.3701,,,2,1
1133,3.9219,3.8995,3.9687,299.01781,299.01657,299.01816,1.278E6,3.88E4,5.841E4,1.278E6,1,1,5,,,,,,,,,DETECTED,299.01781,299.01657,299.01816,3.9219,3.8995,3.9687,1.278E6,3.88E4,5.841E4,1.278E6,0.0275,1.5573,1.5858,1,-0.011,2,1
1134,3.9219,3.8995,3.9493,454.07952,454.07596,454.08246,5.921E4,1.484E3,8.638E3,5.921E4,0,1,5,,,,,,,,,DETECTED,454.07952,454.07596,454.08246,3.9219,3.8995,3.9493,5.921E4,1.484E3,8.638E3,5.921E4,0.0226,1.113,1.3728,,,2,1
1136,3.9219,3.8904,3.9596,909.1603,909.15564,909.16364,2.374E5,7.183E3,6.646E3,2.374E5,0,1,5,,,,,,,,,DETECTED,909.1603,909.15564,909.16364,3.9219,3.8904,3.9596,2.374E5,7.183E3,6.646E3,2.374E5,0.03,1.2456,1.7321,,,3,1
1140,3.9373,3.9086,4.036,209.11583,209.11528,209.11618,2.073E6,4.969E4,8.707E3,2.073E6,1,1,52,,,,,,,,,DETECTED,209.11583,209.11528,209.11618,3.9373,3.9086,4.036,2.073E6,4.969E4,8.707E3,2.073E6,0.0211,1.4005,1.5712,1,-0.008,3,1
1141,3.9373,3.8904,4.036,227.12689,227.12592,227.12711,6.11E6,1.525E5,7.322E3,6.11E6,2,1,52,,,,,,,,,DETECTED,227.12689,227.12592,227.12711,3.9373,3.8904,4.036,6.11E6,1.525E5,7.322E3,6.11E6,0.022,1.4528,1.6251,2,-0.0097,3,1
1144,3.9373,3.9143,3.9963,295.11447,295.11319,295.11523,2.383E5,5.918E3,7.6E3,2.383E5,1,1,52,,,,,,,,,DETECTED,295.11447,295.11319,295.11523,3.9373,3.9143,3.9963,2.383E5,5.918E3,7.6E3,2.383E5,0.0217,1.4159,1.8117,1,0.004,2,1
1147,3.9539,3.9373,4.0245,312.12264,312.12155,312.12405,7.185E4,2.126E3,6.823E3,7.185E4,0,1,,,,,,,,,,DETECTED,312.12264,312.12155,312.12405,3.9539,3.9373,4.0245,7.185E4,2.126E3,6.823E3,7.185E4,0.0229,3.1924,3.4592,,,2,1
1148,3.9905,3.9642,4.0303,581.31497,581.31372,581.31934,5.329E4,1.577E3,8.161E3,5.329E4,0,1,,,,,,,,,,DETECTED,581.31497,581.31372,581.31934,3.9905,3.9642,4.0303,5.329E4,1.577E3,8.161E3,5.329E4,0.0316,1.2545,1.4772,,,2,1
1149,4.02,3.9905,4.0599,267.12181,267.12064,267.12238,6.53E4,2.08E3,7.941E3,6.53E4,0,1,,,,,,,,,,DETECTED,267.12181,267.12064,267.12238,4.02,3.9905,4.0599,6.53E4,2.08E3,7.941E3,6.53E4,0.0326,1.1791,1.2431,,,2,1
1151,4.0245,4.0054,4.0645,241.08782,241.0874,241.08807,8.079E4,2.082E3,7.342E3,8.079E4,0,1,,,,,,,,,,DETECTED,241.08782,241.0874,241.08807,4.0245,4.0054,4.0645,8.079E4,2.082E3,7.342E3,8.079E4,0.0238,1.4579,1.9243,,,2,1
1152,4.0736,4.036,4.1652,227.12634,227.12596,227.12718,6.347E4,4.043E3,8.362E3,6.347E4,0,1,,,,,,,,,,DETECTED,227.12634,227.12596,227.12718,4.0736,4.036,4.1652,6.347E4,4.043E3,8.362E3,6.347E4,0.0573,1.7183,2.0874,,,2,1
1155,4.0736,4.0599,4.1125,446.96371,446.96283,446.96466,6.386E4,2.06E3,1.465E4,6.386E4,0,1,3,,,,,,,,,DETECTED,446.96371,446.96283,446.96466,4.0736,4.0599,4.1125,6.386E4,2.06E3,1.465E4,6.386E4,0.033,1.9278,2.8557,,,2,1
1156,4.0781,4.0508,4.366,299.01845,299.01675,299.0191,5.636E6,3.466E5,5.977E4,5.636E6,5,1,3,,,,,,,,,DETECTED,299.01845,299.01675,299.0191,4.0781,4.0508,4.366,5.636E6,3.466E5,5.977E4,5.636E6,0.0415,6.0971,6.765,5,-0.0097,5,1
1157,4.0781,4.0508,4.3546,300.02194,300.01993,300.02274,7.791E5,4.732E4,8.16E3,7.791E5,1,1,3,,,,,,,,,DETECTED,300.02194,300.01993,300.02274,4.0781,4.0508,4.3546,7.791E5,4.732E4,8.16E3,7.791E5,0.0408,6.4254,6.724,1,0.0023,5,1
1160,4.0781,4.0508,4.366,301.03365,301.03311,301.034,1.035E7,4.683E5,6.64E4,1.035E7,5,1,3,,,,,,,,,DETECTED,301.03365,301.03311,301.034,4.0781,4.0508,4.366,1.035E7,4.683E5,6.64E4,1.035E7,0.0288,4.2878,3.9169,5,-0.0113,4,1
1161,4.0781,4.0508,4.3706,302.03658,302.03537,302.03748,1.522E6,6.337E4,1.048E4,1.522E6,1,1,3,,,,,,,,,DETECTED,302.03658,302.03537,302.03748,4.0781,4.0508,4.3706,1.522E6,6.337E4,1.048E4,1.522E6,0.0264,3.764,3.0496,1,0.0412,4,1
1162,4.0781,4.0508,4.1938,369.02018,369.01813,369.02161,1.334E5,5.642E3,1.133E4,1.334E5,0,1,3,,,,,,,,,DETECTED,369.02018,369.01813,369.02161,4.0781,4.0508,4.1938,1.334E5,5.642E3,1.133E4,1.334E5,0.0274,2.4798,5.7163,,,2,1
1164,4.0872,4.0303,4.1485,317.0277,317.02591,317.02838,1.501E5,7.51E3,1.176E4,1.501E5,0,1,3,,,,,,,,,DETECTED,317.0277,317.02591,317.02838,4.0872,4.0303,4.1485,1.501E5,7.51E3,1.176E4,1.501E5,0.0397,1.1735,1.8229,,,4,1
1166,4.0964,4.0645,4.2247,145.08405,145.08368,145.08421,1.334E6,3.736E4,7.366E3,1.334E6,1,1,82,,,,,,,,,DETECTED,145.08405,145.08368,145.08421,4.0964,4.0645,4.2247,1.334E6,3.736E4,7.366E3,1.334E6,0.0247,1.8044,2.3099,1,-0.0051,2,1
1167,4.0964,4.036,4.2202,187.09448,187.09399,187.09474,6.958E5,2.024E4,6.539E3,6.958E5,1,1,82,,,,,,,,,DETECTED,187.09448,187.09399,187.09474,4.0964,4.036,4.2202,6.958E5,2.024E4,6.539E3,6.958E5,0.0211,1.1777,1.8139,1,-0.0035,2,1
1168,4.0964,4.0736,4.1171,533.12622,533.12488,533.12988,9.197E4,2.005E3,7.671E3,9.197E4,0,1,,,,,,,,,,DETECTED,533.12622,533.12488,533.12988,4.0964,4.0736,4.1171,9.197E4,2.005E3,7.671E3,9.197E4,0.021,0.8715,0.81,,,2,1
1169,4.1022,4.0599,4.1349,295.04427,295.04224,295.04492,9.618E4,5.125E3,1.863E4,9.618E4,0,1,3,,,,,,,,,DETECTED,295.04427,295.04224,295.04492,4.1022,4.0599,4.1349,9.618E4,5.125E3,1.863E4,9.618E4,0.0551,0.8864,0.7728,,,5,1
1170,4.1022,4.0303,4.1394,297.03176,297.03061,297.03378,6.457E5,2.756E4,1.382E4,6.457E5,1,1,3,,,,,,,,,DETECTED,297.03176,297.03061,297.03378,4.1022,4.0303,4.1394,6.457E5,2.756E4,1.382E4,6.457E5,0.0274,0.913,0.9842,1,-0.0201,5,1
1171,4.1022,4.0554,4.1485,595.06781,595.06586,595.07013,2.413E5,1.12E4,1.657E4,2.413E5,0,1,3,,,,,,,,,DETECTED,595.06781,595.06586,595.07013,4.1022,4.0554,4.1485,2.413E5,1.12E4,1.657E4,2.413E5,0.0326,1.0403,1.0909,,,4,1
1175,4.1394,4.0599,4.2429,411.16301,411.16104,411.16522,3.818E5,1.478E4,7.635E3,3.818E5,1,1,,,,,,,,,,DETECTED,411.16301,411.16104,411.16522,4.1394,4.0599,4.2429,3.818E5,1.478E4,7.635E3,3.818E5,0.0231,0.9275,0.8054,1,0.0056,3,1
1176,4.1697,4.1349,4.2202,295.04385,295.04181,295.04437,1.068E5,3.916E3,1.5E4,1.068E5,0,1,4,,,,,,,,,DETECTED,295.04385,295.04181,295.04437,4.1697,4.1349,4.2202,1.068E5,3.916E3,1.5E4,1.068E5,0.0268,1.2245,1.2381,,,2,1
1177,4.1697,4.1394,4.3176,297.03133,297.03094,297.03345,1.333E6,3.962E4,1.077E4,1.333E6,1,1,4,,,,,,,,,DETECTED,297.03133,297.03094,297.03345,4.1697,4.1394,4.3176,1.333E6,3.962E4,1.077E4,1.333E6,0.0239,2.5355,2.0889,1,-0.008,7,1
1178,4.1697,4.1394,4.2475,297.5326,297.53171,297.53513,3.43E5,1.009E4,8.731E3,3.43E5,1,1,4,,,,,,,,,DETECTED,297.5326,297.53171,297.53513,4.1697,4.1394,4.2475,3.43E5,1.009E4,8.731E3,3.43E5,0.0236,1.8897,2.4167,1,0.004,3,1
1179,4.1697,4.1485,4.2532,331.02283,331.02042,331.02402,1.51E5,6.09E3,1.956E4,1.51E5,0,1,4,,,,,,,,,DETECTED,331.02283,331.02042,331.02402,4.1697,4.1485,4.2532,1.51E5,6.09E3,1.956E4,1.51E5,0.0287,2.4698,3.701,,,4,1
1181,4.1697,4.1485,4.259,595.06975,595.06641,595.07312,4.25E5,1.31E4,1.534E4,4.25E5,1,1,4,,,,,,,,,DETECTED,595.06975,595.06641,595.07312,4.1697,4.1485,4.259,4.25E5,1.31E4,1.534E4,4.25E5,0.0233,2.3471,3.9816,1,0.0023,3,1
1183,4.2156,4.0645,4.6944,323.01235,323.01135,323.01355,9.225E4,4.477E4,3.213E4,9.225E4,0,1,,,,,,,,,,DETECTED,323.01235,323.01135,323.01355,4.2156,4.0645,4.6944,9.225E4,4.477E4,3.213E4,9.225E4,0.6232,2.084,3.1681,,,10,1
1186,4.259,4.2384,4.2896,319.16435,319.16278,319.16626,7.82E4,1.644E3,1.023E4,7.82E4,0,1,,,,,,,,,,DETECTED,319.16435,319.16278,319.16626,4.259,4.2384,4.2896,7.82E4,1.644E3,1.023E4,7.82E4,0.0201,1.2447,1.7839,,,2,1
1187,4.259,4.2429,4.3325,411.16238,411.15982,411.16669,9.107E4,2.576E3,7.635E3,9.107E4,0,1,,,,,,,,,,DETECTED,411.16238,411.15982,411.16669,4.259,4.2429,4.3325,9.107E4,2.576E3,7.635E3,9.107E4,0.0227,3.8162,3.194,,,2,1
1188,4.2793,4.259,4.2999,363.20062,363.19995,363.20193,7.101E4,1.308E3,1.183E4,7.101E4,0,1,,,,,,,,,,DETECTED,363.20062,363.19995,363.20193,4.2793,4.259,4.2999,7.101E4,1.308E3,1.183E4,7.101E4,0.0171,1.0066,1.1404,,,2,1
1189,4.2839,4.2293,4.3445,391.10069,391.09949,391.10184,1.282E5,8.83E3,2.66E4,1.282E5,0,1,,,,,,,,,,DETECTED,391.10069,391.09949,391.10184,4.2839,4.2293,4.3445,1.282E5,8.83E3,2.66E4,1.282E5,0.0696,1.0555,1.111,,,2,1
1190,4.3176,4.2896,4.3546,269.1374,269.13644,269.13846,1.147E5,2.678E3,8.094E3,1.147E5,0,1,,,,,,,,,,DETECTED,269.1374,269.13644,269.13846,4.3176,4.2896,4.3546,1.147E5,2.678E3,8.094E3,1.147E5,0.02,1.1401,8.8752,,,2,1
1192,4.3279,4.3073,4.3763,413.17842,413.17471,413.18033,1.783E5,3.817E3,7.217E3,1.783E5,0,1,,,,,,,,,,DETECTED,413.17842,413.17471,413.18033,4.3279,4.3073,4.3763,1.783E5,3.817E3,7.217E3,1.783E5,0.03,1.7581,1.5026,,,2,1
1196,4.35,4.3234,4.4003,225.11087,225.11052,225.11136,6.783E4,2.401E3,1.058E4,6.783E4,0,1,,,,,,,,,,DETECTED,225.11087,225.11052,225.11136,4.35,4.3234,4.4003,6.783E4,2.401E3,1.058E4,6.783E4,0.028,1.4443,1.8886,,,2,1
1200,4.4301,4.3946,4.4785,493.22673,493.22473,493.22974,1.503E5,4.493E3,8.007E3,1.503E5,0,1,,,,,,,,,,DETECTED,493.22673,493.22473,493.22974,4.4301,4.3946,4.4785,1.503E5,4.493E3,8.007E3,1.503E5,0.0255,5.8801,1.2123,,,2,1
1201,4.4694,4.4437,4.5508,304.03864,304.03711,304.04034,2.956E5,1.026E4,7.685E3,2.956E5,0,1,,,,,,,,,,DETECTED,304.03864,304.03711,304.04034,4.4694,4.4437,4.5508,2.956E5,1.026E4,7.685E3,2.956E5,0.0329,2.1217,3.0126,,,2,1
1204,4.507,4.2099,4.8217,246.99862,246.99803,246.99901,1.433E5,5.541E4,3.376E4,1.433E5,0,1,,,,,,,,,,DETECTED,246.99862,246.99803,246.99901,4.507,4.2099,4.8217,1.433E5,5.541E4,3.376E4,1.433E5,0.3781,1.0295,1.059,,,15,1
1206,4.536,4.1485,4.789,409.1107,409.10748,409.1131,5.422E4,2.091E4,1.041E4,5.422E4,0,1,,,,,,,,,,DETECTED,409.1107,409.10748,409.1131,4.536,4.1485,4.789,5.422E4,2.091E4,1.041E4,5.422E4,0.4487,0.8265,0.6531,,,2,1
1208,4.5715,4.536,4.7575,283.02239,283.02063,283.02313,3.603E5,2.085E4,2.404E4,3.603E5,1,1,76,,,,,,,,,DETECTED,283.02239,283.02063,283.02313,4.5715,4.536,4.7575,3.603E5,2.085E4,2.404E4,3.603E5,0.0334,4.243,5.4407,1,-0.0035,3,1
1209,4.5715,4.536,4.7754,285.0388,285.03781,285.03909,3.239E6,1.631E5,2.184E4,3.239E6,4,1,76,,,,,,,,,DETECTED,285.0388,285.03781,285.03909,4.5715,4.536,4.7754,3.239E6,1.631E5,2.184E4,3.239E6,0.0305,3.6979,3.5513,4,-0.0183,3,1
1210,4.5715,4.366,4.7696,301.03326,301.03287,301.03375,3.257E5,9.951E4,1.422E5,3.257E5,7,1,71,,,,,,,,,DETECTED,301.03326,301.03287,301.03375,4.5715,4.366,4.7696,3.257E5,9.951E4,1.422E5,3.257E5,0.4003,0.9823,0.9647,7,-0.1581,2,1
1212,4.5715,4.3445,4.7197,391.10092,391.09988,391.10245,1.048E5,2.912E4,5.367E4,1.048E5,0,1,71,,,,,,,,,DETECTED,391.10092,391.09988,391.10245,4.5715,4.3445,4.7197,1.048E5,2.912E4,5.367E4,1.048E5,0.3941,0.8265,0.6531,,,2,1
1213,4.6772,4.6511,5.0304,315.04929,315.04837,315.05042,2.02E6,1.079E5,8.7E3,2.02E6,2,1,69,,,,,,,,,DETECTED,315.04929,315.04837,315.05042,4.6772,4.6511,5.0304,2.02E6,1.079E5,8.7E3,2.02E6,0.0324,5.3577,4.8411,2,-0.009,3,1
1214,4.6829,4.6511,5.0704,313.03329,313.03168,313.03394,4.281E5,2.922E4,1.411E4,4.281E5,1,1,69,,,,,,,,,DETECTED,313.03329,313.03168,313.03394,4.6829,4.6511,5.0704,4.281E5,2.922E4,1.411E4,4.281E5,0.0359,5.8581,4.9384,1,-0.0035,2,1
1216,4.7254,4.7002,4.789,223.09504,223.09464,223.09549,8.574E4,3.066E3,9.226E3,8.574E4,0,1,,,,,,,,,,DETECTED,223.09504,223.09464,223.09549,4.7254,4.7002,4.789,8.574E4,3.066E3,9.226E3,8.574E4,0.0297,1.7604,3.1036,,,2,1
1217,4.7403,4.6829,4.8793,327.21595,327.21417,327.2171,9.453E5,4.356E4,7.712E3,9.453E5,2,1,,,,,,,,,,DETECTED,327.21595,327.21417,327.2171,4.7403,4.6829,4.8793,9.453E5,4.356E4,7.712E3,9.453E5,0.0277,1.3569,0.8232,2,-0.0258,3,1
1218,4.746,4.6264,5.0304,279.0054,279.00473,279.00638,1.809E5,2.603E4,2.307E4,1.809E5,0,1,,,,,,,,,,DETECTED,279.0054,279.00473,279.00638,4.746,4.6264,5.0304,1.809E5,2.603E4,2.307E4,1.809E5,0.1047,1.6889,2.2956,,,15,1
1220,4.8217,4.8005,4.8569,719.34222,719.33698,719.3457,9.756E4,2.347E3,9.544E3,9.756E4,0,1,,,,,,,,,,DETECTED,719.34222,719.33698,719.3457,4.8217,4.8005,4.8569,9.756E4,2.347E3,9.544E3,9.756E4,0.0219,1.1286,1.1122,,,3,1
1221,4.8308,4.4094,5.0304,341.00228,341.00131,341.00375,8.995E4,3.762E4,3.322E4,8.995E4,0,1,,,,,,,,,,DETECTED,341.00228,341.00131,341.00375,4.8308,4.4094,5.0304,8.995E4,3.762E4,3.322E4,8.995E4,0.5631,0.7368,0.4736,,,6,1
1223,4.8454,4.8263,4.8884,242.17371,242.17319,242.17401,9.479E4,2.375E3,8.054E3,9.479E4,0,1,,,,,,,,,,DETECTED,242.17371,242.17319,242.17401,4.8454,4.8263,4.8884,9.479E4,2.375E3,8.054E3,9.479E4,0.0223,1.8184,1.7309,,,2,1
1226,4.8929,4.8569,4.9565,239.1264,239.12584,239.12669,1.835E5,5.838E3,6.981E3,1.835E5,0,1,,,,,,,,,,DETECTED,239.1264,239.12584,239.12669,4.8929,4.8569,4.9565,1.835E5,5.838E3,6.981E3,1.835E5,0.0257,1.3409,1.3536,,,2,1
1227,4.9192,4.6717,4.9862,222.99766,222.99727,222.99812,9.976E4,2.173E4,3.818E4,9.976E4,0,1,,,,,,,,,,DETECTED,222.99766,222.99727,222.99812,4.9192,4.6717,4.9862,9.976E4,2.173E4,3.818E4,9.976E4,0.3393,0.6352,0.2705,,,12,1
1233,5.0201,4.945,5.2293,264.98981,264.9892,264.99017,3.97E5,4.1E4,2.049E4,3.97E5,2,1,,,,,,,,,,DETECTED,264.98981,264.9892,264.99017,5.0201,4.945,5.2293,3.97E5,4.1E4,2.049E4,3.97E5,0.0894,1.9823,2.2948,2,-0.027,12,1
1234,5.0258,4.9862,5.1056,329.23142,329.22925,329.23401,9.73E4,3.74E3,7.159E3,9.73E4,0,1,,,,,,,,,,DETECTED,329.23142,329.22925,329.23401,5.0258,4.9862,5.1056,9.73E4,3.74E3,7.159E3,9.73E4,0.0288,1.5176,2.5389,,,2,1
1237,5.0965,5.0704,5.1147,391.10067,391.09912,391.10181,7.304E4,1.864E3,1.822E4,7.304E4,0,1,,,,,,,,,,DETECTED,391.10067,391.09912,391.10181,5.0965,5.0704,5.1147,7.304E4,1.864E3,1.822E4,7.304E4,0.0252,0.8492,0.6983,,,2,1
1238,5.1101,5.0864,5.149,251.12674,251.12653,251.12759,1.318E5,3.315E3,1.165E4,1.318E5,0,1,,,,,,,,,,DETECTED,251.12674,251.12653,251.12759,5.1101,5.0864,5.149,1.318E5,3.315E3,1.165E4,1.318E5,0.0233,1.2294,2.8999,,,2,1
1239,5.1221,5.091,5.1962,183.09941,183.09828,183.09961,1.678E5,5.238E3,9.234E3,1.678E5,0,1,77,,,,,,,,,DETECTED,183.09941,183.09828,183.09961,5.1221,5.091,5.1962,1.678E5,5.238E3,9.234E3,1.678E5,0.0272,1.6718,1.2532,,,2,1
1240,5.1266,5.0761,5.3881,296.9963,296.99579,296.9975,2.891E5,2.844E4,2.107E4,2.891E5,1,1,77,,,,,,,,,DETECTED,296.9963,296.99579,296.9975,5.1266,5.0761,5.3881,2.891E5,2.844E4,2.107E4,2.891E5,0.0536,3.0879,6.065,1,-0.008,15,1
1242,5.1672,5.1221,5.2889,238.99249,238.99213,238.99306,1.049E5,8.702E3,1.867E4,1.049E5,0,1,,,,,,,,,,DETECTED,238.99249,238.99213,238.99306,5.1672,5.1221,5.2889,1.049E5,8.702E3,1.867E4,1.049E5,0.0627,1.8494,2.6987,,,13,1
1251,5.3584,5.3095,5.6288,240.98845,240.98798,240.98941,2.046E5,1.592E4,1.666E4,2.046E5,0,1,65,,,,,,,,,DETECTED,240.98845,240.98798,240.98941,5.3584,5.3095,5.6288,2.046E5,1.592E4,1.666E4,2.046E5,0.039,3.9083,4.4691,,,12,1
1252,5.3641,5.3186,5.4267,251.09001,251.08926,251.09094,7.136E4,2.89E3,8.532E3,7.136E4,0,1,65,,,,,,,,,DETECTED,251.09001,251.08926,251.09094,5.3641,5.3186,5.4267,7.136E4,2.89E3,8.532E3,7.136E4,0.0345,1.1876,1.9042,,,2,1
1254,5.4063,5.3481,5.4894,211.13154,211.13074,211.13239,2.896E5,9.21E3,7.187E3,2.896E5,1,1,,,,,,,,,,DETECTED,211.13154,211.13074,211.13239,5.4063,5.3481,5.4894,2.896E5,9.21E3,7.187E3,2.896E5,0.0268,1.9703,1.6827,1,0.0039,2,1
1255,5.4153,5.0498,5.4746,272.99547,272.9946,272.99615,5.264E4,1.365E4,1.524E4,5.264E4,0,1,,,,,,,,,,DETECTED,272.99547,272.9946,272.99615,5.4153,5.0498,5.4746,5.264E4,1.365E4,1.524E4,5.264E4,0.1765,0.5811,0.1622,,,15,1
1256,5.4211,5.3823,5.6765,193.08433,193.08318,193.08461,1.205E6,4.959E4,7E3,1.205E6,1,1,58,,,,,,,,,DETECTED,193.08433,193.08318,193.08461,5.4211,5.3823,5.6765,1.205E6,4.959E4,7E3,1.205E6,0.0322,2.4266,3.0568,1,-0.0092,3,1
1257,5.4267,5.3881,5.5685,296.99639,296.99579,296.99704,8.477E4,8.053E3,2.195E4,8.477E4,0,1,58,,,,,,,,,DETECTED,296.99639,296.99579,296.99704,5.4267,5.3881,5.5685,8.477E4,8.053E3,2.195E4,8.477E4,0.0662,2.3357,3.6714,,,14,1
1261,5.5218,5.4746,5.6288,256.98352,256.98291,256.98419,3.323E5,1.473E4,1.075E4,3.323E5,1,1,,,,,,,,,,DETECTED,256.98352,256.98291,256.98419,5.5218,5.4746,5.6288,3.323E5,1.473E4,1.075E4,3.323E5,0.0323,1.9475,2.332,1,-0.0035,12,1
1262,5.5594,5.5263,5.6094,341.23106,341.2301,341.23245,6.233E4,2.34E3,7.521E3,6.233E4,0,1,,,,,,,,,,DETECTED,341.23106,341.2301,341.23245,5.5594,5.5263,5.6094,6.233E4,2.34E3,7.521E3,6.233E4,0.0491,1.2571,1.3837,,,2,1
1263,5.5639,5.5354,5.6379,177.08878,177.08829,177.08952,8.199E4,2.874E3,6.678E3,8.199E4,0,1,21,,,,,,,,,DETECTED,177.08878,177.08829,177.08952,5.5639,5.5354,5.6379,8.199E4,2.874E3,6.678E3,8.199E4,0.0276,1.9402,2.4925,,,2,1
1264,5.5685,5.5354,5.6619,253.14233,253.14143,253.14371,8.042E4,3.463E3,6.996E3,8.042E4,0,1,21,,,,,,,,,DETECTED,253.14233,253.14143,253.14371,5.5685,5.5354,5.6619,8.042E4,3.463E3,6.996E3,8.042E4,0.0304,2.0365,2.8318,,,2,1
1265,5.5742,5.2741,5.6425,305.0019,305.00107,305.00287,1.419E5,1.983E4,2.349E4,1.419E5,0,1,21,,,,,,,,,DETECTED,305.0019,305.00107,305.00287,5.5742,5.2741,5.6425,1.419E5,1.983E4,2.349E4,1.419E5,0.0733,0.6137,0.2545,,,10,1
1266,5.6094,5.5788,5.6664,223.13158,223.13013,223.13202,1.169E5,3.421E3,7.674E3,1.169E5,0,1,,,,,,,,,,DETECTED,223.13158,223.13013,223.13202,5.6094,5.5788,5.6664,1.169E5,3.421E3,7.674E3,1.169E5,0.0252,1.4773,1.6946,,,2,1
1267,5.6185,5.2741,5.6516,320.99624,320.99542,320.9971,6.49E4,1.082E4,1.764E4,6.49E4,0,1,,,,,,,,,,DETECTED,320.99624,320.99542,320.9971,5.6185,5.2741,5.6516,6.49E4,1.082E4,1.764E4,6.49E4,0.1405,0.548,0.096,,,14,1
1272,5.6959,5.671,5.779,703.34644,703.34033,703.35193,7.239E4,3.388E3,6.29E3,7.239E4,0,1,,,,,,,,,,DETECTED,703.34644,703.34033,703.35193,5.6959,5.671,5.779,7.239E4,3.388E3,6.29E3,7.239E4,0.0234,2.3681,4.1807,,,2,1
1273,5.7438,5.647,5.9458,314.98701,314.98566,314.98758,1.677E5,9.23E3,6.324E3,1.677E5,0,1,,,,,,,,,,DETECTED,314.98701,314.98566,314.98758,5.7438,5.647,5.9458,1.677E5,9.23E3,6.324E3,1.677E5,0.0357,1.5602,1.0409,,,17,1
1274,5.7744,5.7438,5.8166,274.97459,274.97427,274.97531,1.504E5,4.799E3,1.072E4,1.504E5,0,1,,,,,,,,,,DETECTED,274.97459,274.97427,274.97531,5.7744,5.7438,5.8166,1.504E5,4.799E3,1.072E4,1.504E5,0.0286,1.2883,1.7917,,,2,1
1275,5.8663,5.8348,5.9412,309.20532,309.20358,309.2067,1.076E5,3.479E3,6.816E3,1.076E5,0,1,,,,,,,,,,DETECTED,309.20532,309.20358,309.2067,5.8663,5.8348,5.9412,1.076E5,3.479E3,6.816E3,1.076E5,0.0256,1.9835,2.5543,,,2,1
1277,5.8936,5.8663,5.9515,331.24716,331.24597,331.24799,9.549E4,2.859E3,7.541E3,9.549E4,0,1,,,,,,,,,,DETECTED,331.24716,331.24597,331.24799,5.8936,5.8663,5.9515,9.549E4,2.859E3,7.541E3,9.549E4,0.0252,1.4829,1.8746,,,2,1
1278,5.9664,5.9367,6.079,293.17426,293.17316,293.17496,5.91E5,1.916E4,1.018E4,5.91E5,1,1,,,,,,,,,,DETECTED,293.17426,293.17316,293.17496,5.9664,5.9367,6.079,5.91E5,1.916E4,1.018E4,5.91E5,0.0263,2.1064,1.8027,1,-0.0035,4,1
1280,6.0699,6.0368,6.2359,309.20505,309.20383,309.20609,1.415E5,8.651E3,1.041E4,1.415E5,0,1,,,,,,,,,,DETECTED,309.20505,309.20383,309.20609,6.0699,6.0368,6.2359,1.415E5,8.651E3,1.041E4,1.415E5,0.0364,3.2491,7.3821,,,2,1
1281,6.0881,6.0608,6.2687,309.16924,309.16797,309.17105,2.32E5,1.013E4,6.293E3,2.32E5,1,1,,,,,,,,,,DETECTED,309.16924,309.16797,309.17105,6.0881,6.0608,6.2687,2.32E5,1.013E4,6.293E3,2.32E5,0.0282,3.3316,5.7924,1,0.0078,2,1
1282,6.18,6.1551,6.2313,239.12649,239.12584,239.12704,8.149E4,2.824E3,9.761E3,8.149E4,0,1,,,,,,,,,,DETECTED,239.12649,239.12584,239.12704,6.18,6.1551,6.2313,8.149E4,2.824E3,9.761E3,8.149E4,0.0323,1.5297,2.2087,,,2,1
1283,6.245,6.221,6.3166,360.27373,360.27243,360.27667,6.108E4,2.035E3,5.925E3,6.108E4,0,1,,,,,,,,,,DETECTED,360.27373,360.27243,360.27667,6.245,6.221,6.3166,6.108E4,2.035E3,5.925E3,6.108E4,0.0266,1.8692,2.6019,,,2,1
1284,6.279,6.2359,6.3348,309.20549,309.20413,309.20566,6.753E5,1.955E4,1.355E4,6.753E5,1,1,,,,,,,,,,DETECTED,309.20549,309.20413,309.20566,6.279,6.2359,6.3348,6.753E5,1.955E4,1.355E4,6.753E5,0.023,1.5351,1.6227,1,-0.0035,3,1
1285,6.3643,6.3348,6.4781,309.20557,309.20441,309.207,1.312E6,3.812E4,8.272E3,1.312E6,1,1,,,,,,,,,,DETECTED,309.20557,309.20441,309.207,6.3643,6.3348,6.4781,1.312E6,3.812E4,8.272E3,1.312E6,0.0243,2.0517,1.7181,1,-0.008,3,1
1286,6.4019,6.3643,6.8461,194.07986,194.07872,194.08009,4.449E6,1.897E5,1.379E4,4.449E6,3,1,,,,,,,,,,DETECTED,194.07986,194.07872,194.08009,6.4019,6.3643,6.8461,4.449E6,1.897E5,1.379E4,4.449E6,0.0312,2.0508,6.2601,3,-0.0171,5,1
1288,6.4268,6.3882,6.687,293.17436,293.17297,293.17505,1.285E6,4.873E4,1.01E4,1.285E6,1,1,,,,,,,,,,DETECTED,293.17436,293.17297,293.17505,6.4268,6.3882,6.687,1.285E6,4.873E4,1.01E4,1.285E6,0.0282,2.0341,2.1558,1,-0.009,3,1
1289,6.5121,6.4781,6.5622,309.20537,309.20291,309.2066,7.634E4,2.667E3,8.272E3,7.634E4,0,1,,,,,,,,,,DETECTED,309.20537,309.20291,309.2066,6.5121,6.4781,6.5622,7.634E4,2.667E3,8.272E3,7.634E4,0.031,1.2364,1.5623,,,2,1
1290,6.5348,6.502,6.687,263.16338,263.16281,263.16422,1.9E5,8.187E3,6.666E3,1.9E5,0,1,,,,,,,,,,DETECTED,263.16338,263.16281,263.16422,6.5348,6.502,6.687,1.9E5,8.187E3,6.666E3,1.9E5,0.0264,2.8393,3.0072,,,2,1
1291,6.5804,6.5485,6.6824,266.10153,266.1001,266.10275,1.61E5,5.843E3,6.506E3,1.61E5,0,1,,,,,,,,,,DETECTED,266.10153,266.1001,266.10275,6.5804,6.5485,6.6824,1.61E5,5.843E3,6.506E3,1.61E5,0.0265,1.8,1.6507,,,2,1
1293,6.6724,6.6405,6.7564,687.35314,687.34833,687.3559,1.079E5,3.317E3,6.157E3,1.079E5,0,1,,,,,,,,,,DETECTED,687.35314,687.34833,687.3559,6.6724,6.6405,6.7564,1.079E5,3.317E3,6.157E3,1.079E5,0.0221,1.4343,2.8204,,,3,1
1294,6.7519,6.7188,6.8406,307.18963,307.18842,307.19025,4.755E5,1.365E4,9.379E3,4.755E5,1,1,,,,,,,,,,DETECTED,307.18963,307.18842,307.19025,6.7519,6.7188,6.8406,4.755E5,1.365E4,9.379E3,4.755E5,0.0236,1.6798,1.4025,1,-0.0035,3,1
1295,6.7802,6.7461,6.8643,721.35847,721.35248,721.3623,2.833E5,7.782E3,6.053E3,2.833E5,0,1,,,,,,,,,,DETECTED,721.35847,721.35248,721.3623,6.7802,6.7461,6.8643,2.833E5,7.782E3,6.053E3,2.833E5,0.0243,1.5734,1.0931,,,3,1
1296,6.8734,6.8406,6.9144,307.18946,307.18866,307.19016,6.251E4,1.809E3,5.966E3,6.251E4,0,1,,,,,,,,,,DETECTED,307.18946,307.18866,307.19016,6.8734,6.8406,6.9144,6.251E4,1.809E3,5.966E3,6.251E4,0.0223,1.0468,1.0363,,,2,1
1297,7.062,7.021,7.1643,277.1424,277.1413,277.14322,5.881E4,3.41E3,6.271E3,5.881E4,0,1,,,,,,,,,,DETECTED,277.1424,277.1413,277.14322,7.062,7.021,7.1643,5.881E4,3.41E3,6.271E3,5.881E4,0.0424,1.7484,2.4342,,,2,1
1298,7.0948,7.0665,7.188,293.21048,293.2095,293.21198,4.307E5,1.234E4,6.354E3,4.307E5,1,1,,,,,,,,,,DETECTED,293.21048,293.2095,293.21198,7.0948,7.0665,7.188,4.307E5,1.234E4,6.354E3,4.307E5,0.026,1.7727,1.5134,1,0.0023,3,1
1299,7.2709,7.2472,7.3641,291.19459,291.19379,291.19507,5.9E4,2.993E3,6.71E3,5.9E4,0,1,,,,,,,,,,DETECTED,291.19459,291.19379,291.19507,7.2709,7.2472,7.3641,5.9E4,2.993E3,6.71E3,5.9E4,0.0644,2.4655,4.1604,,,2,1
1300,7.3537,7.33,7.4561,559.30899,559.30609,559.31128,2.904E5,8.648E3,5.946E3,2.904E5,0,1,,,,,,,,,,DETECTED,559.30899,559.30609,559.31128,7.3537,7.33,7.4561,2.904E5,8.648E3,5.946E3,2.904E5,0.0252,2.2685,2.1567,,,3,1
1301,7.3914,7.3492,7.5538,233.15221,233.15149,233.15276,1.16E5,8.5E3,1.371E4,1.16E5,0,1,,,,,,,,,,DETECTED,233.15221,233.15149,233.15276,7.3914,7.3492,7.5538,1.16E5,8.5E3,1.371E4,1.16E5,0.0401,2.4239,3.4035,,,2,1
1302,7.4846,7.4424,7.6786,221.15241,221.15149,221.15279,1.034E6,3.616E4,5.812E3,1.034E6,1,1,,,,,,,,,,DETECTED,221.15241,221.15149,221.15279,7.4846,7.4424,7.6786,1.034E6,3.616E4,5.812E3,1.034E6,0.0316,1.7961,1.8437,1,-0.008,3,1
1304,7.6458,7.5584,7.7842,297.15081,297.14948,297.15186,6.09E4,5.595E3,8.198E3,6.09E4,0,1,,,,,,,,,,DETECTED,297.15081,297.14948,297.15186,7.6458,7.5584,7.7842,6.09E4,5.595E3,8.198E3,6.09E4,0.1115,1.2917,2.7218,,,2,1
1305,7.858,7.8298,7.899,540.32756,540.32593,540.32935,7.348E4,1.934E3,5.789E3,7.348E4,0,1,,,,,,,,,,DETECTED,540.32756,540.32593,540.32935,7.858,7.8298,7.899,7.348E4,1.934E3,5.789E3,7.348E4,0.0256,1.3036,1.4866,,,2,1
1306,8.0557,8.0329,8.1749,250.14253,250.14143,250.14334,1.346E5,5.595E3,6.146E3,1.346E5,0,1,,,,,,,,,,DETECTED,250.14253,250.14143,250.14334,8.0557,8.0329,8.1749,1.346E5,5.595E3,6.146E3,1.346E5,0.0358,3.4128,3.6399,,,2,1
1307,8.2214,7.9218,8.3793,311.16647,311.16522,311.16779,9.977E4,2.15E4,1.139E4,9.977E4,0,1,,,,,,,,,,DETECTED,311.16647,311.16522,311.16779,8.2214,7.9218,8.3793,9.977E4,2.15E4,1.139E4,9.977E4,0.2208,0.7634,0.4987,,,3,1
1309,8.3225,8.2952,8.3611,769.43003,769.42572,769.43683,1.825E5,4.978E3,1.176E4,1.825E5,0,1,,,,,,,,,,DETECTED,769.43003,769.42572,769.43683,8.3225,8.2952,8.3611,1.825E5,4.978E3,1.176E4,1.825E5,0.0238,1.3192,5.2005,,,3,1
1310,8.3611,8.2815,8.4497,481.25409,481.25217,481.25626,7.688E4,5.025E3,5.813E3,7.688E4,0,1,,,,,,,,,,DETECTED,481.25409,481.25217,481.25626,8.3611,8.2815,8.4497,7.688E4,5.025E3,5.813E3,7.688E4,0.0772,1.0934,1.0531,,,2,1
1311,8.3929,8.3611,8.4861,769.42995,769.42346,769.43445,1.214E5,4.309E3,6.29E3,1.214E5,0,1,,,,,,,,,,DETECTED,769.42995,769.42346,769.43445,8.3929,8.3611,8.4861,1.214E5,4.309E3,6.29E3,1.214E5,0.0359,1.7705,1.3675,,,3,1
1312,8.4588,8.3793,8.6769,311.16647,311.16586,311.16946,9.793E4,1.35E4,1.104E4,9.793E4,0,1,,,,,,,,,,DETECTED,311.16647,311.16586,311.16946,8.4588,8.3793,8.6769,9.793E4,1.35E4,1.104E4,9.793E4,0.115,1.8713,2.6555,,,2,1
1313,8.6441,8.6168,8.6814,909.49731,909.49323,909.50549,1.077E5,2.811E3,7.466E3,1.077E5,0,1,,,,,,,,,,DETECTED,909.49731,909.49323,909.50549,8.6441,8.6168,8.6814,1.077E5,2.811E3,7.466E3,1.077E5,0.0247,1.1356,1.1083,,,3,1
1315,8.719,8.6714,8.8292,767.41386,767.40808,767.42017,8.504E4,4.28E3,6.185E3,8.504E4,0,1,,,,,,,,,,DETECTED,767.41386,767.40808,767.42017,8.719,8.6714,8.8292,8.504E4,4.28E3,6.185E3,8.504E4,0.0659,1.9649,2.1415,,,3,1
1316,9.0053,8.9224,9.0982,325.18193,325.18103,325.18344,5.706E4,6.688E3,1.75E4,5.706E4,0,1,,,,,,,,,,DETECTED,325.18193,325.18103,325.18344,9.0053,8.9224,9.0982,5.706E4,6.688E3,1.75E4,5.706E4,0.1532,1.0606,1.1211,,,2,1
1317,9.2879,9.2141,9.4494,753.43638,753.42975,753.44,5.323E5,2.301E4,5.953E3,5.323E5,0,1,,,,,,,,,,DETECTED,753.43638,753.42975,753.44,9.2879,9.2141,9.4494,5.323E5,2.301E4,5.953E3,5.323E5,0.0366,0.9233,4.3685,,,4,1
1318,9.3165,9.2414,9.4449,391.2827,391.2804,391.28433,3.099E5,1.04E4,5.86E3,3.099E5,1,1,,,,,,,,,,DETECTED,391.2827,391.2804,391.28433,9.3165,9.2414,9.4449,3.099E5,1.04E4,5.86E3,3.099E5,0.0184,1.8541,0.6875,1,0.0069,3,1
1320,9.3471,9.321,9.3836,144.92052,144.92032,144.92061,1.156E6,4.084E4,2.063E5,1.156E6,1,1,,,,,,,,,,DETECTED,144.92052,144.92032,144.92061,9.3471,9.321,9.3836,1.156E6,4.084E4,2.063E5,1.156E6,0.0317,1.1966,1.3933,1,-0.0135,8,1
1324,9.3608,9.321,9.3939,765.43398,765.43182,765.43634,6.209E4,2.352E3,1.194E4,6.209E4,0,1,,,,,,,,,,DETECTED,765.43398,765.43182,765.43634,9.3608,9.321,9.3939,6.209E4,2.352E3,1.194E4,6.209E4,0.0767,0.9154,0.8278,,,2,1
1325,9.5778,9.5505,9.6425,893.50399,893.49756,893.51025,1.25E5,3.972E3,1.459E4,1.25E5,0,1,,,,,,,,,,DETECTED,893.50399,893.49756,893.51025,9.5778,9.5505,9.6425,1.25E5,3.972E3,1.459E4,1.25E5,0.0256,1.6838,3.5709,,,3,1
1326,9.6243,9.5915,9.6844,591.25737,591.25446,591.26025,8.741E4,2.748E3,6.445E3,8.741E4,0,1,,,,,,,,,,DETECTED,591.25737,591.25446,591.26025,9.6243,9.5915,9.6844,8.741E4,2.748E3,6.445E3,8.741E4,0.0259,1.3273,1.6244,,,3,1
1328,9.9967,9.9184,10.0705,419.31304,419.31137,419.31638,8.35E4,3.798E3,6.86E3,8.35E4,0,1,,,,,,,,,,DETECTED,419.31304,419.31137,419.31638,9.9967,9.9184,10.0705,8.35E4,3.798E3,6.86E3,8.35E4,0.0875,1.9555,0.8224,,,3,1
1329,10.5586,10.402,10.7244,581.52267,581.51959,581.52637,9.584E4,1.309E4,6.807E3,9.584E4,0,1,,,,,,,,,,DETECTED,581.52267,581.51959,581.52637,10.5586,10.402,10.7244,9.584E4,1.309E4,6.807E3,9.584E4,0.0978,0.9821,1.0968,,,3,1
1330,10.7426,10.7153,10.8278,347.25637,347.2554,347.25873,2.827E5,7.808E3,5.659E3,2.827E5,1,1,,,,,,,,,,DETECTED,347.25637,347.2554,347.25873,10.7426,10.7153,10.8278,2.827E5,7.808E3,5.659E3,2.827E5,0.0219,1.8503,1.9077,1,0.0068,3,1
1331,10.8278,10.8051,10.9357,981.5763,981.56885,981.58118,3.66E5,1.444E4,9.906E3,3.66E5,1,1,,,,,,,,,,DETECTED,981.5763,981.56885,981.58118,10.8278,10.8051,10.9357,3.66E5,1.444E4,9.906E3,3.66E5,0.0256,2.2492,2.4953,1,0.0024,4,1
1332,11.204,11.1799,11.2938,819.52142,819.5174,819.5235,8.276E5,2.683E4,4.828E4,8.276E5,1,1,,,,,,,,,,DETECTED,819.52142,819.5174,819.5235,11.204,11.1799,11.2938,8.276E5,2.683E4,4.828E4,8.276E5,0.0353,2.3847,11.2765,1,-0.0035,6,1
1334,11.2892,11.2495,11.6399,375.2887,375.28714,375.29062,9.394E6,3.422E5,1.005E4,9.394E6,3,1,44,,,,,,,,,DETECTED,375.2887,375.28714,375.29062,11.2892,11.2495,11.6399,9.394E6,3.422E5,1.005E4,9.394E6,0.0262,2.1629,2.3957,3,-0.0183,4,1
1337,11.2938,11.2744,11.3314,375.25108,375.24875,375.25171,1.21E5,2.726E3,8.918E3,1.21E5,0,1,44,,,,,,,,,DETECTED,375.25108,375.24875,375.25171,11.2938,11.2744,11.3314,1.21E5,2.726E3,8.918E3,1.21E5,0.0178,1.5192,1.7171,,,2,1
1338,11.2938,11.2686,11.3314,751.57963,751.57745,751.58466,2.099E5,4.58E3,6.755E3,2.099E5,0,1,44,,,,,,,,,DETECTED,751.57963,751.57745,751.58466,11.2938,11.2686,11.3314,2.099E5,4.58E3,6.755E3,2.099E5,0.0191,1.261,1.4308,,,3,1
1339,11.3671,11.3211,11.4184,758.53608,758.53107,758.53711,4.341E5,1.623E4,8.819E3,4.341E5,0,1,,,,,,,,,,DETECTED,758.53608,758.53107,758.53711,11.3671,11.3211,11.4184,4.341E5,1.623E4,8.819E3,4.341E5,0.0393,1.1897,2.242,,,4,1
1340,11.4706,11.4184,11.5932,758.53527,758.53082,758.53839,1.338E5,7.675E3,5.933E3,1.338E5,0,1,,,,,,,,,,DETECTED,758.53527,758.53082,758.53839,11.4706,11.4184,11.5932,1.338E5,7.675E3,5.933E3,1.338E5,0.0427,1.3931,1.3504,,,3,1
1341,11.5695,11.541,11.6068,821.53471,821.5332,821.53741,7.014E4,1.902E3,6.755E3,7.014E4,0,1,,,,,,,,,,DETECTED,821.53471,821.5332,821.53741,11.5695,11.541,11.6068,7.014E4,1.902E3,6.755E3,7.014E4,0.0301,1.2009,1.4099,,,3,1
1343,11.8977,11.8453,11.9987,403.31897,403.31723,403.31931,2.569E6,9.916E4,6.692E3,2.569E6,2,1,,,,,,,,,,DETECTED,403.31897,403.31723,403.31931,11.8977,11.8453,11.9987,2.569E6,9.916E4,6.692E3,2.569E6,0.0336,1.884,1.8556,2,-0.0217,4,1
