id,rt,rt_range:min,rt_range:max,mz,mz_range:min,mz_range:max,height,area,intensity_range:min,intensity_range:max,fragment_scans,charge,feature_group,ion_identities:iin_id,ion_identities:ion_identities,ion_identities:list_size,ion_identities:neutral_mass,ion_identities:partner_row_ids,ion_identities:iin_relationship,ion_identities:consensus_formulas,ion_identities:simple_formulas,datafile:202406251802_PMA_dbgi_003155_01_01.mzML:feature_state,datafile:202406251802_PMA_dbgi_003155_01_01.mzML:mz,datafile:202406251802_PMA_dbgi_003155_01_01.mzML:mz_range:min,datafile:202406251802_PMA_dbgi_003155_01_01.mzML:mz_range:max,datafile:202406251802_PMA_dbgi_003155_01_01.mzML:rt,datafile:202406251802_PMA_dbgi_003155_01_01.mzML:rt_range:min,datafile:202406251802_PMA_dbgi_003155_01_01.mzML:rt_range:max,datafile:202406251802_PMA_dbgi_003155_01_01.mzML:height,datafile:202406251802_PMA_dbgi_003155_01_01.mzML:area,datafile:202406251802_PMA_dbgi_003155_01_01.mzML:intensity_range:min,datafile:202406251802_PMA_dbgi_003155_01_01.mzML:intensity_range:max,datafile:202406251802_PMA_dbgi_003155_01_01.mzML:fwhm,datafile:202406251802_PMA_dbgi_003155_01_01.mzML:tailing_factor,datafile:202406251802_PMA_dbgi_003155_01_01.mzML:asymmetry_factor,datafile:202406251802_PMA_dbgi_003155_01_01.mzML:fragment_scans,datafile:202406251802_PMA_dbgi_003155_01_01.mzML:rt_ms2_apex_distance,datafile:202406251802_PMA_dbgi_003155_01_01.mzML:isotopes,datafile:202406251802_PMA_dbgi_003155_01_01.mzML:charge
1,0.4778,0.4365,0.5967,226.96342,226.96227,226.96376,6.465E5,4.191E4,8.276E3,6.465E5,1,1,2,,,,,,,,,DETECTED,226.96342,226.96227,226.96376,0.4778,0.4365,0.5967,6.465E5,4.191E4,8.276E3,6.465E5,0.0697,3.8102,6.2949,1,-0.0035,3,1
4,0.4778,0.4554,0.5739,275.90351,275.90173,275.90396,8.512E5,4.059E4,2.362E4,8.512E5,2,1,2,,,,,,,,,DETECTED,275.90351,275.90173,275.90396,0.4778,0.4554,0.5739,8.512E5,4.059E4,2.362E4,8.512E5,0.0483,2.6917,4.1,2,-0.0051,5,1
9,0.4897,0.3023,0.5502,173.92295,173.92279,173.92307,7.611E5,8.166E4,2.265E4,7.611E5,4,1,123,,,,,,,,,DETECTED,173.92295,173.92279,173.92307,0.4897,0.3023,0.5502,7.611E5,8.166E4,2.265E4,7.611E5,0.0675,0.6614,0.3227,4,-0.1674,3,1
14,0.5016,0.4611,0.5502,322.93936,322.93781,322.94037,2.26E5,1.047E4,1.075E4,2.26E5,1,1,123,,,,,,,,,DETECTED,322.93936,322.93781,322.94037,0.5016,0.4611,0.5502,2.26E5,1.047E4,1.075E4,2.26E5,0.0468,1.2385,1.195,1,0.0177,2,1
15,0.5016,0.4611,0.5502,340.94396,340.94299,340.94443,2.415E5,1.141E4,1.294E4,2.415E5,1,1,123,,,,,,,,,DETECTED,340.94396,340.94299,340.94443,0.5016,0.4611,0.5502,2.415E5,1.141E4,1.294E4,2.415E5,0.0487,1.2359,1.2201,1,-0.003,3,1
22,0.5132,0.448,0.6716,158.97602,158.97452,158.9761,2.199E7,1.891E6,8.921E4,2.199E7,3,1,123,,,,,,,,,DETECTED,158.97602,158.97452,158.9761,0.5132,0.448,0.6716,2.199E7,1.891E6,8.921E4,2.199E7,0.0856,1.4085,1.7883,3,-0.048,4,1
25,0.5132,0.3023,0.5384,225.89481,225.89464,225.89502,2.986E5,3.614E4,1.205E5,2.986E5,1,1,123,,,,,,,,,DETECTED,225.89481,225.89464,225.89502,0.5132,0.3023,0.5384,2.986E5,3.614E4,1.205E5,2.986E5,0.0576,0.5598,0.1195,1,0.0094,2,1
32,0.5132,0.4611,0.5853,288.93492,288.93387,288.93515,1.9E6,9.492E4,4.419E4,1.9E6,2,1,123,,,,,,,,,DETECTED,288.93492,288.93387,288.93515,0.5132,0.4611,0.5853,1.9E6,9.492E4,4.419E4,1.9E6,0.0462,1.1661,1.2462,2,-0.0281,4,1
39,0.5132,0.4687,0.5739,386.93777,386.93628,386.93842,2.512E6,9.162E4,2.197E4,2.512E6,1,1,123,,,,,,,,,DETECTED,386.93777,386.93628,386.93842,0.5132,0.4687,0.5739,2.512E6,9.162E4,2.197E4,2.512E6,0.0341,0.8663,0.691,1,-0.0265,5,1
44,0.5132,0.4687,0.5621,402.91366,402.91214,402.91797,6.389E5,2.227E4,3.489E4,6.389E5,1,1,123,,,,,,,,,DETECTED,402.91366,402.91214,402.91797,0.5132,0.4687,0.5621,6.389E5,2.227E4,3.489E4,6.389E5,0.0323,1.0097,0.7475,1,-0.0162,4,1
48,0.5132,0.4687,0.5384,500.91756,500.9162,500.91843,2.934E5,9.159E3,2.097E4,2.934E5,1,1,,,,,,,,,,DETECTED,500.91756,500.9162,500.91843,0.5132,0.4687,0.5384,2.934E5,9.159E3,2.097E4,2.934E5,0.03,0.8483,0.7333,1,-0.0042,5,1
56,0.527,0.406,0.6295,160.97313,160.97226,160.97331,2.737E6,2.219E5,1.251E4,2.737E6,0,1,123,,,,,,,,,DETECTED,160.97313,160.97226,160.97331,0.527,0.406,0.6295,2.737E6,2.219E5,1.251E4,2.737E6,0.0832,1.1111,1.1196,,,4,1
57,0.527,0.3023,0.6078,174.95305,174.95251,174.95326,2.77E6,2.944E5,1.404E5,2.77E6,5,1,123,,,,,,,,,DETECTED,174.95305,174.95251,174.95326,0.527,0.3023,0.6078,2.77E6,2.944E5,1.404E5,2.77E6,0.082,0.6797,0.306,5,-0.1783,3,1
58,0.527,0.3023,0.5502,178.97461,178.97412,178.97475,1.431E6,1.145E5,1.078E5,1.431E6,4,1,,,,,,,,,,DETECTED,178.97461,178.97412,178.97475,0.527,0.3023,0.5502,1.431E6,1.145E5,1.078E5,1.431E6,0.0197,0.5516,0.1032,4,-0.2167,3,1
62,0.527,0.3023,0.5502,231.92918,231.92874,231.92947,5.765E5,5.434E4,4.313E4,5.765E5,1,1,123,,,,,,,,,DETECTED,231.92918,231.92874,231.92947,0.527,0.3023,0.5502,5.765E5,5.434E4,4.313E4,5.765E5,0.0358,0.5516,0.3636,1,-0.0197,5,1
63,0.527,0.4687,0.5739,244.96142,244.9599,244.9623,7.968E5,3.846E4,4.843E4,7.968E5,1,1,123,,,,,,,,,DETECTED,244.96142,244.9599,244.9623,0.527,0.4687,0.5739,7.968E5,3.846E4,4.843E4,7.968E5,0.0464,0.8102,0.6114,1,-0.0317,5,1
66,0.527,0.4611,0.6078,272.95819,272.9566,272.9584,1.806E7,9.051E5,8.51E4,1.806E7,2,1,123,,,,,,,,,DETECTED,272.95819,272.9566,272.9584,0.527,0.4611,0.6078,1.806E7,9.051E5,8.51E4,1.806E7,0.047,0.8107,0.5916,2,-0.0436,5,1
69,0.527,0.4687,0.5739,275.95506,275.95447,275.95688,5.282E5,2.528E4,3.491E4,5.282E5,1,1,123,,,,,,,,,DETECTED,275.95506,275.95447,275.95688,0.527,0.4687,0.5739,5.282E5,2.528E4,3.491E4,5.282E5,0.0441,0.8148,0.6164,1,-0.0213,5,1
71,0.527,0.5016,0.5853,358.91685,358.91513,358.9176,1.555E5,5.716E3,2.031E4,1.555E5,0,1,,,,,,,,,,DETECTED,358.91685,358.91513,358.9176,0.527,0.5016,0.5853,1.555E5,5.716E3,2.031E4,1.555E5,0.0333,1.6479,2.0302,,,4,1
72,0.527,0.5016,0.5853,372.8957,372.89536,372.89673,1.401E5,5.385E3,2.104E4,1.401E5,0,1,132,,,,,,,,,DETECTED,372.8957,372.89536,372.89673,0.527,0.5016,0.5853,1.401E5,5.385E3,2.104E4,1.401E5,0.0405,1.6479,2.149,,,3,1
77,0.5384,0.5016,0.5967,440.87954,440.87744,440.88141,1.494E6,5.605E4,5.138E4,1.494E6,1,1,132,,,,,,,,,DETECTED,440.87954,440.87744,440.88141,0.5384,0.5016,0.5967,1.494E6,5.605E4,5.138E4,1.494E6,0.0458,1.3839,1.5796,1,-0.0058,5,1
81,0.5502,0.4897,0.6078,242.93805,242.93651,242.94055,4.594E6,1.884E5,3.639E4,4.594E6,2,1,97,,,,,,,,,DETECTED,242.93805,242.93651,242.94055,0.5502,0.4897,0.6078,4.594E6,1.884E5,3.639E4,4.594E6,0.0397,1.095,1.0007,2,-0.0293,5,1
85,0.5502,0.5016,0.6078,326.89993,326.89914,326.90176,3.129E6,1.085E5,3.564E4,3.129E6,1,1,97,,,,,,,,,DETECTED,326.89993,326.89914,326.90176,0.5502,0.5016,0.6078,3.129E6,1.085E5,3.564E4,3.129E6,0.0317,1.1199,1.138,1,-0.0159,4,1
87,0.5502,0.5132,0.5967,328.89782,328.89709,328.89896,6.616E5,2.424E4,7.878E4,6.616E5,0,1,97,,,,,,,,,DETECTED,328.89782,328.89709,328.89896,0.5502,0.5132,0.5967,6.616E5,2.424E4,7.878E4,6.616E5,0.0352,1.1286,0.9704,,,5,1
90,0.5502,0.5132,0.5853,394.88516,394.883,394.88629,1.451E5,5.292E3,4.797E4,1.451E5,0,1,96,,,,,,,,,DETECTED,394.88516,394.883,394.88629,0.5502,0.5132,0.5853,1.451E5,5.292E3,4.797E4,1.451E5,0.0326,0.9753,0.9507,,,3,1
91,0.5502,0.5132,0.6078,410.8605,410.85953,410.86123,2.453E6,7.831E4,4.64E4,2.453E6,1,1,97,,,,,,,,,DETECTED,410.8605,410.85953,410.86123,0.5502,0.5132,0.6078,2.453E6,7.831E4,4.64E4,2.453E6,0.0296,1.0556,1.4881,1,-0.0061,5,1
98,0.5502,0.5132,0.5853,524.83988,524.83893,524.84192,3.509E5,1.278E4,5.236E4,3.509E5,0,1,96,,,,,,,,,DETECTED,524.83988,524.83893,524.84192,0.5502,0.5132,0.5853,3.509E5,1.278E4,5.236E4,3.509E5,0.0347,0.9753,0.6958,,,5,1
105,0.5621,0.5132,0.6078,296.8805,296.87778,296.88141,1.175E6,4.402E4,5.469E4,1.175E6,1,1,111,,,,,,,,,DETECTED,296.8805,296.87778,296.88141,0.5621,0.5132,0.6078,1.175E6,4.402E4,5.469E4,1.175E6,0.0384,1.0162,1.068,1,-0.0062,3,1
106,0.5621,0.527,0.5967,380.84216,380.84149,380.84305,6.193E5,2.185E4,1.157E5,6.193E5,1,1,111,,,,,,,,,DETECTED,380.84216,380.84149,380.84305,0.5621,0.527,0.5967,6.193E5,2.185E4,1.157E5,6.193E5,0.0386,0.9939,1.3521,1,0.0023,3,1
110,0.5739,0.5132,0.7984,225.05946,225.05907,225.0598,1.224E7,1.172E6,5.495E5,1.224E7,5,1,17,0,[M+FA]-,3,180.06095,110;159,,,,DETECTED,225.05946,225.05907,225.0598,0.5739,0.5132,0.7984,1.224E7,1.172E6,5.495E5,1.224E7,0.1446,2.6911,3.0906,5,-0.0379,3,1
120,0.5853,0.527,0.8712,471.07417,471.07156,471.07492,8.004E6,4.23E5,1.025E5,8.004E6,1,1,17,,,,,,,,,DETECTED,471.07417,471.07156,471.07492,0.5853,0.527,0.8712,8.004E6,4.23E5,1.025E5,8.004E6,0.0478,1.9451,2.7591,1,-0.0159,4,1
122,0.5853,0.5384,0.64,555.03236,555.03082,555.03375,7.13E5,3.065E4,3.625E4,7.13E5,1,1,17,,,,,,,,,DETECTED,555.03236,555.03082,555.03375,0.5853,0.5384,0.64,7.13E5,3.065E4,3.625E4,7.13E5,0.0612,1.143,1.8474,1,0.004,3,1
125,0.5967,0.527,0.7872,143.03178,143.03142,143.03292,1.092E6,8.777E4,2.392E4,1.092E6,1,1,17,,,,,,,,,DETECTED,143.03178,143.03142,143.03292,0.5967,0.527,0.7872,1.092E6,8.777E4,2.392E4,1.092E6,0.0592,2.0112,2.7071,1,-0.014,3,1
126,0.5967,0.527,0.8449,161.04212,161.04134,161.04271,1.171E6,1.118E5,4.451E4,1.171E6,1,1,17,,,,,,,,,DETECTED,161.04212,161.04134,161.04271,0.5967,0.527,0.8449,1.171E6,1.118E5,4.451E4,1.171E6,0.0709,2.6625,3.2716,1,-0.0256,5,1
130,0.6078,0.527,0.7872,132.02712,132.02673,132.02814,9.415E5,7.943E4,4.025E4,9.415E5,1,1,17,,,,,,,,,DETECTED,132.02712,132.02673,132.02814,0.6078,0.527,0.7872,9.415E5,7.943E4,4.025E4,9.415E5,0.068,1.636,1.5289,1,-0.0152,6,1
131,0.6078,0.527,0.8449,146.04276,146.04253,146.04305,3.73E6,3.293E5,1.547E5,3.73E6,3,1,17,,,,,,,,,DETECTED,146.04276,146.04253,146.04305,0.6078,0.527,0.8449,3.73E6,3.293E5,1.547E5,3.73E6,0.0726,2.1214,1.6437,3,-0.0503,3,1
132,0.6078,0.5384,0.695,215.03037,215.03,215.03188,8.344E5,4.064E4,1.921E4,8.344E5,1,1,17,0,[M+Cl]-,3,180.06095,132;159,,,,DETECTED,215.03037,215.03,215.03188,0.6078,0.5384,0.695,8.344E5,4.064E4,1.921E4,8.344E5,0.0378,1.3899,1.6555,1,-0.0038,2,1
140,0.6078,0.5132,0.8712,341.10731,341.10608,341.10776,2.446E7,1.625E6,3.553E4,2.446E7,5,1,17,1,[M-H]-,3,342.11489,145;140;169,,,,DETECTED,341.10731,341.10608,341.10776,0.6078,0.5132,0.8712,2.446E7,1.625E6,3.553E4,2.446E7,0.0371,2.7169,3.7979,5,-0.0283,4,1
145,0.6078,0.5132,0.8712,387.1135,387.11151,387.11392,8.289E7,5.993E6,1.06E5,8.289E7,6,1,17,1,[M+FA]-,3,342.11489,145;140;169,,,,DETECTED,387.1135,387.11151,387.11392,0.6078,0.5132,0.8712,8.289E7,5.993E6,1.06E5,8.289E7,0.0374,2.8104,4.0139,6,-0.0536,2,1
146,0.6078,0.5502,0.8712,389.11622,389.11438,389.11832,1.912E6,1.273E5,3.65E4,1.912E6,0,1,17,,,,,,,,,DETECTED,389.11622,389.11438,389.11832,0.6078,0.5502,0.8712,1.912E6,1.273E5,3.65E4,1.912E6,0.0334,2.7048,3.5268,,,3,1
154,0.6078,0.5739,0.7502,683.21537,683.21234,683.22131,6.63E5,3.072E4,3.772E4,6.63E5,0,1,17,,,,,,,,,DETECTED,683.21537,683.21234,683.22131,0.6078,0.5739,0.7502,6.63E5,3.072E4,3.772E4,6.63E5,0.0292,3.2796,5.5568,,,2,1
155,0.6185,0.5621,0.7756,129.01607,129.01579,129.01625,6.348E5,7.58E4,4.433E4,6.348E5,1,1,17,,,,,,,,,DETECTED,129.01607,129.01579,129.01625,0.6185,0.5621,0.7756,6.348E5,7.58E4,4.433E4,6.348E5,0.1459,2.0128,4.7212,1,0.1052,3,1
156,0.6185,0.5502,0.8308,135.02683,135.02618,135.02707,8.015E6,4.247E5,1.081E5,8.015E6,3,1,17,,,,,,,,,DETECTED,135.02683,135.02618,135.02707,0.6185,0.5502,0.8308,8.015E6,4.247E5,1.081E5,8.015E6,0.0392,1.3766,1.4087,3,-0.0374,5,1
158,0.6185,0.5384,0.8712,165.03742,165.03679,165.03772,1.098E7,6.588E5,1.103E5,1.098E7,4,1,17,,,,,,,,,DETECTED,165.03742,165.03679,165.03772,0.6185,0.5384,0.8712,1.098E7,6.588E5,1.103E5,1.098E7,0.0412,1.4336,1.5631,4,-0.0508,4,1
159,0.6185,0.5132,0.8712,179.05336,179.05252,179.05376,1.209E7,1.2E6,1.307E5,1.209E7,6,1,17,0,[M-H]-,3,180.06095,110;132;159,,,,DETECTED,179.05336,179.05252,179.05376,0.6185,0.5132,0.8712,1.209E7,1.2E6,1.307E5,1.209E7,0.0908,1.5406,1.343,6,-0.0711,3,1
160,0.6185,0.5502,0.7872,191.05329,191.05161,191.05397,8.202E6,5.042E5,2.026E4,8.202E6,3,1,17,2,[M-H]-,2,192.06056,164;160,,,,DETECTED,191.05329,191.05161,191.05397,0.6185,0.5502,0.7872,8.202E6,5.042E5,2.026E4,8.202E6,0.0412,2.0971,2.406,3,-0.0275,8,1
162,0.6185,0.527,0.8449,195.04852,195.04732,195.0488,1.6E7,1.187E6,3.673E4,1.6E7,4,1,17,,,,,,,,,DETECTED,195.04852,195.04732,195.0488,0.6185,0.527,0.8449,1.6E7,1.187E6,3.673E4,1.6E7,0.0703,1.6757,1.6801,4,-0.0594,8,1
163,0.6185,0.5739,1.0207,219.01244,219.01184,219.01273,1.811E6,3.119E5,3.419E4,1.811E6,5,1,17,3,[M+FA]-,2,174.01379,163;190,,,,DETECTED,219.01244,219.01184,219.01273,0.6185,0.5739,1.0207,1.811E6,3.119E5,3.419E4,1.811E6,0.1682,9.1563,16.0593,5,0.0072,2,1
164,0.6185,0.5502,0.8712,237.05877,237.05791,237.05948,9.685E5,8.144E4,2.179E4,9.685E5,0,1,17,2,[M+FA]-,2,192.06056,160;164,,,,DETECTED,237.05877,237.05791,237.05948,0.6185,0.5502,0.8712,9.685E5,8.144E4,2.179E4,9.685E5,0.0541,1.9799,2.2296,,,2,1
166,0.6185,0.5621,0.8222,262.05459,262.0531,262.05566,5.309E5,4.496E4,2.589E4,5.309E5,0,1,17,,,,,,,,,DETECTED,262.05459,262.0531,262.05566,0.6185,0.5621,0.8222,5.309E5,4.496E4,2.589E4,5.309E5,0.0712,2.6312,3.5998,,,2,1
167,0.6185,0.5502,0.8712,267.06954,267.06769,267.07178,7.397E5,6.142E4,1.813E4,7.397E5,0,1,17,,,,,,,,,DETECTED,267.06954,267.06769,267.07178,0.6185,0.5502,0.8712,7.397E5,6.142E4,1.813E4,7.397E5,0.0697,2.7591,3.2386,,,2,1
169,0.6185,0.5621,0.8379,377.0842,377.08255,377.08557,4.146E6,2.172E5,4.245E4,4.146E6,2,1,17,1,[M+Cl]-,3,342.11489,145;140;169,,,,DETECTED,377.0842,377.08255,377.08557,0.6185,0.5621,0.8379,4.146E6,2.172E5,4.245E4,4.146E6,0.047,2.0298,2.5382,2,-0.0179,6,1
172,0.6185,0.5853,0.6716,404.10039,404.09677,404.10257,5.476E5,2.096E4,6.864E4,5.476E5,0,1,17,,,,,,,,,DETECTED,404.10039,404.09677,404.10257,0.6185,0.5853,0.6716,5.476E5,2.096E4,6.864E4,5.476E5,0.0285,1.2994,2.3738,,,2,1
174,0.6185,0.5621,0.684,477.144,477.14145,477.14581,5.886E6,1.855E5,6.459E4,5.886E6,1,1,17,,,,,,,,,DETECTED,477.144,477.14145,477.14581,0.6185,0.5621,0.684,5.886E6,1.855E5,6.459E4,5.886E6,0.029,1.4907,1.085,1,-0.0162,6,1
175,0.6185,0.5621,0.6607,488.1594,488.15796,488.16138,1.617E6,6.172E4,5.335E4,1.617E6,1,1,17,,,,,,,,,DETECTED,488.1594,488.15796,488.16138,0.6185,0.5621,0.6607,1.617E6,6.172E4,5.335E4,1.617E6,0.0391,1.0059,1.2762,1,-0.0038,5,1
177,0.6185,0.5621,0.7388,507.15322,507.15021,507.15695,1.77E6,8.481E4,2.431E4,1.77E6,1,1,17,,,,,,,,,DETECTED,507.15322,507.15021,507.15695,0.6185,0.5621,0.7388,1.77E6,8.481E4,2.431E4,1.77E6,0.0354,1.6875,2.207,1,-0.0055,3,1
179,0.6185,0.5739,0.7502,533.16951,533.16815,533.17389,3.398E6,1.293E5,8.467E4,3.398E6,1,1,17,,,,,,,,,DETECTED,533.16951,533.16815,533.17389,0.6185,0.5739,0.7502,3.398E6,1.293E5,8.467E4,3.398E6,0.027,1.6738,2.2077,1,-0.0128,2,1
184,0.6295,0.5384,0.9445,149.04232,149.04208,149.04289,1.781E6,1.628E5,4.56E4,1.781E6,3,1,17,,,,,,,,,DETECTED,149.04232,149.04208,149.04289,0.6295,0.5384,0.9445,1.781E6,1.628E5,4.56E4,1.781E6,0.0608,2.0691,3.0252,3,-0.0021,4,1
186,0.6295,0.5384,0.8818,209.06416,209.06389,209.06474,1.278E6,1.051E5,3.294E4,1.278E6,1,1,17,,,,,,,,,DETECTED,209.06416,209.06389,209.06474,0.6295,0.5384,0.8818,1.278E6,1.051E5,3.294E4,1.278E6,0.0806,1.8116,2.2701,1,0.0085,2,1
189,0.64,0.5739,1.0759,142.99567,142.99513,142.99586,3.393E6,6.44E5,3.448E4,3.393E6,8,1,17,,,,,,,,,DETECTED,142.99567,142.99513,142.99586,0.64,0.5739,1.0759,3.393E6,6.44E5,3.448E4,3.393E6,0.118,5.5817,7.7799,8,-0.0237,2,1
190,0.64,0.5739,0.7872,173.00607,173.00572,173.00642,3.214E6,3.681E5,2.776E4,3.214E6,3,1,17,3,[M-H]-,2,174.01379,163;190,,,,DETECTED,173.00607,173.00572,173.00642,0.64,0.5739,0.7872,3.214E6,3.681E5,2.776E4,3.214E6,0.1373,2.2094,3.6779,3,-0.016,2,1
203,0.64,0.6078,0.8103,515.15917,515.15833,515.16302,1.271E6,7.683E4,2.934E4,1.271E6,0,1,17,,,,,,,,,DETECTED,515.15917,515.15833,515.16302,0.64,0.6078,0.8103,1.271E6,7.683E4,2.934E4,1.271E6,0.0381,2.7571,5.5128,,,3,1
210,0.6607,0.6078,1.2773,133.01182,133.01077,133.01195,1.194E8,1.416E7,8.526E5,1.194E8,12,1,17,,,,,,,,,DETECTED,133.01182,133.01077,133.01195,0.6607,0.6078,1.2773,1.194E8,1.416E7,8.526E5,1.194E8,0.1104,3.1078,4.3836,12,-0.0261,5,1
212,0.6607,0.6185,1.2888,134.01438,134.01372,134.01477,4.27E6,4.949E5,2.072E4,4.27E6,3,1,17,,,,,,,,,DETECTED,134.01438,134.01372,134.01477,0.6607,0.6185,1.2888,4.27E6,4.949E5,2.072E4,4.27E6,0.1308,2.8396,3.7794,3,-0.0157,5,1
213,0.6607,0.6078,1.0759,135.01547,135.01489,135.01669,6.703E5,7.473E4,8.829E3,6.703E5,1,1,17,,,,,,,,,DETECTED,135.01547,135.01489,135.01669,0.6607,0.6078,1.0759,6.703E5,7.473E4,8.829E3,6.703E5,0.0827,3.4998,4.6672,1,0.021,6,1
214,0.6607,0.6078,0.9139,173.04224,173.04164,173.04256,3.541E6,4.779E5,2.178E5,3.541E6,5,1,17,,,,,,,,,DETECTED,173.04224,173.04164,173.04256,0.6607,0.6078,0.9139,3.541E6,4.779E5,2.178E5,3.541E6,0.1452,3.5314,4.986,5,-0.0144,3,1
217,0.6607,0.5621,0.9659,209.0279,209.02724,209.02916,7.82E5,8.247E4,2.9E4,7.82E5,1,1,17,,,,,,,,,DETECTED,209.0279,209.02724,209.02916,0.6607,0.5621,0.9659,7.82E5,8.247E4,2.9E4,7.82E5,0.096,1.8154,1.8297,1,-0.0038,2,1
219,0.6607,0.6295,0.852,304.9905,304.98914,304.99127,1.181E6,9.703E4,1.909E4,1.181E6,3,1,17,,,,,,,,,DETECTED,304.9905,304.98914,304.99127,0.6607,0.6295,0.852,1.181E6,9.703E4,1.909E4,1.181E6,0.0515,3.0733,4.4994,3,-0.0022,2,1
220,0.6607,0.5739,0.8222,439.08307,439.07956,439.08359,1.362E7,1.018E6,2.26E5,1.362E7,4,1,17,,,,,,,,,DETECTED,439.08307,439.07956,439.08359,0.6607,0.5739,0.8222,1.362E7,1.018E6,2.26E5,1.362E7,0.0347,1.2728,1.4526,4,-0.0664,3,1
221,0.6607,0.5739,0.8712,459.04236,459.03885,459.04483,6.586E5,7.477E4,2.557E4,6.586E5,1,1,17,,,,,,,,,DETECTED,459.04236,459.03885,459.04483,0.6607,0.5739,0.8712,6.586E5,7.477E4,2.557E4,6.586E5,0.0904,2.4266,2.974,1,0.0194,3,1
222,0.6607,0.6185,0.8379,475.12859,475.12744,475.12909,6.574E6,4.174E5,5.283E4,6.574E6,2,1,17,,,,,,,,,DETECTED,475.12859,475.12744,475.12909,0.6607,0.6185,0.8379,6.574E6,4.174E5,5.283E4,6.574E6,0.0338,1.9935,2.6293,2,-0.0244,2,1
224,0.6607,0.6295,0.8103,528.03707,528.0351,528.04095,2.818E5,3.009E4,4.918E4,2.818E5,0,1,17,,,,,,,,,DETECTED,528.03707,528.0351,528.04095,0.6607,0.6295,0.8103,2.818E5,3.009E4,4.918E4,2.818E5,0.1214,2.8987,4.8347,,,2,1
229,0.6716,0.5853,1.2888,145.01138,145.01089,145.01152,6.675E6,1.162E6,3.643E4,6.675E6,6,1,17,,,,,,,,,DETECTED,145.01138,145.01089,145.01152,0.6716,0.5853,1.2888,6.675E6,1.162E6,3.643E4,6.675E6,0.1664,5.0042,7.7951,6,-0.0055,4,1
230,0.6716,0.6295,1.1569,233.0276,233.02657,233.02811,9.684E5,1.553E5,2.291E4,9.684E5,3,1,17,,,,,,,,,DETECTED,233.0276,233.02657,233.02811,0.6716,0.6295,1.1569,9.684E5,1.553E5,2.291E4,9.684E5,0.1666,4.4708,7.3344,3,-0.0022,3,1
233,0.6716,0.64,0.8941,487.12739,487.12488,487.129,1.305E6,1.214E5,1.958E4,1.305E6,3,1,17,,,,,,,,,DETECTED,487.12739,487.12488,487.129,0.6716,0.64,0.8941,1.305E6,1.214E5,1.958E4,1.305E6,0.0838,3.0211,6.525,3,-0.0038,2,1
237,0.7388,0.64,0.852,289.01581,289.01382,289.01834,3.431E5,3.602E4,2.95E4,3.431E5,1,,126,,,,,,,,,DETECTED,289.01581,289.01382,289.01834,0.7388,0.64,0.852,3.431E5,3.602E4,2.95E4,3.431E5,0.1013,1.2566,1.0921,1,-0.0025,,
238,0.7388,0.64,0.9824,331.94662,331.94592,331.94788,1.282E6,1.355E5,1.247E4,1.282E6,2,1,126,,,,,,,,,DETECTED,331.94662,331.94592,331.94788,0.7388,0.64,0.9824,1.282E6,1.355E5,1.247E4,1.282E6,0.0898,1.1582,1.1616,2,-0.0371,2,1
245,0.7756,0.6498,0.9031,343.94561,343.94327,343.94855,5.656E5,5.681E4,1.656E4,5.656E5,1,1,,,,,,,,,,DETECTED,343.94561,343.94327,343.94855,0.7756,0.6498,0.9031,5.656E5,5.681E4,1.656E4,5.656E5,0.0848,0.8766,0.6823,1,-0.0296,3,1
258,0.8222,0.5967,1.2773,191.01767,191.01642,191.01793,2.566E7,3.508E6,1.821E5,2.566E7,11,1,21,,,,,,,,,DETECTED,191.01767,191.01642,191.01793,0.8222,0.5967,1.2773,2.566E7,3.508E6,1.821E5,2.566E7,0.082,1.706,0.9989,11,-0.1746,3,1
261,0.8222,0.6607,1.238,192.01993,192.01901,192.02048,1.34E6,1.519E5,1.887E4,1.34E6,1,1,21,,,,,,,,,DETECTED,192.01993,192.01901,192.02048,0.8222,0.6607,1.238,1.34E6,1.519E5,1.887E4,1.34E6,0.0709,1.048,0.9452,1,-0.0746,4,1
263,0.8222,0.6295,1.2773,203.01713,203.01605,203.01749,5.309E5,1.468E5,2.527E4,5.309E5,5,1,21,,,,,,,,,DETECTED,203.01713,203.01605,203.01749,0.8222,0.6295,1.2773,5.309E5,1.468E5,2.527E4,5.309E5,0.3171,1.5797,1.5741,5,-0.0969,2,1
268,0.8379,0.695,1.0817,289.9353,289.93402,289.93631,6.17E5,8.485E4,4.168E4,6.17E5,2,1,21,,,,,,,,,DETECTED,289.9353,289.93402,289.93631,0.8379,0.695,1.0817,6.17E5,8.485E4,4.168E4,6.17E5,0.1042,1.3997,2.1273,2,-0.0306,3,1
270,0.8589,0.7617,1.2558,177.038,177.03682,177.03825,6.124E6,6.72E5,3.894E4,6.124E6,4,1,21,,,,,,,,,DETECTED,177.038,177.03682,177.03825,0.8589,0.7617,1.2558,6.124E6,6.72E5,3.894E4,6.124E6,0.0978,2.0916,2.0445,4,-0.0549,5,1
271,0.8589,0.6607,1.0669,217.03303,217.03146,217.03445,2.244E5,4.286E4,1.071E4,2.244E5,0,1,21,,,,,,,,,DETECTED,217.03303,217.03146,217.03445,0.8589,0.6607,1.0669,2.244E5,4.286E4,1.071E4,2.244E5,0.2447,1.0072,0.7697,,,3,1
272,0.8589,0.7277,0.9734,295.1017,295.09995,295.10281,2.505E5,2.78E4,3.468E4,2.505E5,0,1,21,,,,,,,,,DETECTED,295.1017,295.09995,295.10281,0.8589,0.7277,0.9734,2.505E5,2.78E4,3.468E4,2.505E5,0.1034,0.9364,0.5801,,,2,1
276,0.8589,0.684,1.0983,481.05942,481.0571,481.0629,3.64E5,5.4E4,1.399E4,3.64E5,0,1,21,,,,,,,,,DETECTED,481.05942,481.0571,481.0629,0.8589,0.684,1.0983,3.64E5,5.4E4,1.399E4,3.64E5,0.1196,1.1601,0.728,,,3,1
280,0.8941,0.7756,1.1313,159.02711,159.02623,159.02731,3.027E6,3.681E5,3.998E4,3.027E6,4,1,21,4,[M-H]-,2,160.03455,280;285,,,,DETECTED,159.02711,159.02623,159.02731,0.8941,0.7756,1.1313,3.027E6,3.681E5,3.998E4,3.027E6,0.1094,1.2776,1.3431,4,-0.0766,5,1
281,0.8941,0.7984,1.4015,182.9911,182.98972,182.99136,5.733E6,8.288E5,6.324E4,5.733E6,7,1,21,,,,,,,,,DETECTED,182.9911,182.98972,182.99136,0.8941,0.7984,1.4015,5.733E6,8.288E5,6.324E4,5.733E6,0.1241,2.4006,2.8462,7,-0.0663,3,1
285,0.9031,0.7058,1.2014,205.03292,205.032,205.03435,2.871E5,4.484E4,1.147E4,2.871E5,1,1,21,4,[M+FA]-,2,160.03455,280;285,,,,DETECTED,205.03292,205.032,205.03435,0.9031,0.7058,1.2014,2.871E5,4.484E4,1.147E4,2.871E5,0.1207,1.2303,0.7313,1,0.018,3,1
286,0.9031,0.8222,1.1057,282.91661,282.9147,282.91849,1.67E5,2.041E4,1.231E4,1.67E5,0,1,21,,,,,,,,,DETECTED,282.91661,282.9147,282.91849,0.9031,0.8222,1.1057,1.67E5,2.041E4,1.231E4,1.67E5,0.1196,1.7516,2.1799,,,2,1
287,0.9031,0.8449,1.0759,296.9728,296.97137,296.97491,8.656E4,1.063E4,8.912E3,8.656E4,0,1,21,,,,,,,,,DETECTED,296.9728,296.97137,296.97491,0.9031,0.8449,1.0759,8.656E4,1.063E4,8.912E3,8.656E4,0.1087,1.9834,2.7151,,,2,1
290,0.9139,0.8103,1.3203,139.00066,139.00018,139.00089,5.159E5,7.942E4,2.013E4,5.159E5,2,1,21,,,,,,,,,DETECTED,139.00066,139.00018,139.00089,0.9139,0.8103,1.3203,5.159E5,7.942E4,2.013E4,5.159E5,0.1097,2.5716,2.4334,2,-0.0233,4,1
292,0.9139,0.8222,1.1643,266.95263,266.95032,266.95398,1.262E5,1.877E4,1.193E4,1.262E5,0,1,21,,,,,,,,,DETECTED,266.95263,266.95032,266.95398,0.9139,0.8222,1.1643,1.262E5,1.877E4,1.193E4,1.262E5,0.1332,1.8651,2.4572,,,2,1
296,0.9338,0.8222,1.3295,250.97863,250.97705,250.9803,2.508E5,4.089E4,1.18E4,2.508E5,1,1,21,,,,,,,,,DETECTED,250.97863,250.97705,250.9803,0.9338,0.8222,1.3295,2.508E5,4.089E4,1.18E4,2.508E5,0.1557,2.0892,2.7233,1,0.0056,2,1
303,0.9972,0.9139,1.2323,147.02685,147.0264,147.0273,3.216E5,3.872E4,1.782E4,3.216E5,1,1,47,,,,,,,,,DETECTED,147.02685,147.0264,147.0273,0.9972,0.9139,1.2323,3.216E5,3.872E4,1.782E4,3.216E5,0.1033,8.0858,2.1148,1,0.0056,3,1
304,1.0062,0.9031,1.0983,309.04484,309.04379,309.04684,1.032E5,1.036E4,1.103E4,1.032E5,0,1,47,,,,,,,,,DETECTED,309.04484,309.04379,309.04684,1.0062,0.9031,1.0983,1.032E5,1.036E4,1.103E4,1.032E5,0.1124,0.9464,0.8516,,,2,1
306,1.0207,0.9031,1.0759,459.13295,459.12964,459.13449,1.451E5,1.4E4,2.464E4,1.451E5,0,1,47,,,,,,,,,DETECTED,459.13295,459.12964,459.13449,1.0207,0.9031,1.0759,1.451E5,1.4E4,2.464E4,1.451E5,0.0939,0.7348,0.4611,,,2,1
310,1.0891,0.7502,1.2963,331.06578,331.06464,331.06744,1.051E6,2.218E5,5.2E4,1.051E6,4,1,69,,,,,,,,,DETECTED,331.06578,331.06464,331.06744,1.0891,0.7502,1.2963,1.051E6,2.218E5,5.2E4,1.051E6,0.2302,0.8429,0.9292,4,-0.1118,3,1
314,1.1165,0.8449,1.2649,161.04242,161.04193,161.04269,8.178E5,1.208E5,7.923E4,8.178E5,3,1,69,,,,,,,,,DETECTED,161.04242,161.04193,161.04269,1.1165,0.8449,1.2649,8.178E5,1.208E5,7.923E4,8.178E5,0.1109,0.7628,0.58,3,-0.0662,6,1
316,1.1313,0.9824,1.3385,315.07074,315.06775,315.07205,2.234E5,3.807E4,1.741E4,2.234E5,1,1,69,,,,,,,,,DETECTED,315.07074,315.06775,315.07205,1.1313,0.9824,1.3385,2.234E5,3.807E4,1.741E4,2.234E5,0.1623,1.0751,1.3555,1,0.0056,2,1
318,1.1569,1.0281,1.3038,133.04715,133.04646,133.04729,3.175E5,3.599E4,1.541E4,3.175E5,2,1,69,,,,,,,,,DETECTED,133.04715,133.04646,133.04729,1.1569,1.0281,1.3038,3.175E5,3.599E4,1.541E4,3.175E5,0.112,1.1211,1.3113,2,-0.0455,3,1
321,1.1569,0.8712,1.4122,207.92885,207.92871,207.92905,1.615E6,6.051E5,5.207E5,1.615E6,10,1,105,,,,,,,,,DETECTED,207.92885,207.92871,207.92905,1.1569,0.8712,1.4122,1.615E6,6.051E5,5.207E5,1.615E6,0.4481,0.9471,0.8941,10,-0.2695,6,1
323,1.1716,1.0759,1.3481,169.01092,169.01053,169.0116,2.757E5,3.344E4,9.208E3,2.757E5,1,1,,,,,,,,,,DETECTED,169.01092,169.01053,169.0116,1.1716,1.0759,1.3481,2.757E5,3.344E4,9.208E3,2.757E5,0.1184,1.9811,1.5565,1,-0.0183,5,1
327,1.2088,0.8941,1.3711,163.93803,163.93762,163.93863,6.916E4,2.156E4,2.215E4,6.916E4,0,1,105,,,,,,,,,DETECTED,163.93803,163.93762,163.93863,1.2088,0.8941,1.3711,6.916E4,2.156E4,2.215E4,6.916E4,4.5233,0.7578,0.5156,,,2,1
328,1.2146,0.8941,1.3925,235.92407,235.92366,235.9243,1.324E6,4.441E5,4.721E5,1.324E6,8,1,105,,,,,,,,,DETECTED,235.92407,235.92366,235.9243,1.2146,0.8941,1.3925,1.324E6,4.441E5,4.721E5,1.324E6,0.3909,0.7776,0.5552,8,-0.2842,6,1
330,1.2426,0.8222,1.4653,373.076,373.0744,373.07745,2.173E5,6.317E4,2.925E4,2.173E5,0,1,48,,,,,,,,,DETECTED,373.076,373.0744,373.07745,1.2426,0.8222,1.4653,2.173E5,6.317E4,2.925E4,2.173E5,0.179,0.765,0.5805,,,2,1
331,1.2558,1.1643,1.4015,347.05997,347.05728,347.06107,1.228E5,1.562E4,1.239E4,1.228E5,0,1,48,,,,,,,,,DETECTED,347.05997,347.05728,347.06107,1.2558,1.1643,1.4015,1.228E5,1.562E4,1.239E4,1.228E5,0.1253,1.2963,1.6227,,,2,1
333,1.2831,0.8379,1.5424,226.96359,226.96236,226.96552,1.33E5,3.894E4,1.687E4,1.33E5,0,1,48,,,,,,,,,DETECTED,226.96359,226.96236,226.96552,1.2831,0.8379,1.5424,1.33E5,3.894E4,1.687E4,1.33E5,0.232,0.7913,0.5991,,,3,1
336,1.2831,0.9659,1.4334,275.90334,275.90179,275.90442,8.11E4,1.717E4,1.703E4,8.11E4,0,1,48,,,,,,,,,DETECTED,275.90334,275.90179,275.90442,1.2831,0.9659,1.4334,8.11E4,1.717E4,1.703E4,8.11E4,0.1758,0.737,0.4741,,,3,1
338,1.2963,0.7058,1.5894,158.97581,158.97481,158.97598,2.912E6,9.625E5,1.017E5,2.912E6,13,1,48,,,,,,,,,DETECTED,158.97581,158.97481,158.97598,1.2963,0.7058,1.5894,2.912E6,9.625E5,1.017E5,2.912E6,1.4184,0.7594,0.5778,13,-0.4771,3,1
341,1.2963,1.1313,1.4563,174.95294,174.95268,174.95319,5.975E5,1.319E5,2.679E5,5.975E5,6,1,48,,,,,,,,,DETECTED,174.95294,174.95268,174.95319,1.2963,1.1313,1.4563,5.975E5,1.319E5,2.679E5,5.975E5,0.2866,0.9845,0.969,6,-0.1611,2,1
342,1.3203,1.25,1.3711,297.11751,297.11713,297.11798,1.501E5,1.101E4,2.038E4,1.501E5,0,1,,,,,,,,,,DETECTED,297.11751,297.11713,297.11798,1.3203,1.25,1.3711,1.501E5,1.101E4,2.038E4,1.501E5,0.079,0.8616,0.7625,,,2,1
344,1.3203,1.2426,1.521,369.04504,369.04263,369.04718,1.431E5,2.458E4,8.408E3,1.431E5,0,1,,,,,,,,,,DETECTED,369.04504,369.04263,369.04718,1.3203,1.2426,1.521,1.431E5,2.458E4,8.408E3,1.431E5,0.1681,1.8876,3.565,,,2,1
345,1.3481,0.7502,1.53,277.97072,277.96841,277.97174,2.334E5,9.36E4,2.869E4,2.334E5,0,1,,,,,,,,,,DETECTED,277.97072,277.96841,277.97174,1.3481,0.7502,1.53,2.334E5,9.36E4,2.869E4,2.334E5,0.3217,0.6522,0.3147,,,3,1
346,1.3604,1.1643,1.5894,309.11776,309.11642,309.11942,2.717E5,4.511E4,1.288E4,2.717E5,0,1,7,,,,,,,,,DETECTED,309.11776,309.11642,309.11942,1.3604,1.1643,1.5894,2.717E5,4.511E4,1.288E4,2.717E5,0.1753,1.1145,3.1475,,,2,1
347,1.3604,1.2963,1.4458,331.06581,331.06464,331.06635,3.458E5,3.162E4,7.673E4,3.458E5,1,1,,,,,,,,,,DETECTED,331.06581,331.06464,331.06635,1.3604,1.2963,1.4458,3.458E5,3.162E4,7.673E4,3.458E5,0.0926,1.1663,1.3326,1,-0.0068,2,1
350,1.3818,1.194,1.7938,225.05956,225.05905,225.05977,2.3E6,6.814E5,3.939E5,2.3E6,10,1,7,5,[M+FA]-,2,180.06097,350;370,,,,DETECTED,225.05956,225.05905,225.05977,1.3818,1.194,1.7938,2.3E6,6.814E5,3.939E5,2.3E6,0.2399,1.597,2.3228,10,-0.1764,3,1
351,1.3818,1.25,1.5548,440.02268,440.021,440.02481,1.467E5,3.332E4,6.349E4,1.467E5,0,1,7,,,,,,,,,DETECTED,440.02268,440.021,440.02481,1.3818,1.25,1.5548,1.467E5,3.332E4,6.349E4,1.467E5,0.2635,1.1564,1.3127,,,2,1
354,1.4122,0.8712,1.678,341.10752,341.10684,341.10806,2.953E6,8.642E5,4.504E5,2.953E6,13,1,7,6,[M-H]-,2,342.11509,354;356,,,,DETECTED,341.10752,341.10684,341.10806,1.4122,0.8712,1.678,2.953E6,8.642E5,4.504E5,2.953E6,0.1822,0.7456,1.3205,13,-0.5232,3,1
356,1.4122,0.8712,1.678,387.11358,387.11304,387.11395,1.036E7,3.454E6,1.954E6,1.036E7,14,1,7,6,[M+FA]-,2,342.11509,354;356,,,,DETECTED,387.11358,387.11304,387.11395,1.4122,0.8712,1.678,1.036E7,3.454E6,1.954E6,1.036E7,0.2004,0.7456,1.0976,14,-0.5068,4,1
360,1.4122,0.8712,1.678,471.07389,471.07156,471.07504,9.196E5,2.534E5,9.886E4,9.196E5,1,1,7,,,,,,,,,DETECTED,471.07389,471.07156,471.07504,1.4122,0.8712,1.678,9.196E5,2.534E5,9.886E4,9.196E5,0.2696,0.7456,0.4719,1,-0.0788,4,1
361,1.4122,1.2265,1.521,473.07434,473.07117,473.0784,8.123E4,1.334E4,1.414E4,8.123E4,0,1,7,,,,,,,,,DETECTED,473.07434,473.07117,473.0784,1.4122,1.2265,1.521,8.123E4,1.334E4,1.414E4,8.123E4,0.169,0.7928,0.6515,,,4,1
363,1.4213,1.2426,1.678,129.01608,129.01578,129.0163,2.047E5,4.344E4,3.803E4,2.047E5,0,1,7,,,,,,,,,DETECTED,129.01608,129.01578,129.0163,1.4213,1.2426,1.678,2.047E5,4.344E4,3.803E4,2.047E5,0.149,1.2183,1.316,,,13,1
365,1.4213,1.1313,1.8069,135.02658,135.02625,135.02692,4.342E5,1.119E5,4.535E4,4.342E5,3,1,7,,,,,,,,,DETECTED,135.02658,135.02625,135.02692,1.4213,1.1313,1.8069,4.342E5,1.119E5,4.535E4,4.342E5,0.2007,1.165,1.8383,3,-0.0536,7,1
366,1.4213,1.0759,1.678,142.99569,142.99548,142.9958,1.158E6,2.551E5,1.502E5,1.158E6,7,1,7,,,,,,,,,DETECTED,142.99569,142.99548,142.9958,1.4213,1.0759,1.678,1.158E6,2.551E5,1.502E5,1.158E6,0.1569,0.8717,0.7924,7,-0.3083,3,1
367,1.4213,1.194,1.8069,146.04283,146.04268,146.04301,6.404E5,1.961E5,1.16E5,6.404E5,6,1,7,,,,,,,,,DETECTED,146.04283,146.04268,146.04301,1.4213,1.194,1.8069,6.404E5,1.961E5,1.16E5,6.404E5,0.2303,1.3485,2.2992,6,-0.1474,8,1
368,1.4213,1.2649,1.521,161.04215,161.0419,161.04242,1.962E5,3.85E4,9.232E4,1.962E5,0,1,7,,,,,,,,,DETECTED,161.04215,161.0419,161.04242,1.4213,1.2649,1.521,1.962E5,3.85E4,9.232E4,1.962E5,0.2662,0.8188,0.6377,,,4,1
369,1.4213,1.1313,1.922,173.00609,173.00571,173.00635,8.52E5,2.141E5,5.797E4,8.52E5,5,1,7,7,[M-H]-,2,174.0138,373;369,,,,DETECTED,173.00609,173.00571,173.00635,1.4213,1.1313,1.922,8.52E5,2.141E5,5.797E4,8.52E5,0.1555,1.3379,1.8066,5,-0.097,3,1
370,1.4213,1.194,1.678,179.05332,179.05278,179.05362,1.813E6,4.598E5,2.981E5,1.813E6,8,1,7,5,[M-H]-,2,180.06097,350;370,,,,DETECTED,179.05332,179.05278,179.05362,1.4213,1.194,1.678,1.813E6,4.598E5,2.981E5,1.813E6,0.2124,1.0649,1.2169,8,-0.2102,2,1
373,1.4213,1.2426,1.7864,219.01245,219.01201,219.01288,5.319E5,1.206E5,6.215E4,5.319E5,1,1,7,7,[M+FA]-,2,174.0138,373;369,,,,DETECTED,219.01245,219.01201,219.01288,1.4213,1.2426,1.7864,5.319E5,1.206E5,6.215E4,5.319E5,0.1587,1.5215,1.4036,1,0.0072,2,1
382,1.4458,1.2265,1.922,149.04244,149.04219,149.04289,3.108E5,6.539E4,1.744E4,3.108E5,0,1,7,8,[M-H]-,2,150.04986,382;387,,,,DETECTED,149.04244,149.04219,149.04289,1.4458,1.2265,1.922,3.108E5,6.539E4,1.744E4,3.108E5,0.1324,1.509,1.7217,,,4,1
383,1.4458,1.222,1.7165,165.03715,165.03682,165.03731,5.932E5,1.233E5,5.513E4,5.932E5,3,1,7,,,,,,,,,DETECTED,165.03715,165.03682,165.03731,1.4458,1.222,1.7165,5.932E5,1.233E5,5.513E4,5.932E5,0.1622,1.105,0.5901,3,-0.0888,6,1
384,1.4458,1.2773,1.6294,173.04222,173.04208,173.04234,6.284E5,1.444E5,1.305E5,6.284E5,5,1,7,,,,,,,,,DETECTED,173.04222,173.04208,173.04234,1.4458,1.2773,1.6294,6.284E5,1.444E5,1.305E5,6.284E5,0.2433,1.0451,1.0902,5,-0.0905,3,1
386,1.4458,1.222,1.7938,191.05295,191.05234,191.05324,6.07E5,1.509E5,7.483E4,6.07E5,4,1,7,,,,,,,,,DETECTED,191.05295,191.05234,191.05324,1.4458,1.222,1.7938,6.07E5,1.509E5,7.483E4,6.07E5,0.1769,1.2776,1.5722,4,-0.1198,4,1
387,1.4458,1.222,2.014,195.0482,195.04744,195.04848,8.287E5,2.164E5,5.195E4,8.287E5,5,1,7,8,[M+FA]-,2,150.04986,382;387,,,,DETECTED,195.0482,195.04744,195.04848,1.4458,1.222,2.014,8.287E5,2.164E5,5.195E4,8.287E5,0.1727,1.7541,1.8637,5,-0.1363,4,1
392,1.4563,1.3129,1.6203,299.07595,299.07291,299.07626,8.791E5,7.936E4,1.357E4,8.791E5,2,1,7,,,,,,,,,DETECTED,299.07595,299.07291,299.07626,1.4563,1.3129,1.6203,8.791E5,7.936E4,1.357E4,8.791E5,0.081,0.9328,0.8867,2,-0.0261,2,1
394,1.4563,1.4015,1.5082,641.18417,641.18237,641.18695,5.278E4,3.391E3,1.989E4,5.278E4,0,1,7,,,,,,,,,DETECTED,641.18417,641.18237,641.18695,1.4563,1.4015,1.5082,5.278E4,3.391E3,1.989E4,5.278E4,0.0835,0.9746,0.9493,,,2,1
396,1.4744,1.25,1.5548,377.08382,377.08234,377.08499,1.94E5,3.305E4,3.378E4,1.94E5,0,1,7,,,,,,,,,DETECTED,377.08382,377.08234,377.08499,1.4744,1.25,1.5548,1.94E5,3.305E4,3.378E4,1.94E5,0.1677,0.6793,0.3427,,,3,1
401,1.4959,1.4458,1.5804,331.06581,331.06479,331.06647,6.333E5,4.261E4,7.673E4,6.333E5,1,1,,,,,,,,,,DETECTED,331.06581,331.06479,331.06647,1.4959,1.4458,1.5804,6.333E5,4.261E4,7.673E4,6.333E5,0.0623,1.3435,1.9401,1,-0.0126,2,1
403,1.5082,1.2773,1.7165,133.01164,133.01149,133.01172,7.387E6,1.649E6,1.034E6,7.387E6,7,1,143,,,,,,,,,DETECTED,133.01164,133.01149,133.01172,1.5082,1.2773,1.7165,7.387E6,1.649E6,1.034E6,7.387E6,0.1959,0.951,0.8868,7,-0.1931,4,1
404,1.5082,1.3711,1.8069,226.99381,226.99316,226.99426,2.543E5,7.245E4,4.834E4,2.543E5,0,1,27,,,,,,,,,DETECTED,226.99381,226.99316,226.99426,1.5082,1.3711,1.8069,2.543E5,7.245E4,4.834E4,2.543E5,0.3185,1.5893,2.1786,,,3,1
406,1.521,1.3385,1.6401,315.07088,315.06775,315.07248,9.51E5,8.814E4,1.741E4,9.51E5,3,1,,,,,,,,,,DETECTED,315.07088,315.06775,315.07248,1.521,1.3385,1.6401,9.51E5,8.814E4,1.741E4,9.51E5,0.2872,0.9191,1.0738,3,-0.0286,3,1
409,1.53,1.3385,1.678,295.10146,295.09958,295.10342,2.105E5,1.667E4,1.097E4,2.105E5,0,1,,,,,,,,,,DETECTED,295.10146,295.09958,295.10342,1.53,1.3385,1.678,2.105E5,1.667E4,1.097E4,2.105E5,0.0435,0.8668,0.7139,,,2,1
410,1.5424,1.2888,2.0602,145.01121,145.011,145.01141,6.324E5,1.783E5,4.633E4,6.324E5,5,1,143,,,,,,,,,DETECTED,145.01121,145.011,145.01141,1.5424,1.2888,2.0602,6.324E5,1.783E5,4.633E4,6.324E5,0.2128,1.4987,1.7376,5,-0.1353,18,1
411,1.5424,1.3925,1.6294,177.03717,177.03693,177.03761,2.505E5,3.334E4,4.434E4,2.505E5,0,1,27,,,,,,,,,DETECTED,177.03717,177.03693,177.03761,1.5424,1.3925,1.6294,2.505E5,3.334E4,4.434E4,2.505E5,0.1363,0.79,0.5799,,,4,1
413,1.5424,1.4653,1.678,466.0276,466.02524,466.03009,3.984E6,2.574E5,3.726E4,3.984E6,2,1,27,,,,,,,,,DETECTED,466.0276,466.02524,466.03009,1.5424,1.4653,1.678,3.984E6,2.574E5,3.726E4,3.984E6,0.0628,1.3065,1.27,2,-0.041,5,1
414,1.5424,1.4744,1.6401,485.00389,485.00049,485.00494,2.804E5,1.91E4,2.427E4,2.804E5,0,1,27,,,,,,,,,DETECTED,485.00389,485.00049,485.00494,1.5424,1.4744,1.6401,2.804E5,1.91E4,2.427E4,2.804E5,0.0642,1.7839,1.5594,,,9,1
415,1.5548,1.3925,1.8012,159.02656,159.02611,159.02681,3.114E5,4.875E4,4.185E4,3.114E5,1,1,27,,,,,,,,,DETECTED,159.02656,159.02611,159.02681,1.5548,1.3925,1.8012,3.114E5,4.875E4,4.185E4,3.114E5,0.1011,1.259,1.5504,1,-0.0052,3,1
416,1.5548,1.3925,1.6294,191.01727,191.01704,191.01741,1.336E6,2.021E5,3.962E5,1.336E6,4,1,27,,,,,,,,,DETECTED,191.01727,191.01704,191.01741,1.5548,1.3925,1.6294,1.336E6,2.021E5,3.962E5,1.336E6,0.1714,0.7297,0.4594,4,-0.1494,4,1
419,1.5639,1.5082,1.6203,371.06051,371.05978,371.06174,8.392E4,5.731E3,1.697E4,8.392E4,0,1,92,,,,,,,,,DETECTED,371.06051,371.05978,371.06174,1.5639,1.5082,1.6203,8.392E4,5.731E3,1.697E4,8.392E4,0.1363,1.0065,1.013,,,2,1
420,1.573,1.4015,1.8963,182.99007,182.98962,182.99037,2.386E5,5.573E4,3.912E4,2.386E5,0,1,27,,,,,,,,,DETECTED,182.99007,182.98962,182.99037,1.573,1.4015,1.8963,2.386E5,5.573E4,3.912E4,2.386E5,0.2091,1.4428,1.8857,,,2,1
421,1.5804,1.521,1.6599,153.01624,153.01555,153.0164,4.164E5,2.687E4,2.221E4,4.164E5,1,1,92,,,,,,,,,DETECTED,153.01624,153.01555,153.0164,1.5804,1.521,1.6599,4.164E5,2.687E4,2.221E4,4.164E5,0.0606,1.2872,1.6904,1,-0.0109,2,1
423,1.6005,1.5548,1.6525,164.06823,164.06784,164.06841,1.106E5,5.731E3,2.027E4,1.106E5,0,1,141,,,,,,,,,DETECTED,164.06823,164.06784,164.06841,1.6005,1.5548,1.6525,1.106E5,5.731E3,2.027E4,1.106E5,0.0496,1.0689,1.1244,,,2,1
427,1.6079,1.53,1.6893,313.05507,313.05383,313.05566,2.739E5,1.763E4,1.658E4,2.739E5,1,1,,,,,,,,,,DETECTED,313.05507,313.05383,313.05566,1.6079,1.53,1.6893,2.739E5,1.763E4,1.658E4,2.739E5,0.0546,1.1159,1.2657,1,0.0089,2,1
428,1.6079,1.5804,1.9709,331.06568,331.06464,331.06641,6.706E5,4.943E4,2.654E4,6.706E5,1,1,,,,,,,,,,DETECTED,331.06568,331.06464,331.06641,1.6079,1.5804,1.9709,6.706E5,4.943E4,2.654E4,6.706E5,0.0409,6.931,6.3875,1,0.0039,3,1
429,1.6079,1.2773,1.7165,532.04304,532.03912,532.0462,2.214E5,3.232E4,1.326E4,2.214E5,0,1,141,,,,,,,,,DETECTED,532.04304,532.03912,532.0462,1.6079,1.2773,1.7165,2.214E5,3.232E4,1.326E4,2.214E5,0.0646,0.6662,0.2621,,,2,1
430,1.6401,1.521,1.8069,161.04221,161.04184,161.04243,2.712E5,4.33E4,5.837E4,2.712E5,1,1,,,,,,,,,,DETECTED,161.04221,161.04184,161.04243,1.6401,1.521,1.8069,2.712E5,4.33E4,5.837E4,2.712E5,0.1539,1.2006,1.4013,1,-0.0051,4,1
431,1.6401,1.5894,1.7256,256.08048,256.07809,256.08148,1.549E5,8.138E3,8.289E3,1.549E5,0,1,,,,,,,,,,DETECTED,256.08048,256.07809,256.08148,1.6401,1.5894,1.7256,1.549E5,8.138E3,8.289E3,1.549E5,0.0538,1.4593,1.489,,,2,1
434,1.6525,1.6079,1.7938,325.05507,325.05316,325.05542,1.337E6,8.17E4,1.976E4,1.337E6,2,1,12,9,[M-H]-,2,326.06229,434;435,,,,DETECTED,325.05507,325.05316,325.05542,1.6525,1.6079,1.7938,1.337E6,8.17E4,1.976E4,1.337E6,0.0624,2.2451,3.9246,2,-0.0068,3,1
435,1.6525,1.6203,1.742,371.06043,371.05972,371.06165,1.843E5,1.352E4,3.882E4,1.843E5,0,1,12,9,[M+FA]-,2,326.06229,434;435,,,,DETECTED,371.06043,371.05972,371.06165,1.6525,1.6203,1.742,1.843E5,1.352E4,3.882E4,1.843E5,0.0709,1.8909,2.7819,,,2,1
437,1.669,1.6079,1.7074,355.06576,355.06479,355.06598,1.668E6,7.646E4,9.564E3,1.668E6,1,1,12,,,,,,,,,DETECTED,355.06576,355.06479,355.06598,1.669,1.6079,1.7074,1.668E6,7.646E4,9.564E3,1.668E6,0.0513,0.9705,0.9941,1,-0.0216,3,1
438,1.669,1.521,1.742,369.04506,369.04382,369.04718,3.735E5,3.154E4,3.191E4,3.735E5,1,1,12,,,,,,,,,DETECTED,369.04506,369.04382,369.04718,1.669,1.521,1.742,3.735E5,3.154E4,3.191E4,3.735E5,0.0647,0.7468,0.5235,1,-0.0051,2,1
440,1.669,1.5894,1.779,391.02899,391.02628,391.02963,1.321E6,7.864E4,5.728E4,1.321E6,2,1,12,,,,,,,,,DETECTED,391.02899,391.02628,391.02963,1.669,1.5894,1.779,1.321E6,7.864E4,5.728E4,1.321E6,0.0543,1.4018,2.4562,2,-0.02,2,1
443,1.6893,1.6599,1.7256,487.10797,487.10483,487.10861,7.903E5,1.79E4,5.354E4,7.903E5,1,1,,,,,,,,,,DETECTED,487.10797,487.10483,487.10861,1.6893,1.6599,1.7256,7.903E5,1.79E4,5.354E4,7.903E5,0.0203,1.1877,1.2375,1,-0.0035,3,1
444,1.7074,1.6599,1.8366,153.0163,153.01588,153.01642,7.467E5,3.419E4,2.6E4,7.467E5,1,1,,,,,,,,,,DETECTED,153.0163,153.01588,153.01642,1.7074,1.6599,1.8366,7.467E5,3.419E4,2.6E4,7.467E5,0.0368,1.5224,1.5154,1,-0.0125,2,1
446,1.7256,1.6893,1.7938,313.05518,313.05383,313.05542,3.86E5,1.969E4,3.094E4,3.86E5,1,1,88,,,,,,,,,DETECTED,313.05518,313.05383,313.05542,1.7256,1.6893,1.7938,3.86E5,1.969E4,3.094E4,3.86E5,0.0447,1.4401,2.4349,1,-0.0035,2,1
449,1.7313,1.7074,1.779,331.10179,331.10046,331.10217,2.471E5,7.946E3,2.748E4,2.471E5,1,1,88,,,,,,,,,DETECTED,331.10179,331.10046,331.10217,1.7313,1.7074,1.779,2.471E5,7.946E3,2.748E4,2.471E5,0.0303,1.4976,1.4992,1,0.0056,2,1
450,1.7313,1.6893,1.8366,359.09605,359.0939,359.09814,1.539E5,6.378E3,9.792E3,1.539E5,0,1,88,,,,,,,,,DETECTED,359.09605,359.0939,359.09814,1.7313,1.6893,1.8366,1.539E5,6.378E3,9.792E3,1.539E5,0.0323,1.4233,1.4593,,,3,1
452,1.7313,1.7074,1.757,632.05862,632.05774,632.05914,7.016E4,1.737E3,1.36E4,7.016E4,0,1,88,,,,,,,,,DETECTED,632.05862,632.05774,632.05914,1.7313,1.7074,1.757,7.016E4,1.737E3,1.36E4,7.016E4,0.0253,1.0373,1.5515,,,2,1
453,1.742,1.6401,1.8275,315.07072,315.06967,315.07104,6.446E5,5.999E4,7.56E4,6.446E5,2,1,88,,,,,,,,,DETECTED,315.07072,315.06967,315.07104,1.742,1.6401,1.8275,6.446E5,5.999E4,7.56E4,6.446E5,0.057,0.9191,1.0229,2,-0.0579,4,1
455,1.742,1.7074,1.8781,355.06563,355.06421,355.06592,1.604E6,1.082E5,1.585E5,1.604E6,2,1,88,,,,,,,,,DETECTED,355.06563,355.06421,355.06592,1.742,1.7074,1.8781,1.604E6,1.082E5,1.585E5,1.604E6,0.0568,2.4719,3.5589,2,-0.0307,2,1
457,1.757,1.7256,1.844,218.10111,218.10039,218.10152,5.612E5,1.765E4,8.114E3,5.612E5,1,1,,,,,,,,,,DETECTED,218.10111,218.10039,218.10152,1.757,1.7256,1.844,5.612E5,1.765E4,8.114E3,5.612E5,0.0289,1.4752,1.455,1,-0.0035,2,1
459,1.7665,1.678,1.8218,357.08083,357.07938,357.08194,4.895E5,2.788E4,4.146E4,4.895E5,0,1,121,,,,,,,,,DETECTED,357.08083,357.07938,357.08194,1.7665,1.678,1.8218,4.895E5,2.788E4,4.146E4,4.895E5,0.0422,0.8435,0.8954,,,2,1
461,1.7665,1.678,1.8657,466.02755,466.02524,466.02917,4.256E6,2.249E5,7.583E4,4.256E6,3,1,121,,,,,,,,,DETECTED,466.02755,466.02524,466.02917,1.7665,1.678,1.8657,4.256E6,2.249E5,7.583E4,4.256E6,0.0449,1.7666,1.956,3,-0.0279,2,1
467,1.779,1.757,1.8275,291.10656,291.10562,291.10779,1.109E5,3.03E3,9.387E3,1.109E5,0,1,,,,,,,,,,DETECTED,291.10656,291.10562,291.10779,1.779,1.757,1.8275,1.109E5,3.03E3,9.387E3,1.109E5,0.0231,1.6301,1.8039,,,3,1
469,1.7864,1.6401,1.8963,301.05528,301.05365,301.05591,8.791E6,4.002E5,1.305E4,8.791E6,3,1,73,,,,,,,,,DETECTED,301.05528,301.05365,301.05591,1.7864,1.6401,1.8963,8.791E6,4.002E5,1.305E4,8.791E6,0.0411,2.135,3.2258,3,-0.0142,4,1
472,1.7864,1.742,1.844,369.04484,369.04407,369.04526,1.794E6,8.262E4,9.25E4,1.794E6,2,1,73,,,,,,,,,DETECTED,369.04484,369.04407,369.04526,1.7864,1.742,1.844,1.794E6,8.262E4,9.25E4,1.794E6,0.0435,1.1871,2.0714,2,-0.0125,2,1
473,1.7864,1.742,1.844,371.06023,371.05939,371.06067,9.878E5,4.017E4,4.516E4,9.878E5,0,1,73,,,,,,,,,DETECTED,371.06023,371.05939,371.06067,1.7864,1.742,1.844,9.878E5,4.017E4,4.516E4,9.878E5,0.0326,1.2265,1.9985,,,2,1
477,1.8218,1.4868,2.1403,235.92393,235.92319,235.92409,1.164E6,5.671E5,3.826E5,1.164E6,11,1,13,,,,,,,,,DETECTED,235.92393,235.92319,235.92409,1.8218,1.4868,2.1403,1.164E6,5.671E5,3.826E5,1.164E6,0.5695,0.9755,0.951,11,-0.2968,5,1
478,1.8218,1.7864,1.8963,337.1125,337.11154,337.11438,1.003E5,4.106E3,8.999E3,1.003E5,0,1,,,,,,,,,,DETECTED,337.1125,337.11154,337.11438,1.8218,1.7864,1.8963,1.003E5,4.106E3,8.999E3,1.003E5,0.0366,1.1809,2.7967,,,4,1
480,1.8366,1.4122,2.1403,207.92875,207.9283,207.92896,1.35E6,7.503E5,4.391E5,1.35E6,12,1,13,,,,,,,,,DETECTED,207.92875,207.9283,207.92896,1.8366,1.4122,2.1403,1.35E6,7.503E5,4.391E5,1.35E6,0.5956,0.8578,0.7155,12,-0.3764,4,1
482,1.8366,1.8218,1.8781,380.15438,380.15378,380.15561,1.286E5,2.677E3,9.425E3,1.286E5,0,1,,,,,,,,,,DETECTED,380.15438,380.15378,380.15561,1.8366,1.8218,1.8781,1.286E5,2.677E3,9.425E3,1.286E5,0.0189,1.5134,2.8492,,,2,1
484,1.844,1.8218,1.8781,357.08091,357.08041,357.08136,2.014E5,8.694E3,6.376E4,2.014E5,0,1,,,,,,,,,,DETECTED,357.08091,357.08041,357.08136,1.844,1.8218,1.8781,2.014E5,8.694E3,6.376E4,2.014E5,0.0533,1.2632,1.5265,,,2,1
485,1.8532,1.7938,1.9312,299.07591,299.07535,299.07654,1.233E6,6.074E4,3.598E4,1.233E6,1,1,,,,,,,,,,DETECTED,299.07591,299.07535,299.07654,1.8532,1.7938,1.9312,1.233E6,6.074E4,3.598E4,1.233E6,0.0503,1.1951,1.1878,1,-0.0349,3,1
487,1.8657,1.8127,1.9312,279.10631,279.1044,279.1069,2.493E5,8.978E3,8.925E3,2.493E5,1,1,64,,,,,,,,,DETECTED,279.10631,279.1044,279.1069,1.8657,1.8127,1.9312,2.493E5,8.978E3,8.925E3,2.493E5,0.0248,0.9805,0.7988,1,0.0072,2,1
488,1.8657,1.8275,2.014,315.07076,315.06952,315.07187,4.922E5,2.549E4,3.642E4,4.922E5,1,1,64,,,,,,,,,DETECTED,315.07076,315.06952,315.07187,1.8657,1.8275,2.014,4.922E5,2.549E4,3.642E4,4.922E5,0.0296,11.4294,3.1441,1,-0.0035,3,1
489,1.8657,1.8127,1.9312,316.0311,316.02951,316.03262,1.178E6,3.607E4,1.105E4,1.178E6,1,1,64,,,,,,,,,DETECTED,316.0311,316.02951,316.03262,1.8657,1.8127,1.9312,1.178E6,3.607E4,1.105E4,1.178E6,0.0253,1.9019,2.2527,1,-0.0051,3,1
490,1.8657,1.8275,1.9618,316.07227,316.07007,316.07532,5.978E4,2.971E3,9.054E3,5.978E4,0,1,64,,,,,,,,,DETECTED,316.07227,316.07007,316.07532,1.8657,1.8275,1.9618,5.978E4,2.971E3,9.054E3,5.978E4,0.0355,1.7588,2.6594,,,2,1
491,1.8657,1.8366,1.9053,341.08533,341.08441,341.086,9.76E4,3.633E3,1.479E4,9.76E4,0,1,64,,,,,,,,,DETECTED,341.08533,341.08441,341.086,1.8657,1.8366,1.9053,9.76E4,3.633E3,1.479E4,9.76E4,0.0398,1.1817,1.1101,,,2,1
492,1.8657,1.8275,1.922,433.09638,433.09277,433.09692,9.838E5,2.674E4,1.291E4,9.838E5,1,1,64,,,,,,,,,DETECTED,433.09638,433.09277,433.09692,1.8657,1.8275,1.922,9.838E5,2.674E4,1.291E4,9.838E5,0.0261,1.4483,1.4628,1,-0.0068,2,1
493,1.8657,1.8366,1.9146,434.09783,434.09521,434.09879,1.288E5,3.928E3,1.314E4,1.288E5,0,1,64,,,,,,,,,DETECTED,434.09783,434.09521,434.09879,1.8657,1.8366,1.9146,1.288E5,3.928E3,1.314E4,1.288E5,0.0369,1.3409,1.8609,,,2,1
495,1.8657,1.8366,1.942,639.14868,639.14764,639.15088,5.435E4,2.226E3,9.032E3,5.435E4,0,1,64,,,,,,,,,DETECTED,639.14868,639.14764,639.15088,1.8657,1.8366,1.942,5.435E4,2.226E3,9.032E3,5.435E4,0.0364,1.813,3.3322,,,2,1
496,1.8781,1.8366,1.9766,153.01632,153.01616,153.0164,7.444E5,3.702E4,2.6E4,7.444E5,1,1,24,,,,,,,,,DETECTED,153.01632,153.01616,153.0164,1.8781,1.8366,1.9766,7.444E5,3.702E4,2.6E4,7.444E5,0.0423,2.0506,2.8726,1,-0.0068,2,1
497,1.8781,1.8218,1.9053,315.10671,315.10486,315.10751,1.557E5,6.345E3,1.249E4,1.557E5,0,1,64,,,,,,,,,DETECTED,315.10671,315.10486,315.10751,1.8781,1.8218,1.9053,1.557E5,6.345E3,1.249E4,1.557E5,0.0493,0.7642,0.5457,,,2,1
498,1.8855,1.844,1.9312,209.02765,209.02719,209.02798,2.126E5,8.621E3,2.461E4,2.126E5,0,1,24,,,,,,,,,DETECTED,209.02765,209.02719,209.02798,1.8855,1.844,1.9312,2.126E5,8.621E3,2.461E4,2.126E5,0.0334,1.0509,1.339,,,3,1
499,1.8855,1.844,2.0602,369.04493,369.04416,369.04526,2.467E6,1.465E5,1.358E5,2.467E6,3,1,24,,,,,,,,,DETECTED,369.04493,369.04416,369.04526,1.8855,1.844,2.0602,2.467E6,1.465E5,1.358E5,2.467E6,0.035,2.4463,3.6687,3,0.0023,2,1
500,1.8855,1.844,2.0602,371.06016,371.05911,371.06079,1.407E6,7.024E4,6.888E4,1.407E6,0,1,24,,,,,,,,,DETECTED,371.06016,371.05911,371.06079,1.8855,1.844,2.0602,1.407E6,7.024E4,6.888E4,1.407E6,0.0285,2.5958,3.2995,,,2,1
503,1.8963,1.8657,1.942,345.08006,345.07941,345.08092,1.086E5,2.708E3,9.079E3,1.086E5,0,1,,,,,,,,,,DETECTED,345.08006,345.07941,345.08092,1.8963,1.8657,1.942,1.086E5,2.708E3,9.079E3,1.086E5,0.0222,1.5443,1.8286,,,3,1
507,1.9053,1.8855,1.942,632.05854,632.05756,632.05914,3.522E5,7.655E3,4.09E4,3.522E5,1,1,,,,,,,,,,DETECTED,632.05854,632.05756,632.05914,1.9053,1.8855,1.942,3.522E5,7.655E3,4.09E4,3.522E5,0.0231,1.4265,1.3586,1,0.0041,3,1
509,1.9146,1.8855,2.0932,327.07039,327.06876,327.07153,3.969E5,1.732E4,1.1E4,3.969E5,1,1,,,,,,,,,,DETECTED,327.07039,327.06876,327.07153,1.9146,1.8855,2.0932,3.969E5,1.732E4,1.1E4,3.969E5,0.0313,3.1754,2.4817,1,-0.0035,3,1
511,1.922,1.8963,2.0424,311.13306,311.13181,311.13467,2.679E5,8.484E3,8.27E3,2.679E5,0,1,,,,,,,,,,DETECTED,311.13306,311.13181,311.13467,1.922,1.8963,2.0424,2.679E5,8.484E3,8.27E3,2.679E5,0.0226,2.6301,3.5306,,,2,1
512,1.922,1.8657,2.1403,466.02625,466.02399,466.03244,2.421E5,2.75E4,2.258E4,2.421E5,0,1,,,,,,,,,,DETECTED,466.02625,466.02399,466.03244,1.922,1.8657,2.1403,2.421E5,2.75E4,2.258E4,2.421E5,0.1167,6.6151,3.5966,,,2,1
513,1.9312,1.9053,1.9766,341.08554,341.08441,341.08591,2.311E5,7.926E3,1.479E4,2.311E5,1,1,,,,,,,,,,DETECTED,341.08554,341.08441,341.08591,1.9312,1.9053,1.9766,2.311E5,7.926E3,1.479E4,2.311E5,0.0305,1.3771,2.6173,1,0.0073,3,1
514,1.942,1.9146,1.9957,353.08659,353.08563,353.08752,1.894E5,5.273E3,1.022E4,1.894E5,0,1,113,,,,,,,,,DETECTED,353.08659,353.08563,353.08752,1.942,1.9146,1.9957,1.894E5,5.273E3,1.022E4,1.894E5,0.0246,1.3895,1.9668,,,4,1
515,1.942,1.8855,2.0253,447.11219,447.10962,447.11371,7.917E5,1.809E4,9.456E3,7.917E5,1,1,113,,,,,,,,,DETECTED,447.11219,447.10962,447.11371,1.942,1.8855,2.0253,7.917E5,1.809E4,9.456E3,7.917E5,0.0183,1.234,1.085,1,-0.0051,4,1
517,1.9618,1.9312,2.0424,175.05799,175.05771,175.05806,5.476E5,1.724E4,2.496E4,5.476E5,1,1,,,,,,,,,,DETECTED,175.05799,175.05771,175.05806,1.9618,1.9312,2.0424,5.476E5,1.724E4,2.496E4,5.476E5,0.0252,3.4728,2.1021,1,-0.0035,4,1
519,1.9618,1.8781,2.0602,355.06593,355.06421,355.06619,6.367E6,5.207E5,1.585E5,6.367E6,3,1,8,,,,,,,,,DETECTED,355.06593,355.06421,355.06619,1.9618,1.8781,2.0602,6.367E6,5.207E5,1.585E5,6.367E6,0.038,1.1618,1.4885,3,-0.069,2,1
520,1.9618,1.922,1.99,385.076,385.07538,385.07715,1.358E5,5.081E3,1.734E4,1.358E5,0,1,8,,,,,,,,,DETECTED,385.076,385.07538,385.07715,1.9618,1.922,1.99,1.358E5,5.081E3,1.734E4,1.358E5,0.0356,0.8537,0.9011,,,2,1
521,1.9618,1.8855,2.0528,423.05096,423.04642,423.05338,8.386E4,5.584E3,8.744E3,8.386E4,0,1,8,,,,,,,,,DETECTED,423.05096,423.04642,423.05338,1.9618,1.8855,2.0528,8.386E4,5.584E3,8.744E3,8.386E4,0.0382,1.0964,1.1772,,,2,1
526,1.9709,1.942,2.0378,400.03194,400.03009,400.03482,1.146E5,3.596E3,1.29E4,1.146E5,0,1,,,,,,,,,,DETECTED,400.03194,400.03009,400.03482,1.9709,1.942,2.0378,1.146E5,3.596E3,1.29E4,1.146E5,0.0268,1.6593,2.1965,,,3,1
528,1.9766,1.8963,2.0424,371.09697,371.09628,371.09985,2.72E5,1.04E4,1.503E4,2.72E5,1,1,,,,,,,,,,DETECTED,371.09697,371.09628,371.09985,1.9766,1.8963,2.0424,2.72E5,1.04E4,1.503E4,2.72E5,0.097,2.6059,1.8286,1,0.0041,2,1
532,2.014,1.99,2.0378,553.03232,553.03052,553.03284,1.96E5,3.655E3,1.034E4,1.96E5,0,1,,,,,,,,,,DETECTED,553.03232,553.03052,553.03284,2.014,1.99,2.0378,1.96E5,3.655E3,1.034E4,1.96E5,0.0168,1.1466,1.4104,,,2,1
533,2.014,1.99,2.0825,739.17712,739.17346,739.18054,1.399E5,4.818E3,1.601E4,1.399E5,0,1,,,,,,,,,,DETECTED,739.17712,739.17346,739.18054,2.014,1.99,2.0825,1.399E5,4.818E3,1.601E4,1.399E5,0.0333,1.9212,2.584,,,3,1
534,2.0253,1.9312,2.1288,316.03114,316.02914,316.03171,1.661E6,5.702E4,3.808E4,1.661E6,1,1,,,,,,,,,,DETECTED,316.03114,316.02914,316.03171,2.0253,1.9312,2.1288,1.661E6,5.702E4,3.808E4,1.661E6,0.0263,1.103,0.9995,1,-0.0147,3,1
535,2.0253,2.0033,2.0825,325.1485,325.1463,325.15027,1.643E5,4.293E3,8.885E3,1.643E5,0,1,58,,,,,,,,,DETECTED,325.1485,325.1463,325.15027,2.0253,2.0033,2.0825,1.643E5,4.293E3,8.885E3,1.643E5,0.0236,1.8026,2.5254,,,2,1
537,2.0253,1.779,2.1403,391.02872,391.02591,391.02972,3.377E6,1.472E5,5.878E4,3.377E6,3,1,58,,,,,,,,,DETECTED,391.02872,391.02591,391.02972,2.0253,1.779,2.1403,3.377E6,1.472E5,5.878E4,3.377E6,0.0239,0.6388,0.2414,3,-0.0901,4,1
546,2.0378,2.014,2.0932,203.07981,203.07935,203.07999,1.342E5,3.916E3,1.576E4,1.342E5,0,1,,,,,,,,,,DETECTED,203.07981,203.07935,203.07999,2.0378,2.014,2.0932,1.342E5,3.916E3,1.576E4,1.342E5,0.025,1.6645,2.0709,,,2,1
547,2.0378,2.0033,2.0751,251.05335,251.05139,251.05377,9.828E4,2.998E3,1.264E4,9.828E4,0,1,58,10,[M-H]-,2,252.06134,549;547,,,,DETECTED,251.05335,251.05139,251.05377,2.0378,2.0033,2.0751,9.828E4,2.998E3,1.264E4,9.828E4,0.0291,1.0385,1.7011,,,2,1
548,2.0378,1.9312,2.0751,295.04444,295.04187,295.04504,7.284E5,2.041E4,1.004E4,7.284E5,1,1,58,,,,,,,,,DETECTED,295.04444,295.04187,295.04504,2.0378,1.9312,2.0751,7.284E5,2.041E4,1.004E4,7.284E5,0.0232,1.104,2.048,1,-0.0052,2,1
549,2.0378,1.8963,2.0932,297.06026,297.0592,297.06049,7.16E6,2.039E5,1.001E4,7.16E6,2,1,58,10,[M+FA]-,2,252.06134,549;547,,,,DETECTED,297.06026,297.0592,297.06049,2.0378,1.8963,2.0932,7.16E6,2.039E5,1.001E4,7.16E6,0.0261,1.5084,1.5029,2,-0.016,4,1
550,2.0378,1.9312,2.117,299.07549,299.07495,299.07693,5.748E5,3.134E4,5.039E4,5.748E5,0,1,58,,,,,,,,,DETECTED,299.07549,299.07495,299.07693,2.0378,1.9312,2.117,5.748E5,3.134E4,5.039E4,5.748E5,0.2263,1.274,0.5861,,,2,1
551,2.0378,1.99,2.0932,313.05465,313.0531,313.0556,7.753E4,4.417E3,1.306E4,7.753E4,0,1,,,,,,,,,,DETECTED,313.05465,313.0531,313.0556,2.0378,1.99,2.0932,7.753E4,4.417E3,1.306E4,7.753E4,0.0567,1.0788,0.107,,,2,1
553,2.0378,2.0033,2.0825,396.98372,396.98285,396.98636,2.486E5,6.592E3,1.085E4,2.486E5,0,1,58,,,,,,,,,DETECTED,396.98372,396.98285,396.98636,2.0378,2.0033,2.0825,2.486E5,6.592E3,1.085E4,2.486E5,0.0255,1.4826,1.3804,,,3,1
554,2.0378,2.014,2.0825,593.10923,593.10791,593.11487,1.476E5,3.25E3,1.133E4,1.476E5,0,1,,,,,,,,,,DETECTED,593.10923,593.10791,593.11487,2.0378,2.014,2.0825,1.476E5,3.25E3,1.133E4,1.476E5,0.0157,1.3794,1.4955,,,3,1
556,2.0528,1.9709,2.1403,285.06024,285.05792,285.06036,7.58E6,2.372E5,9.342E3,7.58E6,2,1,70,,,,,,,,,DETECTED,285.06024,285.05792,285.06036,2.0528,1.9709,2.1403,7.58E6,2.372E5,9.342E3,7.58E6,0.0322,1.5144,1.7027,2,-0.0065,5,1
560,2.0528,2.014,2.2257,315.07048,315.06775,315.07074,2.986E6,8.787E4,3.369E4,2.986E6,1,1,70,,,,,,,,,DETECTED,315.07048,315.06775,315.07074,2.0528,2.014,2.2257,2.986E6,8.787E4,3.369E4,2.986E6,0.026,1.3622,1.957,1,-0.0031,3,1
564,2.0528,1.9766,2.1063,341.08688,341.0845,341.08716,1.361E7,4.065E5,4.84E4,1.361E7,2,1,70,,,,,,,,,DETECTED,341.08688,341.0845,341.08716,2.0528,1.9766,2.1063,1.361E7,4.065E5,4.84E4,1.361E7,0.0309,1.2901,1.6779,2,-0.053,4,1
567,2.0528,1.9957,2.1403,353.04805,353.04721,353.05194,1.876E5,7.38E3,1.137E4,1.876E5,0,1,70,,,,,,,,,DETECTED,353.04805,353.04721,353.05194,2.0528,1.9957,2.1403,1.876E5,7.38E3,1.137E4,1.876E5,0.03,0.9261,1.1506,,,2,1
568,2.0528,2.0253,2.1063,384.98379,384.98044,384.98639,1.694E5,5.131E3,1.486E4,1.694E5,0,1,70,,,,,,,,,DETECTED,384.98379,384.98044,384.98639,2.0528,2.0253,2.1063,1.694E5,5.131E3,1.486E4,1.694E5,0.0327,1.2886,1.4328,,,3,1
573,2.0528,2.0253,2.1517,451.12307,451.12012,451.12341,2.686E6,7.209E4,5.739E4,2.686E6,1,1,,,,,,,,,,DETECTED,451.12307,451.12012,451.12341,2.0528,2.0253,2.1517,2.686E6,7.209E4,5.739E4,2.686E6,0.0202,1.1823,0.7996,1,-0.0048,3,1
583,2.0528,2.0378,2.0825,628.15197,628.15076,628.1557,1.26E5,2.394E3,1.441E4,1.26E5,0,1,,,,,,,,,,DETECTED,628.15197,628.15076,628.1557,2.0528,2.0378,2.0825,1.26E5,2.394E3,1.441E4,1.26E5,0.0168,1.489,1.513,,,5,1
586,2.0676,2.0424,2.117,447.11214,447.11108,447.11572,4.243E5,8.554E3,1.809E4,4.243E5,0,1,,,,,,,,,,DETECTED,447.11214,447.11108,447.11572,2.0676,2.0424,2.117,4.243E5,8.554E3,1.809E4,4.243E5,0.0178,1.2132,1.4634,,,3,1
587,2.0751,2.0378,2.1063,339.07041,339.06796,339.0744,1.393E5,3.531E3,1.029E4,1.393E5,0,1,,,,,,,,,,DETECTED,339.07041,339.06796,339.0744,2.0751,2.0378,2.1063,1.393E5,3.531E3,1.029E4,1.393E5,0.021,0.9426,1.045,,,2,1
589,2.0825,2.0424,2.1708,175.05801,175.05721,175.05823,1.012E6,3.692E4,2.496E4,1.012E6,1,1,,,,,,,,,,DETECTED,175.05801,175.05721,175.05823,2.0825,2.0424,2.1708,1.012E6,3.692E4,2.496E4,1.012E6,0.0279,1.8543,1.9571,1,-0.0035,3,1
592,2.0932,2.0602,2.1403,377.04688,377.0441,377.0477,3.412E5,1.144E4,2.101E4,3.412E5,0,1,55,,,,,,,,,DETECTED,377.04688,377.0441,377.0477,2.0932,2.0602,2.1403,3.412E5,1.144E4,2.101E4,3.412E5,0.0283,1.4084,1.5975,,,3,1
596,2.0932,2.0528,2.1403,454.98851,454.98508,454.9895,3.542E5,1.136E4,1.356E4,3.542E5,0,1,55,,,,,,,,,DETECTED,454.98851,454.98508,454.9895,2.0932,2.0528,2.1403,3.542E5,1.136E4,1.356E4,3.542E5,0.029,1.4358,2.0539,,,5,1
598,2.0932,2.0676,2.1403,711.132,711.13068,711.13495,3.135E5,7.658E3,1.415E4,3.135E5,1,1,55,,,,,,,,,DETECTED,711.132,711.13068,711.13495,2.0932,2.0676,2.1403,3.135E5,7.658E3,1.415E4,3.135E5,0.0224,1.542,1.7959,1,0.0096,3,1
599,2.0932,2.0676,2.1403,771.15378,771.14984,771.15442,8.561E5,2.056E4,2.409E4,8.561E5,1,1,55,,,,,,,,,DETECTED,771.15378,771.14984,771.15442,2.0932,2.0676,2.1403,8.561E5,2.056E4,2.409E4,8.561E5,0.0225,1.1574,1.12,1,-0.0051,4,1
600,2.1063,1.9618,2.1708,143.03211,143.03149,143.03333,2.277E5,1.074E4,1.761E4,2.277E5,0,1,99,,,,,,,,,DETECTED,143.03211,143.03149,143.03333,2.1063,1.9618,2.1708,2.277E5,1.074E4,1.761E4,2.277E5,0.0281,1.3168,0.8081,,,3,1
601,2.1063,2.0676,2.1403,191.017,191.01659,191.01714,2.494E6,1.195E5,3.922E5,2.494E6,1,1,99,,,,,,,,,DETECTED,191.017,191.01659,191.01714,2.1063,2.0676,2.1403,2.494E6,1.195E5,3.922E5,2.494E6,0.0552,0.941,0.8819,1,-0.0215,4,1
602,2.1063,2.0602,2.1403,209.02751,209.02708,209.02791,1.816E5,8.987E3,3.463E4,1.816E5,0,1,99,,,,,,,,,DETECTED,209.02751,209.02708,209.02791,2.1063,2.0602,2.1403,1.816E5,8.987E3,3.463E4,1.816E5,0.0657,0.87,0.74,,,2,1
603,2.1063,2.0825,2.1403,345.11706,345.11642,345.1181,3.127E5,7.274E3,4.364E4,3.127E5,0,1,,,,,,,,,,DETECTED,345.11706,345.11642,345.1181,2.1063,2.0825,2.1403,3.127E5,7.274E3,4.364E4,3.127E5,0.0212,1.2157,1.0507,,,2,1
605,2.1063,2.0602,2.1403,355.06618,355.06494,355.0665,1.811E7,8.609E5,7.667E5,1.811E7,2,1,99,,,,,,,,,DETECTED,355.06618,355.06494,355.0665,2.1063,2.0602,2.1403,1.811E7,8.609E5,7.667E5,1.811E7,0.0525,0.9241,0.8978,2,-0.0437,4,1
606,2.1063,2.0424,2.1403,371.09682,371.09555,371.09756,2.211E5,8.768E3,2.54E4,2.211E5,0,1,99,,,,,,,,,DETECTED,371.09682,371.09555,371.09756,2.1063,2.0424,2.1403,2.211E5,8.768E3,2.54E4,2.211E5,0.0242,0.7666,0.5533,,,2,1
607,2.1063,1.9511,2.1517,503.13763,503.13547,503.14218,1.267E5,1.101E4,2.543E4,1.267E5,0,1,99,,,,,,,,,DETECTED,503.13763,503.13547,503.14218,2.1063,1.9511,2.1517,1.267E5,1.101E4,2.543E4,1.267E5,0.0602,0.6466,0.2931,,,2,1
615,2.1288,2.1063,2.1708,341.08594,341.08551,341.08618,7.088E6,1.702E5,5.042E5,7.088E6,2,1,14,,,,,,,,,DETECTED,341.08594,341.08551,341.08618,2.1288,2.1063,2.1708,7.088E6,1.702E5,5.042E5,7.088E6,0.0194,1.4314,2.9183,2,-0.0203,3,1
618,2.1288,2.1063,2.1708,637.13317,637.12854,637.13531,2.071E5,6.86E3,1.958E4,2.071E5,0,1,14,,,,,,,,,DETECTED,637.13317,637.12854,637.13531,2.1288,2.1063,2.1708,2.071E5,6.86E3,1.958E4,2.071E5,0.0305,1.4314,3.0735,,,2,1
621,2.1403,2.0932,2.29,135.02685,135.02628,135.02707,4.291E6,1.335E5,3.26E4,4.291E6,1,1,14,,,,,,,,,DETECTED,135.02685,135.02628,135.02707,2.1403,2.0932,2.29,4.291E6,1.335E5,3.26E4,4.291E6,0.0245,1.6128,1.4565,1,-0.0059,2,1
626,2.1403,2.0825,2.1966,177.01578,177.01549,177.01605,5.558E5,1.958E4,1.752E4,5.558E5,1,1,14,,,,,,,,,DETECTED,177.01578,177.01549,177.01605,2.1403,2.0825,2.1966,5.558E5,1.958E4,1.752E4,5.558E5,0.0285,1.0611,1.2516,1,0.0137,2,1
632,2.1403,2.0751,2.1966,251.05335,251.05139,251.05362,7.631E5,2.426E4,1.341E4,7.631E5,1,1,14,11,[M-H]-,2,252.06135,636;632,,,,DETECTED,251.05335,251.05139,251.05362,2.1403,2.0751,2.1966,7.631E5,2.426E4,1.341E4,7.631E5,0.0259,1.204,1.3386,1,0.0074,2,1
633,2.1403,2.0751,2.2362,295.0452,295.04318,295.0459,3.615E6,1.294E5,7.152E4,3.615E6,1,1,14,,,,,,,,,DETECTED,295.0452,295.04318,295.0459,2.1403,2.0751,2.2362,3.615E6,1.294E5,7.152E4,3.615E6,0.0287,1.7882,1.3205,1,-0.016,2,1
635,2.1403,2.0932,2.2659,297.02505,297.02341,297.0253,4.14E5,1.659E4,1.279E4,4.14E5,0,1,14,,,,,,,,,DETECTED,297.02505,297.02341,297.0253,2.1403,2.0932,2.2659,4.14E5,1.659E4,1.279E4,4.14E5,0.0313,2.2817,3.0266,,,2,1
636,2.1403,2.0932,2.3512,297.06029,297.05927,297.06055,6.75E7,2.499E6,2.753E5,6.75E7,4,1,14,11,[M+FA]-,2,252.06135,636;632,,,,DETECTED,297.06029,297.05927,297.06055,2.1403,2.0932,2.3512,6.75E7,2.499E6,2.753E5,6.75E7,0.0298,2.2047,1.8795,4,-0.0092,4,1
637,2.1403,2.1063,2.2479,297.08798,297.08649,297.08856,4.518E5,1.559E4,1.808E4,4.518E5,0,1,14,,,,,,,,,DETECTED,297.08798,297.08649,297.08856,2.1403,2.1063,2.2479,4.518E5,1.559E4,1.808E4,4.518E5,0.025,1.9899,3.5108,,,2,1
638,2.1403,2.1063,2.2546,297.09508,297.09381,297.0954,4.963E5,1.768E4,1.877E4,4.963E5,0,1,14,,,,,,,,,DETECTED,297.09508,297.09381,297.0954,2.1403,2.1063,2.2546,4.963E5,1.768E4,1.877E4,4.963E5,0.0295,2.2662,1.9109,,,3,1
645,2.1403,2.0932,2.2776,365.04607,365.0452,365.04987,6.352E5,2.889E4,1.884E4,6.352E5,1,1,14,,,,,,,,,DETECTED,365.04607,365.0452,365.04987,2.1403,2.0932,2.2776,6.352E5,2.889E4,1.884E4,6.352E5,0.0321,3.1516,4.2617,1,0.009,2,1
651,2.1403,2.0932,2.29,396.98347,396.98172,396.98523,1.27E6,4.871E4,2.584E4,1.27E6,1,1,14,,,,,,,,,DETECTED,396.98347,396.98172,396.98523,2.1403,2.0932,2.29,1.27E6,4.871E4,2.584E4,1.27E6,0.0313,2.5482,1.9765,1,-0.0043,3,1
655,2.1403,2.0825,2.1966,593.11082,593.10718,593.11719,2.396E6,5.373E4,1.133E4,2.396E6,1,1,14,,,,,,,,,DETECTED,593.11082,593.10718,593.11719,2.1403,2.0825,2.1966,2.396E6,5.373E4,1.133E4,2.396E6,0.0212,1.1468,1.2385,1,0.004,2,1
656,2.1403,2.0676,2.2362,595.12726,595.12244,595.13086,4.54E6,1.073E5,1.439E4,4.54E6,1,1,14,,,,,,,,,DETECTED,595.12726,595.12244,595.13086,2.1403,2.0676,2.2362,4.54E6,1.073E5,1.439E4,4.54E6,0.0275,1.2251,1.9154,1,-0.0025,3,1
658,2.1403,2.117,2.1708,617.10591,617.10309,617.10919,5.162E5,1.167E4,6.041E4,5.162E5,1,1,,,,,,,,,,DETECTED,617.10591,617.10309,617.10919,2.1403,2.117,2.1708,5.162E5,1.167E4,6.041E4,5.162E5,0.0246,1.1547,1.8508,1,0.0171,2,1
659,2.1403,2.1063,2.1708,639.15021,639.14868,639.1543,5.231E5,1.343E4,2.576E4,5.231E5,1,1,14,,,,,,,,,DETECTED,639.15021,639.14868,639.1543,2.1403,2.1063,2.1708,5.231E5,1.343E4,2.576E4,5.231E5,0.0246,1.1443,1.0568,1,0.0154,3,1
660,2.1517,2.0528,2.2479,241.03234,241.03079,241.03276,3.383E5,1.779E4,1.36E4,3.383E5,1,2,14,,,,,,,,,DETECTED,241.03234,241.03079,241.03276,2.1517,2.0528,2.2479,3.383E5,1.779E4,1.36E4,3.383E5,0.0562,1.119,1.0859,1,0.0091,2,2
662,2.1517,2.0676,2.2257,483.07508,483.07333,483.07666,1.465E6,4.553E4,1.003E4,1.465E6,1,1,14,,,,,,,,,DETECTED,483.07508,483.07333,483.07666,2.1517,2.0676,2.2257,1.465E6,4.553E4,1.003E4,1.465E6,0.0396,1.1148,1.3278,1,-0.0057,3,1
668,2.1636,2.1403,2.1966,357.0792,357.07788,357.07982,4.484E6,1.069E5,7.1E5,4.484E6,0,1,,,,,,,,,,DETECTED,357.0792,357.07788,357.07982,2.1636,2.1403,2.1966,4.484E6,1.069E5,7.1E5,4.484E6,0.0226,1.2107,2.613,,,3,1
669,2.1636,2.1403,2.2055,358.08251,358.08087,358.08444,4.538E5,1.184E4,5.934E4,4.538E5,1,1,,,,,,,,,,DETECTED,358.08251,358.08087,358.08444,2.1636,2.1403,2.2055,4.538E5,1.184E4,5.934E4,4.538E5,0.0234,1.4018,1.5111,1,0.0159,3,1
670,2.1636,2.1403,2.2479,373.07401,373.07187,373.07555,1.276E5,4.674E3,1.571E4,1.276E5,0,1,57,,,,,,,,,DETECTED,373.07401,373.07187,373.07555,2.1636,2.1403,2.2479,1.276E5,4.674E3,1.571E4,1.276E5,0.0257,2.3139,2.4285,,,2,1
671,2.1636,2.1403,2.1966,577.13001,577.12921,577.13196,8.669E5,2.628E4,3.413E5,8.669E5,1,1,,,,,,,,,,DETECTED,577.13001,577.12921,577.13196,2.1636,2.1403,2.1966,8.669E5,2.628E4,3.413E5,8.669E5,0.0305,1.2107,1.4214,1,-0.0044,4,1
672,2.1708,2.1403,2.2187,137.02104,137.02074,137.02127,2.929E5,1.199E4,6.373E4,2.929E5,0,1,57,,,,,,,,,DETECTED,137.02104,137.02074,137.02127,2.1708,2.1403,2.2187,2.929E5,1.199E4,6.373E4,2.929E5,0.0383,1.2864,1.5728,,,5,1
673,2.1708,2.1517,2.2362,475.14355,475.14316,475.14487,3.122E5,9.766E3,2.056E4,3.122E5,0,1,,,,,,,,,,DETECTED,475.14355,475.14316,475.14487,2.1708,2.1517,2.2362,3.122E5,9.766E3,2.056E4,3.122E5,0.0275,2.0827,2.4467,,,2,1
676,2.1844,2.1517,2.2362,327.10576,327.10446,327.10666,2.238E5,6.375E3,1.876E4,2.238E5,0,1,107,,,,,,,,,DETECTED,327.10576,327.10446,327.10666,2.1844,2.1517,2.2362,2.238E5,6.375E3,1.876E4,2.238E5,0.0441,1.6535,2.5971,,,2,1
677,2.1844,2.1517,2.2776,392.03628,392.03363,392.03656,1.869E6,5.146E4,4.599E4,1.869E6,1,1,107,,,,,,,,,DETECTED,392.03628,392.03363,392.03656,2.1844,2.1517,2.2776,1.869E6,5.146E4,4.599E4,1.869E6,0.0225,1.7614,1.8892,1,-0.0065,3,1
679,2.1844,2.1517,2.2776,463.08596,463.0845,463.09073,1.585E6,3.568E4,1.686E4,1.585E6,1,1,107,,,,,,,,,DETECTED,463.08596,463.0845,463.09073,2.1844,2.1517,2.2776,1.585E6,3.568E4,1.686E4,1.585E6,0.0178,2.5576,2.2764,1,0.0056,3,1
680,2.1844,2.1517,2.2187,785.07235,785.06677,785.07452,2.424E5,6.164E3,3.231E4,2.424E5,0,1,107,,,,,,,,,DETECTED,785.07235,785.06677,785.07452,2.1844,2.1517,2.2187,2.424E5,6.164E3,3.231E4,2.424E5,0.0231,1.0271,2.0808,,,3,1
683,2.2055,2.1403,2.2659,385.07514,385.07422,385.07565,4.869E5,3.389E4,6.828E4,4.869E5,1,1,,,,,,,,,,DETECTED,385.07514,385.07422,385.07565,2.2055,2.1403,2.2659,4.869E5,3.389E4,6.828E4,4.869E5,0.0383,0.9628,0.9257,1,0.0347,2,1
684,2.2055,2.1636,2.2546,533.05051,533.04669,533.05212,3.91E5,1.402E4,2.109E4,3.91E5,1,1,45,,,,,,,,,DETECTED,533.05051,533.04669,533.05212,2.2055,2.1636,2.2546,3.91E5,1.402E4,2.109E4,3.91E5,0.0252,1.0114,0.8793,1,0.0041,2,1
685,2.2055,2.1636,2.2362,533.55521,533.55164,533.55646,2.201E5,6.902E3,5.225E4,2.201E5,0,1,45,,,,,,,,,DETECTED,533.55521,533.55164,533.55646,2.2055,2.1636,2.2362,2.201E5,6.902E3,5.225E4,2.201E5,0.0215,0.866,0.7321,,,2,1
686,2.2055,2.1844,2.2479,755.15584,755.15314,755.15668,2.546E5,5.552E3,2.125E4,2.546E5,0,1,,,,,,,,,,DETECTED,755.15584,755.15314,755.15668,2.2055,2.1844,2.2479,2.546E5,5.552E3,2.125E4,2.546E5,0.0185,1.2876,3.2856,,,3,1
688,2.2144,2.1403,2.2659,355.11225,355.11185,355.11307,1.907E5,1.453E4,5.979E4,1.907E5,0,1,51,,,,,,,,,DETECTED,355.11225,355.11185,355.11307,2.2144,2.1403,2.2659,1.907E5,1.453E4,5.979E4,1.907E5,0.0915,0.847,0.6939,,,3,1
690,2.2187,2.1403,2.3886,209.02747,209.02708,209.02782,6.401E5,5.663E4,3.718E4,6.401E5,2,1,51,,,,,,,,,DETECTED,209.02747,209.02708,209.02782,2.2187,2.1403,2.3886,6.401E5,5.663E4,3.718E4,6.401E5,0.0441,1.6315,1.4894,2,-0.0426,2,1
691,2.2187,2.1403,2.3886,355.06619,355.06528,355.06662,2.612E7,2.87E6,1.473E6,2.612E7,4,1,51,,,,,,,,,DETECTED,355.06619,355.06528,355.06662,2.2187,2.1403,2.3886,2.612E7,2.87E6,1.473E6,2.612E7,0.1179,1.6918,1.5846,4,-0.0442,3,1
692,2.2187,2.1403,2.3886,356.06821,356.06729,356.0687,4.21E6,4.205E5,1.773E5,4.21E6,1,1,51,,,,,,,,,DETECTED,356.06821,356.06729,356.0687,2.2187,2.1403,2.3886,4.21E6,4.205E5,1.773E5,4.21E6,0.087,1.5329,1.1187,1,0.0736,3,1
693,2.2187,2.1403,2.2546,377.04598,377.04495,377.0473,3.452E5,2.396E4,5.028E4,3.452E5,0,1,51,,,,,,,,,DETECTED,377.04598,377.04495,377.0473,2.2187,2.1403,2.2546,3.452E5,2.396E4,5.028E4,3.452E5,0.0728,0.7283,0.4459,,,2,1
694,2.2187,2.1403,2.2659,711.13142,711.12885,711.13678,3.835E5,2.353E4,3.883E4,3.835E5,1,1,51,,,,,,,,,DETECTED,711.13142,711.12885,711.13678,2.2187,2.1403,2.2659,3.835E5,2.353E4,3.883E4,3.835E5,0.061,0.8005,1.019,1,-0.0109,4,1
696,2.2257,2.1844,2.2776,413.16232,413.16,413.16312,4.113E5,8.785E3,2.173E4,4.113E5,1,1,,,,,,,,,,DETECTED,413.16232,413.16,413.16312,2.2257,2.1844,2.2776,4.113E5,8.785E3,2.173E4,4.113E5,0.0171,1.1572,1.388,1,-0.0028,2,1
697,2.2257,2.2144,2.29,445.13144,445.13074,445.13364,2.542E5,6.996E3,2.189E4,2.542E5,1,1,79,,,,,,,,,DETECTED,445.13144,445.13074,445.13364,2.2257,2.2144,2.29,2.542E5,6.996E3,2.189E4,2.542E5,2.9227,3.4645,4.1224,1,0.0075,2,1
700,2.2257,2.1966,2.2659,503.13806,503.13745,503.14096,3.024E5,8.461E3,2.776E4,3.024E5,1,1,79,,,,,,,,,DETECTED,503.13806,503.13745,503.14096,2.2257,2.1966,2.2659,3.024E5,8.461E3,2.776E4,3.024E5,0.0227,1.1926,1.3608,1,0.0058,3,1
703,2.2362,2.2187,2.4572,137.02109,137.02069,137.02159,3.81E5,1.864E4,1.793E4,3.81E5,1,1,130,,,,,,,,,DETECTED,137.02109,137.02069,137.02159,2.2362,2.2187,2.4572,3.81E5,1.864E4,1.793E4,3.81E5,0.0292,6.1319,6.5392,1,0.0087,4,1
704,2.2362,2.2187,2.3886,299.07538,299.07486,299.07697,4.606E6,1.418E5,2.92E4,4.606E6,1,1,,,,,,,,,,DETECTED,299.07538,299.07486,299.07697,2.2362,2.2187,2.3886,4.606E6,1.418E5,2.92E4,4.606E6,0.0248,3.0511,7.4831,1,0.0054,4,1
705,2.2362,2.1966,2.3049,311.075,311.07404,311.07629,4.845E5,1.533E4,1.43E4,4.845E5,1,1,79,,,,,,,,,DETECTED,311.075,311.07404,311.07629,2.2362,2.1966,2.3049,4.845E5,1.533E4,1.43E4,4.845E5,0.0246,2.0953,1.8716,1,-0.0065,2,1
706,2.2362,2.2187,2.2776,367.06137,367.05862,367.06367,1.376E5,3.802E3,1.561E4,1.376E5,0,1,,,,,,,,,,DETECTED,367.06137,367.05862,367.06367,2.2362,2.2187,2.2776,1.376E5,3.802E3,1.561E4,1.376E5,0.0275,1.6816,2.9913,,,3,1
707,2.2362,2.2144,2.2659,504.13917,504.13422,504.14377,6.441E4,1.727E3,1.885E4,6.441E4,0,1,79,,,,,,,,,DETECTED,504.13917,504.13422,504.14377,2.2362,2.2144,2.2659,6.441E4,1.727E3,1.885E4,6.441E4,0.1045,1.1804,1.3609,,,2,1
709,2.2479,2.2144,2.2975,467.03464,467.03262,467.03555,2.084E6,5.133E4,2.807E4,2.084E6,1,1,130,,,,,,,,,DETECTED,467.03464,467.03262,467.03555,2.2479,2.2144,2.2975,2.084E6,5.133E4,2.807E4,2.084E6,0.0212,1.4392,1.3779,1,-0.0046,3,1
710,2.2479,2.2257,2.29,639.112,639.10876,639.11322,6.489E5,1.438E4,2.973E4,6.489E5,1,1,71,,,,,,,,,DETECTED,639.112,639.10876,639.11322,2.2479,2.2257,2.29,6.489E5,1.438E4,2.973E4,6.489E5,0.0221,1.1551,1.0912,1,0.0219,3,1
711,2.2479,2.2257,2.2776,640.11005,640.10742,640.11188,1.757E5,3.986E3,3.349E4,1.757E5,0,1,,,,,,,,,,DETECTED,640.11005,640.10742,640.11188,2.2479,2.2257,2.2776,1.757E5,3.986E3,3.349E4,1.757E5,0.0226,1.1642,0.8896,,,3,1
714,2.2546,2.1966,2.317,316.03054,316.02997,316.03287,2.288E6,5.299E4,1.736E4,2.288E6,1,1,71,,,,,,,,,DETECTED,316.03054,316.02997,316.03287,2.2546,2.1966,2.317,2.288E6,5.299E4,1.736E4,2.288E6,0.017,1.8713,1.964,1,0.0052,3,1
715,2.2546,2.1708,2.4086,341.08612,341.08502,341.0864,9.441E6,5.182E5,1.576E5,9.441E6,3,1,71,,,,,,,,,DETECTED,341.08612,341.08502,341.0864,2.2546,2.1708,2.4086,9.441E6,5.182E5,1.576E5,9.441E6,0.0466,1.1175,0.7386,3,-0.0335,4,1
722,2.2659,2.2257,2.5171,289.07029,289.06851,289.07086,1.235E7,3.883E5,1.756E4,1.235E7,2,1,0,12,[M-H]-,2,290.07708,722;727,,,,DETECTED,289.07029,289.06851,289.07086,2.2659,2.2257,2.5171,1.235E7,3.883E5,1.756E4,1.235E7,0.036,1.7568,1.5628,2,-0.009,4,1
725,2.2659,2.2362,2.3276,295.04372,295.04312,295.04413,4.304E5,1.847E4,5.007E4,4.304E5,0,1,0,,,,,,,,,DETECTED,295.04372,295.04312,295.04413,2.2659,2.2362,2.3276,4.304E5,1.847E4,5.007E4,4.304E5,0.033,1.54,1.9638,,,2,1
727,2.2659,2.2362,2.3512,335.07481,335.07428,335.07706,3.532E5,1.005E4,1.52E4,3.532E5,0,1,0,12,[M+FA]-,2,290.07708,722;727,,,,DETECTED,335.07481,335.07428,335.07706,2.2659,2.2362,2.3512,3.532E5,1.005E4,1.52E4,3.532E5,0.0248,1.5751,1.2183,,,3,1
728,2.2659,2.2144,2.4693,417.10206,417.09909,417.10532,1.323E7,3.388E5,1.227E4,1.323E7,2,1,0,,,,,,,,,DETECTED,417.10206,417.09909,417.10532,2.2659,2.2144,2.4693,1.323E7,3.388E5,1.227E4,1.323E7,0.0353,1.3147,1.2511,2,-0.0078,4,1
730,2.2659,2.2479,2.3049,467.08051,467.08023,467.0806,3.407E5,6.972E3,3.738E4,3.407E5,0,1,,,,,,,,,,DETECTED,467.08051,467.08023,467.0806,2.2659,2.2479,2.3049,3.407E5,6.972E3,3.738E4,3.407E5,0.0169,1.5895,2.6701,,,3,1
731,2.2659,2.2257,2.3276,858.55238,858.5473,858.55493,4.884E5,1.374E4,2.377E4,4.884E5,0,1,0,,,,,,,,,DETECTED,858.55238,858.5473,858.55493,2.2659,2.2257,2.3276,4.884E5,1.374E4,2.377E4,4.884E5,0.0232,1.1303,1.2609,,,2,1
732,2.2776,2.2479,2.3689,191.05265,191.05183,191.05286,1.002E6,3.407E4,3.615E4,1.002E6,1,1,0,,,,,,,,,DETECTED,191.05265,191.05183,191.05286,2.2776,2.2479,2.3689,1.002E6,3.407E4,3.615E4,1.002E6,0.0855,2.0299,2.1206,1,-0.006,3,1
733,2.2776,2.2362,2.3978,351.07144,351.06833,351.07202,1.108E6,3.62E4,1.451E4,1.108E6,1,1,0,,,,,,,,,DETECTED,351.07144,351.06833,351.07202,2.2776,2.2362,2.3978,1.108E6,3.62E4,1.451E4,1.108E6,0.0274,2.2393,1.9756,1,-0.0043,5,1
734,2.2776,2.2144,2.4974,353.08688,353.08423,353.08856,1.977E7,6.883E5,1.419E4,1.977E7,2,1,0,,,,,,,,,DETECTED,353.08688,353.08423,353.08856,2.2776,2.2144,2.4974,1.977E7,6.883E5,1.419E4,1.977E7,0.0581,2.1502,2.0592,2,-0.0094,6,1
735,2.2776,2.2479,2.4572,354.08959,354.08759,354.09085,3.081E6,9.998E4,1.332E4,3.081E6,1,1,0,,,,,,,,,DETECTED,354.08959,354.08759,354.09085,2.2776,2.2479,2.4572,3.081E6,9.998E4,1.332E4,3.081E6,0.0463,1.9884,1.726,1,0.036,6,1
737,2.2776,2.1403,2.3276,371.09624,371.09387,371.09705,3.719E5,2.446E4,4.164E4,3.719E5,0,1,,,,,,,,,,DETECTED,371.09624,371.09387,371.09705,2.2776,2.1403,2.3276,3.719E5,2.446E4,4.164E4,3.719E5,0.0406,0.6822,0.4583,,,2,1
740,2.2975,2.2659,2.3383,385.07585,385.07468,385.07651,1.015E6,3.498E4,1.605E5,1.015E6,1,1,35,,,,,,,,,DETECTED,385.07585,385.07468,385.07651,2.2975,2.2659,2.3383,1.015E6,3.498E4,1.605E5,1.015E6,0.0303,1.1464,1.9098,1,0.0023,3,1
741,2.2975,2.2659,2.4572,476.04008,476.0383,476.04495,9.714E5,2.943E4,1.31E4,9.714E5,1,1,35,,,,,,,,,DETECTED,476.04008,476.0383,476.04495,2.2975,2.2659,2.4572,9.714E5,2.943E4,1.31E4,9.714E5,0.021,3.1599,2.934,1,0.004,2,1
742,2.3049,2.29,2.3512,517.15414,517.15002,517.15607,6.491E4,1.743E3,9.561E3,6.491E4,0,1,,,,,,,,,,DETECTED,517.15414,517.15002,517.15607,2.3049,2.29,2.3512,6.491E4,1.743E3,9.561E3,6.491E4,0.026,2.0496,2.3828,,,2,1
743,2.3049,2.2659,2.3512,595.12486,595.12231,595.13214,1.399E5,3.247E3,1.177E4,1.399E5,0,1,,,,,,,,,,DETECTED,595.12486,595.12231,595.13214,2.3049,2.2659,2.3512,1.399E5,3.247E3,1.177E4,1.399E5,0.0169,1.9334,2.4704,,,2,1
746,2.317,2.1708,2.5513,175.05852,175.05725,175.05879,1.037E7,4.592E5,3.937E4,1.037E7,4,1,60,,,,,,,,,DETECTED,175.05852,175.05725,175.05879,2.317,2.1708,2.5513,1.037E7,4.592E5,3.937E4,1.037E7,0.0289,2.855,4.8509,4,-0.0085,3,1
751,2.317,2.2546,2.4086,291.01269,291.0108,291.01318,5.869E5,2.051E4,1.84E4,5.869E5,1,1,60,,,,,,,,,DETECTED,291.01269,291.0108,291.01318,2.317,2.2546,2.4086,5.869E5,2.051E4,1.84E4,5.869E5,0.0254,1.848,2.728,1,0.0071,2,1
753,2.317,2.2975,2.3812,466.02618,466.02405,466.02942,1.065E5,3.466E3,1.528E4,1.065E5,0,2,60,,,,,,,,,DETECTED,466.02618,466.02405,466.02942,2.317,2.2975,2.3812,1.065E5,3.466E3,1.528E4,1.065E5,0.0281,2.1458,5.5821,,,2,2
754,2.317,2.2975,2.3812,467.03514,467.03229,467.03552,3.591E6,7.816E4,7.707E4,3.591E6,1,1,60,,,,,,,,,DETECTED,467.03514,467.03229,467.03552,2.317,2.2975,2.3812,3.591E6,7.816E4,7.707E4,3.591E6,0.0183,1.8778,2.5584,1,0.0054,3,1
760,2.3276,2.29,2.4572,183.0266,183.02588,183.02682,5.49E5,2.248E4,1.946E4,5.49E5,1,1,60,,,,,,,,,DETECTED,183.0266,183.02588,183.02682,2.3276,2.29,2.4572,5.49E5,2.248E4,1.946E4,5.49E5,0.0304,2.4878,2.141,1,0.0056,8,1
761,2.3276,2.3049,2.3619,311.07518,311.0741,311.07599,8.005E4,3.448E3,3.401E4,8.005E4,0,1,144,,,,,,,,,DETECTED,311.07518,311.0741,311.07599,2.3276,2.3049,2.3619,8.005E4,3.448E3,3.401E4,8.005E4,0.0471,1.2604,1.5207,,,3,1
763,2.3276,2.2187,2.4455,473.12783,473.12479,473.1308,4.016E5,2.251E4,1.153E4,4.016E5,1,1,144,,,,,,,,,DETECTED,473.12783,473.12479,473.1308,2.3276,2.2187,2.4455,4.016E5,2.251E4,1.153E4,4.016E5,0.056,0.9488,0.861,1,0.0073,3,1
765,2.3383,2.317,2.4455,316.03097,316.02921,316.03204,7.596E5,1.696E4,9.404E3,7.596E5,1,1,112,,,,,,,,,DETECTED,316.03097,316.02921,316.03204,2.3383,2.317,2.4455,7.596E5,1.696E4,9.404E3,7.596E5,0.0169,1.5095,2.5197,1,0.0094,2,1
766,2.3383,2.2975,2.3689,483.07638,483.073,483.07812,1.074E5,2.88E3,1.201E4,1.074E5,0,1,112,,,,,,,,,DETECTED,483.07638,483.073,483.07812,2.3383,2.2975,2.3689,1.074E5,2.88E3,1.201E4,1.074E5,0.2422,0.8747,2.8092,,,2,1
769,2.3512,2.3276,2.3812,431.11654,431.11377,431.11841,1.214E5,2.369E3,2.391E4,1.214E5,0,1,,,,,,,,,,DETECTED,431.11654,431.11377,431.11841,2.3512,2.3276,2.3812,1.214E5,2.369E3,2.391E4,1.214E5,0.0168,1.1343,0.9049,,,2,1
770,2.3619,2.3276,2.4235,163.0368,163.03622,163.0369,1.048E6,3.219E4,1.912E4,1.048E6,1,1,1,,,,,,,,,DETECTED,163.0368,163.03622,163.0369,2.3619,2.3276,2.4235,1.048E6,3.219E4,1.912E4,1.048E6,0.0265,4.1097,2.3122,1,0.0093,3,1
771,2.3619,2.3276,2.4235,281.06498,281.0643,281.06525,5.028E6,1.43E5,8.25E4,5.028E6,1,1,1,,,,,,,,,DETECTED,281.06498,281.0643,281.06525,2.3619,2.3276,2.4235,5.028E6,1.43E5,8.25E4,5.028E6,0.0261,1.6412,1.4431,1,-0.0034,3,1
773,2.3619,2.317,2.6865,293.12296,293.12048,293.12347,1.325E7,3.923E5,9.553E3,1.325E7,2,1,1,,,,,,,,,DETECTED,293.12296,293.12048,293.12347,2.3619,2.317,2.6865,1.325E7,3.923E5,9.553E3,1.325E7,0.0216,2.3649,1.8662,2,-0.0051,4,1
779,2.3619,2.3383,2.4086,575.19708,575.19589,575.19836,8.559E5,1.666E4,1.31E4,8.559E5,1,1,,,,,,,,,,DETECTED,575.19708,575.19589,575.19836,2.3619,2.3383,2.4086,8.559E5,1.666E4,1.31E4,8.559E5,0.0195,0.9979,0.8069,1,0.011,3,1
781,2.3619,2.3383,2.3978,587.25028,587.24882,587.25446,4.15E5,7.698E3,9.89E3,4.15E5,0,1,,,,,,,,,,DETECTED,587.25028,587.24882,587.25446,2.3619,2.3383,2.3978,4.15E5,7.698E3,9.89E3,4.15E5,0.0227,1.5998,1.8532,,,3,1
784,2.3619,2.3383,2.4086,871.25056,871.24799,871.25195,1.498E5,3.819E3,1.198E4,1.498E5,0,1,,,,,,,,,,DETECTED,871.25056,871.24799,871.25195,2.3619,2.3383,2.4086,1.498E5,3.819E3,1.198E4,1.498E5,0.022,1.33,2.8461,,,3,1
786,2.3689,2.3512,2.4782,297.05936,297.05869,297.05984,7.684E5,4.715E4,1.77E5,7.684E5,1,1,18,,,,,,,,,DETECTED,297.05936,297.05869,297.05984,2.3689,2.3512,2.4782,7.684E5,4.715E4,1.77E5,7.684E5,0.049,3.5873,6.1746,1,0.0073,3,1
787,2.3689,2.3276,2.4572,325.09084,325.09055,325.09186,1.393E6,4.54E4,2.523E4,1.393E6,1,1,18,13,[M-H]-,2,326.09816,787;788,,,,DETECTED,325.09084,325.09055,325.09186,2.3689,2.3276,2.4572,1.393E6,4.54E4,2.523E4,1.393E6,0.0233,2.1477,2.5344,1,0.0056,3,1
788,2.3689,2.3276,2.4455,371.09641,371.09427,371.09778,2.565E5,1.201E4,2.228E4,2.565E5,0,1,18,13,[M+FA]-,2,326.09816,787;788,,,,DETECTED,371.09641,371.09427,371.09778,2.3689,2.3276,2.4455,2.565E5,1.201E4,2.228E4,2.565E5,0.0262,1.4259,1.6791,,,2,1
789,2.3689,2.3383,2.5405,385.07589,385.07553,385.07672,2.472E6,1.239E5,4.177E4,2.472E6,2,1,18,,,,,,,,,DETECTED,385.07589,385.07553,385.07672,2.3689,2.3383,2.5405,2.472E6,1.239E5,4.177E4,2.472E6,0.0885,2.8049,5.0498,2,-0.0137,3,1
791,2.3689,2.317,2.4903,577.13446,577.12915,577.13489,1.039E7,6.392E5,1.535E5,1.039E7,2,1,18,,,,,,,,,DETECTED,577.13446,577.12915,577.13489,2.3689,2.317,2.4903,1.039E7,6.392E5,1.535E5,1.039E7,0.0554,1.5247,2.0729,2,-0.0228,5,1
793,2.3689,2.2659,2.4693,579.13446,579.12769,579.13696,7.112E5,4.757E4,3.427E4,7.112E5,0,1,18,,,,,,,,,DETECTED,579.13446,579.12769,579.13696,2.3689,2.2659,2.4693,7.112E5,4.757E4,3.427E4,7.112E5,0.0586,1.1591,2.0652,,,5,1
796,2.3689,2.3276,2.4455,645.11526,645.1109,645.11865,1.042E5,7.734E3,2.015E4,1.042E5,0,1,18,,,,,,,,,DETECTED,645.11526,645.1109,645.11865,2.3689,2.3276,2.4455,1.042E5,7.734E3,2.015E4,1.042E5,0.0777,1.4259,1.7493,,,2,1
799,2.3689,2.3383,2.4235,1155.25717,1155.25061,1155.26709,6.08E4,2.179E3,9.395E3,6.08E4,0,1,18,,,,,,,,,DETECTED,1155.25717,1155.25061,1155.26709,2.3689,2.3383,2.4235,6.08E4,2.179E3,9.395E3,6.08E4,0.061,1.3914,2.8695,,,3,1
800,2.3812,2.3276,2.438,295.04342,295.04288,295.04404,2.419E5,1.215E4,3.459E4,2.419E5,0,1,18,,,,,,,,,DETECTED,295.04342,295.04288,295.04404,2.3812,2.3276,2.438,2.419E5,1.215E4,3.459E4,2.419E5,0.0364,1.0293,1.0585,,,2,1
801,2.3812,2.317,2.4235,357.11714,357.11456,357.11844,1.292E5,4.987E3,1.099E4,1.292E5,0,1,18,,,,,,,,,DETECTED,357.11714,357.11456,357.11844,2.3812,2.317,2.4235,1.292E5,4.987E3,1.099E4,1.292E5,0.1069,1.0668,1.1243,,,3,1
802,2.3812,2.3619,2.4782,517.09523,517.09174,517.09741,1.217E5,4.875E3,1.513E4,1.217E5,0,1,,,,,,,,,,DETECTED,517.09523,517.09174,517.09741,2.3812,2.3619,2.4782,1.217E5,4.875E3,1.513E4,1.217E5,0.028,3.0142,5.2651,,,3,1
803,2.3812,2.3276,2.4572,575.11756,575.11505,575.12189,1.362E5,8.417E3,2.075E4,1.362E5,0,1,18,,,,,,,,,DETECTED,575.11756,575.11505,575.12189,2.3812,2.3276,2.4572,1.362E5,8.417E3,2.075E4,1.362E5,0.0702,1.2081,1.5991,,,2,1
805,2.3886,2.317,2.4974,369.08105,369.07782,369.08203,8.182E5,3.325E4,1.175E4,8.182E5,1,1,,,,,,,,,,DETECTED,369.08105,369.07782,369.08203,2.3886,2.317,2.4974,8.182E5,3.325E4,1.175E4,8.182E5,0.045,3.0286,4.6666,1,0.0023,2,1
809,2.3978,2.3512,2.438,337.05466,337.05359,337.0564,2.584E5,9.899E3,2.918E4,2.584E5,1,1,53,14,[M-H]-,3,338.06195,810;809;812,,,,DETECTED,337.05466,337.05359,337.0564,2.3978,2.3512,2.438,2.584E5,9.899E3,2.918E4,2.584E5,0.0254,0.9321,0.8642,1,0.0073,2,1
810,2.3978,2.3619,2.4572,373.03127,373.03076,373.03238,4.168E5,1.201E4,1.153E4,4.168E5,1,1,53,14,[M+Cl]-,3,338.06195,810;809;812,,,,DETECTED,373.03127,373.03076,373.03238,2.3978,2.3619,2.4572,4.168E5,1.201E4,1.153E4,4.168E5,0.0247,1.2191,1.3364,1,-0.0035,4,1
811,2.3978,2.3689,2.4455,375.02927,375.02817,375.03043,1.206E5,3.333E3,8.515E3,1.206E5,0,1,53,,,,,,,,,DETECTED,375.02927,375.02817,375.03043,2.3978,2.3689,2.4455,1.206E5,3.333E3,8.515E3,1.206E5,0.0222,1.2303,1.2994,,,4,1
812,2.3978,2.3383,2.4572,383.06024,383.05881,383.0611,4.242E5,1.247E4,9.73E3,4.242E5,1,1,53,14,[M+FA]-,3,338.06195,810;809;812,,,,DETECTED,383.06024,383.05881,383.0611,2.3978,2.3383,2.4572,4.242E5,1.247E4,9.73E3,4.242E5,0.0234,1.0918,4.9173,1,0.0057,2,1
813,2.3978,2.3689,2.4455,397.13184,397.13077,397.13379,1.359E5,4.655E3,1.366E4,1.359E5,0,1,53,,,,,,,,,DETECTED,397.13184,397.13077,397.13379,2.3978,2.3689,2.4455,1.359E5,4.655E3,1.366E4,1.359E5,0.0546,1.3264,2.2969,,,2,1
814,2.3978,2.3619,2.4572,454.98961,454.98654,454.99139,8.433E4,3.624E3,1.83E4,8.433E4,0,1,53,,,,,,,,,DETECTED,454.98961,454.98654,454.99139,2.3978,2.3619,2.4572,8.433E4,3.624E3,1.83E4,8.433E4,0.0327,1.329,1.658,,,3,1
815,2.3978,2.3383,2.4235,783.05457,783.05334,783.05591,1.672E5,6.388E3,1.183E4,1.672E5,0,1,,,,,,,,,,DETECTED,783.05457,783.05334,783.05591,2.3978,2.3383,2.4235,1.672E5,6.388E3,1.183E4,1.672E5,0.0406,0.7617,0.597,,,3,1
817,2.4086,2.3886,2.5405,355.06562,355.06467,355.06604,3.702E6,2.416E5,4.171E5,3.702E6,3,1,49,,,,,,,,,DETECTED,355.06562,355.06467,355.06604,2.4086,2.3886,2.5405,3.702E6,2.416E5,4.171E5,3.702E6,1.8046,3.8106,4.6901,3,0.0097,4,1
818,2.4086,2.3886,2.4572,367.10135,367.09958,367.10214,8.547E4,2.847E3,3.343E4,8.547E4,0,1,,,,,,,,,,DETECTED,367.10135,367.09958,367.10214,2.4086,2.3886,2.4572,8.547E4,2.847E3,3.343E4,8.547E4,0.0875,1.7209,2.4418,,,3,1
819,2.4086,2.3812,2.4693,459.14888,459.14627,459.15237,3.422E5,1.007E4,1.769E4,3.422E5,0,1,49,,,,,,,,,DETECTED,459.14888,459.14627,459.15237,2.4086,2.3812,2.4693,3.422E5,1.007E4,1.769E4,3.422E5,0.0258,2.0213,2.7604,,,3,1
820,2.416,2.3886,2.4572,433.20475,433.2045,433.20676,2.407E5,4.957E3,1.25E4,2.407E5,0,1,,,,,,,,,,DETECTED,433.20475,433.2045,433.20676,2.416,2.3886,2.4572,2.407E5,4.957E3,1.25E4,2.407E5,0.0175,1.3064,1.3694,,,3,1
821,2.4235,2.3978,2.4693,161.07871,161.07848,161.07881,3.358E5,8.295E3,3.002E4,3.358E5,0,1,90,,,,,,,,,DETECTED,161.07871,161.07848,161.07881,2.4235,2.3978,2.4693,3.358E5,8.295E3,3.002E4,3.358E5,0.0226,1.2212,2.1213,,,2,1
823,2.4235,2.3619,2.4572,483.04686,483.04382,483.05054,3.725E5,1.187E4,2.922E4,3.725E5,1,1,90,,,,,,,,,DETECTED,483.04686,483.04382,483.05054,2.4235,2.3619,2.4572,3.725E5,1.187E4,2.922E4,3.725E5,0.0979,1.5769,1.6126,1,0.0111,2,1
824,2.438,2.4086,2.4693,291.01233,291.01111,291.01282,1.949E5,5.701E3,2.537E4,1.949E5,0,1,98,,,,,,,,,DETECTED,291.01233,291.01111,291.01282,2.438,2.4086,2.4693,1.949E5,5.701E3,2.537E4,1.949E5,0.0285,1.0302,1.2325,,,3,1
825,2.438,2.2776,2.5171,392.03717,392.034,392.03821,5.487E6,1.26E5,3.487E4,5.487E6,1,1,98,,,,,,,,,DETECTED,392.03717,392.034,392.03821,2.438,2.2776,2.5171,5.487E6,1.26E5,3.487E4,5.487E6,0.0201,1.2944,1.3203,1,-0.0068,3,1
830,2.4455,2.4086,2.5405,341.08553,341.08475,341.08609,4.909E5,3.055E4,8.79E4,4.909E5,1,1,,,,,,,,,,DETECTED,341.08553,341.08475,341.08609,2.4455,2.4086,2.5405,4.909E5,3.055E4,8.79E4,4.909E5,0.0512,1.7863,1.6908,1,-0.0126,3,1
831,2.4455,2.416,2.4903,499.10504,499.10272,499.10977,7.305E4,2.1E3,9.942E3,7.305E4,0,1,,,,,,,,,,DETECTED,499.10504,499.10272,499.10977,2.4455,2.416,2.4903,7.305E4,2.1E3,9.942E3,7.305E4,0.0236,1.2602,4.2113,,,3,1
832,2.4455,2.4235,2.4782,609.14018,609.13885,609.146,1.066E5,2.297E3,1.921E4,1.066E5,0,1,,,,,,,,,,DETECTED,609.14018,609.13885,609.146,2.4455,2.4235,2.4782,1.066E5,2.297E3,1.921E4,1.066E5,0.0223,1.2427,3.1757,,,2,1
833,2.4455,2.3978,2.4782,785.0736,785.06982,785.07654,4.956E5,1.387E4,1.874E4,4.956E5,0,1,98,,,,,,,,,DETECTED,785.0736,785.06982,785.07654,2.4455,2.3978,2.4782,4.956E5,1.387E4,1.874E4,4.956E5,0.0247,1.0435,1.1815,,,3,1
834,2.4572,2.4235,2.5861,163.03728,163.0361,163.03738,7.163E6,2.894E5,7.717E4,7.163E6,2,1,122,,,,,,,,,DETECTED,163.03728,163.0361,163.03738,2.4572,2.4235,2.5861,7.163E6,2.894E5,7.717E4,7.163E6,0.0485,3.2331,3.9176,2,-0.0061,4,1
836,2.4572,2.4086,2.5861,179.03167,179.03091,179.03386,1.177E6,5.045E4,9.546E3,1.177E6,1,1,122,,,,,,,,,DETECTED,179.03167,179.03091,179.03386,2.4572,2.4086,2.5861,1.177E6,5.045E4,9.546E3,1.177E6,0.0381,1.6432,4.0619,1,-0.0044,3,1
841,2.4572,2.4235,2.5861,281.06572,281.0643,281.06586,4.934E7,2.242E6,2.702E5,4.934E7,3,1,122,,,,,,,,,DETECTED,281.06572,281.0643,281.06586,2.4572,2.4235,2.5861,4.934E7,2.242E6,2.702E5,4.934E7,0.0493,3.3423,4.2915,3,-0.0277,4,1
842,2.4572,2.438,2.5747,281.09132,281.09021,281.09167,3.991E5,1.268E4,1.555E4,3.991E5,0,1,,,,,,,,,,DETECTED,281.09132,281.09021,281.09167,2.4572,2.438,2.5747,3.991E5,1.268E4,1.555E4,3.991E5,0.018,2.9231,3.2121,,,2,1
843,2.4572,2.4235,2.5747,281.09781,281.09717,281.09814,3.694E5,1.479E4,1.251E4,3.694E5,0,1,122,,,,,,,,,DETECTED,281.09781,281.09717,281.09814,2.4572,2.4235,2.5747,3.694E5,1.479E4,1.251E4,3.694E5,0.0515,3.3264,4.2934,,,3,1
844,2.4572,2.4235,2.5747,283.06848,283.06802,283.06964,7.475E5,3.177E4,1.553E4,7.475E5,0,1,122,,,,,,,,,DETECTED,283.06848,283.06802,283.06964,2.4572,2.4235,2.5747,7.475E5,3.177E4,1.553E4,7.475E5,0.0402,3.3343,4.2842,,,4,1
846,2.4572,2.4235,2.6107,349.05207,349.05008,349.0527,8.7E5,6.036E4,1.056E4,8.7E5,2,1,122,,,,,,,,,DETECTED,349.05207,349.05008,349.0527,2.4572,2.4235,2.6107,8.7E5,6.036E4,1.056E4,8.7E5,0.0385,3.6939,5.5801,2,-0.0027,3,1
854,2.4572,2.438,2.5171,616.04649,616.04388,616.04846,1.012E5,3.256E3,1.222E4,1.012E5,0,1,,,,,,,,,,DETECTED,616.04649,616.04388,616.04846,2.4572,2.438,2.5171,1.012E5,3.256E3,1.222E4,1.012E5,0.0184,2.0611,4.9929,,,3,1
855,2.4693,2.438,2.5171,865.18581,865.18213,865.18921,4.139E5,1.274E4,3.726E4,4.139E5,0,1,117,,,,,,,,,DETECTED,865.18581,865.18213,865.18921,2.4693,2.438,2.5171,4.139E5,1.274E4,3.726E4,4.139E5,0.0336,1.1162,1.1672,,,3,1
857,2.4782,2.4572,2.5171,325.09108,325.09061,325.09186,3.749E5,1.072E4,5.273E4,3.749E5,1,1,,,,,,,,,,DETECTED,325.09108,325.09061,325.09186,2.4782,2.4572,2.5171,3.749E5,1.072E4,5.273E4,3.749E5,0.0237,1.4273,1.8547,1,0.0073,2,1
858,2.4782,2.438,2.5171,337.05473,337.05341,337.05493,7.676E5,2.974E4,6.149E4,7.676E5,1,1,117,,,,,,,,,DETECTED,337.05473,337.05341,337.05493,2.4782,2.438,2.5171,7.676E5,2.974E4,6.149E4,7.676E5,0.0419,0.9844,1.159,1,-0.005,3,1
862,2.4782,2.4572,2.5405,784.05856,784.05353,784.06213,3.8E5,9.067E3,1.619E4,3.8E5,0,1,,,,,,,,,,DETECTED,784.05856,784.05353,784.06213,2.4782,2.4572,2.5405,3.8E5,9.067E3,1.619E4,3.8E5,0.0209,1.4412,3.5007,,,4,1
864,2.4903,2.4235,2.5861,135.02703,135.0262,135.02716,3.238E6,1.669E5,2.376E4,3.238E6,2,1,122,,,,,,,,,DETECTED,135.02703,135.0262,135.02716,2.4903,2.4235,2.5861,3.238E6,1.669E5,2.376E4,3.238E6,0.059,1.3169,1.347,2,-0.0258,3,1
866,2.4903,2.438,2.6429,303.0475,303.04651,303.04919,1.459E5,1.003E4,1.387E4,1.459E5,0,1,122,,,,,,,,,DETECTED,303.0475,303.04651,303.04919,2.4903,2.438,2.6429,1.459E5,1.003E4,1.387E4,1.459E5,0.1153,2.0122,2.868,,,2,1
870,2.4903,2.4086,2.5747,380.9894,380.98749,380.9905,8.799E5,5.28E4,8.977E3,8.799E5,1,1,122,,,,,,,,,DETECTED,380.9894,380.98749,380.9905,2.4903,2.4086,2.5747,8.799E5,5.28E4,8.977E3,8.799E5,0.036,1.216,1.2795,1,-0.0241,7,1
871,2.4903,2.4086,2.5513,563.13857,563.13477,563.13959,5.5E6,2.013E5,6.82E4,5.5E6,2,1,122,,,,,,,,,DETECTED,563.13857,563.13477,563.13959,2.4903,2.4086,2.5513,5.5E6,2.013E5,6.82E4,5.5E6,0.0475,0.7828,0.6097,2,-0.0274,4,1
875,2.4974,2.4572,2.5637,379.15823,379.15613,379.15915,2.06E5,6.956E3,1.482E4,2.06E5,0,1,,,,,,,,,,DETECTED,379.15823,379.15613,379.15915,2.4974,2.4572,2.5637,2.06E5,6.956E3,1.482E4,2.06E5,0.0227,1.2456,1.373,,,2,1
878,2.5076,2.438,2.6107,295.04401,295.04266,295.04446,1.236E6,3.966E4,3.459E4,1.236E6,1,1,104,,,,,,,,,DETECTED,295.04401,295.04266,295.04446,2.5076,2.438,2.6107,1.236E6,3.966E4,3.459E4,1.236E6,0.0197,1.7612,2.7563,1,-0.0029,2,1
880,2.5076,2.4782,2.5861,297.05991,297.05856,297.06009,5.689E6,1.592E5,1.77E5,5.689E6,2,1,104,,,,,,,,,DETECTED,297.05991,297.05856,297.06009,2.5076,2.4782,2.5861,5.689E6,1.592E5,1.77E5,5.689E6,0.0192,2.9903,2.8375,2,-0.0046,4,1
882,2.5076,2.4782,2.5637,373.03916,373.03824,373.03955,1.442E5,4.02E3,1.706E4,1.442E5,0,1,104,,,,,,,,,DETECTED,373.03916,373.03824,373.03955,2.5076,2.4782,2.5637,1.442E5,4.02E3,1.706E4,1.442E5,0.0201,1.4554,1.6577,,,5,1
885,2.5076,2.4782,2.5861,517.09447,517.09332,517.09821,2.342E5,8.115E3,1.513E4,2.342E5,0,1,104,,,,,,,,,DETECTED,517.09447,517.09332,517.09821,2.5076,2.4782,2.5861,2.342E5,8.115E3,1.513E4,2.342E5,0.0253,1.8358,6.9877,,,2,1
889,2.5076,2.4903,2.5513,595.12561,595.12463,595.12811,2.255E5,3.853E3,1.402E4,2.255E5,0,1,,,,,,,,,,DETECTED,595.12561,595.12463,595.12811,2.5076,2.4903,2.5513,2.255E5,3.853E3,1.402E4,2.255E5,0.0138,2.2247,2.2618,,,3,1
891,2.5171,2.4903,2.6107,317.03881,317.03815,317.04084,1.386E6,3.766E4,1.71E4,1.386E6,1,1,,,,,,,,,,DETECTED,317.03881,317.03815,317.04084,2.5171,2.4903,2.6107,1.386E6,3.766E4,1.71E4,1.386E6,0.0315,1.6813,2.0145,1,0.0182,4,1
892,2.5171,2.4974,2.5861,635.08238,635.07849,635.08398,4.871E5,1.341E4,5.214E4,4.871E5,1,1,,,,,,,,,,DETECTED,635.08238,635.07849,635.08398,2.5171,2.4974,2.5861,4.871E5,1.341E4,5.214E4,4.871E5,0.0267,2.2457,3.5248,1,0.0165,3,1
895,2.5297,2.4974,2.6612,267.04906,267.04819,267.05103,8.475E5,2.429E4,1.277E4,8.475E5,1,1,89,,,,,,,,,DETECTED,267.04906,267.04819,267.05103,2.5297,2.4974,2.6612,8.475E5,2.429E4,1.277E4,8.475E5,0.018,2.8213,2.1,1,0.0073,3,1
896,2.5297,2.4974,2.672,369.08089,369.0788,369.0817,1.275E6,4.809E4,2.011E4,1.275E6,1,1,89,,,,,,,,,DETECTED,369.08089,369.0788,369.0817,2.5297,2.4974,2.672,1.275E6,4.809E4,2.011E4,1.275E6,0.0234,3.1009,5.0782,1,-0.0069,2,1
898,2.5297,2.4974,2.5861,463.04957,463.04645,463.05154,2.598E5,7.876E3,1.954E4,2.598E5,1,1,89,,,,,,,,,DETECTED,463.04957,463.04645,463.05154,2.5297,2.4974,2.5861,2.598E5,7.876E3,1.954E4,2.598E5,0.0385,1.0628,1.4116,1,0.0148,2,1
899,2.5297,2.4086,2.5861,519.11128,519.10767,519.11438,6.799E4,3.879E3,8.914E3,6.799E4,0,1,89,,,,,,,,,DETECTED,519.11128,519.10767,519.11438,2.5297,2.4086,2.5861,6.799E4,3.879E3,8.914E3,6.799E4,0.1295,0.7329,0.4772,,,2,1
900,2.5405,2.5076,2.5747,355.10197,355.10184,355.10391,2.332E5,5.874E3,1.05E4,2.332E5,0,1,54,,,,,,,,,DETECTED,355.10197,355.10184,355.10391,2.5405,2.5076,2.5747,2.332E5,5.874E3,1.05E4,2.332E5,0.0286,1.0499,1.0382,,,2,1
901,2.5405,2.4572,2.5861,385.11257,385.11166,385.11545,4.413E5,1.386E4,1.562E4,4.413E5,1,1,54,,,,,,,,,DETECTED,385.11257,385.11166,385.11545,2.5405,2.4572,2.5861,4.413E5,1.386E4,1.562E4,4.413E5,0.018,1.2861,0.7349,1,0.0057,2,1
902,2.5405,2.5171,2.5861,392.03601,392.03397,392.03766,2.085E5,6.189E3,2.65E4,2.085E5,0,1,54,,,,,,,,,DETECTED,392.03601,392.03397,392.03766,2.5405,2.5171,2.5861,2.085E5,6.189E3,2.65E4,2.085E5,0.0258,1.4765,1.602,,,2,1
903,2.5405,2.5076,2.5747,785.07239,785.06775,785.08136,9.262E4,2.565E3,1.199E4,9.262E4,0,1,54,,,,,,,,,DETECTED,785.07239,785.06775,785.08136,2.5405,2.5076,2.5747,9.262E4,2.565E3,1.199E4,9.262E4,0.0251,1.0197,1.3059,,,3,1
904,2.5513,2.5297,2.699,315.10691,315.10425,315.10785,2.057E6,4.244E4,1.038E4,2.057E6,1,1,,,,,,,,,,DETECTED,315.10691,315.10425,315.10785,2.5513,2.5297,2.699,2.057E6,4.244E4,1.038E4,2.057E6,0.0168,1.4538,1.9986,1,0.0056,3,1
905,2.5513,2.3978,2.7206,404.14662,404.14435,404.14847,1.041E6,1.204E5,9.425E3,1.041E6,2,1,,,,,,,,,,DETECTED,404.14662,404.14435,404.14847,2.5513,2.3978,2.7206,1.041E6,1.204E5,9.425E3,1.041E6,0.1334,1.046,1.035,2,-0.0085,3,1
906,2.5513,2.4974,2.6107,457.13239,457.12839,457.13489,3.533E5,1.351E4,2.076E4,3.533E5,0,1,,,,,,,,,,DETECTED,457.13239,457.12839,457.13489,2.5513,2.4974,2.6107,3.533E5,1.351E4,2.076E4,3.533E5,0.0427,1.1393,1.3361,,,2,1
908,2.5637,2.5171,2.7116,325.09062,325.08911,325.09366,6.217E5,2.846E4,1.353E4,6.217E5,1,1,,,,,,,,,,DETECTED,325.09062,325.08911,325.09366,2.5637,2.5171,2.7116,6.217E5,2.846E4,1.353E4,6.217E5,0.0279,1.4959,1.3059,1,-0.0051,2,1
910,2.5637,2.5405,2.672,461.10592,461.1037,461.10889,2.454E5,1.69E4,1.445E4,2.454E5,0,1,,,,,,,,,,DETECTED,461.10592,461.1037,461.10889,2.5637,2.5405,2.672,2.454E5,1.69E4,1.445E4,2.454E5,0.0327,2.4926,4.527,,,3,1
913,2.5747,2.5513,2.6429,289.03696,289.0365,289.03702,4.618E5,1.343E4,2.168E4,4.618E5,0,1,11,,,,,,,,,DETECTED,289.03696,289.0365,289.03702,2.5747,2.5513,2.6429,4.618E5,1.343E4,2.168E4,4.618E5,0.0255,1.6813,12.6489,,,2,1
914,2.5747,2.5171,2.7116,289.07079,289.06827,289.07117,6.914E7,2.02E6,1.756E4,6.914E7,3,1,11,,,,,,,,,DETECTED,289.07079,289.06827,289.07117,2.5747,2.5171,2.7116,6.914E7,2.02E6,1.756E4,6.914E7,0.0251,1.8064,1.7991,3,-0.0058,4,1
915,2.5747,2.5513,2.6429,289.09738,289.09689,289.09763,4.74E5,1.36E4,2.524E4,4.74E5,0,1,11,,,,,,,,,DETECTED,289.09738,289.09689,289.09763,2.5747,2.5513,2.6429,4.74E5,1.36E4,2.524E4,4.74E5,0.0273,1.2754,3.3702,,,2,1
916,2.5747,2.5513,2.6429,289.10407,289.10355,289.10419,5.146E5,1.477E4,2.308E4,5.146E5,0,1,11,,,,,,,,,DETECTED,289.10407,289.10355,289.10419,2.5747,2.5513,2.6429,5.146E5,1.477E4,2.308E4,5.146E5,0.0255,1.6518,1.4581,,,3,1
920,2.5747,2.5171,2.672,305.06774,305.06614,305.06915,1.166E6,3.621E4,1.142E4,1.166E6,1,1,11,,,,,,,,,DETECTED,305.06774,305.06614,305.06915,2.5747,2.5171,2.672,1.166E6,3.621E4,1.142E4,1.166E6,0.0257,1.2588,1.0426,1,0.009,3,1
921,2.5747,2.5513,2.6107,311.07511,311.07495,311.07635,2.249E6,5.958E4,2.662E4,2.249E6,1,1,11,,,,,,,,,DETECTED,311.07511,311.07495,311.07635,2.5747,2.5513,2.6107,2.249E6,5.958E4,2.662E4,2.249E6,0.0242,1.2706,2.9774,1,0.004,3,1
923,2.5747,2.5513,2.6554,325.04664,325.04614,325.04929,1.384E6,4.068E4,1.978E4,1.384E6,1,1,,,,,,,,,,DETECTED,325.04664,325.04614,325.04929,2.5747,2.5513,2.6554,1.384E6,4.068E4,1.978E4,1.384E6,0.0268,1.9345,5.3654,1,0.0023,3,1
925,2.5747,2.5513,2.6429,335.07524,335.07492,335.07587,3.175E6,8.286E4,5.578E4,3.175E6,1,1,,,,,,,,,,DETECTED,335.07524,335.07492,335.07587,2.5747,2.5513,2.6429,3.175E6,8.286E4,5.578E4,3.175E6,0.0257,1.4531,1.3936,1,-0.0041,4,1
926,2.5747,2.5297,2.672,351.07026,351.06894,351.07147,3.921E5,1.437E4,9.587E3,3.921E5,1,1,11,,,,,,,,,DETECTED,351.07026,351.06894,351.07147,2.5747,2.5297,2.672,3.921E5,1.437E4,9.587E3,3.921E5,0.0319,2.0092,2.5546,1,0.0275,7,1
927,2.5747,2.4974,2.852,353.08618,353.08377,353.08859,1.057E7,3.381E5,1.377E4,1.057E7,2,1,11,,,,,,,,,DETECTED,353.08618,353.08377,353.08859,2.5747,2.4974,2.852,1.057E7,3.381E5,1.377E4,1.057E7,0.0288,3.2021,5.3261,2,-0.0025,3,1
928,2.5747,2.5513,2.6865,357.05672,357.05469,357.05869,1.187E6,3.739E4,1.833E4,1.187E6,1,1,,,,,,,,,,DETECTED,357.05672,357.05469,357.05869,2.5747,2.5513,2.6865,1.187E6,3.739E4,1.833E4,1.187E6,0.0281,2.1893,5.7675,1,0.0073,3,1
931,2.5747,2.5513,2.6231,407.00592,407.00357,407.00766,1.114E5,3.342E3,1.291E4,1.114E5,0,1,11,,,,,,,,,DETECTED,407.00592,407.00357,407.00766,2.5747,2.5513,2.6231,1.114E5,3.342E3,1.291E4,1.114E5,0.027,1.5362,1.6263,,,2,1
934,2.5747,2.5513,2.6107,579.14641,579.14252,579.14685,2.334E6,4.829E4,2.061E5,2.334E6,1,1,,,,,,,,,,DETECTED,579.14641,579.14252,579.14685,2.5747,2.5513,2.6107,2.334E6,4.829E4,2.061E5,2.334E6,0.0213,1.5703,2.1551,1,0.0057,3,1
935,2.5747,2.5513,2.6107,601.15133,601.14972,601.15247,8.639E5,1.927E4,8.36E4,8.639E5,1,1,,,,,,,,,,DETECTED,601.15133,601.14972,601.15247,2.5747,2.5513,2.6107,8.639E5,1.927E4,8.36E4,8.639E5,0.0242,2.0644,2.2768,1,0.0137,3,1
936,2.5861,2.5513,2.7116,287.05582,287.05313,287.05716,8.466E5,2.953E4,1.652E4,8.466E5,1,1,11,,,,,,,,,DETECTED,287.05582,287.05313,287.05716,2.5861,2.5513,2.7116,8.466E5,2.953E4,1.652E4,8.466E5,0.0399,1.2768,1.724,1,0.004,2,1
938,2.5861,2.5513,2.6107,388.99239,388.99155,388.99362,1.85E5,5.609E3,6.085E4,1.85E5,0,1,,,,,,,,,,DETECTED,388.99239,388.99155,388.99362,2.5861,2.5513,2.6107,1.85E5,5.609E3,6.085E4,1.85E5,0.0286,0.854,0.708,,,4,1
941,2.5861,2.5513,2.6865,563.13706,563.13477,563.13898,6.662E5,2.921E4,4.467E4,6.662E5,1,1,11,,,,,,,,,DETECTED,563.13706,563.13477,563.13898,2.5861,2.5513,2.6865,6.662E5,2.921E4,4.467E4,6.662E5,0.0236,1.7644,2.3627,1,0.0074,2,1
942,2.5981,2.5171,2.6865,337.05522,337.0535,337.05728,3.11E5,2.155E4,2.659E4,3.11E5,0,1,,,,,,,,,,DETECTED,337.05522,337.0535,337.05728,2.5981,2.5171,2.6865,3.11E5,2.155E4,2.659E4,3.11E5,0.0313,1.0452,0.9626,,,2,1
943,2.5981,2.5405,2.6865,341.08555,341.08469,341.08759,5.643E5,3.744E4,3.865E4,5.643E5,1,1,82,,,,,,,,,DETECTED,341.08555,341.08469,341.08759,2.5981,2.5405,2.6865,5.643E5,3.744E4,3.865E4,5.643E5,0.0679,1.2017,1.2478,1,0.0198,6,1
944,2.5981,2.5405,2.672,355.06552,355.06473,355.06625,1.337E6,1.015E5,2.653E5,1.337E6,1,1,,,,,,,,,,DETECTED,355.06552,355.06473,355.06625,2.5981,2.5405,2.672,1.337E6,1.015E5,2.653E5,1.337E6,0.0573,1.1403,1.2806,1,0.0363,5,1
947,2.5981,2.5747,2.6865,401.14206,401.14001,401.14417,9.341E5,1.776E4,1.06E4,9.341E5,1,1,,,,,,,,,,DETECTED,401.14206,401.14001,401.14417,2.5981,2.5747,2.6865,9.341E5,1.776E4,1.06E4,9.341E5,0.0148,1.363,1.995,1,0.0091,6,1
949,2.5981,2.5747,2.7116,447.14915,447.14688,447.15115,7.26E6,1.294E5,1.877E4,7.26E6,1,1,,,,,,,,,,DETECTED,447.14915,447.14688,447.15115,2.5981,2.5747,2.7116,7.26E6,1.294E5,1.877E4,7.26E6,0.0144,1.2147,1.7595,1,-0.0064,4,1
950,2.5981,2.5747,2.6554,473.12672,473.12488,473.1283,3.578E5,7.828E3,1.271E4,3.578E5,0,1,,,,,,,,,,DETECTED,473.12672,473.12488,473.1283,2.5981,2.5747,2.6554,3.578E5,7.828E3,1.271E4,3.578E5,0.0169,2.1804,2.985,,,3,1
952,2.6107,2.5297,2.6554,191.0523,191.05196,191.05266,2.59E5,1.229E4,1.026E4,2.59E5,0,1,,,,,,,,,,DETECTED,191.0523,191.05196,191.05266,2.6107,2.5297,2.6554,2.59E5,1.229E4,1.026E4,2.59E5,0.0434,0.7991,0.6748,,,5,1
953,2.6107,2.5747,2.7558,337.09104,337.08804,337.09222,2.286E6,8.209E4,1.394E4,2.286E6,1,1,82,,,,,,,,,DETECTED,337.09104,337.08804,337.09222,2.6107,2.5747,2.7558,2.286E6,8.209E4,1.394E4,2.286E6,0.0432,1.363,1.3643,1,-0.0069,7,1
955,2.6231,2.5861,2.6554,135.02659,135.02621,135.02676,5.137E5,1.832E4,8.464E4,5.137E5,1,1,82,,,,,,,,,DETECTED,135.02659,135.02621,135.02676,2.6231,2.5861,2.6554,5.137E5,1.832E4,8.464E4,5.137E5,0.0309,0.9363,0.8725,1,0.0039,5,1
956,2.6231,2.5861,2.6865,163.0367,163.03639,163.03682,5.206E5,1.935E4,4.717E4,5.206E5,1,1,82,,,,,,,,,DETECTED,163.0367,163.03639,163.03682,2.6231,2.5861,2.6865,5.206E5,1.935E4,4.717E4,5.206E5,0.0285,1.3559,0.9379,1,-0.0035,5,1
957,2.6231,2.5861,2.6429,179.03156,179.0313,179.03175,1.469E5,5.718E3,5.511E4,1.469E5,0,1,82,,,,,,,,,DETECTED,179.03156,179.0313,179.03175,2.6231,2.5861,2.6429,1.469E5,5.718E3,5.511E4,1.469E5,0.0649,0.7679,0.5358,,,2,1
959,2.6231,2.5861,2.7558,327.10663,327.10391,327.10818,1.238E6,3.314E4,2.071E4,1.238E6,1,1,82,,,,,,,,,DETECTED,327.10663,327.10391,327.10818,2.6231,2.5861,2.7558,1.238E6,3.314E4,2.071E4,1.238E6,0.0236,1.5845,3.0284,1,-0.0068,3,1
961,2.6231,2.5981,2.6865,431.19027,431.18747,431.1907,2.649E6,6.246E4,3.083E4,2.649E6,1,1,,,,,,,,,,DETECTED,431.19027,431.18747,431.1907,2.6231,2.5981,2.6865,2.649E6,6.246E4,3.083E4,2.649E6,0.0211,2.3113,2.5273,1,0.0097,3,1
963,2.6231,2.5861,2.6865,951.35506,951.35272,951.36115,9.448E4,4.183E3,2.096E4,9.448E4,0,1,82,,,,,,,,,DETECTED,951.35506,951.35272,951.36115,2.6231,2.5861,2.6865,9.448E4,4.183E3,2.096E4,9.448E4,0.0433,1.3559,1.7119,,,2,1
964,2.6231,2.5747,2.699,951.6891,951.68115,951.69073,1.377E5,7.409E3,1.187E4,1.377E5,0,1,82,,,,,,,,,DETECTED,951.6891,951.68115,951.69073,2.6231,2.5747,2.699,1.377E5,7.409E3,1.187E4,1.377E5,0.0423,1.2305,1.2508,,,2,1
965,2.6231,2.5861,2.672,952.02367,952.02179,952.0249,1.339E5,5.724E3,3.351E4,1.339E5,0,1,82,,,,,,,,,DETECTED,952.02367,952.02179,952.0249,2.6231,2.5861,2.672,1.339E5,5.724E3,3.351E4,1.339E5,0.0406,1.1603,1.3207,,,4,1
967,2.6305,2.5861,2.7899,297.05985,297.05859,297.06018,2.791E6,1.107E5,3.446E4,2.791E6,1,1,15,,,,,,,,,DETECTED,297.05985,297.05859,297.06018,2.6305,2.5861,2.7899,2.791E6,1.107E5,3.446E4,2.791E6,0.0259,1.1258,3.1909,1,0.0056,3,1
968,2.6305,2.5861,2.7116,309.06,309.05728,309.06088,2.85E5,8.947E3,1.614E4,2.85E5,0,1,,,,,,,,,,DETECTED,309.06,309.05728,309.06088,2.6305,2.5861,2.7116,2.85E5,8.947E3,1.614E4,2.85E5,0.021,1.7271,1.7813,,,2,1
969,2.6305,2.6107,2.6865,355.10152,355.10098,355.10275,3.786E5,1.134E4,2.958E4,3.786E5,0,1,15,,,,,,,,,DETECTED,355.10152,355.10098,355.10275,2.6305,2.6107,2.6865,3.786E5,1.134E4,2.958E4,3.786E5,0.0246,1.9134,2.3686,,,2,1
970,2.6305,2.6107,2.7206,392.03667,392.03589,392.03781,1.888E6,5.443E4,1.311E4,1.888E6,1,1,,,,,,,,,,DETECTED,392.03667,392.03589,392.03781,2.6305,2.6107,2.7206,1.888E6,5.443E4,1.311E4,1.888E6,0.0186,2.1619,2.8421,1,0.0073,3,1
971,2.6305,2.6107,2.672,449.10798,449.10655,449.10947,7.472E4,1.973E3,1.267E4,7.472E4,0,1,,,,,,,,,,DETECTED,449.10798,449.10655,449.10947,2.6305,2.6107,2.672,7.472E4,1.973E3,1.267E4,7.472E4,0.025,1.5477,1.9781,,,2,1
972,2.6305,2.6107,2.6865,785.07284,785.07147,785.07471,2.729E5,8.108E3,3.77E4,2.729E5,0,1,,,,,,,,,,DETECTED,785.07284,785.07147,785.07471,2.6305,2.6107,2.6865,2.729E5,8.108E3,3.77E4,2.729E5,0.0208,1.9134,1.3204,,,3,1
976,2.6429,2.6107,2.9289,311.07599,311.07385,311.0777,1.091E7,6.092E5,8.528E3,1.091E7,3,1,136,,,,,,,,,DETECTED,311.07599,311.07385,311.0777,2.6429,2.6107,2.9289,1.091E7,6.092E5,8.528E3,1.091E7,0.0668,3.2354,8.0031,3,0.0023,4,1
977,2.6429,2.5981,2.6865,367.06463,367.06186,367.06552,8.266E4,2.814E3,1.257E4,8.266E4,0,1,15,,,,,,,,,DETECTED,367.06463,367.06186,367.06552,2.6429,2.5981,2.6865,8.266E4,2.814E3,1.257E4,8.266E4,0.0265,0.9862,0.7714,,,3,1
978,2.6429,2.6107,2.7116,433.03801,433.03659,433.04059,6.148E5,1.873E4,1.925E4,6.148E5,1,1,15,,,,,,,,,DETECTED,433.03801,433.03659,433.04059,2.6429,2.6107,2.7116,6.148E5,1.873E4,1.925E4,6.148E5,0.0402,1.3259,1.5412,1,0.004,3,1
983,2.6554,2.5513,2.8236,193.04753,193.0464,193.04784,7.754E5,5.326E4,1.39E4,7.754E5,2,1,136,,,,,,,,,DETECTED,193.04753,193.0464,193.04784,2.6554,2.5513,2.8236,7.754E5,5.326E4,1.39E4,7.754E5,0.1535,1.0396,1.4768,2,-0.0068,3,1
984,2.6554,2.5861,2.7116,339.07036,339.06973,339.07141,1.659E5,1.134E4,3.256E4,1.659E5,0,1,136,,,,,,,,,DETECTED,339.07036,339.06973,339.07141,2.6554,2.5861,2.7116,1.659E5,1.134E4,3.256E4,1.659E5,0.4285,0.9049,0.8099,,,4,1
988,2.6612,2.5861,2.8002,281.06495,281.06384,281.06531,3.308E6,2.109E5,4.881E4,3.308E6,3,1,,,,,,,,,,DETECTED,281.06495,281.06384,281.06531,2.6612,2.5861,2.8002,3.308E6,2.109E5,4.881E4,3.308E6,0.038,1.1417,1.2787,3,-0.0482,3,1
991,2.6612,2.6429,2.7116,341.12245,341.12225,341.12292,2.878E5,6.204E3,1.755E4,2.878E5,1,1,,,,,,,,,,DETECTED,341.12245,341.12225,341.12292,2.6612,2.6429,2.7116,2.878E5,6.204E3,1.755E4,2.878E5,0.0173,1.6474,1.3848,1,0.0074,2,1
992,2.6612,2.6231,2.6865,593.14591,593.1427,593.14789,1.718E5,4.716E3,1.129E4,1.718E5,0,1,,,,,,,,,,DETECTED,593.14591,593.1427,593.14789,2.6612,2.6231,2.6865,1.718E5,4.716E3,1.129E4,1.718E5,0.0273,0.9078,0.8515,,,2,1
994,2.672,2.6429,2.7116,157.04758,157.04709,157.04767,6.544E5,2.156E4,2.446E4,6.544E5,1,1,,,,,,,,,,DETECTED,157.04758,157.04709,157.04767,2.672,2.6429,2.7116,6.544E5,2.156E4,2.446E4,6.544E5,0.032,1.7273,2.7808,1,0.0094,3,1
995,2.672,2.6429,2.7558,335.07567,335.07462,335.07712,4.583E5,1.355E4,1.816E4,4.583E5,1,1,102,,,,,,,,,DETECTED,335.07567,335.07462,335.07712,2.672,2.6429,2.7558,4.583E5,1.355E4,1.816E4,4.583E5,0.0288,1.4332,2.9142,1,-0.0051,3,1
996,2.672,2.6429,2.7116,351.16435,351.16089,351.1662,6.453E4,1.727E3,1.562E4,6.453E4,0,1,102,,,,,,,,,DETECTED,351.16435,351.16089,351.1662,2.672,2.6429,2.7116,6.453E4,1.727E3,1.562E4,6.453E4,0.7641,1.1806,1.3613,,,2,1
997,2.6865,2.6612,2.7264,293.0284,293.02667,293.02905,1.488E5,4.738E3,1.857E4,1.488E5,0,1,20,,,,,,,,,DETECTED,293.0284,293.02667,293.02905,2.6865,2.6612,2.7264,1.488E5,4.738E3,1.857E4,1.488E5,0.0298,1.2875,2.1176,,,2,1
998,2.6865,2.6305,2.7309,433.20603,433.20297,433.20657,3.373E6,9.1E4,3.296E4,3.373E6,1,1,20,,,,,,,,,DETECTED,433.20603,433.20297,433.20657,2.6865,2.6305,2.7309,3.373E6,9.1E4,3.296E4,3.373E6,0.0567,1.8231,1.7991,1,0.0057,4,1
1000,2.6865,2.6612,2.7558,784.0606,784.05566,784.06732,6.019E5,1.261E4,1.258E4,6.019E5,0,1,,,,,,,,,,DETECTED,784.0606,784.05566,784.06732,2.6865,2.6612,2.7558,6.019E5,1.261E4,1.258E4,6.019E5,0.0183,1.3309,1.6288,,,5,1
1001,2.699,2.6612,2.7704,133.01127,133.01079,133.01157,2.016E6,7.603E4,1.347E5,2.016E6,2,1,20,,,,,,,,,DETECTED,133.01127,133.01079,133.01157,2.699,2.6612,2.7704,2.016E6,7.603E4,1.347E5,2.016E6,0.0817,1.4409,22.0231,2,-0.016,8,1
1005,2.699,2.5861,2.8236,177.01611,177.0153,177.01704,3.542E5,1.877E4,1.627E4,3.542E5,0,1,20,,,,,,,,,DETECTED,177.01611,177.0153,177.01704,2.699,2.5861,2.8236,3.542E5,1.877E4,1.627E4,3.542E5,0.0923,0.923,1.8754,,,2,1
1006,2.699,2.6429,2.8326,179.03187,179.03137,179.03223,2.015E6,7.152E4,2.153E4,2.015E6,1,1,20,,,,,,,,,DETECTED,179.03187,179.03137,179.03223,2.699,2.6429,2.8326,2.015E6,7.152E4,2.153E4,2.015E6,0.0199,2.1614,2.1054,1,0.0039,5,1
1007,2.699,2.6107,2.8954,295.04433,295.04178,295.04465,5.921E6,2.626E5,2.31E4,5.921E6,2,1,20,,,,,,,,,DETECTED,295.04433,295.04178,295.04465,2.699,2.6107,2.8954,5.921E6,2.626E5,2.31E4,5.921E6,0.1307,0.8913,0.1414,2,-0.0193,2,1
1008,2.699,2.672,2.7899,355.06623,355.06503,355.06754,8.672E5,5.664E4,2.073E5,8.672E5,2,1,34,,,,,,,,,DETECTED,355.06623,355.06503,355.06754,2.699,2.672,2.7899,8.672E5,5.664E4,2.073E5,8.672E5,0.0312,2.1794,3.3588,2,0.0074,3,1
1009,2.699,2.672,2.7824,369.08058,369.07782,369.08179,7.928E5,1.79E4,1.378E4,7.928E5,1,1,20,,,,,,,,,DETECTED,369.08058,369.07782,369.08179,2.699,2.672,2.7824,7.928E5,1.79E4,1.378E4,7.928E5,0.0148,2.7931,4.091,1,0.0091,2,1
1010,2.699,2.6554,2.8002,371.09663,371.09311,371.09824,3.126E5,1.998E4,1.429E4,3.126E5,1,1,20,,,,,,,,,DETECTED,371.09663,371.09311,371.09824,2.699,2.6554,2.8002,3.126E5,1.998E4,1.429E4,3.126E5,0.0534,1.5278,2.1301,1,-0.0086,2,1
1011,2.699,2.672,2.7824,385.07662,385.07428,385.07797,6.787E4,4.254E3,1.538E4,6.787E4,0,1,34,,,,,,,,,DETECTED,385.07662,385.07428,385.07797,2.699,2.672,2.7824,6.787E4,4.254E3,1.538E4,6.787E4,0.0296,2.0413,3.0826,,,2,1
1012,2.699,2.6554,2.7558,399.09062,399.08972,399.09259,5.848E4,2.639E3,9.894E3,5.848E4,0,1,20,,,,,,,,,DETECTED,399.09062,399.08972,399.09259,2.699,2.6554,2.7558,5.848E4,2.639E3,9.894E3,5.848E4,0.0745,1.1509,0.8062,,,2,1
1013,2.699,2.6429,2.7434,467.53577,467.53339,467.5401,5.142E5,1.347E4,1.265E4,5.142E5,0,1,20,,,,,,,,,DETECTED,467.53577,467.53339,467.5401,2.699,2.6429,2.7434,5.142E5,1.347E4,1.265E4,5.142E5,0.0327,2.6866,0.4892,,,2,1
1014,2.699,2.672,2.7434,639.11401,639.11194,639.11566,3.204E5,7.08E3,2.827E4,3.204E5,0,1,,,,,,,,,,DETECTED,639.11401,639.11194,639.11566,2.699,2.672,2.7434,3.204E5,7.08E3,2.827E4,3.204E5,0.018,1.1668,0.8196,,,3,1
1015,2.7116,2.6865,2.7558,934.08093,934.07532,934.0835,1.38E7,4.878E5,3.973E6,1.38E7,1,,,,,,,,,,,DETECTED,934.08093,934.07532,934.0835,2.7116,2.6865,2.7558,1.38E7,4.878E5,3.973E6,1.38E7,0.0315,1.3826,1.7651,1,-0.0068,,
1020,2.7264,2.6865,2.7824,163.03657,163.03638,163.0368,1.464E5,9.498E3,4.717E4,1.464E5,0,1,4,,,,,,,,,DETECTED,163.03657,163.03638,163.0368,2.7264,2.6865,2.7824,1.464E5,9.498E3,4.717E4,1.464E5,0.0662,1.2012,1.4025,,,5,1
1022,2.7264,2.6865,2.8326,355.10204,355.10168,355.10287,1.636E6,5.469E4,1.629E4,1.636E6,1,1,4,,,,,,,,,DETECTED,355.10204,355.10168,355.10287,2.7264,2.6865,2.8326,1.636E6,5.469E4,1.629E4,1.636E6,0.0277,1.7884,1.7831,1,-0.0092,3,1
1023,2.7264,2.7116,2.7704,363.16401,363.16312,363.16537,7.48E4,1.875E3,2.36E4,7.48E4,0,1,6,,,,,,,,,DETECTED,363.16401,363.16312,363.16537,2.7264,2.7116,2.7704,7.48E4,1.875E3,2.36E4,7.48E4,0.0193,1.9811,2.9623,,,2,1
1024,2.7264,2.699,2.7704,401.10519,401.10355,401.10773,2.772E5,6.218E3,2.221E4,2.772E5,0,1,4,,,,,,,,,DETECTED,401.10519,401.10355,401.10773,2.7264,2.699,2.7704,2.772E5,6.218E3,2.221E4,2.772E5,0.0172,1.0788,1.7113,,,2,1
1025,2.7264,2.6865,2.7899,431.18883,431.18686,431.1907,4.006E5,1.406E4,1.944E4,4.006E5,1,1,4,,,,,,,,,DETECTED,431.18883,431.18686,431.1907,2.7264,2.6865,2.7899,4.006E5,1.406E4,1.944E4,4.006E5,0.0321,1.1943,1.3223,1,-0.0035,2,1
1028,2.7264,2.6612,2.8002,960.51206,960.50702,960.5177,1.288E5,6.745E3,9.599E3,1.288E5,0,1,4,,,,,,,,,DETECTED,960.51206,960.50702,960.5177,2.7264,2.6612,2.8002,1.288E5,6.745E3,9.599E3,1.288E5,1.7979,1.0937,1.725,,,5,1
1032,2.7309,2.7116,2.7704,250.06951,250.06891,250.06969,1.255E5,2.9E3,1.721E4,1.255E5,0,1,6,,,,,,,,,DETECTED,250.06951,250.06891,250.06969,2.7309,2.7116,2.7704,1.255E5,2.9E3,1.721E4,1.255E5,0.0205,1.5179,1.3541,,,2,1
1033,2.7309,2.7116,3.0731,289.06958,289.06815,289.07141,1.77E5,2.196E4,2.022E4,1.77E5,0,1,,,,,,,,,,DETECTED,289.06958,289.06815,289.07141,2.7309,2.7116,3.0731,1.77E5,2.196E4,2.022E4,1.77E5,0.1095,9.3362,17.5789,,,2,1
1035,2.7309,2.6865,2.8002,389.17954,389.17609,389.18228,1.543E6,2.956E4,1.116E4,1.543E6,1,1,6,,,,,,,,,DETECTED,389.17954,389.17609,389.18228,2.7309,2.6865,2.8002,1.543E6,2.956E4,1.116E4,1.543E6,0.0162,2.0484,2.4841,1,0.004,3,1
1041,2.7434,2.7206,2.8713,219.08483,219.08377,219.08508,7.261E5,2.022E4,1.394E4,7.261E5,1,1,127,,,,,,,,,DETECTED,219.08483,219.08377,219.08508,2.7434,2.7206,2.8713,7.261E5,2.022E4,1.394E4,7.261E5,0.0206,1.3484,1.5326,1,0.0073,2,1
1043,2.7434,2.7206,2.8002,353.05013,353.04932,353.0509,2.533E5,5.925E3,1.318E4,2.533E5,0,1,127,,,,,,,,,DETECTED,353.05013,353.04932,353.0509,2.7434,2.7206,2.8002,2.533E5,5.925E3,1.318E4,2.533E5,0.0198,1.8255,1.54,,,2,1
1046,2.7434,2.7206,2.7824,477.10135,477.10098,477.1051,1.097E5,3.129E3,1.218E4,1.097E5,0,1,,,,,,,,,,DETECTED,477.10135,477.10098,477.1051,2.7434,2.7206,2.7824,1.097E5,3.129E3,1.218E4,1.097E5,0.0252,1.3561,1.219,,,2,1
1048,2.7434,2.7264,2.8002,605.14438,605.1416,605.14783,9.976E4,3.587E3,2.026E4,9.976E4,0,1,,,,,,,,,,DETECTED,605.14438,605.1416,605.14783,2.7434,2.7264,2.8002,9.976E4,3.587E3,2.026E4,9.976E4,0.0335,2.1723,3.3447,,,2,1
1049,2.7558,2.6107,3.0796,153.01613,153.01535,153.01675,4.542E5,4.189E4,1.5E4,4.542E5,1,1,3,,,,,,,,,DETECTED,153.01613,153.01535,153.01675,2.7558,2.6107,3.0796,4.542E5,4.189E4,1.5E4,4.542E5,0.0531,1.971,5.9419,1,-0.0035,10,1
1051,2.7558,2.7264,2.7899,293.02816,293.02682,293.02911,9.172E4,3.046E3,1.766E4,9.172E4,0,1,3,,,,,,,,,DETECTED,293.02816,293.02682,293.02911,2.7558,2.7264,2.7899,9.172E4,3.046E3,1.766E4,9.172E4,0.0308,1.0777,1.4171,,,2,1
1053,2.7558,2.7116,2.7899,323.07547,323.07526,323.07709,4.803E5,1.373E4,1.377E4,4.803E5,0,1,3,,,,,,,,,DETECTED,323.07547,323.07526,323.07709,2.7558,2.7116,2.7899,4.803E5,1.373E4,1.377E4,4.803E5,0.0271,0.8801,0.6091,,,2,1
1054,2.7558,2.7116,2.8111,325.0912,325.08942,325.09219,1.777E5,6.292E3,1.353E4,1.777E5,0,1,,,,,,,,,,DETECTED,325.0912,325.08942,325.09219,2.7558,2.7116,2.8111,1.777E5,6.292E3,1.353E4,1.777E5,0.0312,1.1242,1.1427,,,3,1
1055,2.7558,2.7309,2.8002,403.1575,403.15637,403.15817,1.172E5,3.22E3,1.584E4,1.172E5,0,1,,,,,,,,,,DETECTED,403.1575,403.15637,403.15817,2.7558,2.7309,2.8002,1.172E5,3.22E3,1.584E4,1.172E5,0.0283,1.3911,2.7989,,,2,1
1056,2.7558,2.7309,2.8111,433.20606,433.20404,433.20633,4.962E6,1.127E5,1.001E5,4.962E6,1,,3,,,,,,,,,DETECTED,433.20606,433.20404,433.20633,2.7558,2.7309,2.8111,4.962E6,1.127E5,1.001E5,4.962E6,0.02,1.0491,0.8911,1,0.0289,,
1059,2.7558,2.7116,2.8326,517.09592,517.09167,517.09674,9.973E5,3.559E4,4.604E4,9.973E5,1,1,3,,,,,,,,,DETECTED,517.09592,517.09167,517.09674,2.7558,2.7116,2.8326,9.973E5,3.559E4,4.604E4,9.973E5,0.0476,1.6591,1.3438,1,-0.0068,4,1
1061,2.7704,2.7309,2.8002,443.15278,443.15088,443.15585,1.53E5,3.852E3,2.376E4,1.53E5,0,1,,,,,,,,,,DETECTED,443.15278,443.15088,443.15585,2.7704,2.7309,2.8002,1.53E5,3.852E3,2.376E4,1.53E5,0.0199,0.8792,0.5405,,,2,1
1063,2.7824,2.7309,2.8326,159.0269,159.02643,159.02702,2.558E6,8.541E4,2.861E4,2.558E6,1,1,91,,,,,,,,,DETECTED,159.0269,159.02643,159.02702,2.7824,2.7309,2.8326,2.558E6,8.541E4,2.861E4,2.558E6,0.027,0.6994,0.0469,1,-0.0034,4,1
1064,2.7824,2.7206,2.8326,177.03766,177.0368,177.03783,4.567E6,1.358E5,3.625E4,4.567E6,1,1,91,,,,,,,,,DETECTED,177.03766,177.0368,177.03783,2.7824,2.7206,2.8326,4.567E6,1.358E5,3.625E4,4.567E6,0.0232,0.6205,0.0919,1,-0.0051,4,1
1065,2.7824,2.7558,2.8236,321.05951,321.05899,321.06097,1.953E5,6.891E3,6.127E4,1.953E5,0,1,,,,,,,,,,DETECTED,321.05951,321.05899,321.06097,2.7824,2.7558,2.8236,1.953E5,6.891E3,6.127E4,1.953E5,0.0339,1.276,1.552,,,2,1
1066,2.7824,2.6865,2.8236,337.05563,337.0535,337.05612,1.518E6,5.429E4,2.659E4,1.518E6,1,1,91,,,,,,,,,DETECTED,337.05563,337.0535,337.05612,2.7824,2.6865,2.8236,1.518E6,5.429E4,2.659E4,1.518E6,0.0309,0.8524,0.426,1,0.0098,4,1
1070,2.7824,2.7116,2.8326,339.0707,339.069,339.07108,1.635E7,5.101E5,4.522E4,1.635E7,1,1,91,,,,,,,,,DETECTED,339.0707,339.069,339.07108,2.7824,2.7116,2.8326,1.635E7,5.101E5,4.522E4,1.635E7,0.025,1.4931,1.9146,1,-0.0067,4,1
1071,2.7824,2.7558,2.8236,339.11408,339.1134,339.11459,8.12E4,2.513E3,1.886E4,8.12E4,0,1,,,,,,,,,,DETECTED,339.11408,339.1134,339.11459,2.7824,2.7558,2.8236,8.12E4,2.513E3,1.886E4,8.12E4,0.0278,1.276,1.552,,,2,1
1073,2.7824,2.7558,2.8326,361.05187,361.05066,361.05249,1.268E5,3.616E3,1.326E4,1.268E5,0,1,108,,,,,,,,,DETECTED,361.05187,361.05066,361.05249,2.7824,2.7558,2.8326,1.268E5,3.616E3,1.326E4,1.268E5,0.0234,1.4465,1.58,,,2,1
1074,2.7824,2.7309,2.8433,407.05647,407.05582,407.05954,3.419E5,9.497E3,9.966E3,3.419E5,1,,91,,,,,,,,,DETECTED,407.05647,407.05582,407.05954,2.7824,2.7309,2.8433,3.419E5,9.497E3,9.966E3,3.419E5,0.0218,1.0852,0.4941,1,0.0218,,
1076,2.7824,2.7558,2.8433,438.99308,438.99216,438.99563,2.847E5,7.544E3,1.103E4,2.847E5,0,1,,,,,,,,,,DETECTED,438.99308,438.99216,438.99563,2.7824,2.7558,2.8433,2.847E5,7.544E3,1.103E4,2.847E5,0.0212,1.4194,1.6383,,,4,1
1077,2.7824,2.6865,2.8433,493.09619,493.09354,493.10025,4.24E5,1.658E4,1.521E4,4.24E5,1,1,,,,,,,,,,DETECTED,493.09619,493.09354,493.10025,2.7824,2.6865,2.8433,4.24E5,1.658E4,1.521E4,4.24E5,0.0267,0.8325,0.6602,1,0.0115,2,1
1078,2.7824,2.7434,2.8433,525.19309,525.19098,525.19537,1.345E5,6.018E3,1.112E4,1.345E5,0,1,91,,,,,,,,,DETECTED,525.19309,525.19098,525.19537,2.7824,2.7434,2.8433,1.345E5,6.018E3,1.112E4,1.345E5,0.0484,1.1599,1.7873,,,2,1
1080,2.7824,2.7558,2.8236,677.12942,677.12775,677.1358,2.46E5,5.001E3,1.718E4,2.46E5,0,1,,,,,,,,,,DETECTED,677.12942,677.12775,677.1358,2.7824,2.7558,2.8236,2.46E5,5.001E3,1.718E4,2.46E5,0.0169,1.689,2.2871,,,2,1
1081,2.7824,2.7558,2.8111,679.14735,679.14447,679.14838,2.859E6,5.048E4,4.116E5,2.859E6,1,1,,,,,,,,,,DETECTED,679.14735,679.14447,679.14838,2.7824,2.7558,2.8111,2.859E6,5.048E4,4.116E5,2.859E6,0.0144,1.0411,1.522,1,0.004,4,1
1083,2.7824,2.7558,2.8111,681.14737,681.14532,681.14886,1.632E5,3.158E3,3.145E4,1.632E5,0,1,,,,,,,,,,DETECTED,681.14737,681.14532,681.14886,2.7824,2.7558,2.8111,1.632E5,3.158E3,3.145E4,1.632E5,0.0152,1.0411,2.1405,,,4,1
1084,2.7899,2.7704,2.912,172.09449,172.09393,172.0948,4.21E5,1.475E4,8.356E3,4.21E5,1,1,108,,,,,,,,,DETECTED,172.09449,172.09393,172.0948,2.7899,2.7704,2.912,4.21E5,1.475E4,8.356E3,4.21E5,0.0295,2.3879,3.289,1,0.0073,2,1
1086,2.8002,2.7704,2.877,367.10134,367.10037,367.10254,7.397E5,1.999E4,1.175E4,7.397E5,1,1,25,,,,,,,,,DETECTED,367.10134,367.10037,367.10254,2.8002,2.7704,2.877,7.397E5,1.999E4,1.175E4,7.397E5,0.0269,1.9754,2.4503,1,0.0074,3,1
1088,2.8002,2.7116,2.9867,433.0398,433.03635,433.04083,1.383E7,5.674E5,3.04E4,1.383E7,3,1,25,,,,,,,,,DETECTED,433.0398,433.03635,433.04083,2.8002,2.7116,2.9867,1.383E7,5.674E5,3.04E4,1.383E7,0.0302,3.808,2.84,3,-0.0047,5,1
1089,2.8002,2.7558,2.852,435.04285,435.04129,435.04575,4.02E5,1.195E4,8.783E3,4.02E5,0,1,25,,,,,,,,,DETECTED,435.04285,435.04129,435.04575,2.8002,2.7558,2.852,4.02E5,1.195E4,8.783E3,4.02E5,0.0269,2.0173,2.8877,,,5,1
1090,2.8002,2.7824,2.8433,501.02572,501.02423,501.02795,1.12E5,3.785E3,3.008E4,1.12E5,0,1,,,,,,,,,,DETECTED,501.02572,501.02423,501.02795,2.8002,2.7824,2.8433,1.12E5,3.785E3,3.008E4,1.12E5,0.0357,1.7047,2.4094,,,2,1
1092,2.8002,2.7824,2.8433,773.10788,773.10339,773.1084,2.046E5,4.639E3,1.236E4,2.046E5,0,1,,,,,,,,,,DETECTED,773.10788,773.10339,773.1084,2.8002,2.7824,2.8433,2.046E5,4.639E3,1.236E4,2.046E5,0.0218,1.4335,1.6116,,,3,1
1093,2.8002,2.7824,2.852,867.07918,867.07593,867.07977,8.329E5,1.813E4,1.127E4,8.329E5,1,1,,,,,,,,,,DETECTED,867.07918,867.07593,867.07977,2.8002,2.7824,2.852,8.329E5,1.813E4,1.127E4,8.329E5,0.022,2.06,2.9475,1,0.0057,4,1
1094,2.8111,2.7824,3.0498,251.05368,251.05267,251.05475,1.002E6,5.307E4,1.033E4,1.002E6,2,1,106,,,,,,,,,DETECTED,251.05368,251.05267,251.05475,2.8111,2.7824,3.0498,1.002E6,5.307E4,1.033E4,1.002E6,0.05,3.1172,4.0777,2,0.0023,3,1
1095,2.8111,2.7899,2.8954,323.07523,323.07336,323.0766,2.232E5,7.394E3,1.082E4,2.232E5,0,1,,,,,,,,,,DETECTED,323.07523,323.07336,323.0766,2.8111,2.7899,2.8954,2.232E5,7.394E3,1.082E4,2.232E5,0.023,1.9096,2.4803,,,2,1
1099,2.8111,2.7704,2.8326,435.21874,435.2171,435.22007,3.31E5,8.859E3,2.184E4,3.31E5,1,1,25,,,,,,,,,DETECTED,435.21874,435.2171,435.22007,2.8111,2.7704,2.8326,3.31E5,8.859E3,2.184E4,3.31E5,0.0336,0.859,0.8253,1,0.009,3,1
1100,2.8111,2.7899,2.877,551.03808,551.03333,551.0387,3.502E6,7.691E4,3.373E4,3.502E6,1,1,,,,,,,,,,DETECTED,551.03808,551.03333,551.0387,2.8111,2.7899,2.877,3.502E6,7.691E4,3.373E4,3.502E6,0.0251,1.2005,2.0163,1,0.004,3,1
1104,2.8111,2.7899,2.8433,1103.06365,1103.0614,1103.06848,7.228E4,1.528E3,1.284E4,7.228E4,0,1,,,,,,,,,,DETECTED,1103.06365,1103.0614,1103.06848,2.8111,2.7899,2.8433,7.228E4,1.528E3,1.284E4,7.228E4,0.0193,1.2562,2.7021,,,3,1
1105,2.8236,2.8002,2.8641,369.08158,369.0809,369.08292,6.759E4,2.49E3,2.049E4,6.759E4,0,1,,,,,,,,,,DETECTED,369.08158,369.0809,369.08292,2.8236,2.8002,2.8641,6.759E4,2.49E3,2.049E4,6.759E4,0.0394,1.367,1.7341,,,2,1
1107,2.8236,2.8002,2.852,397.11081,397.11026,397.11203,5.772E4,1.28E3,1.311E4,5.772E4,0,1,,,,,,,,,,DETECTED,397.11081,397.11026,397.11203,2.8236,2.8002,2.852,5.772E4,1.28E3,1.311E4,5.772E4,0.0214,1.1078,1.2157,,,2,1
1108,2.8236,2.7899,2.852,427.17955,427.17572,427.18115,2.535E5,6.798E3,2.668E4,2.535E5,0,1,,,,,,,,,,DETECTED,427.17955,427.17572,427.18115,2.8236,2.7899,2.852,2.535E5,6.798E3,2.668E4,2.535E5,0.0362,0.9207,0.5898,,,5,1
1110,2.8326,2.8111,2.912,433.20415,433.20312,433.2063,7.465E5,1.966E4,2.354E4,7.465E5,1,1,,,,,,,,,,DETECTED,433.20415,433.20312,433.2063,2.8326,2.8111,2.912,7.465E5,1.966E4,2.354E4,7.465E5,0.0177,4.7179,2.243,1,0.0151,2,1
1112,2.8433,2.8236,2.8713,191.01668,191.01653,191.01685,9.699E5,2.966E4,3.895E5,9.699E5,1,1,106,,,,,,,,,DETECTED,191.01668,191.01653,191.01685,2.8433,2.8236,2.8713,9.699E5,2.966E4,3.895E5,9.699E5,0.033,1.2117,1.4235,1,0.0231,2,1
1113,2.8433,2.7899,2.9867,355.06533,355.06378,355.06604,4.238E5,3.424E4,6.215E4,4.238E5,0,1,106,,,,,,,,,DETECTED,355.06533,355.06378,355.06604,2.8433,2.7899,2.9867,4.238E5,3.424E4,6.215E4,4.238E5,0.0775,1.8429,2.6857,,,2,1
1114,2.8433,2.7434,3.0062,468.04202,468.0387,468.04639,3.051E6,9.288E4,2.623E4,3.051E6,1,1,106,,,,,,,,,DETECTED,468.04202,468.0387,468.04639,2.8433,2.7434,3.0062,3.051E6,9.288E4,2.623E4,3.051E6,0.0228,0.8835,0.463,1,-0.0035,4,1
1116,2.8433,2.8236,2.8954,609.11017,609.10529,609.11133,2.532E7,6.391E5,1.015E6,2.532E7,1,1,,,,,,,,,,DETECTED,609.11017,609.10529,609.11133,2.8433,2.8236,2.8954,2.532E7,6.391E5,1.015E6,2.532E7,0.023,1.4993,1.4482,1,-0.0052,4,1
1124,2.8433,2.8236,2.877,949.17007,949.16174,949.17572,1.055E5,2.449E3,1.361E4,1.055E5,0,1,106,,,,,,,,,DETECTED,949.17007,949.16174,949.17572,2.8433,2.8236,2.877,1.055E5,2.449E3,1.361E4,1.055E5,0.0219,1.3577,1.5156,,,2,1
1126,2.852,2.7824,2.9867,163.03665,163.03622,163.03694,3.755E5,3.417E4,4.698E4,3.755E5,1,1,106,,,,,,,,,DETECTED,163.03665,163.03622,163.03694,2.852,2.7824,2.9867,3.755E5,3.417E4,4.698E4,3.755E5,0.1007,1.4683,1.6856,1,-0.0335,3,1
1127,2.852,2.8002,2.9867,281.06451,281.06348,281.06476,2.428E6,7.585E4,3.758E4,2.428E6,1,1,106,,,,,,,,,DETECTED,281.06451,281.06348,281.06476,2.852,2.8002,2.9867,2.428E6,7.585E4,3.758E4,2.428E6,0.0248,1.6461,2.0162,1,0.004,3,1
1128,2.852,2.8236,2.877,301.03244,301.03046,301.03351,1.12E5,3.369E3,1.2E4,1.12E5,0,1,106,,,,,,,,,DETECTED,301.03244,301.03046,301.03351,2.852,2.8236,2.877,1.12E5,3.369E3,1.2E4,1.12E5,0.0368,0.9416,1.2889,,,2,1
1129,2.852,2.8236,2.9426,321.05952,321.05893,321.06207,1.875E5,8.453E3,8.739E3,1.875E5,0,1,106,,,,,,,,,DETECTED,321.05952,321.05893,321.06207,2.852,2.8236,2.9426,1.875E5,8.453E3,8.739E3,1.875E5,0.0394,1.8129,1.5527,,,2,1
1130,2.852,2.8326,2.9289,355.10204,355.10135,355.10303,1.174E5,3.7E3,8.302E3,1.174E5,0,1,106,,,,,,,,,DETECTED,355.10204,355.10135,355.10303,2.852,2.8326,2.9289,1.174E5,3.7E3,8.302E3,1.174E5,0.0225,2.3979,3.4815,,,2,1
1131,2.852,2.8236,2.8844,515.0807,515.07465,515.08307,5.668E4,1.645E3,9.986E3,5.668E4,0,1,106,,,,,,,,,DETECTED,515.0807,515.07465,515.08307,2.852,2.8236,2.8844,5.668E4,1.645E3,9.986E3,5.668E4,0.0221,1.0725,1.1451,,,2,1
1134,2.852,2.8326,2.9426,623.12064,623.11749,623.12189,1.426E6,3.967E4,1.428E4,1.426E6,1,1,,,,,,,,,,DETECTED,623.12064,623.11749,623.12189,2.852,2.8326,2.9426,1.426E6,3.967E4,1.428E4,1.426E6,0.0229,3.4095,4.8943,1,0.0057,3,1
1135,2.852,2.8236,2.9334,631.0869,631.0838,631.08868,2.91E5,1.056E4,1.14E4,2.91E5,0,1,106,,,,,,,,,DETECTED,631.0869,631.0838,631.08868,2.852,2.8236,2.9334,2.91E5,1.056E4,1.14E4,2.91E5,0.0308,1.8946,2.5655,,,3,1
1136,2.852,2.8236,2.8954,937.0804,937.07428,937.0827,2.042E5,5.156E3,1.306E4,2.042E5,0,1,106,,,,,,,,,DETECTED,937.0804,937.07428,937.0827,2.852,2.8236,2.8954,2.042E5,5.156E3,1.306E4,2.042E5,0.0225,1.1116,1.4652,,,3,1
1138,2.8641,2.8326,2.9289,159.02664,159.02644,159.02686,5.95E5,2.667E4,4.074E4,5.95E5,1,1,106,,,,,,,,,DETECTED,159.02664,159.02644,159.02686,2.8641,2.8326,2.9289,5.95E5,2.667E4,4.074E4,5.95E5,0.0479,1.5461,1.7453,1,-0.003,2,1
1140,2.8641,2.8326,2.9426,177.0371,177.03696,177.03734,8.211E5,3.257E4,4.084E4,8.211E5,1,1,106,,,,,,,,,DETECTED,177.0371,177.03696,177.03734,2.8641,2.8326,2.9426,8.211E5,3.257E4,4.084E4,8.211E5,0.03,2.0141,1.4035,1,-0.0275,2,1
1141,2.8641,2.8236,2.8954,337.0554,337.05444,337.05612,2.179E6,7.294E4,3E5,2.179E6,1,1,106,,,,,,,,,DETECTED,337.0554,337.05444,337.05612,2.8641,2.8236,2.8954,2.179E6,7.294E4,3E5,2.179E6,0.0341,0.8867,0.912,1,-0.0147,2,1
1144,2.8641,2.8326,3.217,339.07033,339.06772,339.07187,1.088E7,3.621E5,1.768E4,1.088E7,3,1,106,,,,,,,,,DETECTED,339.07033,339.06772,339.07187,2.8641,2.8326,3.217,1.088E7,3.621E5,1.768E4,1.088E7,0.0266,1.3657,1.2314,3,-0.0291,4,1
1146,2.8641,2.8326,2.9609,435.22018,435.21814,435.22076,7.071E5,4.25E4,4.413E4,7.071E5,1,1,,,,,,,,,,DETECTED,435.22018,435.21814,435.22076,2.8641,2.8326,2.9609,7.071E5,4.25E4,4.413E4,7.071E5,0.0234,1.9165,3.9279,1,0.0733,3,1
1147,2.8641,2.8236,2.9334,595.12818,595.12305,595.12933,1.732E6,4.189E4,2.655E4,1.732E6,1,1,106,,,,,,,,,DETECTED,595.12818,595.12305,595.12933,2.8641,2.8236,2.9334,1.732E6,4.189E4,2.655E4,1.732E6,0.0192,1.0545,1.3017,1,-0.0047,4,1
1148,2.8641,2.8236,2.912,596.1294,596.12598,596.13116,4.204E5,1.002E4,1.68E4,4.204E5,0,1,106,,,,,,,,,DETECTED,596.1294,596.12598,596.13116,2.8641,2.8236,2.912,4.204E5,1.002E4,1.68E4,4.204E5,0.0193,1.035,1.3461,,,4,1
1152,2.8844,2.8641,2.9213,365.17957,365.17761,365.17987,1.381E5,2.769E3,1.059E4,1.381E5,0,1,,,,,,,,,,DETECTED,365.17957,365.17761,365.17987,2.8844,2.8641,2.9213,1.381E5,2.769E3,1.059E4,1.381E5,0.0173,1.32,2.0426,,,2,1
1153,2.8844,2.8713,2.9289,427.17917,427.1778,427.18265,1.263E5,2.967E3,1.095E4,1.263E5,0,1,,,,,,,,,,DETECTED,427.17917,427.1778,427.18265,2.8844,2.8713,2.9289,1.263E5,2.967E3,1.095E4,1.263E5,0.0217,2.096,2.6555,,,2,1
1154,2.8844,2.8713,2.973,449.07029,449.06921,449.07153,1.481E5,5.217E3,1.202E4,1.481E5,0,1,,,,,,,,,,DETECTED,449.07029,449.06921,449.07153,2.8844,2.8713,2.973,1.481E5,5.217E3,1.202E4,1.481E5,0.0259,3.5075,5.6699,,,2,1
1155,2.8954,2.8713,2.9776,337.09119,337.08868,337.09143,2.01E6,4.872E4,1.645E4,2.01E6,1,1,22,,,,,,,,,DETECTED,337.09119,337.08868,337.09143,2.8954,2.8713,2.9776,2.01E6,4.872E4,1.645E4,2.01E6,0.0209,1.8634,1.6414,1,-0.0068,2,1
1157,2.9029,2.852,2.9609,246.04336,246.04286,246.04356,3.059E5,8.647E3,1.604E4,3.059E5,1,1,22,,,,,,,,,DETECTED,246.04336,246.04286,246.04356,2.9029,2.852,2.9609,3.059E5,8.647E3,1.604E4,3.059E5,0.0359,1.1249,1.6713,1,0.0039,2,1
1158,2.9029,2.877,2.9516,369.08056,369.07874,369.08127,7.304E4,2.08E3,1.003E4,7.304E4,0,1,22,,,,,,,,,DETECTED,369.08056,369.07874,369.08127,2.9029,2.877,2.9516,7.304E4,2.08E3,1.003E4,7.304E4,0.0259,1.4439,2.4842,,,2,1
1159,2.9029,2.877,2.9334,451.08452,451.082,451.08643,2.043E5,4.145E3,8.6E3,2.043E5,0,1,22,,,,,,,,,DETECTED,451.08452,451.082,451.08643,2.9029,2.877,2.9334,2.043E5,4.145E3,8.6E3,2.043E5,0.0168,1.31,1.5128,,,2,1
1161,2.9029,2.8433,3.0174,493.09743,493.09402,493.09799,3.087E6,8.03E4,1.715E4,3.087E6,1,1,22,,,,,,,,,DETECTED,493.09743,493.09402,493.09799,2.9029,2.8433,3.0174,3.087E6,8.03E4,1.715E4,3.087E6,0.0225,1.975,1.7389,1,-0.011,5,1
1162,2.9029,2.8844,2.9289,613.20779,613.20685,613.20868,1.269E5,2.605E3,2.643E4,1.269E5,0,1,,,,,,,,,,DETECTED,613.20779,613.20685,613.20868,2.9029,2.8844,2.9289,1.269E5,2.605E3,2.643E4,1.269E5,0.022,1.2069,1.4138,,,3,1
1163,2.9029,2.852,2.973,865.1841,865.18091,865.18866,8.279E4,5.055E3,1.382E4,8.279E4,0,1,,,,,,,,,,DETECTED,865.1841,865.18091,865.18866,2.9029,2.852,2.973,8.279E4,5.055E3,1.382E4,8.279E4,0.0632,1.1893,1.1079,,,4,1
1166,2.912,2.8326,3.0062,517.09583,517.09167,517.09729,1.168E6,4.591E4,3.468E4,1.168E6,1,1,42,,,,,,,,,DETECTED,517.09583,517.09167,517.09729,2.912,2.8326,3.0062,1.168E6,4.591E4,3.468E4,1.168E6,0.0235,2.8521,0.9306,1,-0.0035,4,1
1169,2.9213,2.8844,3.0062,258.04367,258.04181,258.04504,2.192E5,7.443E3,8.942E3,2.192E5,1,1,42,,,,,,,,,DETECTED,258.04367,258.04181,258.04504,2.9213,2.8844,3.0062,2.192E5,7.443E3,8.942E3,2.192E5,0.0245,1.8581,2.0003,1,-0.0035,2,1
1170,2.9213,2.8713,3.0174,309.05947,309.05707,309.06012,6.913E5,1.89E4,1.132E4,6.913E5,1,1,42,,,,,,,,,DETECTED,309.05947,309.05707,309.06012,2.9213,2.8713,3.0174,6.913E5,1.89E4,1.132E4,6.913E5,0.0209,0.9573,0.8109,1,-0.0051,2,1
1171,2.9213,2.877,3.0608,477.10231,477.10156,477.10605,1.652E5,9.948E3,8.833E3,1.652E5,0,1,,,,,,,,,,DETECTED,477.10231,477.10156,477.10605,2.9213,2.877,3.0608,1.652E5,9.948E3,8.833E3,1.652E5,0.0307,1.8801,5.8761,,,3,1
1172,2.9213,2.8844,3.0299,515.07938,515.07782,515.08276,1.285E5,6.501E3,1.027E4,1.285E5,0,1,42,,,,,,,,,DETECTED,515.07938,515.07782,515.08276,2.9213,2.8844,3.0299,1.285E5,6.501E3,1.027E4,1.285E5,0.0354,1.7285,1.8011,,,2,1
1174,2.9334,2.852,3.0299,393.04423,393.04196,393.04538,6.14E5,2.672E4,2.186E4,6.14E5,1,1,101,,,,,,,,,DETECTED,393.04423,393.04196,393.04538,2.9334,2.852,3.0299,6.14E5,2.672E4,2.186E4,6.14E5,0.025,1.0453,0.8312,1,-0.008,2,1
1176,2.9334,2.912,2.973,491.11703,491.11572,491.11807,7.488E4,2.219E3,1.332E4,7.488E4,0,1,85,,,,,,,,,DETECTED,491.11703,491.11572,491.11807,2.9334,2.912,2.973,7.488E4,2.219E3,1.332E4,7.488E4,0.0289,1.4221,1.3747,,,2,1
1178,2.9334,2.8844,2.997,585.21476,585.20953,585.2168,2.502E5,8.597E3,8.593E3,2.502E5,0,1,101,,,,,,,,,DETECTED,585.21476,585.20953,585.2168,2.9334,2.8844,2.997,2.502E5,8.597E3,8.593E3,2.502E5,0.0331,0.9961,1.6145,,,2,1
1179,2.9334,2.912,2.9867,787.09009,787.08435,787.09259,1.013E5,2.909E3,1.461E4,1.013E5,0,1,101,,,,,,,,,DETECTED,787.09009,787.08435,787.09259,2.9334,2.912,2.9867,1.013E5,2.909E3,1.461E4,1.013E5,0.0395,1.7403,2.1887,,,3,1
1182,2.9426,2.9213,2.973,465.10136,465.09991,465.10349,7.722E4,1.823E3,1.279E4,7.722E4,0,1,85,,,,,,,,,DETECTED,465.10136,465.09991,465.10349,2.9426,2.9213,2.973,7.722E4,1.823E3,1.279E4,7.722E4,0.0221,1.2169,0.9382,,,2,1
1183,2.9516,2.8954,3.0299,295.08011,295.07861,295.0809,3.096E5,8.885E3,1.213E4,3.096E5,1,1,,,,,,,,,,DETECTED,295.08011,295.07861,295.0809,2.9516,2.8954,3.0299,3.096E5,8.885E3,1.213E4,3.096E5,0.0218,0.9868,0.3163,1,-0.0035,2,1
1185,2.9516,2.8954,3.0174,547.15344,547.15247,547.15454,1.527E5,7.368E3,1.454E4,1.527E5,0,1,,,,,,,,,,DETECTED,547.15344,547.15247,547.15454,2.9516,2.8954,3.0174,1.527E5,7.368E3,1.454E4,1.527E5,0.0598,0.7643,1.1849,,,3,1
1186,2.9516,2.9213,2.973,643.21675,643.21539,643.2196,7.084E4,1.909E3,3.153E4,7.084E4,0,1,,,,,,,,,,DETECTED,643.21675,643.21539,643.2196,2.9516,2.9213,2.973,7.084E4,1.909E3,3.153E4,7.084E4,0.0309,0.8529,0.7057,,,2,1
1187,2.9609,2.9213,3.0299,307.13779,307.1373,307.13824,3.965E5,1.426E4,1.796E4,3.965E5,1,1,46,,,,,,,,,DETECTED,307.13779,307.1373,307.13824,2.9609,2.9213,3.0299,3.965E5,1.426E4,1.796E4,3.965E5,0.0328,1.3504,1.4136,1,0.004,2,1
1190,2.9609,2.9334,3.0731,325.09165,325.09045,325.09198,1.765E7,4.724E5,6.855E4,1.765E7,2,1,46,,,,,,,,,DETECTED,325.09165,325.09045,325.09198,2.9609,2.9334,3.0731,1.765E7,4.724E5,6.855E4,1.765E7,0.0232,1.8485,2.4068,2,-0.0051,4,1
1191,2.9609,2.9426,2.997,325.13211,325.13086,325.13251,1.044E5,2.599E3,1.156E4,1.044E5,0,1,16,,,,,,,,,DETECTED,325.13211,325.13086,325.13251,2.9609,2.9426,2.997,1.044E5,2.599E3,1.156E4,1.044E5,0.0253,1.4872,1.8525,,,2,1
1193,2.9609,2.9426,3.0299,393.07825,393.07748,393.08133,4.453E5,1.199E4,1.055E4,4.453E5,1,1,16,,,,,,,,,DETECTED,393.07825,393.07748,393.08133,2.9609,2.9426,3.0299,4.453E5,1.199E4,1.055E4,4.453E5,0.0236,1.7418,2.1045,1,0.0073,2,1
1194,2.9609,2.9426,3.0062,425.01426,425.01279,425.01671,1.879E5,4.766E3,2.238E4,1.879E5,0,1,,,,,,,,,,DETECTED,425.01426,425.01279,425.01671,2.9609,2.9426,3.0062,1.879E5,4.766E3,2.238E4,1.879E5,0.0226,1.7379,2.2349,,,3,1
1197,2.9609,2.9334,2.9867,595.12276,595.12201,595.12642,1.45E5,3.891E3,2.655E4,1.45E5,0,1,46,,,,,,,,,DETECTED,595.12276,595.12201,595.12642,2.9609,2.9334,2.9867,1.45E5,3.891E3,2.655E4,1.45E5,0.0244,0.9709,0.9418,,,2,1
1198,2.9609,2.9426,2.997,651.18602,651.18048,651.18671,3.653E5,6.164E3,8.895E3,3.653E5,0,1,,,,,,,,,,DETECTED,651.18602,651.18048,651.18671,2.9609,2.9426,2.997,3.653E5,6.164E3,8.895E3,3.653E5,0.0153,1.1679,1.7889,,,3,1
1200,2.973,2.9426,3.1229,161.07908,161.07811,161.07932,3.516E6,1.152E5,1.489E4,3.516E6,2,1,16,,,,,,,,,DETECTED,161.07908,161.07811,161.07932,2.973,2.9426,3.1229,3.516E6,1.152E5,1.489E4,3.516E6,0.0252,1.4223,3.6507,2,-0.0156,3,1
1201,2.973,2.9426,3.0731,203.08979,203.08928,203.08994,1.172E6,3.418E4,1.982E4,1.172E6,1,1,16,,,,,,,,,DETECTED,203.08979,203.08928,203.08994,2.973,2.9426,3.0731,1.172E6,3.418E4,1.982E4,1.172E6,0.04,1.7361,2.0434,1,-0.0066,2,1
1202,2.973,2.9426,3.0299,247.07987,247.07959,247.08035,1.433E5,3.994E3,1.226E4,1.433E5,0,1,16,,,,,,,,,DETECTED,247.07987,247.07959,247.08035,2.973,2.9426,3.0299,1.433E5,3.994E3,1.226E4,1.433E5,0.0511,2.3268,1.1127,,,2,1
1204,2.973,2.9426,3.0498,353.04949,353.04791,353.05087,1.388E5,4.735E3,8.711E3,1.388E5,0,1,16,,,,,,,,,DETECTED,353.04949,353.04791,353.05087,2.973,2.9426,3.0498,1.388E5,4.735E3,8.711E3,1.388E5,0.025,2.8132,2.7078,,,2,1
1206,2.973,2.9516,3.0174,461.16481,461.16409,461.16513,8.585E5,1.835E4,4.741E4,8.585E5,1,1,16,,,,,,,,,DETECTED,461.16481,461.16409,461.16513,2.973,2.9516,3.0174,8.585E5,1.835E4,4.741E4,8.585E5,0.0183,1.288,2.1722,1,0.0085,3,1
1207,2.9776,2.9426,3.1911,189.07428,189.07298,189.07443,4.946E6,1.681E5,7.754E3,4.946E6,2,1,16,,,,,,,,,DETECTED,189.07428,189.07298,189.07443,2.9776,2.9426,3.1911,4.946E6,1.681E5,7.754E3,4.946E6,0.024,2.6287,3.3782,2,0.0023,3,1
1210,2.9776,2.912,3.0796,300.9977,300.99548,300.99786,1.159E7,4.475E5,5.097E4,1.159E7,3,1,16,,,,,,,,,DETECTED,300.9977,300.99548,300.99786,2.9776,2.912,3.0796,1.159E7,4.475E5,5.097E4,1.159E7,0.0313,2.4314,4.3617,3,-0.0144,6,1
1215,2.9776,2.9516,3.0062,462.16654,462.16617,462.16937,1.636E5,3.325E3,1.721E4,1.636E5,0,1,16,,,,,,,,,DETECTED,462.16654,462.16617,462.16937,2.9776,2.9516,3.0062,1.636E5,3.325E3,1.721E4,1.636E5,0.0182,1.0509,1.2132,,,3,1
1218,3.0062,2.9776,3.0796,206.0796,206.07823,206.0799,4.606E5,1.508E4,2.289E4,4.606E5,1,1,95,,,,,,,,,DETECTED,206.0796,206.07823,206.0799,3.0062,2.9776,3.0796,4.606E5,1.508E4,2.289E4,4.606E5,0.0363,2.2049,2.5117,1,-0.0035,2,1
1219,3.0062,2.9776,3.0796,349.05192,349.04965,349.0545,5.621E4,2.645E3,1.019E4,5.621E4,0,1,95,,,,,,,,,DETECTED,349.05192,349.04965,349.0545,3.0062,2.9776,3.0796,5.621E4,2.645E3,1.019E4,5.621E4,0.0715,1.785,3.519,,,2,1
1221,3.0062,2.9867,3.039,681.12185,681.11951,681.12415,1.434E5,3.398E3,1.7E4,1.434E5,0,1,95,,,,,,,,,DETECTED,681.12185,681.11951,681.12415,3.0062,2.9867,3.039,1.434E5,3.398E3,1.7E4,1.434E5,0.0215,1.3445,1.2615,,,3,1
1222,3.0174,2.997,3.0731,265.06944,265.06894,265.06989,1.763E5,4.311E3,1.216E4,1.763E5,0,1,,,,,,,,,,DETECTED,265.06944,265.06894,265.06989,3.0174,2.997,3.0731,1.763E5,4.311E3,1.216E4,1.763E5,0.0206,1.674,1.6434,,,2,1
1223,3.0174,2.9867,3.0796,281.06481,281.06348,281.06516,1.485E6,4.677E4,3.758E4,1.485E6,1,1,95,,,,,,,,,DETECTED,281.06481,281.06348,281.06516,3.0174,2.9867,3.0796,1.485E6,4.677E4,3.758E4,1.485E6,0.0258,1.5174,1.5426,1,-0.0164,3,1
1224,3.0174,2.997,3.0731,322.04891,322.04736,322.04941,3.1E5,8.838E3,2.061E4,3.1E5,0,1,,,,,,,,,,DETECTED,322.04891,322.04736,322.04941,3.0174,2.997,3.0731,3.1E5,8.838E3,2.061E4,3.1E5,0.0255,2.6027,3.9526,,,2,1
1225,3.0174,2.9867,3.106,337.05463,337.05276,337.05527,4.584E5,1.671E4,5.288E4,4.584E5,1,1,44,,,,,,,,,DETECTED,337.05463,337.05276,337.05527,3.0174,2.9867,3.106,4.584E5,1.671E4,5.288E4,4.584E5,0.0221,1.9401,3.1834,1,0.0181,3,1
1226,3.0174,2.9924,3.0731,367.10148,367.10025,367.10394,3.993E5,8.196E3,9.539E3,3.993E5,0,1,44,,,,,,,,,DETECTED,367.10148,367.10025,367.10394,3.0174,2.9924,3.0731,3.993E5,8.196E3,9.539E3,3.993E5,0.0171,1.3688,1.2169,,,3,1
1228,3.0174,2.9609,3.0796,467.03599,467.03204,467.03888,1.442E7,3.126E5,2.206E4,1.442E7,1,1,44,,,,,,,,,DETECTED,467.03599,467.03204,467.03888,3.0174,2.9609,3.0796,1.442E7,3.126E5,2.206E4,1.442E7,0.0184,1.4101,2.3618,1,-0.0052,4,1
1230,3.0174,2.997,3.0731,478.0248,478.02383,478.02518,7.023E5,1.508E4,1.003E4,7.023E5,1,1,,,,,,,,,,DETECTED,478.0248,478.02383,478.02518,3.0174,2.997,3.0731,7.023E5,1.508E4,1.003E4,7.023E5,0.0185,1.3213,2.3602,1,0.009,4,1
1231,3.0174,2.9867,3.0731,516.49036,516.48743,516.49469,2.199E5,5.593E3,9.122E3,2.199E5,0,1,44,,,,,,,,,DETECTED,516.49036,516.48743,516.49469,3.0174,2.9867,3.0731,2.199E5,5.593E3,9.122E3,2.199E5,0.0218,1.5653,1.8132,,,3,1
1234,3.0174,2.997,3.0731,645.10219,645.09698,645.10431,2.562E5,6.799E3,1.714E4,2.562E5,0,1,,,,,,,,,,DETECTED,645.10219,645.09698,645.10431,3.0174,2.997,3.0731,2.562E5,6.799E3,1.714E4,2.562E5,0.0225,2.9231,4.1559,,,4,1
1235,3.0174,2.997,3.0498,935.06769,935.06384,935.06848,5.65E5,1.099E4,1.002E5,5.65E5,1,1,,,,,,,,,,DETECTED,935.06769,935.06384,935.06848,3.0174,2.997,3.0498,5.65E5,1.099E4,1.002E5,5.65E5,0.0166,1.2909,1.2645,1,0.0165,4,1
1236,3.0174,2.997,3.0608,935.55942,935.55731,935.56726,1.288E5,2.511E3,1.031E4,1.288E5,0,1,,,,,,,,,,DETECTED,935.55942,935.55731,935.56726,3.0174,2.997,3.0608,1.288E5,2.511E3,1.031E4,1.288E5,0.0164,1.483,2.2265,,,2,1
1237,3.0299,2.9867,3.1185,163.03717,163.03613,163.03743,2.518E6,8.549E4,4.698E4,2.518E6,1,1,63,,,,,,,,,DETECTED,163.03717,163.03613,163.03743,3.0299,2.9867,3.1185,2.518E6,8.549E4,4.698E4,2.518E6,0.0273,2.9408,1.8826,1,-0.0068,4,1
1238,3.0299,3.0062,3.106,279.04942,279.04755,279.04968,2.648E6,7.924E4,5.15E4,2.648E6,1,1,,,,,,,,,,DETECTED,279.04942,279.04755,279.04968,3.0299,3.0062,3.106,2.648E6,7.924E4,5.15E4,2.648E6,0.0258,1.4846,1.6404,1,-0.0052,2,1
1239,3.0299,3.0062,3.0608,319.08044,319.07919,319.08112,1.498E5,3.848E3,3.106E4,1.498E5,0,1,,,,,,,,,,DETECTED,319.08044,319.07919,319.08112,3.0299,3.0062,3.0608,1.498E5,3.848E3,3.106E4,1.498E5,0.0246,1.1512,1.3023,,,3,1
1241,3.0299,2.997,3.0731,643.08817,643.08514,643.09454,1.99E5,5.478E3,1.562E4,1.99E5,0,1,63,,,,,,,,,DETECTED,643.08817,643.08514,643.09454,3.0299,2.997,3.0731,1.99E5,5.478E3,1.562E4,1.99E5,0.0242,1.3554,1.4421,,,2,1
1242,3.039,3.0174,3.0731,739.161,739.15933,739.16357,1.14E5,2.897E3,2.991E4,1.14E5,0,1,,,,,,,,,,DETECTED,739.161,739.15933,739.16357,3.039,3.0174,3.0731,1.14E5,2.897E3,2.991E4,1.14E5,0.0238,1.2877,1.5754,,,3,1
1243,3.0498,2.997,3.1229,311.07542,311.07401,311.0762,4.781E5,1.286E4,9.927E3,4.781E5,1,1,26,,,,,,,,,DETECTED,311.07542,311.07401,311.0762,3.0498,2.997,3.1229,4.781E5,1.286E4,9.927E3,4.781E5,0.0259,1.4891,1.2474,1,-0.0035,3,1
1245,3.0498,2.9867,3.0796,377.17995,377.17722,377.18051,8.464E4,4.322E3,1.632E4,8.464E4,0,1,26,,,,,,,,,DETECTED,377.17995,377.17722,377.18051,3.0498,2.9867,3.0796,8.464E4,4.322E3,1.632E4,8.464E4,0.0757,0.7363,1.4081,,,2,1
1246,3.0498,2.9609,3.1185,393.17432,393.17111,393.17682,4.033E5,1.269E4,1.091E4,4.033E5,1,1,,,,,,,,,,DETECTED,393.17432,393.17111,393.17682,3.0498,2.9609,3.1185,4.033E5,1.269E4,1.091E4,4.033E5,0.0809,0.8935,1.1622,1,0.0058,5,1
1247,3.0498,3.0299,3.1353,439.18036,439.17764,439.18185,3.079E6,5.807E4,1.319E4,3.079E6,1,1,,,,,,,,,,DETECTED,439.18036,439.17764,439.18185,3.0498,3.0299,3.1353,3.079E6,5.807E4,1.319E4,3.079E6,0.0162,1.0947,1.8796,1,-0.0051,4,1
1248,3.0498,3.0062,3.106,517.09474,517.09338,517.09723,2.698E5,1.054E4,3.445E4,2.698E5,0,1,26,,,,,,,,,DETECTED,517.09474,517.09338,517.09723,3.0498,3.0062,3.106,2.698E5,1.054E4,3.445E4,2.698E5,0.0391,1.1441,1.1331,,,3,1
1249,3.0608,3.0299,3.1353,269.10108,269.10028,269.1015,3.243E5,8.596E3,1.343E4,3.243E5,1,1,,,,,,,,,,DETECTED,269.10108,269.10028,269.1015,3.0608,3.0299,3.1353,3.243E5,8.596E3,1.343E4,3.243E5,0.0226,1.5639,1.4225,1,0.0163,2,1
1251,3.0608,3.039,3.1185,607.1295,607.12469,607.13049,3.444E6,5.777E4,4.978E4,3.444E6,1,1,,,,,,,,,,DETECTED,607.1295,607.12469,607.13049,3.0608,3.039,3.1185,3.444E6,5.777E4,4.978E4,3.444E6,0.0146,0.9428,0.7322,1,-0.0069,4,1
1254,3.0731,3.0498,3.1518,593.11107,593.10706,593.112,3.2E6,6.818E4,5.827E4,3.2E6,1,1,,,,,,,,,,DETECTED,593.11107,593.10706,593.112,3.0731,3.0498,3.1518,3.2E6,6.818E4,5.827E4,3.2E6,0.0153,1.4719,2.2735,1,-0.003,3,1
1256,3.0796,3.0498,3.179,159.02678,159.02654,159.02711,3.705E6,1.149E5,1.749E4,3.705E6,1,1,40,,,,,,,,,DETECTED,159.02678,159.02654,159.02711,3.0796,3.0498,3.179,3.705E6,1.149E5,1.749E4,3.705E6,0.0281,1.9056,2.2251,1,0.0039,3,1
1258,3.0796,2.997,3.179,323.07542,323.07251,323.07635,2.167E7,6.832E5,1.107E4,2.167E7,2,1,40,,,,,,,,,DETECTED,323.07542,323.07251,323.07635,3.0796,2.997,3.179,2.167E7,6.832E5,1.107E4,2.167E7,0.0281,1.9914,2.3291,2,0.0023,4,1
1260,3.0796,3.039,3.2522,477.06786,477.06387,477.06854,7.048E7,2.271E6,6.283E4,7.048E7,4,1,40,,,,,,,,,DETECTED,477.06786,477.06387,477.06854,3.0796,3.039,3.2522,7.048E7,2.271E6,6.283E4,7.048E7,0.0284,2.2055,2.4767,4,-0.0129,5,1
1263,3.0796,3.0498,3.1427,576.98779,576.98596,576.99109,4.44E5,1.533E4,1.034E4,4.44E5,0,1,40,,,,,,,,,DETECTED,576.98779,576.98596,576.99109,3.0796,3.0498,3.1427,4.44E5,1.533E4,1.034E4,4.44E5,0.041,2.1779,2.8712,,,4,1
1266,3.0796,3.0608,3.1185,953.11325,953.10645,953.11682,6.526E5,1.364E4,3.072E4,6.526E5,0,1,,,,,,,,,,DETECTED,953.11325,953.10645,953.11682,3.0796,3.0608,3.1185,6.526E5,1.364E4,3.072E4,6.526E5,0.0187,1.1977,1.3194,,,2,1
1267,3.0796,3.0608,3.1185,955.13535,955.12927,955.13672,4.954E6,8.819E4,1.646E5,4.954E6,1,1,,,,,,,,,,DETECTED,955.13535,955.12927,955.13672,3.0796,3.0608,3.1185,4.954E6,8.819E4,1.646E5,4.954E6,0.0143,1.1776,1.2218,1,0.0057,5,1
1269,3.0914,3.0299,3.1956,299.0158,299.01407,299.01685,4.326E5,2.317E4,5.383E4,4.326E5,1,1,40,,,,,,,,,DETECTED,299.0158,299.01407,299.01685,3.0914,3.0299,3.1956,4.326E5,2.317E4,5.383E4,4.326E5,0.0354,1.3464,0.6344,1,0.0079,2,1
1270,3.0914,3.0498,3.1956,475.053,475.05103,475.05399,1.662E6,7.001E4,3.811E4,1.662E6,1,1,40,,,,,,,,,DETECTED,475.053,475.05103,475.05399,3.0914,3.0498,3.1956,1.662E6,7.001E4,3.811E4,1.662E6,0.0349,1.7526,1.6381,1,-0.0044,2,1
1272,3.0914,3.0731,3.1229,580.13646,580.13441,580.13861,6.718E4,1.683E3,1.18E4,6.718E4,0,1,,,,,,,,,,DETECTED,580.13646,580.13441,580.13861,3.0914,3.0731,3.1229,6.718E4,1.683E3,1.18E4,6.718E4,0.0244,1.3581,1.6272,,,3,1
1275,3.106,3.0796,3.1427,307.1369,307.13608,307.13759,8.467E4,2.273E3,1.38E4,8.467E4,0,1,,,,,,,,,,DETECTED,307.1369,307.13608,307.13759,3.106,3.0796,3.1427,8.467E4,2.273E3,1.38E4,8.467E4,0.0247,1.1955,1.5492,,,2,1
1277,3.106,3.0796,3.1865,447.05461,447.05295,447.05655,1.408E5,4.366E3,7.665E3,1.408E5,0,1,,,,,,,,,,DETECTED,447.05461,447.05295,447.05655,3.106,3.0796,3.1865,1.408E5,4.366E3,7.665E3,1.408E5,0.0209,1.9708,2.2905,,,2,1
1278,3.106,3.039,3.2522,463.08763,463.08377,463.0882,9.461E6,2.652E5,3.256E4,9.461E6,2,1,,,,,,,,,,DETECTED,463.08763,463.08377,463.0882,3.106,3.039,3.2522,9.461E6,2.652E5,3.256E4,9.461E6,0.0632,1.3742,0.8396,2,-0.041,5,1
1280,3.106,3.0796,3.1353,509.21979,509.21906,509.22375,8.901E4,2.228E3,1.725E4,8.901E4,0,1,,,,,,,,,,DETECTED,509.21979,509.21906,509.22375,3.106,3.0796,3.1353,8.901E4,2.228E3,1.725E4,8.901E4,0.0248,1.0546,0.7114,,,2,1
1281,3.106,3.0796,3.1353,787.16073,787.15796,787.16248,3.163E5,6.305E3,3.328E4,3.163E5,0,1,,,,,,,,,,DETECTED,787.16073,787.15796,787.16248,3.106,3.0796,3.1353,3.163E5,6.305E3,3.328E4,3.163E5,0.0181,1.0546,0.6479,,,4,1
1282,3.106,3.0796,3.1353,941.14774,941.14136,941.15118,2.165E5,4.635E3,2.238E4,2.165E5,0,1,,,,,,,,,,DETECTED,941.14774,941.14136,941.15118,3.106,3.0796,3.1353,2.165E5,4.635E3,2.238E4,2.165E5,0.0201,1.0546,0.6477,,,4,1
1284,3.1185,3.0914,3.1911,357.11708,357.1156,357.11765,6.348E5,1.606E4,1.051E4,6.348E5,0,1,80,,,,,,,,,DETECTED,357.11708,357.1156,357.11765,3.1185,3.0914,3.1911,6.348E5,1.606E4,1.051E4,6.348E5,0.0214,1.7412,2.508,,,3,1
1286,3.1185,3.0914,3.1518,452.10176,452.10049,452.10419,7.736E4,1.713E3,1.255E4,7.736E4,0,1,80,,,,,,,,,DETECTED,452.10176,452.10049,452.10419,3.1185,3.0914,3.1518,7.736E4,1.713E3,1.255E4,7.736E4,0.0197,1.1136,2.1242,,,3,1
1287,3.1185,3.0796,3.217,607.22073,607.21539,607.22144,7.918E5,2.559E4,1.623E4,7.918E5,1,1,80,,,,,,,,,DETECTED,607.22073,607.21539,607.22144,3.1185,3.0796,3.217,7.918E5,2.559E4,1.623E4,7.918E5,0.1018,1.7307,2.6967,1,0.0116,3,1
1290,3.1229,3.0796,3.217,493.09688,493.09467,493.09885,6.782E5,2.322E4,2.148E4,6.782E5,1,1,80,,,,,,,,,DETECTED,493.09688,493.09467,493.09885,3.1229,3.0796,3.217,6.782E5,2.322E4,2.148E4,6.782E5,0.0283,1.7576,2.3998,1,0.0055,4,1
1291,3.1353,3.1185,3.3873,163.03682,163.03615,163.03708,7.258E5,2.89E4,1.677E4,7.258E5,1,1,29,,,,,,,,,DETECTED,163.03682,163.03615,163.03708,3.1353,3.1185,3.3873,7.258E5,2.89E4,1.677E4,7.258E5,0.0243,5.0762,2.6114,1,0.0113,4,1
1292,3.1353,3.106,3.2647,279.04918,279.04791,279.04984,1.947E6,5.393E4,1.077E4,1.947E6,1,1,29,,,,,,,,,DETECTED,279.04918,279.04791,279.04984,3.1353,3.106,3.2647,1.947E6,5.393E4,1.077E4,1.947E6,0.0229,1.8882,2.0673,1,0.004,3,1
1293,3.1353,3.106,3.217,337.05415,337.05237,337.05505,2.885E5,1.082E4,2.015E4,2.885E5,0,1,29,,,,,,,,,DETECTED,337.05415,337.05237,337.05505,3.1353,3.106,3.217,2.885E5,1.082E4,2.015E4,2.885E5,0.0288,1.9816,2.1953,,,2,1
1294,3.1353,3.106,3.1745,363.1433,363.14255,363.1438,9.217E4,2.739E3,7.502E3,9.217E4,0,1,29,,,,,,,,,DETECTED,363.1433,363.14255,363.1438,3.1353,3.106,3.1745,9.217E4,2.739E3,7.502E3,9.217E4,0.0282,1.0814,1.0423,,,2,1
1297,3.1353,3.106,3.217,469.05046,469.04803,469.05484,6.116E5,1.508E4,2.151E4,6.116E5,1,1,29,,,,,,,,,DETECTED,469.05046,469.04803,469.05484,3.1353,3.106,3.217,6.116E5,1.508E4,2.151E4,6.116E5,0.0199,2.1729,2.4097,1,0.0205,2,1
1299,3.1427,3.1185,3.3218,307.04398,307.04147,307.04437,6.631E5,2.674E4,1.288E4,6.631E5,1,1,66,,,,,,,,,DETECTED,307.04398,307.04147,307.04437,3.1427,3.1185,3.3218,6.631E5,2.674E4,1.288E4,6.631E5,0.0267,3.7197,3.5172,1,0.0114,3,1
1300,3.1427,3.106,3.2261,435.22082,435.21851,435.22342,8.381E5,2.77E4,1.881E4,8.381E5,0,1,66,,,,,,,,,DETECTED,435.22082,435.21851,435.22342,3.1427,3.106,3.2261,8.381E5,2.77E4,1.881E4,8.381E5,0.04,2.214,2.9785,,,4,1
1303,3.1518,3.1229,3.2031,311.0755,311.07404,311.07727,1.177E5,3.274E3,1.05E4,1.177E5,0,1,,,,,,,,,,DETECTED,311.0755,311.07404,311.07727,3.1518,3.1229,3.2031,1.177E5,3.274E3,1.05E4,1.177E5,0.0229,1.3557,2.5019,,,2,1
1306,3.1745,3.1518,3.217,303.04909,303.04804,303.04956,6.043E4,1.728E3,1.027E4,6.043E4,0,1,32,,,,,,,,,DETECTED,303.04909,303.04804,303.04956,3.1745,3.1518,3.217,6.043E4,1.728E3,1.027E4,6.043E4,0.0256,1.4352,3.1021,,,4,1
1307,3.1745,3.1518,3.217,567.20493,567.20294,567.20557,3.57E5,6.924E3,1.426E4,3.57E5,0,1,32,,,,,,,,,DETECTED,567.20493,567.20294,567.20557,3.1745,3.1518,3.217,3.57E5,6.924E3,1.426E4,3.57E5,0.0177,1.1502,1.847,,,3,1
1308,3.1745,3.1518,3.2369,579.13109,579.12817,579.13416,2.895E5,6.498E3,1.255E4,2.895E5,0,1,32,,,,,,,,,DETECTED,579.13109,579.12817,579.13416,3.1745,3.1518,3.2369,2.895E5,6.498E3,1.255E4,2.895E5,0.0186,1.7385,1.2354,,,4,1
1309,3.1865,3.1625,3.2261,367.19529,367.19363,367.19589,8.11E4,2.516E3,1.107E4,8.11E4,0,1,148,,,,,,,,,DETECTED,367.19529,367.19363,367.19589,3.1865,3.1625,3.2261,8.11E4,2.516E3,1.107E4,8.11E4,0.029,1.3252,1.416,,,2,1
1310,3.1865,3.1518,3.2992,377.17949,377.1774,377.1803,1.457E5,6.758E3,1.09E4,1.457E5,0,1,148,,,,,,,,,DETECTED,377.17949,377.1774,377.1803,3.1865,3.1518,3.2992,1.457E5,6.758E3,1.09E4,1.457E5,0.0353,1.9918,2.2975,,,2,1
1314,3.1911,3.1353,3.2794,295.08015,295.0784,295.08066,1.951E5,9.664E3,1.827E4,1.951E5,0,1,94,,,,,,,,,DETECTED,295.08015,295.0784,295.08066,3.1911,3.1353,3.2794,1.951E5,9.664E3,1.827E4,1.951E5,0.042,1.1917,0.6192,,,2,1
1315,3.1911,3.1745,3.2261,463.12346,463.1228,463.12421,1.152E5,2.568E3,1.563E4,1.152E5,0,1,94,,,,,,,,,DETECTED,463.12346,463.1228,463.12421,3.1911,3.1745,3.2261,1.152E5,2.568E3,1.563E4,1.152E5,0.0203,1.5564,2.202,,,2,1
1316,3.2077,3.1865,3.3067,177.03766,177.03693,177.03786,3.076E6,9.871E4,2.023E4,3.076E6,2,1,5,15,[M-H]-,2,178.04559,1316;1322,,,,DETECTED,177.03766,177.03693,177.03786,3.2077,3.1865,3.3067,3.076E6,9.871E4,2.023E4,3.076E6,0.0253,2.5382,4.4786,2,-0.008,3,1
1318,3.2077,3.1865,3.2794,265.06964,265.06937,265.07065,1.596E5,4.069E3,1.085E4,1.596E5,0,1,5,,,,,,,,,DETECTED,265.06964,265.06937,265.07065,3.2077,3.1865,3.2794,1.596E5,4.069E3,1.085E4,1.596E5,0.0195,2.7986,2.8504,,,2,1
1321,3.2077,3.179,3.4252,323.07587,323.07452,323.07663,1.463E7,5.168E5,4.953E4,1.463E7,3,1,5,,,,,,,,,DETECTED,323.07587,323.07452,323.07663,3.2077,3.179,3.4252,1.463E7,5.168E5,4.953E4,1.463E7,0.0276,2.6401,4.4745,3,-0.0098,4,1
1322,3.2077,3.1865,3.2885,391.06189,391.06079,391.06586,3.339E5,9.543E3,9.253E3,3.339E5,0,1,5,15,[2M+Cl]-,2,178.04559,1316;1322,,,,DETECTED,391.06189,391.06079,391.06586,3.2077,3.1865,3.2885,3.339E5,9.543E3,9.253E3,3.339E5,0.0236,1.9175,3.0509,,,2,1
1326,3.217,3.179,3.2992,159.02687,159.02646,159.02699,1.46E6,5.658E4,3.644E4,1.46E6,1,1,5,,,,,,,,,DETECTED,159.02687,159.02646,159.02699,3.217,3.179,3.2992,1.46E6,5.658E4,3.644E4,1.46E6,0.031,1.7437,2.3123,1,-0.007,2,1
1328,3.217,3.1911,3.2522,345.05805,345.05685,345.06082,6.93E4,2.345E3,8.382E3,6.93E4,0,1,5,,,,,,,,,DETECTED,345.05805,345.05685,345.06082,3.217,3.1911,3.2522,6.93E4,2.345E3,8.382E3,6.93E4,0.0345,1.1798,1.6284,,,2,1
1330,3.217,3.1956,3.2478,647.15512,647.15363,647.15759,3.701E5,8.693E3,2.354E4,3.701E5,1,1,5,,,,,,,,,DETECTED,647.15512,647.15363,647.15759,3.217,3.1956,3.2478,3.701E5,8.693E3,2.354E4,3.701E5,0.0213,0.9762,0.8841,1,-0.0052,2,1
1332,3.2261,3.2077,3.3338,503.11613,503.11465,503.11719,1.554E5,7.21E3,1.74E4,1.554E5,0,1,,,,,,,,,,DETECTED,503.11613,503.11465,503.11719,3.2261,3.2077,3.3338,1.554E5,7.21E3,1.74E4,1.554E5,0.0187,3.423,5.512,,,2,1
1333,3.2261,3.2077,3.2647,505.09405,505.09161,505.09741,1.238E5,2.629E3,1.29E4,1.238E5,0,1,,,,,,,,,,DETECTED,505.09405,505.09161,505.09741,3.2261,3.2077,3.2647,1.238E5,2.629E3,1.29E4,1.238E5,0.0211,1.5466,1.4687,,,3,1
1335,3.2261,3.2031,3.2647,607.12921,607.12457,607.13037,4.53E6,9.784E4,1.068E5,4.53E6,1,1,,,,,,,,,,DETECTED,607.12921,607.12457,607.13037,3.2261,3.2031,3.2647,4.53E6,9.784E4,1.068E5,4.53E6,0.0181,1.5798,1.6827,1,-0.0035,4,1
1337,3.2261,3.2077,3.2522,609.13115,609.12933,609.13324,1.815E5,3.943E3,4.341E4,1.815E5,0,1,,,,,,,,,,DETECTED,609.13115,609.12933,609.13324,3.2261,3.2077,3.2522,1.815E5,3.943E3,4.341E4,1.815E5,0.0198,1.2085,1.417,,,4,1
1338,3.2261,3.2077,3.2794,737.18319,737.17908,737.18463,3.222E5,6.518E3,1.252E4,3.222E5,0,1,,,,,,,,,,DETECTED,737.18319,737.17908,737.18463,3.2261,3.2077,3.2794,3.222E5,6.518E3,1.252E4,3.222E5,0.0171,1.4052,1.1933,,,2,1
1339,3.2369,3.217,3.2647,319.13818,319.1376,319.1398,3.682E5,7.935E3,4.983E4,3.682E5,1,1,,,,,,,,,,DETECTED,319.13818,319.1376,319.1398,3.2369,3.217,3.2647,3.682E5,7.935E3,4.983E4,3.682E5,0.0215,1.1955,2.4641,1,0.0074,3,1
1340,3.2369,3.2031,3.3067,353.08573,353.0845,353.08676,1.45E6,4.359E4,1.12E4,1.45E6,1,1,,,,,,,,,,DETECTED,353.08573,353.0845,353.08676,3.2369,3.2031,3.3067,1.45E6,4.359E4,1.12E4,1.45E6,0.0321,1.571,23.0032,1,-0.0052,3,1
1341,3.2478,3.217,3.3067,223.05853,223.05838,223.0587,2.361E5,8.088E3,1.326E4,2.361E5,0,1,,,,,,,,,,DETECTED,223.05853,223.05838,223.0587,3.2478,3.217,3.3067,2.361E5,8.088E3,1.326E4,2.361E5,0.0311,1.413,0.9991,,,3,1
1342,3.2478,3.2261,3.2885,787.1605,787.15436,787.16125,1.732E5,4.049E3,9.163E3,1.732E5,0,1,83,,,,,,,,,DETECTED,787.1605,787.15436,787.16125,3.2478,3.2261,3.2885,1.732E5,4.049E3,9.163E3,1.732E5,0.0213,1.9026,2.7789,,,3,1
1343,3.2522,3.1229,3.3873,171.06283,171.06239,171.06319,2.413E5,1.648E4,1.067E4,2.413E5,1,1,83,,,,,,,,,DETECTED,171.06283,171.06239,171.06319,3.2522,3.1229,3.3873,2.413E5,1.648E4,1.067E4,2.413E5,0.0298,1.0725,1.1622,1,0.0311,2,1
1344,3.2522,3.217,3.7455,433.07677,433.07397,433.07745,2.514E7,9.164E5,1.947E4,2.514E7,4,1,83,,,,,,,,,DETECTED,433.07677,433.07397,433.07745,3.2522,3.217,3.7455,2.514E7,9.164E5,1.947E4,2.514E7,0.0276,2.7755,3.751,4,-0.0095,4,1
1346,3.2522,3.2261,3.3446,447.05522,447.05414,447.05609,4.114E6,1.183E5,3.662E4,4.114E6,2,1,83,,,,,,,,,DETECTED,447.05522,447.05414,447.05609,3.2522,3.2261,3.3446,4.114E6,1.183E5,3.662E4,4.114E6,0.0212,1.8561,1.0419,2,-0.0112,4,1
1347,3.2522,3.1956,3.3338,475.05,475.04916,475.05188,1.319E6,4.784E4,6.638E4,1.319E6,1,1,83,,,,,,,,,DETECTED,475.05,475.04916,475.05188,3.2522,3.1956,3.3338,1.319E6,4.784E4,6.638E4,1.319E6,0.0258,16.5096,3.6377,1,0.004,2,1
1349,3.2522,3.2369,3.3218,551.00787,551.00458,551.00934,1.696E5,5.452E3,1.154E4,1.696E5,0,1,83,,,,,,,,,DETECTED,551.00787,551.00458,551.00934,3.2522,3.2369,3.3218,1.696E5,5.452E3,1.154E4,1.696E5,0.0758,2.7645,3.4038,,,3,1
1350,3.2522,3.2031,3.3067,757.15205,757.14679,757.15344,4.598E5,1.139E4,8.664E3,4.598E5,1,1,83,,,,,,,,,DETECTED,757.15205,757.14679,757.15344,3.2522,3.2031,3.3067,4.598E5,1.139E4,8.664E3,4.598E5,0.023,0.9119,1.818,1,0.0169,3,1
1351,3.2522,3.2369,3.2885,867.1508,867.14545,867.15143,6.404E5,1.464E4,3.624E4,6.404E5,1,1,,,,,,,,,,DETECTED,867.1508,867.14545,867.15143,3.2522,3.2369,3.2885,6.404E5,1.464E4,3.624E4,6.404E5,0.0323,1.393,1.7196,1,0.0057,4,1
1353,3.2647,3.2478,3.3142,321.0596,321.05786,321.06015,1.567E5,4.627E3,1.068E4,1.567E5,0,1,,,,,,,,,,DETECTED,321.0596,321.05786,321.06015,3.2647,3.2478,3.3142,1.567E5,4.627E3,1.068E4,1.567E5,0.0274,1.9658,3.9445,,,2,1
1354,3.2647,3.2261,3.3446,431.06186,431.05847,431.06296,5.053E5,1.537E4,8.953E3,5.053E5,1,1,83,,,,,,,,,DETECTED,431.06186,431.05847,431.06296,3.2647,3.2261,3.3446,5.053E5,1.537E4,8.953E3,5.053E5,0.025,1.6446,1.399,1,0.0079,2,1
1356,3.2647,3.2478,3.3446,443.09527,443.09253,443.09793,2.522E5,6.603E3,1.278E4,2.522E5,1,1,,,,,,,,,,DETECTED,443.09527,443.09253,443.09793,3.2647,3.2478,3.3446,2.522E5,6.603E3,1.278E4,2.522E5,0.0212,2.5589,3.602,1,0.017,4,1
1358,3.2647,3.2478,3.3067,477.10188,477.10138,477.10339,3.857E5,7.645E3,1.277E4,3.857E5,1,1,,,,,,,,,,DETECTED,477.10188,477.10138,477.10339,3.2647,3.2478,3.3067,3.857E5,7.645E3,1.277E4,3.857E5,0.0173,1.8835,2.143,1,0.0096,2,1
1359,3.2647,3.2261,3.3338,501.06248,501.05966,501.06305,4.368E5,1.642E4,1.051E4,4.368E5,1,1,83,,,,,,,,,DETECTED,501.06248,501.05966,501.06305,3.2647,3.2261,3.3338,4.368E5,1.642E4,1.051E4,4.368E5,0.0301,1.6341,1.6408,1,0.0062,2,1
1361,3.2794,3.2522,3.3338,293.06476,293.06418,293.06506,2.886E5,8.159E3,2.166E4,2.886E5,1,1,,,,,,,,,,DETECTED,293.06476,293.06418,293.06506,3.2794,3.2522,3.3338,2.886E5,8.159E3,2.166E4,2.886E5,0.0287,1.5532,1.2123,1,0.0056,2,1
1362,3.2885,3.2522,3.3446,309.05948,309.05667,309.06094,8.398E4,2.655E3,1.193E4,8.398E4,0,1,,,,,,,,,,DETECTED,309.05948,309.05667,309.06094,3.2885,3.2522,3.3446,8.398E4,2.655E3,1.193E4,8.398E4,0.0278,1.2742,2.2216,,,2,1
1364,3.2885,3.2031,3.3218,461.10646,461.10522,461.10919,6.95E4,5.463E3,1.447E4,6.95E4,0,1,,,,,,,,,,DETECTED,461.10646,461.10522,461.10919,3.2885,3.2031,3.3218,6.95E4,5.463E3,1.447E4,6.95E4,0.1214,0.6953,0.3906,,,2,1
1365,3.2992,3.2647,3.3338,319.08044,319.07941,319.0817,1.636E5,4.336E3,1.443E4,1.636E5,0,1,,,,,,,,,,DETECTED,319.08044,319.07941,319.0817,3.2992,3.2647,3.3338,1.636E5,4.336E3,1.443E4,1.636E5,0.0232,1.4183,1.1635,,,4,1
1367,3.3067,3.2885,3.3446,509.19982,509.19684,509.20026,5.092E5,1.119E4,3.143E4,5.092E5,0,1,,,,,,,,,,DETECTED,509.19982,509.19684,509.20026,3.3067,3.2885,3.3446,5.092E5,1.119E4,3.143E4,5.092E5,0.0201,1.2644,1.3689,,,3,1
1369,3.3142,3.2885,3.3816,431.18956,431.18787,431.19141,6.186E4,2.217E3,8.375E3,6.186E4,0,1,,,,,,,,,,DETECTED,431.18956,431.18787,431.19141,3.3142,3.2885,3.3816,6.186E4,2.217E3,8.375E3,6.186E4,0.0273,1.8073,4.0217,,,2,1
1370,3.3142,3.2885,3.3446,441.07969,441.07715,441.08069,1.084E5,2.62E3,1.268E4,1.084E5,0,1,139,,,,,,,,,DETECTED,441.07969,441.07715,441.08069,3.3142,3.2885,3.3446,1.084E5,2.62E3,1.268E4,1.084E5,0.0224,1.09,0.7796,,,2,1
1371,3.3142,3.2885,3.3338,471.1848,471.18439,471.1857,8.189E4,1.975E3,2.594E4,8.189E4,0,1,139,,,,,,,,,DETECTED,471.1848,471.18439,471.1857,3.3142,3.2885,3.3338,8.189E4,1.975E3,2.594E4,8.189E4,0.0241,0.8799,0.7598,,,2,1
1374,3.3218,3.2992,3.4039,507.1108,507.10876,507.11273,3.021E5,6.737E3,9.2E3,3.021E5,1,1,,,,,,,,,,DETECTED,507.1108,507.10876,507.11273,3.3218,3.2992,3.4039,3.021E5,6.737E3,9.2E3,3.021E5,0.0167,2.8846,2.1843,1,0.016,4,1
1375,3.3263,3.2992,3.3816,295.08004,295.0784,295.08096,9.553E4,3.53E3,1.166E4,9.553E4,0,1,56,,,,,,,,,DETECTED,295.08004,295.0784,295.08096,3.3263,3.2992,3.3816,9.553E4,3.53E3,1.166E4,9.553E4,0.0374,1.517,1.8294,,,2,1
1376,3.3263,3.3067,3.3816,477.10178,477.10144,477.10397,4.252E5,1.061E4,1.179E4,4.252E5,1,1,56,,,,,,,,,DETECTED,477.10178,477.10144,477.10397,3.3263,3.3067,3.3816,4.252E5,1.061E4,1.179E4,4.252E5,0.0231,1.5313,2.3636,1,0.0098,3,1
1377,3.3263,3.2794,3.4039,517.09388,517.09216,517.09698,1.018E5,4.478E3,8.446E3,1.018E5,0,1,56,,,,,,,,,DETECTED,517.09388,517.09216,517.09698,3.3263,3.2794,3.4039,1.018E5,4.478E3,8.446E3,1.018E5,0.0432,1.3322,1.4135,,,2,1
1380,3.3338,3.3067,3.4351,353.08602,353.08423,353.08694,2.394E6,5.444E4,1.681E4,2.394E6,1,1,56,,,,,,,,,DETECTED,353.08602,353.08423,353.08694,3.3338,3.3067,3.4351,2.394E6,5.444E4,1.681E4,2.394E6,0.0191,1.3381,1.1758,1,-0.0035,3,1
1383,3.3338,3.3067,3.5707,461.07202,461.06946,461.07242,1.552E7,4.428E5,2.777E4,1.552E7,2,1,56,,,,,,,,,DETECTED,461.07202,461.06946,461.07242,3.3338,3.3067,3.5707,1.552E7,4.428E5,2.777E4,1.552E7,0.0289,1.844,2.108,2,-0.0051,4,1
1387,3.3338,3.3142,3.3679,472.06116,472.06055,472.06339,2.779E5,5.769E3,2.275E4,2.779E5,1,1,56,,,,,,,,,DETECTED,472.06116,472.06055,472.06339,3.3338,3.3142,3.3679,2.779E5,5.769E3,2.275E4,2.779E5,0.0225,1.8659,1.9035,1,0.0148,2,1
1390,3.3446,3.3218,3.4946,447.09143,447.08969,447.09348,1.238E6,2.964E4,8.247E3,1.238E6,1,1,138,,,,,,,,,DETECTED,447.09143,447.08969,447.09348,3.3446,3.3218,3.4946,1.238E6,2.964E4,8.247E3,1.238E6,0.0184,1.7974,1.7087,1,-0.0051,3,1
1391,3.3446,3.3218,3.3919,501.10106,501.09991,501.10373,1.448E5,3.732E3,1.014E4,1.448E5,0,1,138,,,,,,,,,DETECTED,501.10106,501.09991,501.10373,3.3446,3.3218,3.3919,1.448E5,3.732E3,1.014E4,1.448E5,0.0221,1.5319,1.7526,,,2,1
1393,3.3554,3.3263,3.4706,337.05464,337.0528,337.05502,1.111E6,3.183E4,1.291E4,1.111E6,1,1,142,,,,,,,,,DETECTED,337.05464,337.0528,337.05502,3.3554,3.3263,3.4706,1.111E6,3.183E4,1.291E4,1.111E6,0.0243,1.7668,2.1636,1,-0.0035,3,1
1394,3.3679,3.3142,3.4351,321.05989,321.05844,321.06052,4.01E5,1.346E4,1.068E4,4.01E5,1,1,142,,,,,,,,,DETECTED,321.05989,321.05844,321.06052,3.3679,3.3142,3.4351,4.01E5,1.346E4,1.068E4,4.01E5,0.0326,1.388,1.578,1,-0.0051,2,1
1395,3.3679,3.3338,3.4444,475.05025,475.04916,475.05177,3.328E5,2.167E4,6.638E4,3.328E5,2,1,,,,,,,,,,DETECTED,475.05025,475.04916,475.05177,3.3679,3.3338,3.4444,3.328E5,2.167E4,6.638E4,3.328E5,0.0442,1.6228,2.2455,2,-0.0068,2,1
1396,3.3679,3.3338,3.5022,547.20024,547.19678,547.20135,8.994E5,2.825E4,1.877E4,8.994E5,2,1,,,,,,,,,,DETECTED,547.20024,547.19678,547.20135,3.3679,3.3338,3.5022,8.994E5,2.825E4,1.877E4,8.994E5,0.0565,3.3921,1.503,2,0.0069,3,1
1397,3.3724,3.3446,3.5661,447.05466,447.05344,447.05621,7.233E4,9.141E3,2.278E4,7.233E4,0,1,,,,,,,,,,DETECTED,447.05466,447.05344,447.05621,3.3724,3.3446,3.5661,7.233E4,9.141E3,2.278E4,7.233E4,0.2272,3.983,6.966,,,2,1
1398,3.3816,3.3554,3.4351,321.15362,321.15253,321.15427,1.516E6,3.171E4,1.817E4,1.516E6,1,1,,,,,,,,,,DETECTED,321.15362,321.15253,321.15427,3.3816,3.3554,3.4351,1.516E6,3.171E4,1.817E4,1.516E6,0.0186,1.1182,1.5196,1,-0.0035,3,1
1401,3.3919,3.3446,3.4946,419.22692,419.22449,419.22736,3.063E6,1.214E5,7.317E3,3.063E6,2,1,,,,,,,,,,DETECTED,419.22692,419.22449,419.22736,3.3919,3.3446,3.4946,3.063E6,1.214E5,7.317E3,3.063E6,0.0373,1.2746,1.5212,2,-0.0155,4,1
1404,3.3964,3.3724,3.4351,451.10122,451.10044,451.10156,3.989E5,1.037E4,5.497E4,3.989E5,0,1,,,,,,,,,,DETECTED,451.10122,451.10044,451.10156,3.3964,3.3724,3.4351,3.989E5,1.037E4,5.497E4,3.989E5,0.0219,1.3053,2.4692,,,3,1
1407,3.4084,3.3873,3.4444,519.18439,519.18347,519.18689,1.89E5,4.543E3,1.604E4,1.89E5,0,1,149,,,,,,,,,DETECTED,519.18439,519.18347,519.18689,3.4084,3.3873,3.4444,1.89E5,4.543E3,1.604E4,1.89E5,0.0225,1.3463,1.5766,,,3,1
1408,3.4084,3.3554,3.4489,607.22037,607.21698,607.22137,2.981E5,8.713E3,1.482E4,2.981E5,1,1,149,,,,,,,,,DETECTED,607.22037,607.21698,607.22137,3.4084,3.3554,3.4489,2.981E5,8.713E3,1.482E4,2.981E5,0.0217,0.8387,1.2739,1,0.0041,3,1
1411,3.416,3.3964,3.4489,477.1033,477.10236,477.10422,8.402E4,1.79E3,9.59E3,8.402E4,0,1,77,,,,,,,,,DETECTED,477.1033,477.10236,477.10422,3.416,3.3964,3.4489,8.402E4,1.79E3,9.59E3,8.402E4,0.0185,1.3453,1.578,,,2,1
1412,3.416,3.3964,3.4597,505.13261,505.13086,505.13422,1.492E5,3.148E3,1.328E4,1.492E5,0,1,77,,,,,,,,,DETECTED,505.13261,505.13086,505.13422,3.416,3.3964,3.4597,1.492E5,3.148E3,1.328E4,1.492E5,0.0177,1.4186,1.6453,,,2,1
1413,3.416,3.3919,3.4351,527.20915,527.20673,527.21014,7.702E4,1.556E3,1.277E4,7.702E4,0,1,,,,,,,,,,DETECTED,527.20915,527.20673,527.21014,3.416,3.3919,3.4351,7.702E4,1.556E3,1.277E4,7.702E4,0.0188,0.8989,0.9074,,,4,1
1414,3.416,3.3919,3.533,591.13307,591.12946,591.13654,1.162E6,2.539E4,6.821E3,1.162E6,1,1,77,,,,,,,,,DETECTED,591.13307,591.12946,591.13654,3.416,3.3919,3.533,1.162E6,2.539E4,6.821E3,1.162E6,0.0174,2.7104,1.061,1,-0.0052,3,1
1415,3.416,3.3919,3.4489,592.13456,592.13104,592.13525,2.748E5,5.68E3,1.958E4,2.748E5,0,1,77,,,,,,,,,DETECTED,592.13456,592.13104,592.13525,3.416,3.3919,3.4489,2.748E5,5.68E3,1.958E4,2.748E5,0.0178,1.3401,1.0643,,,3,1
1416,3.4252,3.4084,3.5238,523.21469,523.21021,523.21594,4.47E5,1.377E4,7.104E3,4.47E5,0,1,,,,,,,,,,DETECTED,523.21469,523.21021,523.21594,3.4252,3.4084,3.5238,4.47E5,1.377E4,7.104E3,4.47E5,0.0494,2.5395,2.2966,,,4,1
1419,3.4444,3.416,3.5022,293.06458,293.06274,293.06485,2.314E5,5.563E3,1.027E4,2.314E5,1,1,75,,,,,,,,,DETECTED,293.06458,293.06274,293.06485,3.4444,3.416,3.5022,2.314E5,5.563E3,1.027E4,2.314E5,0.0204,1.7532,1.4455,1,0.0085,4,1
1421,3.4444,3.416,3.4946,441.19558,441.19522,441.19955,3.48E5,8.127E3,8.745E3,3.48E5,0,1,75,,,,,,,,,DETECTED,441.19558,441.19522,441.19955,3.4444,3.416,3.4946,3.48E5,8.127E3,8.745E3,3.48E5,0.0298,1.1848,1.1646,,,3,1
1423,3.4489,3.4252,3.7157,417.08142,417.07819,417.08282,9.3E6,2.387E5,2.334E4,9.3E6,2,1,39,,,,,,,,,DETECTED,417.08142,417.07819,417.08282,3.4489,3.4252,3.7157,9.3E6,2.387E5,2.334E4,9.3E6,0.0234,1.9732,2.2421,2,-0.0097,2,1
1424,3.4489,3.4252,3.5079,419.08463,419.08109,419.08826,2.314E5,5.738E3,1.047E4,2.314E5,0,1,39,,,,,,,,,DETECTED,419.08463,419.08109,419.08826,3.4489,3.4252,3.5079,2.314E5,5.738E3,1.047E4,2.314E5,0.0241,2.0734,2.2809,,,3,1
1426,3.4489,3.4252,3.5134,485.06897,485.06516,485.07227,2.043E5,5.101E3,7.254E3,2.043E5,0,1,39,,,,,,,,,DETECTED,485.06897,485.06516,485.07227,3.4489,3.4252,3.5134,2.043E5,5.101E3,7.254E3,2.043E5,0.0215,1.3582,2.2733,,,2,1
1427,3.4489,3.4252,3.4946,491.21064,491.20877,491.21384,2.662E5,5.259E3,9.214E3,2.662E5,1,1,39,,,,,,,,,DETECTED,491.21064,491.20877,491.21384,3.4489,3.4252,3.4946,2.662E5,5.259E3,9.214E3,2.662E5,0.0167,1.6378,1.755,1,0.0148,3,1
1428,3.4489,3.4252,3.4946,535.19965,535.1947,535.20276,3.119E5,5.937E3,1.115E4,3.119E5,1,1,39,,,,,,,,,DETECTED,535.19965,535.1947,535.20276,3.4489,3.4252,3.4946,3.119E5,5.937E3,1.115E4,3.119E5,0.0155,1.6329,1.7083,1,0.0131,3,1
1429,3.4597,3.3554,3.5558,315.01035,315.0083,315.01218,1.203E5,6.719E3,1.116E4,1.203E5,0,1,30,,,,,,,,,DETECTED,315.01035,315.0083,315.01218,3.4597,3.3554,3.5558,1.203E5,6.719E3,1.116E4,1.203E5,0.0284,0.9608,1.0597,,,7,1
1430,3.4597,3.4351,3.5421,321.15362,321.15213,321.15405,2.058E6,4.299E4,6.745E3,2.058E6,1,1,30,,,,,,,,,DETECTED,321.15362,321.15213,321.15405,3.4597,3.4351,3.5421,2.058E6,4.299E4,6.745E3,2.058E6,0.0184,1.4792,1.4566,1,-0.0052,3,1
1431,3.4597,3.4444,3.5022,365.17927,365.17679,365.18011,1.167E5,2.618E3,7.258E3,1.167E5,0,1,30,,,,,,,,,DETECTED,365.17927,365.17679,365.18011,3.4597,3.4444,3.5022,1.167E5,2.618E3,7.258E3,1.167E5,0.0238,1.7129,1.8551,,,2,1
1432,3.4597,3.4444,3.4889,389.14076,389.13965,389.14209,7.296E4,1.577E3,1.467E4,7.296E4,0,1,,,,,,,,,,DETECTED,389.14076,389.13965,389.14209,3.4597,3.4444,3.4889,7.296E4,1.577E3,1.467E4,7.296E4,0.0229,1.453,1.906,,,2,1
1433,3.4597,3.4351,3.5238,455.15259,455.1485,455.15552,9.339E4,3.339E3,8.636E3,9.339E4,0,1,30,,,,,,,,,DETECTED,455.15259,455.1485,455.15552,3.4597,3.4351,3.5238,9.339E4,3.339E3,8.636E3,9.339E4,0.0408,2.2595,3.1088,,,2,1
1435,3.4706,3.4444,3.5558,251.05363,251.05273,251.05426,3.755E5,1.002E4,6.878E3,3.755E5,1,1,50,,,,,,,,,DETECTED,251.05363,251.05273,251.05426,3.4706,3.4444,3.5558,3.755E5,1.002E4,6.878E3,3.755E5,0.0221,2.0762,3.0703,1,0.0057,2,1
1437,3.4706,3.3816,3.5558,415.19553,415.19281,415.19696,2.61E6,6.512E4,1.242E4,2.61E6,1,1,50,,,,,,,,,DETECTED,415.19553,415.19281,415.19696,3.4706,3.3816,3.5558,2.61E6,6.512E4,1.242E4,2.61E6,0.0212,2.1402,2.3759,1,0.0041,4,1
1438,3.4706,3.4351,3.5513,435.10594,435.10471,435.11008,7.774E5,2.103E4,6.961E3,7.774E5,1,1,30,,,,,,,,,DETECTED,435.10594,435.10471,435.11008,3.4706,3.4351,3.5513,7.774E5,2.103E4,6.961E3,7.774E5,0.0599,1.2791,0.9859,1,-0.0052,3,1
1439,3.4706,3.4252,3.6649,503.11796,503.11459,503.12122,2.574E6,6.497E4,1.471E4,2.574E6,1,1,50,,,,,,,,,DETECTED,503.11796,503.11459,503.12122,3.4706,3.4252,3.6649,2.574E6,6.497E4,1.471E4,2.574E6,0.0186,3.2593,2.1661,1,-0.0035,4,1
1440,3.4706,3.4489,3.4946,933.04823,933.04608,933.05194,1.485E5,3.702E3,4.996E4,1.485E5,0,1,,,,,,,,,,DETECTED,933.04823,933.04608,933.05194,3.4706,3.4489,3.4946,1.485E5,3.702E3,4.996E4,1.485E5,0.0247,1.0555,1.1111,,,4,1
1443,3.4798,3.4351,3.5558,321.0597,321.05789,321.06107,1.667E5,5.759E3,9.199E3,1.667E5,0,1,50,,,,,,,,,DETECTED,321.0597,321.05789,321.06107,3.4798,3.4351,3.5558,1.667E5,5.759E3,9.199E3,1.667E5,0.0275,1.4876,0.9992,,,2,1
1444,3.4798,3.4351,3.5815,353.08558,353.0842,353.08624,5.181E5,1.513E4,8.358E3,5.181E5,1,1,50,,,,,,,,,DETECTED,353.08558,353.0842,353.08624,3.4798,3.4351,3.5815,5.181E5,1.513E4,8.358E3,5.181E5,0.0228,1.1637,1.1357,1,0.004,3,1
1445,3.4798,3.4597,3.5513,433.11197,433.11145,433.11227,2.449E5,6.411E3,6.723E3,2.449E5,0,1,23,,,,,,,,,DETECTED,433.11197,433.11145,433.11227,3.4798,3.4597,3.5513,2.449E5,6.411E3,6.723E3,2.449E5,0.0192,1.8323,2.4371,,,4,1
1446,3.4798,3.4489,3.5513,479.24688,479.24442,479.24881,6.612E4,2.332E3,1.11E4,6.612E4,0,1,50,,,,,,,,,DETECTED,479.24688,479.24442,479.24881,3.4798,3.4489,3.5513,6.612E4,2.332E3,1.11E4,6.612E4,0.0241,1.6587,1.5632,,,2,1
1448,3.4798,3.4597,3.6352,515.11744,515.11456,515.12018,1.795E6,4.722E4,8.685E3,1.795E6,1,1,,,,,,,,,,DETECTED,515.11744,515.11456,515.12018,3.4798,3.4597,3.6352,1.795E6,4.722E4,8.685E3,1.795E6,0.0201,1.6667,3.4473,1,0.0023,4,1
1449,3.4889,3.4597,3.5421,257.05379,257.0531,257.0549,2.457E5,6.71E3,9.819E3,2.457E5,1,1,23,,,,,,,,,DETECTED,257.05379,257.0531,257.0549,3.4889,3.4597,3.5421,2.457E5,6.71E3,9.819E3,2.457E5,0.0225,1.3225,2.8801,1,-0.0035,2,1
1453,3.5192,3.4946,3.5815,265.06982,265.06897,265.0704,1.384E5,3.894E3,9.054E3,1.384E5,0,1,38,,,,,,,,,DETECTED,265.06982,265.06897,265.0704,3.5192,3.4946,3.5815,1.384E5,3.894E3,9.054E3,1.384E5,0.0255,2.4193,2.4883,,,3,1
1454,3.5238,3.5079,3.5946,583.16291,583.15967,583.1662,2.545E5,6.472E3,7.188E3,2.545E5,1,1,38,,,,,,,,,DETECTED,583.16291,583.15967,583.1662,3.5238,3.5079,3.5946,2.545E5,6.472E3,7.188E3,2.545E5,0.0221,1.9517,2.8127,1,0.0041,3,1
1455,3.533,3.5079,3.5891,371.13281,371.13071,371.13443,2.565E5,7.153E3,1.032E4,2.565E5,0,1,38,,,,,,,,,DETECTED,371.13281,371.13071,371.13443,3.533,3.5079,3.5891,2.565E5,7.153E3,1.032E4,2.565E5,0.0251,1.248,1.0974,,,3,1
1456,3.533,3.4489,3.674,429.1738,429.17044,429.17484,6.599E5,2.963E4,7.721E3,6.599E5,0,1,38,,,,,,,,,DETECTED,429.1738,429.17044,429.17484,3.533,3.4489,3.674,6.599E5,2.963E4,7.721E3,6.599E5,0.0393,0.9373,2.4952,,,3,1
1457,3.5421,3.5238,3.6306,347.16921,347.16696,347.1705,6.392E5,1.317E4,9.125E3,6.392E5,1,1,,,,,,,,,,DETECTED,347.16921,347.16696,347.1705,3.5421,3.5238,3.6306,6.392E5,1.317E4,9.125E3,6.392E5,0.0172,2.0907,2.3018,1,0.0023,3,1
1459,3.5421,3.5192,3.5815,625.11291,625.10956,625.11359,1.195E5,2.756E3,9.777E3,1.195E5,0,1,,,,,,,,,,DETECTED,625.11291,625.10956,625.11359,3.5421,3.5192,3.5815,1.195E5,2.756E3,9.777E3,1.195E5,0.0193,1.2207,1.3074,,,3,1
1460,3.5513,3.533,3.5946,449.10598,449.10425,449.10699,9.481E4,2.204E3,8.088E3,9.481E4,0,1,,,,,,,,,,DETECTED,449.10598,449.10425,449.10699,3.5513,3.533,3.5946,9.481E4,2.204E3,8.088E3,9.481E4,0.0235,1.8246,1.7401,,,2,1
1461,3.5615,3.533,3.6124,175.09425,175.09361,175.09438,1.771E5,5.27E3,6.821E3,1.771E5,0,1,124,,,,,,,,,DETECTED,175.09425,175.09361,175.09438,3.5615,3.533,3.6124,1.771E5,5.27E3,6.821E3,1.771E5,0.0318,1.4426,1.4543,,,2,1
1462,3.5615,3.5376,3.6079,217.10571,217.10509,217.10611,7.011E4,2.086E3,7.903E3,7.011E4,0,1,124,,,,,,,,,DETECTED,217.10571,217.10509,217.10611,3.5615,3.5376,3.6079,7.011E4,2.086E3,7.903E3,7.011E4,0.0268,1.4669,1.7359,,,2,1
1464,3.5615,3.5421,3.6079,431.1887,431.18677,431.19009,9.935E4,2.493E3,8.712E3,9.935E4,0,1,,,,,,,,,,DETECTED,431.1887,431.18677,431.19009,3.5615,3.5421,3.6079,9.935E4,2.493E3,8.712E3,9.935E4,0.0221,1.7449,2.1007,,,2,1
1468,3.5707,3.533,3.6261,459.09132,459.08865,459.09192,5.874E5,1.645E4,6.76E3,5.874E5,1,1,129,,,,,,,,,DETECTED,459.09132,459.08865,459.09192,3.5707,3.533,3.6261,5.874E5,1.645E4,6.76E3,5.874E5,0.0232,2.1942,2.518,1,0.004,3,1
1469,3.5707,3.5513,3.6261,551.21124,551.20703,551.21191,1.246E6,3.027E4,2.424E4,1.246E6,1,1,129,,,,,,,,,DETECTED,551.21124,551.20703,551.21191,3.5707,3.5513,3.6261,1.246E6,3.027E4,2.424E4,1.246E6,0.0212,1.8161,2.3408,1,0.0023,4,1
1471,3.5815,3.4946,3.6603,435.22055,435.21716,435.22177,8.866E5,2.115E4,9.266E3,8.866E5,0,1,,,,,,,,,,DETECTED,435.22055,435.21716,435.22177,3.5815,3.4946,3.6603,8.866E5,2.115E4,9.266E3,8.866E5,0.0156,0.7359,0.7184,,,3,1
1478,3.5946,3.5661,3.6795,397.04608,397.04462,397.05017,4.158E5,9.886E3,8.283E3,4.158E5,1,1,,,,,,,,,,DETECTED,397.04608,397.04462,397.05017,3.5946,3.5661,3.6795,4.158E5,9.886E3,8.283E3,4.158E5,0.018,1.6712,2.1226,1,0.0023,4,1
1479,3.6079,3.5707,3.6916,187.09436,187.09384,187.09457,2.244E5,7.736E3,7.492E3,2.244E5,1,1,114,,,,,,,,,DETECTED,187.09436,187.09384,187.09457,3.6079,3.5707,3.6916,2.244E5,7.736E3,7.492E3,2.244E5,0.0275,1.3638,1.7132,1,0.0085,2,1
1480,3.6079,3.5558,3.6991,415.19492,415.19327,415.19556,1.035E6,2.615E4,1.049E4,1.035E6,0,1,114,,,,,,,,,DETECTED,415.19492,415.19327,415.19556,3.6079,3.5558,3.6991,1.035E6,2.615E4,1.049E4,1.035E6,0.0204,1.0961,0.2748,,,2,1
1481,3.6124,3.5891,3.674,349.14824,349.1463,349.15118,3.24E5,7.109E3,7.766E3,3.24E5,0,1,,,,,,,,,,DETECTED,349.14824,349.1463,349.15118,3.6124,3.5891,3.674,3.24E5,7.109E3,7.766E3,3.24E5,0.0189,1.6177,1.8276,,,3,1
1484,3.6215,3.6079,3.6409,549.23051,549.22955,549.23181,1.039E5,1.494E3,1.146E4,1.039E5,0,1,,,,,,,,,,DETECTED,549.23051,549.22955,549.23181,3.6215,3.6079,3.6409,1.039E5,1.494E3,1.146E4,1.039E5,0.014,1.2123,1.0153,,,2,1
1485,3.6261,3.5707,3.6916,417.21062,417.20761,417.21118,1.808E6,4.916E4,1.588E4,1.808E6,1,1,,,,,,,,,,DETECTED,417.21062,417.20761,417.21118,3.6261,3.5707,3.6916,1.808E6,4.916E4,1.588E4,1.808E6,0.0196,0.7193,2.7369,1,0.0428,2,1
1486,3.6306,3.6124,3.6649,431.18892,431.18738,431.19089,5.744E4,1.365E3,9.628E3,5.744E4,0,1,37,,,,,,,,,DETECTED,431.18892,431.18738,431.19089,3.6306,3.6124,3.6649,5.744E4,1.365E3,9.628E3,5.744E4,0.0212,1.4436,1.4222,,,3,1
1488,3.6352,3.6124,3.6603,435.10552,435.10489,435.10681,1.288E5,2.962E3,1.516E4,1.288E5,0,1,37,16,[M-H]-,2,436.11323,1488;1489,,,,DETECTED,435.10552,435.10489,435.10681,3.6352,3.6124,3.6603,1.288E5,2.962E3,1.516E4,1.288E5,0.0233,1.0542,0.8708,,,2,1
1489,3.6352,3.6124,3.687,481.11188,481.11154,481.11548,2.096E5,5.424E3,1.074E4,2.096E5,0,1,37,16,[M+FA]-,2,436.11323,1488;1489,,,,DETECTED,481.11188,481.11154,481.11548,3.6352,3.6124,3.687,2.096E5,5.424E3,1.074E4,2.096E5,0.0246,1.5111,1.1009,,,6,1
1491,3.6455,3.6261,3.6991,477.10189,477.10123,477.1044,4.212E5,8.77E3,9.243E3,4.212E5,1,1,,,,,,,,,,DETECTED,477.10189,477.10123,477.1044,3.6455,3.6261,3.6991,4.212E5,8.77E3,9.243E3,4.212E5,0.0177,1.4431,1.5292,1,0.004,5,1
1492,3.6546,3.6261,3.7634,459.09212,459.08917,459.09268,2.295E6,6.325E4,2.922E4,2.295E6,1,1,93,,,,,,,,,DETECTED,459.09212,459.08917,459.09268,3.6546,3.6261,3.7634,2.295E6,6.325E4,2.922E4,2.295E6,0.0214,1.7445,1.6665,1,-0.0068,2,1
1493,3.6546,3.6261,3.7634,461.10732,461.1059,461.10788,2.224E6,5.132E4,9.391E3,2.224E6,0,1,93,,,,,,,,,DETECTED,461.10732,461.1059,461.10788,3.6546,3.6261,3.7634,2.224E6,5.132E4,9.391E3,2.224E6,0.0258,1.3501,1.3722,,,3,1
1494,3.6603,3.6409,3.6916,452.04777,452.04584,452.04904,1.055E5,2.579E3,1.281E4,1.055E5,0,1,93,,,,,,,,,DETECTED,452.04777,452.04584,452.04904,3.6603,3.6409,3.6916,1.055E5,2.579E3,1.281E4,1.055E5,0.0226,1.3033,1.4363,,,2,1
1495,3.6603,3.6306,3.7157,457.07585,457.07361,457.07932,1.391E5,4.253E3,6.561E3,1.391E5,0,1,93,,,,,,,,,DETECTED,457.07585,457.07361,457.07932,3.6603,3.6306,3.7157,1.391E5,4.253E3,6.561E3,1.391E5,0.0269,1.5647,2.3405,,,2,1
1496,3.6603,3.5891,3.687,461.23645,461.23303,461.23843,3.388E5,1.211E4,1.109E4,3.388E5,1,1,93,,,,,,,,,DETECTED,461.23645,461.23303,461.23843,3.6603,3.5891,3.687,3.388E5,1.211E4,1.109E4,3.388E5,0.0301,0.729,0.544,1,-0.0092,3,1
1498,3.674,3.6546,3.7634,489.06551,489.06406,489.06702,5.452E5,1.621E4,1.545E4,5.452E5,1,1,,,,,,,,,,DETECTED,489.06551,489.06406,489.06702,3.674,3.6546,3.7634,5.452E5,1.621E4,1.545E4,5.452E5,0.0217,2.4728,3.2331,1,0.0078,3,1
1499,3.687,3.6649,3.7294,321.15354,321.15244,321.15454,1.244E5,2.925E3,9.412E3,1.244E5,0,1,,,,,,,,,,DETECTED,321.15354,321.15244,321.15454,3.687,3.6649,3.7294,1.244E5,2.925E3,9.412E3,1.244E5,0.021,1.3028,2.2683,,,2,1
1500,3.6916,3.6409,3.8759,137.02145,137.02094,137.02184,7.414E5,3.509E4,1.003E4,7.414E5,1,1,78,,,,,,,,,DETECTED,137.02145,137.02094,137.02184,3.6916,3.6409,3.8759,7.414E5,3.509E4,1.003E4,7.414E5,0.0319,2.4093,2.7205,1,-0.008,3,1
1503,3.6991,3.6795,3.7455,347.16899,347.16821,347.17026,9.999E4,2.441E3,8.656E3,9.999E4,0,1,,,,,,,,,,DETECTED,347.16899,347.16821,347.17026,3.6991,3.6795,3.7455,9.999E4,2.441E3,8.656E3,9.999E4,0.0174,1.5809,2.0432,,,2,1
1504,3.6991,3.674,3.7294,385.12705,385.12552,385.1282,6.088E4,1.375E3,7.741E3,6.088E4,0,1,78,,,,,,,,,DETECTED,385.12705,385.12552,385.1282,3.6991,3.674,3.7294,6.088E4,1.375E3,7.741E3,6.088E4,0.0205,1.1038,1.1498,,,2,1
1508,3.7037,3.687,3.7294,409.20544,409.20288,409.20764,9.553E4,1.914E3,1.835E4,9.553E4,0,1,86,17,[M-H]-,3,410.21326,1509;1510;1508,,,,DETECTED,409.20544,409.20288,409.20764,3.7037,3.687,3.7294,9.553E4,1.914E3,1.835E4,9.553E4,0.0219,1.2732,1.9415,,,2,1
1509,3.7037,3.687,3.7352,445.18228,445.17902,445.18344,8.55E4,1.687E3,1.039E4,8.55E4,0,1,86,17,[M+Cl]-,3,410.21326,1509;1510;1508,,,,DETECTED,445.18228,445.17902,445.18344,3.7037,3.687,3.7352,8.55E4,1.687E3,1.039E4,8.55E4,0.0185,1.4469,2.1572,,,3,1
1510,3.7037,3.6603,3.8424,455.21239,455.20871,455.21436,7.11E6,1.617E5,7.653E3,7.11E6,2,1,86,17,[M+FA]-,3,410.21326,1509;1508;1510,,,,DETECTED,455.21239,455.20871,455.21436,3.7037,3.6603,3.8424,7.11E6,1.617E5,7.653E3,7.11E6,0.0198,1.4801,1.6615,2,-0.008,4,1
1513,3.7157,3.2031,3.885,273.01475,273.01395,273.01544,1.03E5,4.835E4,3.424E4,1.03E5,0,1,,,,,,,,,,DETECTED,273.01475,273.01395,273.01544,3.7157,3.2031,3.885,1.03E5,4.835E4,3.424E4,1.03E5,0.641,0.6651,0.3303,,,13,1
1515,3.7157,3.6916,3.8263,417.21099,417.20834,417.21158,2.379E6,6.105E4,1.095E4,2.379E6,0,1,67,,,,,,,,,DETECTED,417.21099,417.20834,417.21158,3.7157,3.6916,3.8263,2.379E6,6.105E4,1.095E4,2.379E6,0.0234,1.6966,1.9306,,,2,1
1516,3.7157,3.6916,3.7966,435.10561,435.10437,435.10733,3.738E5,1.327E4,9.321E3,3.738E5,1,1,67,,,,,,,,,DETECTED,435.10561,435.10437,435.10733,3.7157,3.6916,3.7966,3.738E5,1.327E4,9.321E3,3.738E5,0.0283,1.8411,3.2236,1,-0.0035,3,1
1519,3.7203,3.6991,3.8479,467.21135,467.20944,467.21487,9.245E5,3.689E4,7.505E3,9.245E5,1,1,,,,,,,,,,DETECTED,467.21135,467.20944,467.21487,3.7203,3.6991,3.8479,9.245E5,3.689E4,7.505E3,9.245E5,0.0402,3.5225,4.31,1,0.0023,3,1
1520,3.7294,3.6991,3.8896,193.0478,193.04662,193.04808,9.186E5,3.097E4,1.091E4,9.186E5,1,1,,,,,,,,,,DETECTED,193.0478,193.04662,193.04808,3.7294,3.6991,3.8896,9.186E5,3.097E4,1.091E4,9.186E5,0.0245,2.3608,2.5743,1,-0.0035,2,1
1521,3.7352,3.7157,3.8114,503.15338,503.15237,503.15555,2.852E5,7.447E3,8.277E3,2.852E5,1,1,,,,,,,,,,DETECTED,503.15338,503.15237,503.15555,3.7352,3.7157,3.8114,2.852E5,7.447E3,8.277E3,2.852E5,0.0194,2.2833,2.6186,1,0.0069,3,1
1522,3.7558,3.7352,3.8524,451.10129,451.09805,451.103,8.533E5,2.107E4,1.646E4,8.533E5,1,1,,,,,,,,,,DETECTED,451.10129,451.09805,451.103,3.7558,3.7352,3.8524,8.533E5,2.107E4,1.646E4,8.533E5,0.0185,1.7268,2.3362,1,0.0041,2,1
1523,3.7558,3.7157,3.8114,481.11167,481.11075,481.11417,1.65E5,6.354E3,7.186E3,1.65E5,0,1,,,,,,,,,,DETECTED,481.11167,481.11075,481.11417,3.7558,3.7157,3.8114,1.65E5,6.354E3,7.186E3,1.65E5,0.0418,1.1299,1.7488,,,3,1
1524,3.7634,3.7397,3.7811,551.20924,551.20819,551.211,1.419E5,3.047E3,7.587E3,1.419E5,0,1,,,,,,,,,,DETECTED,551.20924,551.20819,551.211,3.7634,3.7397,3.7811,1.419E5,3.047E3,7.587E3,1.419E5,0.0212,0.9942,1.0392,,,4,1
1525,3.7691,3.7455,3.792,411.19948,411.19897,411.2009,1.023E5,2.151E3,7.542E3,1.023E5,0,1,10,,,,,,,,,DETECTED,411.19948,411.19897,411.2009,3.7691,3.7455,3.792,1.023E5,2.151E3,7.542E3,1.023E5,0.0199,1.127,1.3152,,,4,1
1526,3.7691,3.7513,3.792,457.20668,457.2059,457.20889,2.542E5,4.755E3,6.276E4,2.542E5,1,1,10,,,,,,,,,DETECTED,457.20668,457.2059,457.20889,3.7691,3.7513,3.792,2.542E5,4.755E3,6.276E4,2.542E5,0.017,1.1411,1.2823,1,0.0069,2,1
1527,3.7811,3.7634,3.8114,245.13725,245.13701,245.13765,5.456E4,1.332E3,7.717E3,5.456E4,0,1,,,,,,,,,,DETECTED,245.13725,245.13701,245.13765,3.7811,3.7634,3.8114,5.456E4,1.332E3,7.717E3,5.456E4,0.0242,1.3544,2.2021,,,2,1
1528,3.7811,3.7634,3.8069,505.16863,505.16641,505.16983,5.064E4,9.656E2,9.324E3,5.064E4,0,1,,,,,,,,,,DETECTED,505.16863,505.16641,505.16983,3.7811,3.7634,3.8069,5.064E4,9.656E2,9.324E3,5.064E4,0.0175,1.2261,1.7336,,,2,1
1529,3.792,3.7513,3.8702,463.25347,463.2514,463.25604,1.936E6,3.592E4,9.183E3,1.936E6,1,1,133,,,,,,,,,DETECTED,463.25347,463.2514,463.25604,3.792,3.7513,3.8702,1.936E6,3.592E4,9.183E3,1.936E6,0.0156,1.2231,1.1506,1,-0.0068,4,1
1531,3.792,3.7558,3.8524,499.12253,499.12051,499.12668,1.838E5,5.376E3,1.175E4,1.838E5,0,1,133,,,,,,,,,DETECTED,499.12253,499.12051,499.12668,3.792,3.7558,3.8524,1.838E5,5.376E3,1.175E4,1.838E5,0.025,1.642,1.4965,,,2,1
1532,3.792,3.7737,3.8524,515.1168,515.1145,515.12024,1.139E5,3.057E3,7.095E3,1.139E5,0,1,,,,,,,,,,DETECTED,515.1168,515.1145,515.12024,3.792,3.7737,3.8524,1.139E5,3.057E3,7.095E3,1.139E5,0.0236,1.7747,2.0624,,,2,1
1533,3.7966,3.7634,4.0215,459.09121,459.08871,459.09497,1.069E5,7.318E3,7.541E3,1.069E5,0,1,133,,,,,,,,,DETECTED,459.09121,459.08871,459.09497,3.7966,3.7634,4.0215,1.069E5,7.318E3,7.541E3,1.069E5,0.0289,3.6403,6.4025,,,2,1
1536,3.8069,3.7558,3.8524,387.16504,387.16327,387.16949,9.526E4,2.83E3,9.465E3,9.526E4,0,1,,,,,,,,,,DETECTED,387.16504,387.16327,387.16949,3.8069,3.7558,3.8524,9.526E4,2.83E3,9.465E3,9.526E4,0.0192,1.0465,0.9308,,,3,1
1541,3.8309,3.8114,3.9044,405.11622,405.11362,405.11783,4.558E5,1.221E4,7.764E3,4.558E5,1,1,,,,,,,,,,DETECTED,405.11622,405.11362,405.11783,3.8309,3.8114,3.9044,4.558E5,1.221E4,7.764E3,4.558E5,0.0234,2.5993,2.9994,1,0.0023,2,1
1542,3.8424,3.8217,3.8896,697.205,697.19934,697.20789,5.465E4,1.886E3,6.705E3,5.465E4,0,1,,,,,,,,,,DETECTED,697.205,697.19934,697.20789,3.8424,3.8217,3.8896,5.465E4,1.886E3,6.705E3,5.465E4,0.025,1.6445,2.1637,,,2,1
1546,3.8524,3.8366,3.9344,429.17351,429.16983,429.17618,1.929E5,4.877E3,7.37E3,1.929E5,0,1,125,,,,,,,,,DETECTED,429.17351,429.16983,429.17618,3.8524,3.8366,3.9344,1.929E5,4.877E3,7.37E3,1.929E5,0.0205,1.8179,1.8477,,,3,1
1547,3.8599,3.8012,3.909,337.09099,337.08984,337.09204,1.23E5,5.298E3,6.603E3,1.23E5,0,1,125,,,,,,,,,DETECTED,337.09099,337.08984,337.09204,3.8599,3.8012,3.909,1.23E5,5.298E3,6.603E3,1.23E5,0.039,0.9308,0.5373,,,2,1
1548,3.8702,3.8479,3.909,545.18325,545.18024,545.18524,9.823E4,2.19E3,6.549E3,9.823E4,0,1,,,,,,,,,,DETECTED,545.18325,545.18024,545.18524,3.8702,3.8479,3.909,9.823E4,2.19E3,6.549E3,9.823E4,0.0208,1.2231,1.3857,,,2,1
1549,3.8805,3.8599,3.9148,413.21445,413.21283,413.21591,6.501E4,1.924E3,1.918E4,6.501E4,0,1,,,,,,,,,,DETECTED,413.21445,413.21283,413.21591,3.8805,3.8599,3.9148,6.501E4,1.924E3,1.918E4,6.501E4,0.0352,1.3324,1.6648,,,2,1
1551,3.8896,3.8702,3.9148,387.15349,387.15182,387.15448,5.852E4,1.199E3,8.718E3,5.852E4,0,1,,,,,,,,,,DETECTED,387.15349,387.15182,387.15448,3.8896,3.8702,3.9148,5.852E4,1.199E3,8.718E3,5.852E4,0.0153,1.1491,1.3973,,,2,1
1553,3.8953,3.8599,3.9389,459.22027,459.21823,459.22302,8.546E4,3.347E3,1.585E4,8.546E4,0,1,62,,,,,,,,,DETECTED,459.22027,459.21823,459.22302,3.8953,3.8599,3.9389,8.546E4,3.347E3,1.585E4,8.546E4,0.0382,1.1146,1.4414,,,3,1
1554,3.8953,3.8524,3.9251,569.34949,569.34613,569.3515,8.291E4,2.978E3,8.258E3,8.291E4,0,1,62,,,,,,,,,DETECTED,569.34949,569.34613,569.3515,3.8953,3.8524,3.9251,8.291E4,2.978E3,8.258E3,8.291E4,0.0241,0.9025,1.0581,,,2,1
1555,3.9205,3.8999,3.9447,695.35657,695.35333,695.3584,9.704E4,1.842E3,7.582E3,9.704E4,0,1,,,,,,,,,,DETECTED,695.35657,695.35333,695.3584,3.9205,3.8999,3.9447,9.704E4,1.842E3,7.582E3,9.704E4,0.0175,1.2147,1.5622,,,2,1
1558,3.9251,3.8309,4.0571,443.09645,443.09439,443.09702,4.096E6,1.435E5,1.735E4,4.096E6,3,1,137,,,,,,,,,DETECTED,443.09645,443.09439,443.09702,3.9251,3.8309,4.0571,4.096E6,1.435E5,1.735E4,4.096E6,0.0236,1.1977,0.9169,3,-0.0703,4,1
1559,3.9251,3.8999,3.9814,511.08302,511.07938,511.08667,8.272E4,2.414E3,1.252E4,8.272E4,0,1,137,,,,,,,,,DETECTED,511.08302,511.07938,511.08667,3.9251,3.8999,3.9814,8.272E4,2.414E3,1.252E4,8.272E4,0.0236,1.6184,2.1639,,,2,1
1561,3.9389,3.9148,3.9905,209.11571,209.11549,209.11681,2.29E5,5.367E3,1.253E4,2.29E5,0,1,87,,,,,,,,,DETECTED,209.11571,209.11549,209.11681,3.9389,3.9148,3.9905,2.29E5,5.367E3,1.253E4,2.29E5,0.0203,1.791,1.5352,,,2,1
1562,3.9389,3.9148,4.0102,227.1265,227.12572,227.12682,7.969E5,1.757E4,1.391E4,7.969E5,1,1,87,,,,,,,,,DETECTED,227.1265,227.12572,227.12682,3.9389,3.9148,4.0102,7.969E5,1.757E4,1.391E4,7.969E5,0.0202,1.4053,1.3347,1,0.0023,3,1
1564,3.9389,3.9205,3.9665,473.10672,473.10489,473.1091,7.592E4,1.579E3,1.503E4,7.592E4,0,1,87,,,,,,,,,DETECTED,473.10672,473.10489,473.1091,3.9389,3.9205,3.9665,7.592E4,1.579E3,1.503E4,7.592E4,0.0167,1.2516,1.4784,,,3,1
1568,3.9768,3.955,4.0157,455.21157,455.20929,455.21631,2.156E5,4.602E3,1.343E4,2.156E5,0,1,,,,,,,,,,DETECTED,455.21157,455.20929,455.21631,3.9768,3.955,4.0157,2.156E5,4.602E3,1.343E4,2.156E5,0.0186,1.9684,1.1175,,,3,1
1569,3.9814,3.9447,4.0215,413.21488,413.21301,413.2171,2.352E5,5.534E3,1.347E4,2.352E5,0,1,43,18,[M-H]-,2,414.22277,1570;1569,,,,DETECTED,413.21488,413.21301,413.2171,3.9814,3.9447,4.0215,2.352E5,5.534E3,1.347E4,2.352E5,0.0187,2.4477,1.3483,,,2,1
1570,3.9814,3.9389,4.041,459.22158,459.2168,459.2226,3.603E5,1.048E4,1.14E4,3.603E5,0,1,43,18,[M+FA]-,2,414.22277,1570;1569,,,,DETECTED,459.22158,459.2168,459.2226,3.9814,3.9389,4.041,3.603E5,1.048E4,1.14E4,3.603E5,0.0203,1.2707,1.3697,,,2,1
1571,3.9814,3.8953,4.0307,461.23674,461.23334,461.23889,8.299E4,3.756E3,1.236E4,8.299E4,0,1,43,,,,,,,,,DETECTED,461.23674,461.23334,461.23889,3.9814,3.8953,4.0307,8.299E4,3.756E3,1.236E4,8.299E4,0.0205,0.7863,0.6444,,,2,1
1572,3.9951,3.9768,4.0352,467.21072,467.21042,467.21179,1.066E5,2.555E3,8.011E3,1.066E5,0,1,72,,,,,,,,,DETECTED,467.21072,467.21042,467.21179,3.9951,3.9768,4.0352,1.066E5,2.555E3,8.011E3,1.066E5,0.0201,2.0283,2.5546,,,5,1
1573,4.0026,3.9814,4.075,435.1059,435.10318,435.10986,1.065E6,2.309E4,1.028E4,1.065E6,1,1,72,,,,,,,,,DETECTED,435.1059,435.10318,435.10986,4.0026,3.9814,4.075,1.065E6,2.309E4,1.028E4,1.065E6,0.0183,1.91,2.0285,1,-0.0035,4,1
1574,4.0026,3.9814,4.0215,459.25913,459.25832,459.25992,7.091E4,1.229E3,8.749E3,7.091E4,0,1,72,,,,,,,,,DETECTED,459.25913,459.25832,459.25992,4.0026,3.9814,4.0215,7.091E4,1.229E3,8.749E3,7.091E4,0.0196,0.9441,1.5338,,,4,1
1575,4.0026,3.9814,4.0525,505.26281,505.26099,505.26593,1.574E5,3.561E3,1.423E4,1.574E5,0,1,72,,,,,,,,,DETECTED,505.26281,505.26099,505.26593,4.0026,3.9814,4.0525,1.574E5,3.561E3,1.423E4,1.574E5,0.0195,1.258,1.6183,,,4,1
1576,4.0102,3.9665,4.0646,473.10682,473.1044,473.1087,1.402E5,4.801E3,7.907E3,1.402E5,0,1,,,,,,,,,,DETECTED,473.10682,473.1044,473.1087,4.0102,3.9665,4.0646,1.402E5,4.801E3,7.907E3,1.402E5,0.0268,1.2439,1.4285,,,2,1
1578,4.0157,3.9951,4.0467,351.16369,351.16324,351.16458,7.312E4,1.64E3,1.009E4,7.312E4,0,1,19,,,,,,,,,DETECTED,351.16369,351.16324,351.16458,4.0157,3.9951,4.0467,7.312E4,1.64E3,1.009E4,7.312E4,0.0202,1.2536,2.2671,,,2,1
1580,4.0215,4.0026,4.0966,417.24631,417.24405,417.2482,4.921E5,1.149E4,7.466E3,4.921E5,1,1,19,,,,,,,,,DETECTED,417.24631,417.24405,417.2482,4.0215,4.0026,4.0966,4.921E5,1.149E4,7.466E3,4.921E5,0.0189,2.1467,2.7271,1,0.0041,2,1
1581,4.0215,4.0026,4.0646,453.22461,453.22214,453.22607,3.461E5,7.358E3,1.895E4,3.461E5,0,1,19,19,[M+Cl]-,2,418.25557,1581;1583,,,,DETECTED,453.22461,453.22214,453.22607,4.0215,4.0026,4.0646,3.461E5,7.358E3,1.895E4,3.461E5,0.0182,2.1199,2.3578,,,5,1
1582,4.0215,4.0102,4.0646,455.22284,455.21979,455.22498,1.016E5,2.123E3,6.649E3,1.016E5,0,1,103,,,,,,,,,DETECTED,455.22284,455.21979,455.22498,4.0215,4.0102,4.0646,1.016E5,2.123E3,6.649E3,1.016E5,0.0187,2.3711,2.3397,,,5,1
1583,4.0215,3.9951,4.1664,463.25413,463.25061,463.25467,1.2E7,3.61E5,2.589E4,1.2E7,2,1,19,19,[M+FA]-,2,418.25557,1581;1583,,,,DETECTED,463.25413,463.25061,463.25467,4.0215,3.9951,4.1664,1.2E7,3.61E5,2.589E4,1.2E7,0.021,2.053,2.6993,2,-0.0035,2,1
1584,4.0215,4.0026,4.0692,465.25764,465.25369,465.26105,3.51E5,8.254E3,1.51E4,3.51E5,0,1,19,,,,,,,,,DETECTED,465.25764,465.25369,465.26105,4.0215,4.0026,4.0692,3.51E5,8.254E3,1.51E4,3.51E5,0.0209,2.0035,2.8233,,,3,1
1586,4.0215,3.9344,4.1945,517.06007,517.05615,517.06256,1.924E6,8.208E4,1.231E4,1.924E6,2,1,19,,,,,,,,,DETECTED,517.06007,517.05615,517.06256,4.0215,3.9344,4.1945,1.924E6,8.208E4,1.231E4,1.924E6,0.026,1.4145,1.3089,2,-0.0241,4,1
1588,4.0215,4.0102,4.0646,531.23901,531.23792,531.24103,1.012E5,2.449E3,8.11E3,1.012E5,0,1,103,,,,,,,,,DETECTED,531.23901,531.23792,531.24103,4.0215,4.0102,4.0646,1.012E5,2.449E3,8.11E3,1.012E5,0.0236,2.3877,2.7526,,,2,1
1589,4.0215,4.0026,4.0467,1035.11649,1035.11316,1035.12231,6.898E4,1.52E3,1.463E4,6.898E4,0,1,19,,,,,,,,,DETECTED,1035.11649,1035.11316,1035.12231,4.0215,4.0026,4.0467,6.898E4,1.52E3,1.463E4,6.898E4,0.0203,1.1708,1.3416,,,2,1
1591,4.0307,3.5891,4.1664,291.00556,291.00504,291.00629,1.824E5,6.653E4,4.719E4,1.824E5,0,1,103,,,,,,,,,DETECTED,291.00556,291.00504,291.00629,4.0307,3.5891,4.1664,1.824E5,6.653E4,4.719E4,1.824E5,0.4198,0.6537,0.3075,,,11,1
1593,4.0307,4.0102,4.0853,431.13149,431.12808,431.13483,3.716E5,8.307E3,1.044E4,3.716E5,1,1,,,,,,,,,,DETECTED,431.13149,431.12808,431.13483,4.0307,4.0102,4.0853,3.716E5,8.307E3,1.044E4,3.716E5,0.0203,1.926,1.8297,1,0.0069,3,1
1596,4.0352,4.0157,4.0646,287.05404,287.05371,287.05446,6.509E4,1.723E3,1.457E4,6.509E4,0,1,,,,,,,,,,DETECTED,287.05404,287.05371,287.05446,4.0352,4.0157,4.0646,6.509E4,1.723E3,1.457E4,6.509E4,0.025,1.2534,1.5069,,,2,1
1597,4.0467,4.0215,4.0692,465.11563,465.11319,465.11758,8.866E4,1.97E3,1.545E4,8.866E4,0,1,,,,,,,,,,DETECTED,465.11563,465.11319,465.11758,4.0467,4.0215,4.0692,8.866E4,1.97E3,1.545E4,8.866E4,0.0203,0.9443,1.1341,,,2,1
1598,4.0525,4.0352,4.0966,371.16898,371.16626,371.16946,1.144E5,2.836E3,1.11E4,1.144E5,0,1,110,,,,,,,,,DETECTED,371.16898,371.16626,371.16946,4.0525,4.0352,4.0966,1.144E5,2.836E3,1.11E4,1.144E5,0.0211,1.7135,3.0017,,,2,1
1599,4.0525,4.0352,4.104,459.14907,459.14661,459.15207,1.168E5,2.842E3,9.166E3,1.168E5,0,1,110,,,,,,,,,DETECTED,459.14907,459.14661,459.15207,4.0525,4.0352,4.104,1.168E5,2.842E3,9.166E3,1.168E5,0.0199,1.9413,3.3421,,,2,1
1602,4.0692,4.041,4.0966,459.22108,459.2168,459.22296,1.367E5,2.911E3,1.14E4,1.367E5,0,1,109,,,,,,,,,DETECTED,459.22108,459.2168,459.22296,4.0692,4.041,4.0966,1.367E5,2.911E3,1.14E4,1.367E5,0.0186,1.0502,1.2111,,,2,1
1604,4.0692,4.041,4.147,593.12633,593.12134,593.12903,4.683E5,1.113E4,1.1E4,4.683E5,0,1,109,,,,,,,,,DETECTED,593.12633,593.12134,593.12903,4.0692,4.041,4.147,4.683E5,1.113E4,1.1E4,4.683E5,0.0206,1.5246,1.2918,,,3,1
1605,4.075,4.0571,4.104,467.21052,467.20831,467.2128,6.836E4,1.525E3,8.015E3,6.836E4,0,1,,,,,,,,,,DETECTED,467.21052,467.20831,467.2128,4.075,4.0571,4.104,6.836E4,1.525E3,8.015E3,6.836E4,0.0195,1.3118,1.227,,,2,1
1606,4.0807,4.0571,4.2334,443.09533,443.09384,443.09848,2.386E5,1.198E4,2.011E4,2.386E5,1,1,147,,,,,,,,,DETECTED,443.09533,443.09384,443.09848,4.0807,4.0571,4.2334,2.386E5,1.198E4,2.011E4,2.386E5,0.0282,3.9287,5.6171,1,0.0069,3,1
1607,4.0807,4.0646,4.1235,681.21166,681.2088,681.21289,1.218E5,3.207E3,1.951E4,1.218E5,0,1,147,,,,,,,,,DETECTED,681.21166,681.2088,681.21289,4.0807,4.0646,4.1235,1.218E5,3.207E3,1.951E4,1.218E5,0.0218,1.829,4.3778,,,2,1
1609,4.0911,4.075,4.1309,453.22423,453.22202,453.22717,9.415E4,1.888E3,7.806E3,9.415E4,0,1,,,,,,,,,,DETECTED,453.22423,453.22202,453.22717,4.0911,4.075,4.1309,9.415E4,1.888E3,7.806E3,9.415E4,0.0176,1.4553,3.306,,,4,1
1613,4.1132,4.075,4.1309,435.10504,435.10324,435.10986,1.661E5,4.31E3,1.028E4,1.661E5,0,1,150,,,,,,,,,DETECTED,435.10504,435.10324,435.10986,4.1132,4.075,4.1309,1.661E5,4.31E3,1.028E4,1.661E5,0.0232,0.7328,0.5428,,,3,1
1614,4.1132,4.0807,4.1778,481.11242,481.1095,481.11493,1.433E5,4.71E3,8.675E3,1.433E5,0,1,150,,,,,,,,,DETECTED,481.11242,481.1095,481.11493,4.1132,4.0807,4.1778,1.433E5,4.71E3,8.675E3,1.433E5,0.0243,1.5118,1.7655,,,3,1
1615,4.1189,4.104,4.1778,557.32978,557.32794,557.3313,3.881E5,8.549E3,8.295E3,3.881E5,1,1,146,,,,,,,,,DETECTED,557.32978,557.32794,557.3313,4.1189,4.104,4.1778,3.881E5,8.549E3,8.295E3,3.881E5,0.0219,1.9462,2.7031,1,0.0069,3,1
1616,4.1189,4.0966,4.1516,583.21484,583.2113,583.21808,1.003E5,2.043E3,1.077E4,1.003E5,0,1,,,,,,,,,,DETECTED,583.21484,583.2113,583.21808,4.1189,4.0966,4.1516,1.003E5,2.043E3,1.077E4,1.003E5,0.018,1.2314,2.148,,,4,1
1617,4.1235,4.0966,4.1516,387.14218,387.14026,387.14313,6.575E4,1.618E3,8.254E3,6.575E4,0,1,146,,,,,,,,,DETECTED,387.14218,387.14026,387.14313,4.1235,4.0966,4.1516,6.575E4,1.618E3,8.254E3,6.575E4,0.022,1.0229,1.2911,,,2,1
1621,4.1367,4.1189,4.1945,585.23045,585.22754,585.23163,2.853E5,7.413E3,1.801E4,2.853E5,1,1,,,,,,,,,,DETECTED,585.23045,585.22754,585.23163,4.1367,4.1189,4.1945,2.853E5,7.413E3,1.801E4,2.853E5,0.0211,1.9631,3.4822,1,0.0069,3,1
1622,4.147,4.1235,4.1722,479.2102,479.20837,479.21194,6.77E4,1.453E3,8.167E3,6.77E4,0,1,,,,,,,,,,DETECTED,479.2102,479.20837,479.21194,4.147,4.1235,4.1722,6.77E4,1.453E3,8.167E3,6.77E4,0.0203,1.0332,1.1976,,,2,1
1624,4.1778,4.1235,4.2425,535.25138,535.24878,535.2533,2.348E5,8.14E3,1.093E4,2.348E5,1,1,59,,,,,,,,,DETECTED,535.25138,535.24878,535.2533,4.1778,4.1235,4.2425,2.348E5,8.14E3,1.093E4,2.348E5,0.0442,1.9535,3.3029,1,0.0057,3,1
1625,4.187,4.1309,4.2483,339.06998,339.06805,339.07025,1.164E6,2.885E4,1.631E4,1.164E6,1,1,59,20,[M-H]-,2,340.07723,1626;1625,,,,DETECTED,339.06998,339.06805,339.07025,4.187,4.1309,4.2483,1.164E6,2.885E4,1.631E4,1.164E6,0.0208,0.7382,1.0153,1,-0.0069,3,1
1626,4.187,4.1573,4.2483,385.07541,385.07211,385.07568,7.745E5,1.831E4,1.243E4,7.745E5,1,1,59,20,[M+FA]-,2,340.07723,1626;1625,,,,DETECTED,385.07541,385.07211,385.07568,4.187,4.1573,4.2483,7.745E5,1.831E4,1.243E4,7.745E5,0.0201,1.4534,0.9902,1,-0.0052,3,1
1627,4.187,4.1664,4.2483,463.25301,463.25186,463.25345,6.559E5,1.562E4,2.761E4,6.559E5,0,1,,,,,,,,,,DETECTED,463.25301,463.25186,463.25345,4.187,4.1664,4.2483,6.559E5,1.562E4,2.761E4,6.559E5,0.0203,2.2043,2.3633,,,3,1
1628,4.187,4.147,4.2483,593.12633,593.12323,593.12988,1.551E5,4.827E3,8.807E3,1.551E5,0,1,59,,,,,,,,,DETECTED,593.12633,593.12323,593.12988,4.187,4.147,4.2483,1.551E5,4.827E3,8.807E3,1.551E5,0.025,1.0482,1.9389,,,2,1
1630,4.2139,4.1945,4.2574,459.2577,459.25592,459.25832,4.041E5,1.007E4,9.371E3,4.041E5,1,1,41,21,[M-H]-,2,460.26539,1630;1632,,,,DETECTED,459.2577,459.25592,459.25832,4.2139,4.1945,4.2574,4.041E5,1.007E4,9.371E3,4.041E5,0.0236,2.0645,3.6155,1,0.0058,4,1
1631,4.2139,4.1991,4.2574,503.24709,503.24323,503.24854,9.218E4,2.602E3,1.465E4,9.218E4,0,1,41,,,,,,,,,DETECTED,503.24709,503.24323,503.24854,4.2139,4.1991,4.2574,9.218E4,2.602E3,1.465E4,9.218E4,0.0242,1.9641,3.2928,,,2,1
1632,4.2139,4.1945,4.339,505.26401,505.25964,505.26651,1.587E6,4.44E4,8.665E3,1.587E6,1,1,41,21,[M+FA]-,2,460.26539,1630;1632,,,,DETECTED,505.26401,505.25964,505.26651,4.2139,4.1945,4.339,1.587E6,4.44E4,8.665E3,1.587E6,0.0235,3.283,3.7111,1,0.0023,4,1
1633,4.2139,4.1945,4.3726,709.37424,709.36987,709.37592,7.547E5,4.013E4,1.265E4,7.547E5,2,1,41,,,,,,,,,DETECTED,709.37424,709.36987,709.37592,4.2139,4.1945,4.3726,7.547E5,4.013E4,1.265E4,7.547E5,0.047,5.1529,7.4653,2,0.0041,4,1
1637,4.2289,4.0102,4.4413,323.01231,323.01147,323.01382,1.278E5,3.366E4,3.584E4,1.278E5,0,1,,,,,,,,,,DETECTED,323.01231,323.01147,323.01382,4.2289,4.0102,4.4413,1.278E5,3.366E4,3.584E4,1.278E5,0.2564,0.9856,0.9712,,,10,1
1638,4.238,4.2139,4.2649,531.21939,531.21667,531.22186,6.829E4,1.494E3,7.682E3,6.829E4,0,1,,,,,,,,,,DETECTED,531.21939,531.21667,531.22186,4.238,4.2139,4.2649,6.829E4,1.494E3,7.682E3,6.829E4,0.0232,1.0594,1.3792,,,2,1
1640,4.2695,4.2036,4.3165,493.22706,493.22504,493.22894,1.873E5,1.037E4,1.213E4,1.873E5,0,1,,,,,,,,,,DETECTED,493.22706,493.22504,493.22894,4.2695,4.2036,4.3165,1.873E5,1.037E4,1.213E4,1.873E5,0.0278,0.8238,0.5912,,,2,1
1641,4.2695,4.2231,4.3004,697.37359,697.3703,697.37762,1.165E5,2.68E3,6.731E3,1.165E5,0,1,,,,,,,,,,DETECTED,697.37359,697.3703,697.37762,4.2695,4.2231,4.3004,1.165E5,2.68E3,6.731E3,1.165E5,0.0166,1.0871,0.6939,,,2,1
1642,4.281,4.1367,4.5347,228.98824,228.98792,228.98946,1.421E5,3.569E4,2.788E4,1.421E5,0,1,,,,,,,,,,DETECTED,228.98824,228.98792,228.98946,4.281,4.1367,4.5347,1.421E5,3.569E4,2.788E4,1.421E5,0.2464,1.3786,1.7572,,,13,1
1643,4.2947,4.2574,4.3211,309.13231,309.13168,309.13419,5.698E4,1.706E3,8.861E3,5.698E4,0,1,,,,,,,,,,DETECTED,309.13231,309.13168,309.13419,4.2947,4.2574,4.3211,5.698E4,1.706E3,8.861E3,5.698E4,0.0264,0.8536,0.8392,,,2,1
1644,4.2947,4.2753,4.3445,531.07459,531.0719,531.07678,7.751E4,2.134E3,7.228E3,7.751E4,0,1,,,,,,,,,,DETECTED,531.07459,531.0719,531.07678,4.2947,4.2753,4.3445,7.751E4,2.134E3,7.228E3,7.751E4,0.0239,1.3433,2.2908,,,2,1
1646,4.3108,4.2901,4.3817,557.33094,557.32605,557.3316,1.619E6,3.657E4,1.554E4,1.619E6,0,1,,,,,,,,,,DETECTED,557.33094,557.32605,557.3316,4.3108,4.2901,4.3817,1.619E6,3.657E4,1.554E4,1.619E6,0.0196,1.4943,1.5523,,,3,1
1648,4.3165,4.0102,4.392,308.99649,308.9957,308.99762,1.19E5,2.938E4,2.915E4,1.19E5,0,1,,,,,,,,,,DETECTED,308.99649,308.9957,308.99762,4.3165,4.0102,4.392,1.19E5,2.938E4,2.915E4,1.19E5,0.2978,0.6231,0.2463,,,10,1
1651,4.3314,4.2753,4.3862,377.1798,377.17868,377.18127,4.514E5,1.339E4,8.426E3,4.514E5,0,1,116,,,,,,,,,DETECTED,377.1798,377.17868,377.18127,4.3314,4.2753,4.3862,4.514E5,1.339E4,8.426E3,4.514E5,0.0217,0.8557,0.5063,,,3,1
1652,4.3314,4.3108,4.3817,487.25257,487.25125,487.25543,2.911E5,6.75E3,1.167E4,2.911E5,0,1,116,,,,,,,,,DETECTED,487.25257,487.25125,487.25543,4.3314,4.3108,4.3817,2.911E5,6.75E3,1.167E4,2.911E5,0.0206,2.0275,1.6763,,,3,1
1657,4.361,4.339,4.4619,505.2632,505.26102,505.26651,3.887E5,1.009E4,6.997E3,3.887E5,0,1,,,,,,,,,,DETECTED,505.2632,505.26102,505.26651,4.361,4.339,4.4619,3.887E5,1.009E4,6.997E3,3.887E5,0.0194,1.6755,1.6709,,,3,1
1660,4.4172,4.392,4.471,447.22079,447.21838,447.22314,2.997E5,7.362E3,9.974E3,2.997E5,1,1,52,,,,,,,,,DETECTED,447.22079,447.21838,447.22314,4.4172,4.392,4.471,2.997E5,7.362E3,9.974E3,2.997E5,0.0212,1.8236,2.6187,1,0.004,3,1
1661,4.4172,4.392,4.5165,493.22832,493.22559,493.2287,5.39E6,1.374E5,9.387E3,5.39E6,1,1,52,,,,,,,,,DETECTED,493.22832,493.22559,493.2287,4.4172,4.392,4.5165,5.39E6,1.374E5,9.387E3,5.39E6,0.0223,1.558,1.528,1,-0.008,4,1
1667,4.4246,4.3965,4.6644,531.07512,531.07153,531.07959,8.337E5,2.412E4,6.58E3,8.337E5,1,1,,,,,,,,,,DETECTED,531.07512,531.07153,531.07959,4.4246,4.3965,4.6644,8.337E5,2.412E4,6.58E3,8.337E5,0.0241,1.7568,2.0989,1,-0.0052,3,1
1668,4.4246,4.3965,4.4413,561.21089,561.21008,561.21204,1.049E5,2.452E3,9.019E3,1.049E5,0,1,52,,,,,,,,,DETECTED,561.21089,561.21008,561.21204,4.4246,4.3965,4.4413,1.049E5,2.452E3,9.019E3,1.049E5,0.0226,0.8446,0.7128,,,2,1
1669,4.4367,4.4172,4.4904,433.20447,433.20251,433.20645,2.793E5,5.678E3,9.658E3,2.793E5,0,1,,,,,,,,,,DETECTED,433.20447,433.20251,433.20645,4.4367,4.4172,4.4904,2.793E5,5.678E3,9.658E3,2.793E5,0.0174,1.7919,1.2004,,,3,1
1671,4.4755,4.4561,4.521,469.22629,469.224,469.22995,1.507E5,3.39E3,7.545E3,1.507E5,0,1,,,,,,,,,,DETECTED,469.22629,469.224,469.22995,4.4755,4.4561,4.521,1.507E5,3.39E3,7.545E3,1.507E5,0.0192,1.8827,3.2587,,,2,1
1673,4.4949,4.471,4.5553,271.05916,271.05823,271.05969,6.596E4,2.298E3,8.697E3,6.596E4,0,1,81,,,,,,,,,DETECTED,271.05916,271.05823,271.05969,4.4949,4.471,4.5553,6.596E4,2.298E3,8.697E3,6.596E4,0.0303,1.7593,2.9716,,,2,1
1674,4.4949,4.4755,4.5301,835.38723,835.38074,835.38977,1.626E5,3.408E3,1.273E4,1.626E5,0,1,81,,,,,,,,,DETECTED,835.38723,835.38074,835.38977,4.4949,4.4755,4.5301,1.626E5,3.408E3,1.273E4,1.626E5,0.0184,1.604,1.8174,,,3,1
1677,4.5052,4.4858,4.5404,349.18446,349.18353,349.1861,8.357E4,1.974E3,8.463E3,8.357E4,0,1,,,,,,,,,,DETECTED,349.18446,349.18353,349.1861,4.5052,4.4858,4.5404,8.357E4,1.974E3,8.463E3,8.357E4,0.0241,1.4071,1.6346,,,2,1
1679,4.5495,4.2036,4.7417,246.99865,246.99808,246.99918,1.42E5,4.806E4,3.294E4,1.42E5,0,1,,,,,,,,,,DETECTED,246.99865,246.99808,246.99918,4.5495,4.2036,4.7417,1.42E5,4.806E4,3.294E4,1.42E5,0.3558,0.7778,0.5556,,,13,1
1684,4.6198,4.5838,4.669,809.29062,809.28632,809.29456,6.681E4,2.445E3,8.301E3,6.681E4,0,1,,,,,,,,,,DETECTED,809.29062,809.28632,809.29456,4.6198,4.5838,4.669,6.681E4,2.445E3,8.301E3,6.681E4,0.0429,1.1812,0.5799,,,2,1
1687,4.681,4.4755,4.9509,355.0189,355.01779,355.02039,8.494E4,2.782E4,3.384E4,8.494E4,0,1,,,,,,,,,,DETECTED,355.0189,355.01779,355.02039,4.681,4.4755,4.9509,8.494E4,2.782E4,3.384E4,8.494E4,0.3753,1.1567,1.3133,,,2,1
1688,4.6856,4.6586,4.7566,695.39652,695.39014,695.39868,8.258E5,1.976E4,8.417E3,8.258E5,1,1,145,,,,,,,,,DETECTED,695.39652,695.39014,695.39868,4.6856,4.6586,4.7566,8.258E5,1.976E4,8.417E3,8.258E5,0.0267,1.4414,1.5066,1,0.0023,4,1
1689,4.6856,4.669,4.7211,697.40013,697.39624,697.40637,8.002E4,1.735E3,6.635E3,8.002E4,0,1,145,,,,,,,,,DETECTED,697.40013,697.39624,697.40637,4.6856,4.669,4.7211,8.002E4,1.735E3,6.635E3,8.002E4,0.0376,1.7238,1.5208,,,4,1
1690,4.696,4.6735,4.7211,361.18462,361.18243,361.18515,5.477E4,1.187E3,1.015E4,5.477E4,0,1,,,,,,,,,,DETECTED,361.18462,361.18243,361.18515,4.696,4.6735,4.7211,5.477E4,1.187E3,1.015E4,5.477E4,0.0238,1.06,1.1011,,,2,1
1691,4.7166,4.6914,4.7417,495.24241,495.2417,495.24365,9.578E4,2.321E3,7.076E3,9.578E4,0,1,,,,,,,,,,DETECTED,495.24241,495.2417,495.24365,4.7166,4.6914,4.7417,9.578E4,2.321E3,7.076E3,9.578E4,0.0235,1.0907,1.0555,,,2,1
1692,4.7314,4.7017,4.7885,223.09504,223.09436,223.09584,8.88E4,2.81E3,6.928E3,8.88E4,0,1,,,,,,,,,,DETECTED,223.09504,223.09436,223.09584,4.7314,4.7017,4.7885,8.88E4,2.81E3,6.928E3,8.88E4,0.0241,1.5862,1.8751,,,2,1
1693,4.7314,4.7108,4.7827,349.18459,349.1828,349.1857,2.602E5,5.948E3,9.092E3,2.602E5,0,1,,,,,,,,,,DETECTED,349.18459,349.1828,349.1857,4.7314,4.7108,4.7827,2.602E5,5.948E3,9.092E3,2.602E5,0.0236,1.8265,2.2741,,,3,1
1694,4.7463,4.696,4.817,327.21562,327.21341,327.21786,8.143E4,3.525E3,8.294E3,8.143E4,0,1,,,,,,,,,,DETECTED,327.21562,327.21341,327.21786,4.7463,4.696,4.817,8.143E4,3.525E3,8.294E3,8.143E4,0.0346,1.2025,1.4311,,,2,1
1695,4.7621,4.6586,4.8021,487.25239,487.24896,487.25687,1.515E5,6.267E3,9.792E3,1.515E5,0,1,,,,,,,,,,DETECTED,487.25239,487.24896,487.25687,4.7621,4.6586,4.8021,1.515E5,6.267E3,9.792E3,1.515E5,0.0231,0.7,0.3348,,,3,1
1697,4.7724,4.6495,5.0503,279.00535,279.00476,279.0062,1.698E5,2.411E4,2.099E4,1.698E5,0,1,,,,,,,,,,DETECTED,279.00535,279.00476,279.0062,4.7724,4.6495,5.0503,1.698E5,2.411E4,2.099E4,1.698E5,0.0876,1.6314,2.2075,,,16,1
1700,4.817,4.3108,4.999,341.00234,341.00134,341.0036,9.66E4,4.19E4,3.096E4,9.66E4,0,1,,,,,,,,,,DETECTED,341.00234,341.00134,341.0036,4.817,4.3108,4.999,9.66E4,4.19E4,3.096E4,9.66E4,0.5565,0.6798,0.3597,,,3,1
1701,4.817,4.793,4.9203,673.3392,673.33606,673.34088,4.716E5,1.156E4,1.036E4,4.716E5,1,1,84,22,[M-H]-,2,674.34549,1701;1703,,,,DETECTED,673.3392,673.33606,673.34088,4.817,4.793,4.9203,4.716E5,1.156E4,1.036E4,4.716E5,0.021,1.9075,2.2148,1,0.0023,3,1
1703,4.817,4.793,4.8746,719.3427,719.33704,719.34692,4.586E5,1.058E4,6.799E3,4.586E5,1,1,84,22,[M+FA]-,2,674.34549,1701;1703,,,,DETECTED,719.3427,719.33704,719.34692,4.817,4.793,4.8746,4.586E5,1.058E4,6.799E3,4.586E5,0.0217,2.0132,2.2081,1,0.0041,4,1
1704,4.8245,4.7666,4.8803,403.1943,403.19202,403.19669,1.844E5,8.506E3,6.457E3,1.844E5,0,1,,,,,,,,,,DETECTED,403.1943,403.19202,403.19669,4.8245,4.7666,4.8803,1.844E5,8.506E3,6.457E3,1.844E5,0.0367,0.9015,0.6023,,,2,1
1707,4.8506,4.8245,4.886,242.17359,242.17302,242.17433,6.62E4,1.926E3,8.119E3,6.62E4,0,1,,,,,,,,,,DETECTED,242.17359,242.17302,242.17433,4.8506,4.8245,4.886,6.62E4,1.926E3,8.119E3,6.62E4,0.0248,1.1792,1.6761,,,2,1
1708,4.8906,4.8655,4.9304,183.13571,183.13533,183.13618,7.944E4,2.033E3,7.181E3,7.944E4,0,1,33,,,,,,,,,DETECTED,183.13571,183.13533,183.13618,4.8906,4.8655,4.9304,7.944E4,2.033E3,7.181E3,7.944E4,0.0232,1.3985,1.0816,,,2,1
1709,4.8906,4.8552,4.999,227.12673,227.1261,227.12692,2.451E6,6.572E4,7.128E3,2.451E6,1,1,33,,,,,,,,,DETECTED,227.12673,227.1261,227.12692,4.8906,4.8552,4.999,2.451E6,6.572E4,7.128E3,2.451E6,0.023,1.3946,1.1368,1,-0.0138,3,1
1714,4.9249,4.9009,4.999,679.36346,679.36017,679.36804,1.562E5,4.748E3,7.426E3,1.562E5,0,1,,,,,,,,,,DETECTED,679.36346,679.36017,679.36804,4.9249,4.9009,4.999,1.562E5,4.748E3,7.426E3,1.562E5,0.0231,2.2198,2.1338,,,3,1
1715,4.9555,4.9349,5.0503,489.31986,489.31796,489.32263,2.593E5,8.749E3,9.35E3,2.593E5,0,1,128,,,,,,,,,DETECTED,489.31986,489.31796,489.32263,4.9555,4.9349,5.0503,2.593E5,8.749E3,9.35E3,2.593E5,0.0226,3.1689,2.6949,,,3,1
1717,4.9658,4.9407,4.999,483.24236,483.23959,483.24384,2.416E5,5.211E3,1.217E4,2.416E5,0,1,128,,,,,,,,,DETECTED,483.24236,483.23959,483.24384,4.9658,4.9407,4.999,2.416E5,5.211E3,1.217E4,2.416E5,0.0187,1.0691,1.0202,,,3,1
1722,5.0148,4.9509,5.1318,238.99249,238.99217,238.99283,1.131E5,1.082E4,2.878E4,1.131E5,0,1,76,,,,,,,,,DETECTED,238.99249,238.99217,238.99283,5.0148,4.9509,5.1318,1.131E5,1.082E4,2.878E4,1.131E5,0.0912,1.4155,1.8309,,,14,1
1725,5.0285,4.9509,5.3284,264.98978,264.98895,264.99011,3.872E5,4.179E4,1.907E4,3.872E5,2,1,76,,,,,,,,,DETECTED,264.98978,264.98895,264.99011,5.0285,4.9509,5.3284,3.872E5,4.179E4,1.907E4,3.872E5,0.0833,2.5786,3.6688,2,-0.0375,11,1
1726,5.0445,5.0239,5.1169,533.30785,533.30255,533.31201,9.093E4,2.618E3,7.781E3,9.093E4,0,1,,,,,,,,,,DETECTED,533.30785,533.30255,533.31201,5.0445,5.0239,5.1169,9.093E4,2.618E3,7.781E3,9.093E4,0.0185,2.1093,1.7821,,,3,1
1728,5.1215,5.0788,5.1783,296.99615,296.9957,296.99686,2.852E5,1.571E4,2.082E4,2.852E5,1,1,,,,,,,,,,DETECTED,296.99615,296.9957,296.99686,5.1215,5.0788,5.1783,2.852E5,1.571E4,2.082E4,2.852E5,0.0521,1.1847,1.5043,1,0.0023,12,1
1729,5.1215,5.0833,5.2353,517.31508,517.31067,517.31616,1.592E6,6.707E4,1.612E4,1.592E6,1,1,,,,,,,,,,DETECTED,517.31508,517.31067,517.31616,5.1215,5.0833,5.2353,1.592E6,6.707E4,1.612E4,1.592E6,0.0524,2.2595,3.6826,1,0.0423,3,1
1732,5.1615,4.999,5.201,287.01109,287.01059,287.0119,6.873E4,8.019E3,2.008E4,6.873E4,0,1,,,,,,,,,,DETECTED,287.01109,287.01059,287.0119,5.1615,4.999,5.201,6.873E4,8.019E3,2.008E4,6.873E4,0.1012,0.6218,0.2436,,,11,1
1733,5.1965,5.1318,5.2233,717.32452,717.32037,717.32831,6.173E4,2.508E3,1.152E4,6.173E4,0,1,,,,,,,,,,DETECTED,717.32452,717.32037,717.32831,5.1965,5.1318,5.2233,6.173E4,2.508E3,1.152E4,6.173E4,0.0257,0.7074,0.3444,,,3,1
1734,5.2233,5.1095,5.3135,503.33648,503.3334,503.3381,1.907E6,8.151E4,1.344E4,1.907E6,2,1,74,23,[M-H]-,2,504.34301,1734;1736,,,,DETECTED,503.33648,503.3334,503.3381,5.2233,5.1095,5.3135,1.907E6,8.151E4,1.344E4,1.907E6,0.0257,1.0241,0.4823,2,-0.0578,4,1
1736,5.2233,5.1409,5.309,549.34047,549.33527,549.34271,5.081E5,2.457E4,6.418E3,5.081E5,2,1,74,23,[M+FA]-,2,504.34301,1734;1736,,,,DETECTED,549.34047,549.33527,549.34271,5.2233,5.1409,5.309,5.081E5,2.457E4,6.418E3,5.081E5,0.0709,0.8915,0.4974,2,-0.0561,3,1
1737,5.2233,5.1569,5.2714,571.32172,571.31897,571.32471,7.122E4,3.215E3,6.906E3,7.122E4,0,1,74,,,,,,,,,DETECTED,571.32172,571.31897,571.32471,5.2233,5.1569,5.2714,7.122E4,3.215E3,6.906E3,7.122E4,0.0705,0.8795,0.6481,,,2,1
1745,5.2714,5.2353,5.3505,865.39491,865.38861,865.40253,1.104E5,5.769E3,9.126E3,1.104E5,0,1,,,,,,,,,,DETECTED,865.39491,865.38861,865.40253,5.2714,5.2353,5.3505,1.104E5,5.769E3,9.126E3,1.104E5,0.0656,1.5969,1.8684,,,3,1
1748,5.3641,5.3193,5.4645,240.9883,240.98801,240.98888,1.922E5,1.073E4,2.051E4,1.922E5,0,1,118,,,,,,,,,DETECTED,240.9883,240.98801,240.98888,5.3641,5.3193,5.4645,1.922E5,1.073E4,2.051E4,1.922E5,0.0401,1.6188,1.9046,,,12,1
1749,5.3641,5.3238,5.4509,251.0901,251.08908,251.09062,6.44E4,2.95E3,7.293E3,6.44E4,0,1,118,,,,,,,,,DETECTED,251.0901,251.08908,251.09062,5.3641,5.3238,5.4509,6.44E4,2.95E3,7.293E3,6.44E4,0.0371,1.5757,2.2147,,,2,1
1750,5.3957,5.3641,5.4691,503.33544,503.33395,503.33676,3.781E5,1.702E4,1.122E4,3.781E5,1,1,28,24,[M-H]-,2,504.342,1751;1750,,,,DETECTED,503.33544,503.33395,503.33676,5.3957,5.3641,5.4691,3.781E5,1.702E4,1.122E4,3.781E5,0.0508,1.8788,3.0851,1,-0.0035,3,1
1751,5.3957,5.3641,5.4691,549.33948,549.33691,549.34094,1.723E5,7.183E3,7.043E3,1.723E5,0,1,28,24,[M+FA]-,2,504.342,1751;1750,,,,DETECTED,549.33948,549.33691,549.34094,5.3957,5.3641,5.4691,1.723E5,7.183E3,7.043E3,1.723E5,0.0301,1.8838,2.793,,,3,1
1752,5.4093,5.1874,5.4812,211.13154,211.13063,211.13271,1.147E5,6.483E3,7.089E3,1.147E5,0,1,65,,,,,,,,,DETECTED,211.13154,211.13063,211.13271,5.4093,5.1874,5.4812,1.147E5,6.483E3,7.089E3,1.147E5,0.0298,0.6568,0.5994,,,2,1
1755,5.4093,5.3778,5.4406,731.34036,731.33691,731.34473,5.513E4,2.024E3,1.093E4,5.513E4,0,1,65,,,,,,,,,DETECTED,731.34036,731.33691,731.34473,5.4093,5.3778,5.4406,5.513E4,2.024E3,1.093E4,5.513E4,0.0359,0.9953,1.0578,,,2,1
1756,5.4214,5.3881,5.6849,193.08431,193.08322,193.08464,1.038E6,4.334E4,6.634E3,1.038E6,1,1,,,,,,,,,,DETECTED,193.08431,193.08322,193.08464,5.4214,5.3881,5.6849,1.038E6,4.334E4,6.634E3,1.038E6,0.0287,2.458,3.9028,1,-0.008,3,1
1758,5.4509,5.4269,5.4857,487.30336,487.30209,487.30576,9.959E4,2.663E3,9.374E3,9.959E4,0,1,,,,,,,,,,DETECTED,487.30336,487.30209,487.30576,5.4509,5.4269,5.4857,9.959E4,2.663E3,9.374E3,9.959E4,0.0238,1.2429,1.4011,,,2,1
1761,5.4857,5.4509,5.6087,501.32138,501.31812,501.32196,3.303E6,1.445E5,6.463E3,3.303E6,2,1,140,,,,,,,,,DETECTED,501.32138,501.31812,501.32196,5.4857,5.4509,5.6087,3.303E6,1.445E5,6.463E3,3.303E6,0.0346,2.1757,2.9428,2,-0.0098,3,1
1763,5.4857,5.46,5.5656,569.3048,569.30225,569.30951,1.147E5,5.297E3,7.116E3,1.147E5,0,1,140,,,,,,,,,DETECTED,569.3048,569.30225,569.30951,5.4857,5.46,5.5656,1.147E5,5.297E3,7.116E3,1.147E5,0.0517,2.0183,2.8391,,,2,1
1767,5.5209,5.4509,5.6509,256.9834,256.9826,256.98495,3.363E5,1.52E4,1.026E4,3.363E5,1,1,,,,,,,,,,DETECTED,256.9834,256.9826,256.98495,5.5209,5.4509,5.6509,3.363E5,1.52E4,1.026E4,3.363E5,0.0316,1.5526,2.1672,1,-0.0035,13,1
1768,5.5701,5.5416,5.636,177.08881,177.08849,177.08937,5.963E4,2.203E3,6.523E3,5.963E4,0,1,9,,,,,,,,,DETECTED,177.08881,177.08849,177.08937,5.5701,5.5416,5.636,5.963E4,2.203E3,6.523E3,5.963E4,0.0373,1.6555,2.1216,,,2,1
1769,5.5701,5.5416,5.6509,253.14233,253.14102,253.14313,8.666E4,3.139E3,7.017E3,8.666E4,0,1,9,,,,,,,,,DETECTED,253.14233,253.14102,253.14313,5.5701,5.5416,5.6509,8.666E4,3.139E3,7.017E3,8.666E4,0.0295,2.1057,3.3717,,,2,1
1770,5.5747,5.3238,5.6314,305.00156,305.0007,305.00238,1.137E5,1.694E4,2.458E4,1.137E5,0,1,,,,,,,,,,DETECTED,305.00156,305.0007,305.00238,5.5747,5.3238,5.6314,1.137E5,1.694E4,2.458E4,1.137E5,0.0892,0.6131,0.2263,,,14,1
1774,5.6803,5.6554,5.7529,320.99613,320.99564,320.99677,9.538E4,6.044E3,2.831E4,9.538E4,0,1,,,,,,,,,,DETECTED,320.99613,320.99564,320.99677,5.6803,5.6554,5.7529,9.538E4,6.044E3,2.831E4,9.538E4,0.079,1.9562,2.9124,,,17,1
1775,5.6803,5.3238,5.8573,356.99573,356.99411,356.99722,9.989E4,2.558E4,2.102E4,9.989E4,0,1,,,,,,,,,,DETECTED,356.99573,356.99411,356.99722,5.6803,5.3238,5.8573,9.989E4,2.558E4,2.102E4,9.989E4,0.1277,0.7482,0.4964,,,11,1
1777,5.7107,5.6087,5.7392,501.32072,501.31812,501.32153,1.556E6,7.407E4,3.015E4,1.556E6,2,1,115,,,,,,,,,DETECTED,501.32072,501.31812,501.32153,5.7107,5.6087,5.7392,1.556E6,7.407E4,3.015E4,1.556E6,0.0629,0.6602,0.3034,2,-0.0678,2,1
1778,5.7107,5.6132,5.7392,547.3241,547.32068,547.32727,2.09E5,1.238E4,1.111E4,2.09E5,0,1,115,,,,,,,,,DETECTED,547.3241,547.32068,547.32727,5.7107,5.6132,5.7392,2.09E5,1.238E4,1.111E4,2.09E5,0.041,0.6525,0.3099,,,2,1
1779,5.7301,5.5838,5.7587,657.34214,657.33691,657.34924,6.683E4,4.534E3,8.232E3,6.683E4,0,1,31,25,[M-H]-,2,658.34977,1780;1779,,,,DETECTED,657.34214,657.33691,657.34924,5.7301,5.5838,5.7587,6.683E4,4.534E3,8.232E3,6.683E4,0.0586,0.5976,0.1937,,,2,1
1780,5.7301,5.5938,5.82,703.34833,703.3429,703.35461,3.839E5,1.991E4,9.514E3,3.839E5,0,1,31,25,[M+FA]-,2,658.34977,1780;1779,,,,DETECTED,703.34833,703.3429,703.35461,5.7301,5.5938,5.82,3.839E5,1.991E4,9.514E3,3.839E5,0.0213,0.8677,1.0458,,,4,1
1781,5.7392,5.6463,5.8664,314.98679,314.9855,314.98724,1.605E5,8.066E3,6.364E3,1.605E5,0,1,,,,,,,,,,DETECTED,314.98679,314.9855,314.98724,5.7392,5.6463,5.8664,1.605E5,8.066E3,6.364E3,1.605E5,0.0275,1.1147,1.2304,,,17,1
1782,5.7587,5.7392,5.8573,501.32028,501.31854,501.32169,7.538E5,3.018E4,1.109E4,7.538E5,1,1,,,,,,,,,,DETECTED,501.32028,501.31854,501.32169,5.7587,5.7392,5.8573,7.538E5,3.018E4,1.109E4,7.538E5,0.0331,2.4185,3.0866,1,-0.0035,3,1
1784,5.7732,5.7438,5.8245,274.97421,274.97382,274.97455,1.243E5,4.698E3,7.505E3,1.243E5,0,1,,,,,,,,,,DETECTED,274.97421,274.97382,274.97455,5.7732,5.7438,5.8245,1.243E5,4.698E3,7.505E3,1.243E5,0.0327,1.5092,2.8825,,,2,1
1785,5.8154,5.7881,5.9222,715.34756,715.34198,715.35303,2.558E5,1.006E4,6.542E3,2.558E5,0,1,,,,,,,,,,DETECTED,715.34756,715.34198,715.35303,5.8154,5.7881,5.9222,2.558E5,1.006E4,6.542E3,2.558E5,0.015,2.3447,3.6031,,,4,1
1786,5.8291,5.8063,5.9028,503.33507,503.33215,503.33725,7.982E4,3.82E3,9.806E3,7.982E4,0,1,,,,,,,,,,DETECTED,503.33507,503.33215,503.33725,5.8291,5.8063,5.9028,7.982E4,3.82E3,9.806E3,7.982E4,0.0654,2.1208,1.3283,,,2,1
1788,5.8437,5.8154,5.8937,499.3037,499.29959,499.30878,5.014E4,1.612E3,6.364E3,5.014E4,0,1,,,,,,,,,,DETECTED,499.3037,499.29959,499.30878,5.8437,5.8154,5.8937,5.014E4,1.612E3,6.364E3,5.014E4,0.027,1.3861,2.025,,,2,1
1790,5.8937,5.8664,5.9552,331.24699,331.24576,331.24847,9.22E4,2.902E3,6.543E3,9.22E4,0,1,,,,,,,,,,DETECTED,331.24699,331.24576,331.24847,5.8937,5.8664,5.9552,9.22E4,2.902E3,6.543E3,9.22E4,0.0276,1.7371,2.2389,,,2,1
1791,5.9598,5.8573,6.0165,501.31965,501.31793,501.32214,8.036E4,5.985E3,6.653E3,8.036E4,0,1,,,,,,,,,,DETECTED,501.31965,501.31793,501.32214,5.9598,5.8573,6.0165,8.036E4,5.985E3,6.653E3,8.036E4,0.0333,0.739,0.5704,,,2,1
1792,5.9701,5.937,6.0803,293.17414,293.17264,293.17468,5.023E5,1.71E4,7.677E3,5.023E5,1,1,,,,,,,,,,DETECTED,293.17414,293.17264,293.17468,5.9701,5.937,6.0803,5.023E5,1.71E4,7.677E3,5.023E5,0.0279,1.7515,2.129,1,-0.008,3,1
1793,6.0949,6.0621,6.2576,309.16885,309.16589,309.17032,2.623E5,9.872E3,6.547E3,2.623E5,1,1,120,,,,,,,,,DETECTED,309.16885,309.16589,309.17032,6.0949,6.0621,6.2576,2.623E5,9.872E3,6.547E3,2.623E5,0.0259,2.7813,2.6423,1,0.0023,2,1
1794,6.0949,6.0347,6.1552,501.31998,501.31839,501.32263,1.074E5,4.657E3,8.21E3,1.074E5,0,1,120,,,,,,,,,DETECTED,501.31998,501.31839,501.32263,6.0949,6.0347,6.1552,1.074E5,4.657E3,8.21E3,1.074E5,0.0268,0.997,1.0169,,,3,1
1795,6.1234,6.1052,6.1972,849.40081,849.39392,849.40607,1.067E5,3.141E3,6.797E3,1.067E5,0,1,,,,,,,,,,DETECTED,849.40081,849.39392,849.40607,6.1234,6.1052,6.1972,1.067E5,3.141E3,6.797E3,1.067E5,0.023,4.4416,2.1716,,,3,1
1796,6.1416,6.1143,6.2154,487.34048,487.33856,487.3439,1.444E5,4.784E3,6.597E3,1.444E5,0,1,135,,,,,,,,,DETECTED,487.34048,487.33856,487.3439,6.1416,6.1143,6.2154,1.444E5,4.784E3,6.597E3,1.444E5,0.0312,1.81,2.098,,,3,1
1797,6.1416,6.1188,6.1972,533.34422,533.34052,533.34949,8.103E4,2.702E3,7.138E3,8.103E4,0,1,135,,,,,,,,,DETECTED,533.34422,533.34052,533.34949,6.1416,6.1188,6.1972,8.103E4,2.702E3,7.138E3,8.103E4,0.0297,1.4655,2.1853,,,3,1
1798,6.1835,6.1552,6.253,239.1265,239.12579,239.12695,7.694E4,2.914E3,6.707E3,7.694E4,0,1,,,,,,,,,,DETECTED,239.1265,239.12579,239.12695,6.1835,6.1552,6.253,7.694E4,2.914E3,6.707E3,7.694E4,0.0318,2.2101,2.09,,,2,1
1800,6.2427,6.1735,6.319,499.30398,499.30002,499.30774,2.715E5,1.342E4,6.701E3,2.715E5,1,1,,,,,,,,,,DETECTED,499.30398,499.30002,499.30774,6.2427,6.1735,6.319,2.715E5,1.342E4,6.701E3,2.715E5,0.042,1.0208,0.6848,1,0.0069,3,1
1801,6.2768,6.2576,6.3417,309.20504,309.2038,309.20639,6.667E4,2.124E3,8.313E3,6.667E4,0,1,,,,,,,,,,DETECTED,309.20504,309.2038,309.20639,6.2768,6.2576,6.3417,6.667E4,2.124E3,8.313E3,6.667E4,0.0241,2.1963,4.0239,,,2,1
1802,6.3281,6.2631,6.4677,533.34511,533.3418,533.34845,1.676E5,1.36E4,7.382E3,1.676E5,0,1,68,,,,,,,,,DETECTED,533.34511,533.3418,533.34845,6.3281,6.2631,6.4677,1.676E5,1.36E4,7.382E3,1.676E5,0.1093,1.5602,1.369,,,3,1
1804,6.3584,6.2576,6.4859,487.34142,487.33749,487.34579,8.724E5,6.014E4,9.721E3,8.724E5,2,1,68,,,,,,,,,DETECTED,487.34142,487.33749,487.34579,6.3584,6.2576,6.4859,8.724E5,6.014E4,9.721E3,8.724E5,0.0661,0.8641,0.5606,2,-0.0702,3,1
1806,6.4051,6.3675,6.8469,194.07982,194.07869,194.08,3.844E6,1.715E5,1.257E4,3.844E6,2,1,,,,,,,,,,DETECTED,194.07982,194.07869,194.08,6.4051,6.3675,6.8469,3.844E6,1.715E5,1.257E4,3.844E6,0.0313,2.0328,2.51,2,-0.0171,5,1
1807,6.4301,6.3915,6.8004,293.1744,293.17319,293.17542,1.484E6,5.025E4,7.262E3,1.484E6,1,1,,,,,,,,,,DETECTED,293.1744,293.17319,293.17542,6.4301,6.3915,6.8004,1.484E6,5.025E4,7.262E3,1.484E6,0.0243,1.7858,2.0822,1,-0.009,3,1
1809,6.5369,6.5041,6.6903,263.16343,263.16199,263.16449,1.455E5,7.329E3,7.43E3,1.455E5,0,1,,,,,,,,,,DETECTED,263.16343,263.16199,263.16449,6.5369,6.5041,6.6903,1.455E5,7.329E3,7.43E3,1.455E5,0.0328,2.9884,4.3157,,,2,1
1811,6.5779,6.5506,6.6653,266.10151,266.10068,266.10226,1.574E5,5.402E3,8.17E3,1.574E5,0,1,,,,,,,,,,DETECTED,266.10151,266.10068,266.10226,6.5779,6.5506,6.6653,1.574E5,5.402E3,8.17E3,1.574E5,0.0298,2.1193,2.4938,,,2,1
1812,6.6471,6.6198,6.6903,439.35086,439.34915,439.35397,5.607E4,1.814E3,8.898E3,5.607E4,0,1,,,,,,,,,,DETECTED,439.35086,439.34915,439.35397,6.6471,6.6198,6.6903,5.607E4,1.814E3,8.898E3,5.607E4,0.0298,1.2907,1.5782,,,2,1
1813,6.6562,6.6289,6.7085,471.30931,471.30527,471.31042,8.528E4,2.587E3,7.024E3,8.528E4,0,1,,,,,,,,,,DETECTED,471.30931,471.30527,471.31042,6.6562,6.6289,6.7085,8.528E4,2.587E3,7.024E3,8.528E4,0.025,1.4942,1.0906,,,2,1
1814,6.6799,6.638,6.7731,687.35425,687.34985,687.3587,2.673E5,8.456E3,6.432E3,2.673E5,0,1,,,,,,,,,,DETECTED,687.35425,687.34985,687.3587,6.6799,6.638,6.7731,2.673E5,8.456E3,6.432E3,2.673E5,0.0207,1.484,1.5358,,,4,1
1815,6.754,6.7267,6.7913,307.18925,307.18756,307.19052,5.856E4,1.731E3,5.834E3,5.856E4,0,1,,,,,,,,,,DETECTED,307.18925,307.18756,307.19052,6.754,6.7267,6.7913,5.856E4,1.731E3,5.834E3,5.856E4,0.0277,1.2837,1.5893,,,2,1
1816,6.7777,6.7494,6.8606,721.3587,721.3515,721.36139,2.394E5,7.37E3,6.427E3,2.394E5,0,1,,,,,,,,,,DETECTED,721.3587,721.3515,721.36139,6.7777,6.7494,6.8606,2.394E5,7.37E3,6.427E3,2.394E5,0.0253,1.6833,1.6337,,,3,1
1819,7.0193,6.9844,7.1921,485.32591,485.32251,485.32709,1.789E6,6.638E4,5.507E3,1.789E6,2,1,100,,,,,,,,,DETECTED,485.32591,485.32251,485.32709,7.0193,6.9844,7.1921,1.789E6,6.638E4,5.507E3,1.789E6,0.0328,2.3255,2.944,2,-0.008,3,1
1820,7.0193,6.989,7.1274,531.32954,531.32654,531.33276,3.254E5,1.171E4,7.337E3,3.254E5,0,1,100,,,,,,,,,DETECTED,531.32954,531.32654,531.33276,7.0193,6.989,7.1274,3.254E5,1.171E4,7.337E3,3.254E5,0.0287,2.3083,2.873,,,3,1
1823,7.0673,7.0297,7.1593,277.14238,277.14096,277.1434,5.527E4,3.192E3,7.331E3,5.527E4,0,1,,,,,,,,,,DETECTED,277.14238,277.14096,277.1434,7.0673,7.0297,7.1593,5.527E4,3.192E3,7.331E3,5.527E4,0.0532,1.7211,2.6068,,,2,1
1824,7.0956,7.0764,7.1411,293.21034,293.20908,293.21106,6.275E4,1.77E3,5.767E3,6.275E4,0,1,,,,,,,,,,DETECTED,293.21034,293.20908,293.21106,7.0956,7.0764,7.1411,6.275E4,1.77E3,5.767E3,6.275E4,0.0344,1.3772,2.0153,,,2,1
1825,7.3637,7.3296,7.4511,559.30906,559.30493,559.31415,3.014E5,9.287E3,6.86E3,3.014E5,0,1,,,,,,,,,,DETECTED,559.30906,559.30493,559.31415,7.3637,7.3296,7.4511,3.014E5,9.287E3,6.86E3,3.014E5,0.0243,1.7439,1.1319,,,3,1
1826,7.391,7.3488,7.6226,233.1522,233.15161,233.15263,1.098E5,9.684E3,1.518E4,1.098E5,0,1,,,,,,,,,,DETECTED,233.1522,233.15161,233.15263,7.391,7.3488,7.6226,1.098E5,9.684E3,1.518E4,1.098E5,0.0509,3.2441,3.916,,,2,1
1827,7.4842,7.4511,7.6499,221.15235,221.15155,221.15263,7.93E5,2.889E4,5.948E3,7.93E5,1,1,119,,,,,,,,,DETECTED,221.15235,221.15155,221.15263,7.4842,7.4511,7.6499,7.93E5,2.889E4,5.948E3,7.93E5,0.0291,2.0991,2.3359,1,-0.0035,3,1
1828,7.4887,7.4648,7.5215,564.32741,564.32568,564.32965,1.03E5,2.901E3,1.512E4,1.03E5,0,1,119,,,,,,,,,DETECTED,564.32741,564.32568,564.32965,7.4887,7.4648,7.5215,1.03E5,2.901E3,1.512E4,1.03E5,0.0251,1.1852,1.0502,,,2,1
1829,7.517,7.4842,7.5625,559.30881,559.30469,559.31134,7.536E4,2.11E3,5.822E3,7.536E4,0,1,,,,,,,,,,DETECTED,559.30881,559.30469,559.31134,7.517,7.4842,7.5625,7.536E4,2.11E3,5.822E3,7.536E4,0.0226,0.9564,1.0767,,,2,1
1830,7.5443,7.5024,7.609,663.38402,663.38,663.39001,6.14E4,2.739E3,5.552E3,6.14E4,0,1,,,,,,,,,,DETECTED,663.38402,663.38,663.39001,7.5443,7.5024,7.609,6.14E4,2.739E3,5.552E3,6.14E4,0.0465,1.2959,1.8157,,,3,1
1831,7.5953,7.5762,7.6454,517.34992,517.34814,517.35168,5.192E4,1.743E3,5.839E3,5.192E4,0,1,134,26,[M+FA]-,2,472.35224,1832;1831,,,,DETECTED,517.34992,517.34814,517.35168,7.5953,7.5762,7.6454,5.192E4,1.743E3,5.839E3,5.192E4,0.0312,1.807,2.6265,,,2,1
1832,7.6044,7.5716,7.6545,471.34548,471.3436,471.34665,1.318E5,4.628E3,8.899E3,1.318E5,0,1,134,26,[M-H]-,2,472.35224,1832;1831,,,,DETECTED,471.34548,471.3436,471.34665,7.6044,7.5716,7.6545,1.318E5,4.628E3,8.899E3,1.318E5,0.0312,1.2642,1.5456,,,3,1
1833,7.6545,7.5716,7.8021,297.15078,297.14993,297.15149,5.137E4,5.214E3,6.68E3,5.137E4,0,1,,,,,,,,,,DETECTED,297.15078,297.14993,297.15149,7.6545,7.5716,7.8021,5.137E4,5.214E3,6.68E3,5.137E4,0.1039,1.3901,1.5192,,,2,1
1835,7.6828,7.6636,7.7101,931.4806,931.47803,931.48315,2.006E5,4.401E3,3.054E4,2.006E5,0,1,,,,,,,,,,DETECTED,931.4806,931.47803,931.48315,7.6828,7.6636,7.7101,2.006E5,4.401E3,3.054E4,2.006E5,0.0217,1.2128,1.7762,,,4,1
1836,7.7747,7.7556,7.8021,885.47348,885.47119,885.47876,5.34E4,1.289E3,8.569E3,5.34E4,0,1,,,,,,,,,,DETECTED,885.47348,885.47119,885.47876,7.7747,7.7556,7.8021,5.34E4,1.289E3,8.569E3,5.34E4,0.0268,1.2131,1.8577,,,2,1
1838,7.8622,7.8294,7.9405,540.32725,540.32422,540.32922,1.725E5,5.34E3,7.555E3,1.725E5,0,1,,,,,,,,,,DETECTED,540.32725,540.32422,540.32922,7.8622,7.8294,7.9405,1.725E5,5.34E3,7.555E3,1.725E5,0.0309,1.7983,1.31,,,3,1
1839,8.0643,8.0325,8.1745,250.1425,250.14143,250.14311,1.275E5,5.37E3,6.495E3,1.275E5,0,1,,,,,,,,,,DETECTED,250.1425,250.14143,250.14311,8.0643,8.0325,8.1745,1.275E5,5.37E3,6.495E3,1.275E5,0.0322,2.181,3.1721,,,2,1
1841,8.1654,8.1154,8.2028,929.46654,929.46204,929.47119,1.478E5,4.514E3,1.406E4,1.478E5,0,1,,,,,,,,,,DETECTED,929.46654,929.46204,929.47119,8.1654,8.1154,8.2028,1.478E5,4.514E3,1.406E4,1.478E5,0.0211,0.8071,0.4262,,,4,1
1843,8.2392,7.9906,8.3744,311.16642,311.16562,311.16751,9.173E4,1.841E4,1.03E4,9.173E4,0,1,,,,,,,,,,DETECTED,311.16642,311.16562,311.16751,8.2392,7.9906,8.3744,9.173E4,1.841E4,1.03E4,9.173E4,0.1516,0.7718,0.5569,,,3,1
1848,8.3881,8.3607,8.5053,769.43128,769.42615,769.43274,5.291E5,1.886E4,1.157E4,5.291E5,1,1,,,,,,,,,,DETECTED,769.43128,769.42615,769.43274,8.3881,8.3607,8.5053,5.291E5,1.886E4,1.157E4,5.291E5,0.03,2.0177,1.5133,1,0.0024,4,1
1851,8.4166,8.3939,8.454,785.42493,785.41943,785.42798,1.237E5,2.773E3,1.061E4,1.237E5,0,1,,,,,,,,,,DETECTED,785.42493,785.41943,785.42798,8.4166,8.3939,8.454,1.237E5,2.773E3,1.061E4,1.237E5,0.0202,1.8446,1.5569,,,2,1
1853,8.4904,8.3744,8.6993,311.16644,311.16547,311.16727,1.112E5,1.393E4,8.79E3,1.112E5,0,1,,,,,,,,,,DETECTED,311.16644,311.16547,311.16727,8.4904,8.3744,8.6993,1.112E5,1.393E4,8.79E3,1.112E5,0.1296,1.4001,1.4486,,,2,1
1855,8.6437,8.6118,8.6993,909.49665,909.4892,909.49982,1.273E5,3.45E3,5.763E3,1.273E5,0,1,,,,,,,,,,DETECTED,909.49665,909.4892,909.49982,8.6437,8.6118,8.6993,1.273E5,3.45E3,5.763E3,1.273E5,0.0311,1.6628,1.7582,,,2,1
1856,8.6765,8.5982,8.812,915.48735,915.47931,915.49646,2.694E5,1.733E4,1.001E4,2.694E5,0,1,,,,,,,,,,DETECTED,915.48735,915.47931,915.49646,8.6765,8.5982,8.812,2.694E5,1.733E4,1.001E4,2.694E5,0.0357,1.375,1.9539,,,3,1
1857,8.722,8.6856,8.8256,721.4104,721.40723,721.41437,1.201E5,7.26E3,1.118E4,1.201E5,0,1,,,,,,,,,,DETECTED,721.4104,721.40723,721.41437,8.722,8.6856,8.8256,1.201E5,7.26E3,1.118E4,1.201E5,0.0567,1.9699,2.8685,,,3,1
1858,8.722,8.5881,8.7552,767.41519,767.41016,767.41833,4.654E5,1.658E4,1.835E4,4.654E5,0,1,,,,,,,,,,DETECTED,767.41519,767.41016,767.41833,8.722,8.5881,8.7552,4.654E5,1.658E4,1.835E4,4.654E5,0.0233,0.6821,0.7251,,,4,1
1859,8.722,8.6947,8.7892,928.48905,928.48285,928.49445,6.253E4,3.111E3,5.554E3,6.253E4,0,1,61,,,,,,,,,DETECTED,928.48905,928.48285,928.49445,8.722,8.6947,8.7892,6.253E4,3.111E3,5.554E3,6.253E4,0.0282,1.8737,3.0186,,,5,1
1860,8.7266,8.6255,8.812,869.48241,869.47571,869.48889,5.424E4,5.817E3,5.593E3,5.424E4,0,1,,,,,,,,,,DETECTED,869.48241,869.47571,869.48889,8.7266,8.6255,8.812,5.424E4,5.817E3,5.593E3,5.424E4,0.1355,0.9226,0.806,,,3,1
1861,8.7652,8.6901,8.8165,927.48633,927.48212,927.49487,1.154E5,6.426E3,7.175E3,1.154E5,0,1,61,,,,,,,,,DETECTED,927.48633,927.48212,927.49487,8.7652,8.6901,8.8165,1.154E5,6.426E3,7.175E3,1.154E5,0.0277,0.8396,0.6137,,,2,1
1862,8.7847,8.7552,8.887,767.41608,767.41241,767.42175,4.309E5,1.449E4,5.747E3,4.309E5,1,1,,,,,,,,,,DETECTED,767.41608,767.41241,767.42175,8.7847,8.7552,8.887,4.309E5,1.449E4,5.747E3,4.309E5,0.0263,1.701,1.4056,1,-0.0035,4,1
1863,8.8256,8.7506,8.8597,723.42491,723.42188,723.42841,6.599E4,3.659E3,6.491E3,6.599E4,0,1,,,,,,,,,,DETECTED,723.42491,723.42188,723.42841,8.8256,8.7506,8.8597,6.599E4,3.659E3,6.491E3,6.599E4,0.0444,0.7348,0.4494,,,2,1
1864,8.938,8.8506,9.0163,781.42989,781.42401,781.43365,1.113E5,7.22E3,6.066E3,1.113E5,0,1,,,,,,,,,,DETECTED,781.42989,781.42401,781.43365,8.938,8.8506,9.0163,1.113E5,7.22E3,6.066E3,1.113E5,0.0292,0.9293,0.7451,,,3,1
1865,9.0254,8.9334,9.1174,325.18186,325.18051,325.18271,5.018E4,6.167E3,1.777E4,5.018E4,0,1,,,,,,,,,,DETECTED,325.18186,325.18051,325.18271,9.0254,8.9334,9.1174,5.018E4,6.167E3,1.777E4,5.018E4,0.1189,1.0001,1.0001,,,2,1
1866,9.0254,8.9744,9.0755,907.48164,907.47638,907.48877,1.314E5,4.013E3,8.326E3,1.314E5,0,1,,,,,,,,,,DETECTED,907.48164,907.47638,907.48877,9.0254,8.9744,9.0755,1.314E5,4.013E3,8.326E3,1.314E5,0.0232,0.9771,1.2166,,,3,1
1867,9.0345,9.0118,9.131,739.42124,739.41779,739.42584,6.695E4,3.797E3,5.766E3,6.695E4,0,1,,,,,,,,,,DETECTED,739.42124,739.41779,739.42584,9.0345,9.0118,9.131,6.695E4,3.797E3,5.766E3,6.695E4,0.0348,2.6272,4.3799,,,3,1
1868,9.0391,9.0163,9.1459,271.22567,271.22485,271.22687,5.097E4,2.819E3,6.236E3,5.097E4,0,1,,,,,,,,,,DETECTED,271.22567,271.22485,271.22687,9.0391,9.0163,9.1459,5.097E4,2.819E3,6.236E3,5.097E4,0.0467,2.8474,6.0748,,,2,1
1869,9.2197,9.1923,9.2752,715.42092,715.41492,715.42657,6.778E4,1.971E3,5.547E3,6.778E4,0,1,,,,,,,,,,DETECTED,715.42092,715.41492,715.42657,9.2197,9.1923,9.2752,6.778E4,1.971E3,5.547E3,6.778E4,0.028,1.1889,1.7353,,,3,1
1870,9.2993,9.2106,9.4207,753.43767,753.43188,753.44025,1.027E6,4.847E4,1.149E4,1.027E6,1,1,,,,,,,,,,DETECTED,753.43767,753.43188,753.44025,9.2993,9.2106,9.4207,1.027E6,4.847E4,1.149E4,1.027E6,0.0341,2.0257,3.9524,1,0.04,3,1
1873,9.3427,9.322,9.3934,144.92049,144.9203,144.92058,1.163E6,4.219E4,1.66E5,1.163E6,2,1,,,,,,,,,,DETECTED,144.92049,144.9203,144.92058,9.3427,9.322,9.3934,1.163E6,4.219E4,1.66E5,1.163E6,0.0334,1.7254,3.2975,2,-0.0093,8,1
1876,9.3427,9.206,9.3934,325.18195,325.18103,325.18256,7.994E4,6.039E3,1.603E4,7.994E4,0,1,,,,,,,,,,DETECTED,325.18195,325.18103,325.18256,9.3427,9.206,9.3934,7.994E4,6.039E3,1.603E4,7.994E4,0.0475,0.6854,0.3707,,,2,1
1877,9.3603,9.1037,9.4944,707.4319,707.4267,707.43842,3.679E5,3.139E4,6.279E3,3.679E5,1,1,36,,,,,,,,,DETECTED,707.4319,707.4267,707.43842,9.3603,9.1037,9.4944,3.679E5,3.139E4,6.279E3,3.679E5,0.0592,0.6957,0.4652,1,-0.008,4,1
1878,9.374,9.3038,9.4762,765.43559,765.43158,765.44006,3.825E5,1.966E4,7.49E3,3.825E5,1,1,36,,,,,,,,,DETECTED,765.43559,765.43158,765.44006,9.374,9.3038,9.4762,3.825E5,1.966E4,7.49E3,3.825E5,0.0449,1.1956,0.9886,1,-0.0234,4,1
1879,9.5864,9.5409,9.6238,893.50232,893.49646,893.50629,9.639E4,3.142E3,6.305E3,9.639E4,0,1,,,,,,,,,,DETECTED,893.50232,893.49646,893.50629,9.5864,9.5409,9.6238,9.639E4,3.142E3,6.305E3,9.639E4,0.0344,0.9486,1.5379,,,3,1
1881,9.6602,9.591,9.7249,851.50779,851.5036,851.5144,7.137E4,4.386E3,1.064E4,7.137E4,0,1,,,,,,,,,,DETECTED,851.50779,851.5036,851.5144,9.6602,9.591,9.7249,7.137E4,4.386E3,1.064E4,7.137E4,0.0515,0.9672,0.6306,,,3,1
1882,9.8451,9.7759,9.8633,849.49185,849.48401,849.49591,7.012E4,3.142E3,8.94E3,7.012E4,0,1,,,,,,,,,,DETECTED,849.49185,849.48401,849.49591,9.8451,9.7759,9.8633,7.012E4,3.142E3,8.94E3,7.012E4,0.0403,0.6316,0.2774,,,3,1
1885,10.5072,10.5026,10.683,802.55264,802.5495,802.55676,5.43E4,6.894E3,2.25E4,5.43E4,0,1,,,,,,,,,,DETECTED,802.55264,802.5495,802.55676,10.5072,10.5026,10.683,5.43E4,6.894E3,2.25E4,5.43E4,0.1788,19.8119,38.6237,,,3,1
1886,10.5491,10.4061,10.8248,581.52246,581.52026,581.52594,1.047E5,1.791E4,6.566E3,1.047E5,0,1,,,,,,,,,,DETECTED,581.52246,581.52026,581.52594,10.5491,10.4061,10.8248,1.047E5,1.791E4,6.566E3,1.047E5,0.1158,1.4248,2.1199,,,3,1
1887,10.778,10.7103,10.8952,409.30798,409.30576,409.31067,6.83E5,2.078E4,5.135E3,6.83E5,1,1,,,,,,,,,,DETECTED,409.30798,409.30576,409.31067,10.778,10.7103,10.8952,6.83E5,2.078E4,5.135E3,6.83E5,0.0227,0.8303,0.5511,1,-0.0126,3,1
1890,11.1178,11.095,11.169,787.4922,787.48956,787.49591,7.594E4,2.075E3,6.193E3,7.594E4,0,1,,,,,,,,,,DETECTED,787.4922,787.48956,787.49591,11.1178,11.095,11.169,7.594E4,2.075E3,6.193E3,7.594E4,0.0228,1.5956,1.6457,,,3,1
1891,11.1836,11.1508,11.2259,983.58729,983.5777,983.59003,6.606E4,2.265E3,5.456E3,6.606E4,0,1,,,,,,,,,,DETECTED,983.58729,983.5777,983.59003,11.1836,11.1508,11.2259,6.606E4,2.265E3,5.456E3,6.606E4,0.0925,1.1965,2.0847,,,3,1
1892,11.2122,11.1735,11.3282,819.52294,819.5177,819.52563,1.728E6,6.929E4,1.496E4,1.728E6,1,1,131,,,,,,,,,DETECTED,819.52294,819.5177,819.52563,11.2122,11.1735,11.3282,1.728E6,6.929E4,1.496E4,1.728E6,0.0295,2.2133,3.539,1,-0.0126,7,1
1893,11.2122,11.1735,11.3373,820.52376,820.51959,820.52655,7.344E5,3.198E4,6.158E3,7.344E5,0,1,131,,,,,,,,,DETECTED,820.52376,820.51959,820.52655,11.2122,11.1735,11.3373,7.344E5,3.198E4,6.158E3,7.344E5,0.044,2.3243,3.1154,,,7,1
1894,11.361,11.3237,11.4226,758.53554,758.53027,758.53644,2.666E5,1.121E4,5.946E3,2.666E5,0,1,,,,,,,,,,DETECTED,758.53554,758.53027,758.53644,11.361,11.3237,11.4226,2.666E5,1.121E4,5.946E3,2.666E5,0.045,1.5486,2.2267,,,4,1
1895,11.4645,11.4226,11.5589,758.53518,758.53302,758.54071,1.485E5,7.523E3,1.178E4,1.485E5,0,1,,,,,,,,,,DETECTED,758.53518,758.53302,758.54071,11.4645,11.4226,11.5589,1.485E5,7.523E3,1.178E4,1.485E5,0.0578,2.0126,5.6632,,,3,1
1896,11.5589,11.5122,11.7723,415.31888,415.31638,415.32108,1.544E6,5.244E4,5.156E3,1.544E6,1,1,,,,,,,,,,DETECTED,415.31888,415.31638,415.32108,11.5589,11.5122,11.7723,1.544E6,5.244E4,5.156E3,1.544E6,0.026,1.7411,0.9953,1,-0.0171,3,1
1899,11.6418,11.5963,11.7632,959.59,959.58478,959.59534,1.786E5,1.709E4,3.584E4,1.786E5,0,1,,,,,,,,,,DETECTED,959.59,959.58478,959.59534,11.6418,11.5963,11.7632,1.786E5,1.709E4,3.584E4,1.786E5,0.1002,1.834,2.668,,,4,1
1900,11.954,11.9167,11.9995,765.50907,765.50671,765.5105,1.818E5,7.664E3,1.041E4,1.818E5,0,1,,,,,,,,,,DETECTED,765.50907,765.50671,765.5105,11.954,11.9167,11.9995,1.818E5,7.664E3,1.041E4,1.818E5,0.0397,1.186,1.4867,,,4,1
