id,rt,rt_range:min,rt_range:max,mz,mz_range:min,mz_range:max,height,area,intensity_range:min,intensity_range:max,fragment_scans,charge,feature_group,ion_identities:iin_id,ion_identities:ion_identities,ion_identities:list_size,ion_identities:neutral_mass,ion_identities:partner_row_ids,ion_identities:iin_relationship,ion_identities:consensus_formulas,ion_identities:simple_formulas,datafile:202406251802_PMA_dbgi_003180_01_01.mzML:feature_state,datafile:202406251802_PMA_dbgi_003180_01_01.mzML:mz,datafile:202406251802_PMA_dbgi_003180_01_01.mzML:mz_range:min,datafile:202406251802_PMA_dbgi_003180_01_01.mzML:mz_range:max,datafile:202406251802_PMA_dbgi_003180_01_01.mzML:rt,datafile:202406251802_PMA_dbgi_003180_01_01.mzML:rt_range:min,datafile:202406251802_PMA_dbgi_003180_01_01.mzML:rt_range:max,datafile:202406251802_PMA_dbgi_003180_01_01.mzML:height,datafile:202406251802_PMA_dbgi_003180_01_01.mzML:area,datafile:202406251802_PMA_dbgi_003180_01_01.mzML:intensity_range:min,datafile:202406251802_PMA_dbgi_003180_01_01.mzML:intensity_range:max,datafile:202406251802_PMA_dbgi_003180_01_01.mzML:fwhm,datafile:202406251802_PMA_dbgi_003180_01_01.mzML:tailing_factor,datafile:202406251802_PMA_dbgi_003180_01_01.mzML:asymmetry_factor,datafile:202406251802_PMA_dbgi_003180_01_01.mzML:fragment_scans,datafile:202406251802_PMA_dbgi_003180_01_01.mzML:rt_ms2_apex_distance,datafile:202406251802_PMA_dbgi_003180_01_01.mzML:isotopes,datafile:202406251802_PMA_dbgi_003180_01_01.mzML:charge
2,0.4762,0.4495,0.5946,226.96351,226.96298,226.96388,2.715E5,1.685E4,9.78E3,2.715E5,0,1,5,,,,,,,,,DETECTED,226.96351,226.96298,226.96388,0.4762,0.4495,0.5946,2.715E5,1.685E4,9.78E3,2.715E5,0.0729,3.0196,4.5579,,,3,1
5,0.4762,0.4541,0.5351,275.90344,275.90228,275.90372,2.987E5,1.242E4,5.18E4,2.987E5,0,1,5,,,,,,,,,DETECTED,275.90344,275.90228,275.90372,0.4762,0.4541,0.5351,2.987E5,1.242E4,5.18E4,2.987E5,0.048,1.8309,2.9687,,,6,1
6,0.4762,0.3054,0.547,291.88168,291.88025,291.88229,3.349E5,1.87E4,1.473E4,3.349E5,0,1,5,,,,,,,,,DETECTED,291.88168,291.88025,291.88229,0.4762,0.3054,0.547,3.349E5,1.87E4,1.473E4,3.349E5,0.0478,0.9029,0.5905,,,4,1
7,0.4762,0.4215,0.547,365.88206,365.88098,365.88486,2.495E5,1.246E4,1.353E4,2.495E5,0,1,5,,,,,,,,,DETECTED,365.88206,365.88098,365.88486,0.4762,0.4215,0.547,2.495E5,1.246E4,1.353E4,2.495E5,0.0457,1.1093,2.2815,,,2,1
10,0.4994,0.3054,0.547,173.92324,173.92285,173.92372,8.843E5,8.699E4,1.859E4,8.843E5,4,1,5,,,,,,,,,DETECTED,173.92324,173.92285,173.92372,0.4994,0.3054,0.547,8.843E5,8.699E4,1.859E4,8.843E5,0.0617,0.6226,0.2453,4,-0.1786,3,1
13,0.4994,0.3054,0.5351,225.89488,225.89449,225.89569,3.868E5,3.62E4,4.384E4,3.868E5,1,1,5,,,,,,,,,DETECTED,225.89488,225.89449,225.89569,0.4994,0.3054,0.5351,3.868E5,3.62E4,4.384E4,3.868E5,0.0651,0.5921,0.1303,1,0.0073,2,1
19,0.4994,0.4598,0.5588,356.92076,356.91879,356.92337,2.432E5,1.295E4,3.035E4,2.432E5,0,1,5,,,,,,,,,DETECTED,356.92076,356.91879,356.92337,0.4994,0.4598,0.5588,2.432E5,1.295E4,3.035E4,2.432E5,0.0616,1.251,1.2528,,,2,1
20,0.4994,0.4598,0.5588,402.91382,402.91144,402.91428,9.37E5,3.429E4,1.846E4,9.37E5,1,1,5,,,,,,,,,DETECTED,402.91382,402.91144,402.91428,0.4994,0.4598,0.5588,9.37E5,3.429E4,1.846E4,9.37E5,0.0356,1.2016,1.2507,1,-0.0042,5,1
21,0.4994,0.4598,0.5588,418.89174,418.88934,418.8923,2.324E6,7.726E4,2.747E4,2.324E6,1,1,5,,,,,,,,,DETECTED,418.89174,418.88934,418.8923,0.4994,0.4598,0.5588,2.324E6,7.726E4,2.747E4,2.324E6,0.0305,1.2096,1.367,1,-0.0076,4,1
26,0.4994,0.4598,0.571,434.86958,434.866,434.86978,1.733E6,6.188E4,1.821E4,1.733E6,1,1,5,,,,,,,,,DETECTED,434.86958,434.866,434.86978,0.4994,0.4598,0.571,1.733E6,6.188E4,1.821E4,1.733E6,0.0326,1.2608,1.4434,1,-0.0059,5,1
28,0.4994,0.4673,0.5351,548.84841,548.84674,548.85004,4.003E5,1.309E4,5.194E4,4.003E5,1,1,5,,,,,,,,,DETECTED,548.84841,548.84674,548.85004,0.4994,0.4673,0.5351,4.003E5,1.309E4,5.194E4,4.003E5,0.0337,1.057,1.4951,1,0.0056,4,1
32,0.5107,0.4541,0.6297,146.95817,146.95782,146.95828,1.519E6,1.309E5,2.587E4,1.519E6,2,,5,,,,,,,,,DETECTED,146.95817,146.95782,146.95828,0.5107,0.4541,0.6297,1.519E6,1.309E5,2.587E4,1.519E6,0.0966,1.5776,1.947,2,-0.0322,,
35,0.5107,0.4541,0.6297,174.95383,174.95261,174.95399,3.232E7,2.842E6,3.173E5,3.232E7,3,1,5,,,,,,,,,DETECTED,174.95383,174.95261,174.95399,0.5107,0.4541,0.6297,3.232E7,2.842E6,3.173E5,3.232E7,0.0914,1.5664,2.012,3,-0.0486,5,1
38,0.5107,0.4541,0.6081,178.94554,178.94505,178.94643,4.297E5,3.421E4,7.829E3,4.297E5,1,1,5,,,,,,,,,DETECTED,178.94554,178.94505,178.94643,0.5107,0.4541,0.6081,4.297E5,3.421E4,7.829E3,4.297E5,0.0727,1.4576,2.0738,1,-0.0139,5,1
39,0.5107,0.3054,0.547,178.97466,178.97406,178.97485,1.448E6,1.247E5,8.623E4,1.448E6,4,1,5,,,,,,,,,DETECTED,178.97466,178.97406,178.97485,0.5107,0.3054,0.547,1.448E6,1.247E5,8.623E4,1.448E6,0.0316,0.5883,0.1765,4,-0.203,3,1
43,0.5107,0.4598,0.5946,272.95722,272.95618,272.95776,3.433E6,1.508E5,2.575E4,3.433E6,2,1,5,,,,,,,,,DETECTED,272.95722,272.95618,272.95776,0.5107,0.4598,0.5946,3.433E6,1.508E5,2.575E4,3.433E6,0.0421,1.011,0.8989,2,-0.0289,5,1
48,0.5107,0.4541,0.6193,288.93546,288.93423,288.93561,1.184E7,5.853E5,2.133E4,1.184E7,2,1,5,,,,,,,,,DETECTED,288.93546,288.93423,288.93561,0.5107,0.4541,0.6193,1.184E7,5.853E5,2.133E4,1.184E7,0.0476,1.0568,0.9175,2,-0.0393,5,1
52,0.5107,0.4598,0.5946,290.93232,290.93155,290.93408,1.248E6,6.011E4,1.856E4,1.248E6,0,1,5,,,,,,,,,DETECTED,290.93232,290.93155,290.93408,0.5107,0.4598,0.5946,1.248E6,6.011E4,1.856E4,1.248E6,0.0462,1.0677,0.9087,,,5,1
54,0.5107,0.4598,0.6193,304.91273,304.91159,304.9129,1.084E7,5.52E5,7.97E4,1.084E7,2,1,5,,,,,,,,,DETECTED,304.91273,304.91159,304.9129,0.5107,0.4598,0.6193,1.084E7,5.52E5,7.97E4,1.084E7,0.0478,1.1408,1.0879,2,-0.0377,4,1
55,0.5107,0.4598,0.5829,305.9152,305.9136,305.91727,3.855E5,1.936E4,1.62E4,3.855E5,1,1,5,,,,,,,,,DETECTED,305.9152,305.9136,305.91727,0.5107,0.4598,0.5829,3.855E5,1.936E4,1.62E4,3.855E5,0.0458,1.1989,1.1289,1,0.0044,4,1
60,0.5107,0.4673,0.571,502.85341,502.85251,502.85593,5.636E5,2.181E4,2.453E4,5.636E5,1,1,5,,,,,,,,,DETECTED,502.85341,502.85251,502.85593,0.5107,0.4673,0.571,5.636E5,2.181E4,2.453E4,5.636E5,0.0328,1.1146,1.1417,1,0.0095,3,1
65,0.5244,0.4541,0.6297,158.97585,158.97487,158.97601,9.262E6,8.079E5,7.239E4,9.262E6,3,1,5,,,,,,,,,DETECTED,158.97585,158.97487,158.97601,0.5244,0.4541,0.6297,9.262E6,8.079E5,7.239E4,9.262E6,0.0851,1.1636,1.1797,3,-0.0605,3,1
68,0.5244,0.4541,0.6193,175.95573,175.95551,175.95711,7.489E5,6.047E4,1.535E4,7.489E5,1,1,5,,,,,,,,,DETECTED,175.95573,175.95551,175.95711,0.5244,0.4541,0.6193,7.489E5,6.047E4,1.535E4,7.489E5,0.0819,1.2347,1.3542,1,-0.0393,3,1
71,0.5244,0.4762,0.5946,372.89706,372.89337,372.89941,6.888E5,3.329E4,2.934E4,6.888E5,1,1,5,,,,,,,,,DETECTED,372.89706,372.89337,372.89941,0.5244,0.4762,0.5946,6.888E5,3.329E4,2.934E4,6.888E5,0.0426,1.0745,0.8557,1,-0.0076,3,1
72,0.5244,0.4879,0.6081,388.87316,388.87094,388.87634,1.051E6,3.999E4,2.681E4,1.051E6,1,1,5,,,,,,,,,DETECTED,388.87316,388.87094,388.87634,0.5244,0.4879,0.6081,1.051E6,3.999E4,2.681E4,1.051E6,0.0348,1.6774,1.9431,1,-0.0059,4,1
76,0.5244,0.4879,0.571,518.82934,518.82684,518.83246,5.091E5,1.693E4,3.273E4,5.091E5,0,1,5,,,,,,,,,DETECTED,518.82934,518.82684,518.83246,0.5244,0.4879,0.571,5.091E5,1.693E4,3.273E4,5.091E5,0.0298,0.991,1.2201,,,2,1
77,0.5244,0.4994,0.5829,586.81242,586.81012,586.81409,3.863E5,1.117E4,1.364E4,3.863E5,0,1,,,,,,,,,,DETECTED,586.81242,586.81012,586.81409,0.5244,0.4994,0.5829,3.863E5,1.117E4,1.364E4,3.863E5,0.0248,1.3638,1.3443,,,4,1
79,0.5244,0.4994,0.5829,670.77052,670.76501,670.77582,1.698E5,5.524E3,1.355E4,1.698E5,0,1,32,,,,,,,,,DETECTED,670.77052,670.76501,670.77582,0.5244,0.4994,0.5829,1.698E5,5.524E3,1.355E4,1.698E5,0.029,1.6057,2.7166,,,3,1
82,0.5351,0.4994,0.6193,242.93825,242.93723,242.9402,1.773E6,9.165E4,8.614E4,1.773E6,1,1,32,,,,,,,,,DETECTED,242.93825,242.93723,242.9402,0.5351,0.4994,0.6193,1.773E6,9.165E4,8.614E4,1.773E6,0.0489,1.518,1.7161,1,0.0141,4,1
83,0.5351,0.4994,0.6081,244.93504,244.93459,244.9361,2.615E5,1.291E4,3.192E4,2.615E5,0,1,32,,,,,,,,,DETECTED,244.93504,244.93459,244.9361,0.5351,0.4994,0.6081,2.615E5,1.291E4,3.192E4,2.615E5,0.0461,1.5219,2.623,,,4,1
85,0.5351,0.4994,0.6081,472.83501,472.83374,472.83545,1.015E6,3.896E4,4.375E4,1.015E6,1,1,32,,,,,,,,,DETECTED,472.83501,472.83374,472.83545,0.5351,0.4994,0.6081,1.015E6,3.896E4,4.375E4,1.015E6,0.049,1.3009,1.7655,1,-0.0027,3,1
89,0.547,0.4879,0.6297,258.91565,258.91422,258.91599,2.647E6,1.535E5,3.152E4,2.647E6,2,1,32,,,,,,,,,DETECTED,258.91565,258.91422,258.91599,0.547,0.4879,0.6297,2.647E6,1.535E5,3.152E4,2.647E6,0.0581,1.2218,1.5111,2,-0.0162,3,1
90,0.547,0.4994,0.6193,326.90029,326.89984,326.90166,9.877E5,4.992E4,4.141E4,9.877E5,1,1,32,,,,,,,,,DETECTED,326.90029,326.89984,326.90166,0.547,0.4994,0.6193,9.877E5,4.992E4,4.141E4,9.877E5,0.0468,1.2833,1.3251,1,0.0039,5,1
93,0.547,0.4994,0.6193,342.87731,342.87634,342.87747,1.551E6,8.354E4,1.051E5,1.551E6,1,1,32,,,,,,,,,DETECTED,342.87731,342.87634,342.87747,0.547,0.4994,0.6193,1.551E6,8.354E4,1.051E5,1.551E6,0.0516,1.3596,1.6131,1,-0.0062,4,1
95,0.547,0.4994,0.6081,410.8602,410.85913,410.86258,8.314E5,3.683E4,3.034E4,8.314E5,1,1,32,,,,,,,,,DETECTED,410.8602,410.85913,410.86258,0.547,0.4994,0.6081,8.314E5,3.683E4,3.034E4,8.314E5,0.0414,1.2001,1.3946,1,0.0158,5,1
96,0.547,0.5107,0.6081,412.85781,412.85654,412.85855,2.426E5,1.13E4,2.643E4,2.426E5,0,1,32,,,,,,,,,DETECTED,412.85781,412.85654,412.85855,0.547,0.5107,0.6081,2.426E5,1.13E4,2.643E4,2.426E5,0.044,1.3432,1.3303,,,5,1
102,0.5588,0.4994,0.6297,128.95689,128.95596,128.95709,4.447E6,2.275E5,1.053E5,4.447E6,1,1,34,,,,,,,,,DETECTED,128.95689,128.95596,128.95709,0.5588,0.4994,0.6297,4.447E6,2.275E5,1.053E5,4.447E6,0.0486,1.1603,1.3227,1,0.0532,3,1
104,0.5588,0.5107,0.6193,212.91892,212.91859,212.9193,5.156E5,2.492E4,4.562E4,5.156E5,1,1,34,,,,,,,,,DETECTED,212.91892,212.91859,212.9193,0.5588,0.5107,0.6193,5.156E5,2.492E4,4.562E4,5.156E5,0.0446,1.3142,1.5139,1,0.0161,3,1
105,0.5588,0.5107,0.6193,296.88107,296.879,296.88141,1.524E6,6.871E4,1.001E5,1.524E6,1,1,34,,,,,,,,,DETECTED,296.88107,296.879,296.88141,0.5588,0.5107,0.6193,1.524E6,6.871E4,1.001E5,1.524E6,0.0411,1.1995,1.4031,1,0.0023,3,1
108,0.5588,0.5107,0.6193,426.83768,426.83588,426.8385,1.202E6,6.041E4,6.299E4,1.202E6,1,1,32,,,,,,,,,DETECTED,426.83768,426.83588,426.8385,0.5588,0.5107,0.6193,1.202E6,6.041E4,6.299E4,1.202E6,0.0477,1.0158,0.8877,1,-0.0046,4,1
109,0.5588,0.5244,0.6081,464.80159,464.80048,464.80374,3.025E5,1.218E4,5.479E4,3.025E5,0,1,34,,,,,,,,,DETECTED,464.80159,464.80048,464.80374,0.5588,0.5244,0.6081,3.025E5,1.218E4,5.479E4,3.025E5,0.0377,1.216,1.1211,,,4,1
114,0.571,0.5107,0.6193,380.84254,380.83948,380.8436,7.668E5,3.328E4,4.496E4,7.668E5,1,1,34,,,,,,,,,DETECTED,380.84254,380.83948,380.8436,0.571,0.5107,0.6193,7.668E5,3.328E4,4.496E4,7.668E5,0.0397,0.9025,0.7425,1,-0.0032,4,1
130,0.5946,0.5351,0.6615,131.03183,131.03154,131.03253,5.652E5,2.99E4,7.143E4,5.652E5,1,1,20,,,,,,,,,DETECTED,131.03183,131.03154,131.03253,0.5946,0.5351,0.6615,5.652E5,2.99E4,7.143E4,5.652E5,0.0539,1.0612,1.2127,1,0.0094,4,1
131,0.5946,0.5244,0.6393,132.0271,132.02681,132.02812,3.477E5,1.898E4,3.985E4,3.477E5,1,1,20,,,,,,,,,DETECTED,132.0271,132.02681,132.02812,0.5946,0.5244,0.6393,3.477E5,1.898E4,3.985E4,3.477E5,0.0513,0.8182,0.7253,1,0.011,5,1
132,0.5946,0.5244,0.7797,143.03196,143.0307,143.03298,2.536E6,1.423E5,4.606E4,2.536E6,2,1,20,,,,,,,,,DETECTED,143.03196,143.0307,143.03298,0.5946,0.5244,0.7797,2.536E6,1.423E5,4.606E4,2.536E6,0.054,1.3329,1.0935,2,-0.0302,3,1
133,0.5946,0.5107,0.6504,145.05889,145.05875,145.05937,8.131E5,4.972E4,3.27E4,8.131E5,0,1,20,,,,,,,,,DETECTED,145.05889,145.05875,145.05937,0.5946,0.5107,0.6504,8.131E5,4.972E4,3.27E4,8.131E5,0.0644,0.8433,0.674,,,2,1
134,0.5946,0.5244,0.688,146.04288,146.0426,146.04308,6.878E5,4.363E4,3.99E4,6.878E5,1,1,20,,,,,,,,,DETECTED,146.04288,146.0426,146.04308,0.5946,0.5244,0.688,6.878E5,4.363E4,3.99E4,6.878E5,0.053,1.2564,1.4905,1,-0.0044,3,1
137,0.5946,0.5244,0.6953,161.04247,161.0415,161.04306,2.407E6,1.369E5,5.326E4,2.407E6,2,1,20,,,,,,,,,DETECTED,161.04247,161.0415,161.04306,0.5946,0.5244,0.6953,2.407E6,1.369E5,5.326E4,2.407E6,0.0623,1.4072,1.4688,2,-0.0285,4,1
138,0.5946,0.5351,0.6393,164.92421,164.92381,164.92433,1.062E6,5.004E4,6.894E4,1.062E6,1,1,20,,,,,,,,,DETECTED,164.92421,164.92381,164.92433,0.5946,0.5351,0.6393,1.062E6,5.004E4,6.894E4,1.062E6,0.0451,0.8654,0.7399,1,-0.0147,2,1
140,0.5946,0.5244,0.7797,179.05364,179.05214,179.05399,1.609E7,1.003E6,2.795E5,1.609E7,4,1,20,0,[M-H]-,2,180.06117,140;143,,,,DETECTED,179.05364,179.05214,179.05399,0.5946,0.5244,0.7797,1.609E7,1.003E6,2.795E5,1.609E7,0.0522,1.4075,1.0787,4,-0.0421,3,1
143,0.5946,0.5107,0.7733,225.05962,225.05804,225.05994,5.404E6,3.318E5,1.119E5,5.404E6,3,1,20,0,[M+FA]-,2,180.06117,140;143,,,,DETECTED,225.05962,225.05804,225.05994,0.5946,0.5107,0.7733,5.404E6,3.318E5,1.119E5,5.404E6,0.0533,1.3384,0.9182,3,-0.0387,3,1
149,0.6081,0.547,0.8297,341.10739,341.10535,341.10876,4.782E6,2.212E5,1.885E4,4.782E6,3,1,20,1,[M-H]-,3,342.11496,173;149;175,,,,DETECTED,341.10739,341.10535,341.10876,0.6081,0.547,0.8297,4.782E6,2.212E5,1.885E4,4.782E6,0.0317,1.862,1.092,3,-0.0212,3,1
151,0.6081,0.5588,0.6393,461.04548,461.04272,461.04752,1.128E6,3.411E4,6.895E4,1.128E6,0,1,20,,,,,,,,,DETECTED,461.04548,461.04272,461.04752,0.6081,0.5588,0.6393,1.128E6,3.411E4,6.895E4,1.128E6,0.0305,0.7922,0.6203,,,6,1
153,0.6081,0.5351,0.6393,471.07408,471.07144,471.07465,2.593E6,1.068E5,1.823E4,2.593E6,1,1,20,,,,,,,,,DETECTED,471.07408,471.07144,471.07465,0.6081,0.5351,0.6393,2.593E6,1.068E5,1.823E4,2.593E6,0.047,0.8229,0.4769,1,-0.0298,4,1
159,0.6193,0.547,0.7031,135.02686,135.02592,135.02701,2.263E6,6.603E4,4.176E4,2.263E6,1,1,20,,,,,,,,,DETECTED,135.02686,135.02592,135.02701,0.6193,0.547,0.7031,2.263E6,6.603E4,4.176E4,2.263E6,0.0185,0.8743,0.2346,1,-0.0274,7,1
160,0.6193,0.5829,0.7407,142.9953,142.99486,142.99586,1.59E6,5.538E4,6.125E4,1.59E6,3,1,20,,,,,,,,,DETECTED,142.9953,142.99486,142.99586,0.6193,0.5829,0.7407,1.59E6,5.538E4,6.125E4,1.59E6,0.0147,3.0383,7.1617,3,-0.0023,2,1
161,0.6193,0.5351,0.747,149.0422,149.04086,149.04266,1.095E6,3.918E4,4.577E4,1.095E6,1,1,20,,,,,,,,,DETECTED,149.0422,149.04086,149.04266,0.6193,0.5351,0.747,1.095E6,3.918E4,4.577E4,1.095E6,0.0159,1.4123,0.9546,1,-0.004,2,1
162,0.6193,0.5351,0.6953,165.03696,165.03609,165.03735,9.005E5,3.469E4,2.105E4,9.005E5,0,1,20,2,[M-H]-,2,166.04372,173;162,,,,DETECTED,165.03696,165.03609,165.03735,0.6193,0.5351,0.6953,9.005E5,3.469E4,2.105E4,9.005E5,0.028,1.1173,0.8148,,,4,1
163,0.6193,0.5829,0.6953,173.00588,173.0051,173.00731,9.39E5,2.817E4,4.137E4,9.39E5,0,1,20,3,[M-H]-,2,174.01356,163;167,,,,DETECTED,173.00588,173.0051,173.00731,0.6193,0.5829,0.6953,9.39E5,2.817E4,4.137E4,9.39E5,0.0151,2.0625,5.6902,,,2,1
165,0.6193,0.5351,0.747,215.03085,215.02962,215.03125,2.214E7,7.927E5,4.426E4,2.214E7,2,1,20,,,,,,,,,DETECTED,215.03085,215.02962,215.03125,0.6193,0.5351,0.747,2.214E7,7.927E5,4.426E4,2.214E7,0.0372,0.7574,0.3773,2,-0.046,6,1
166,0.6193,0.5351,0.7031,217.02781,217.02631,217.02795,6.913E6,2.398E5,1.729E4,6.913E6,0,1,20,,,,,,,,,DETECTED,217.02781,217.02631,217.02795,0.6193,0.5351,0.7031,6.913E6,2.398E5,1.729E4,6.913E6,0.0378,0.7668,0.3679,,,6,1
167,0.6193,0.5829,0.6504,219.01218,219.0117,219.01271,6.239E5,1.441E4,5.678E4,6.239E5,0,1,20,3,[M+FA]-,2,174.01356,163;167,,,,DETECTED,219.01218,219.0117,219.01271,0.6193,0.5829,0.6504,6.239E5,1.441E4,5.678E4,6.239E5,0.0169,1.0869,1.1088,,,2,1
168,0.6193,0.5946,0.747,226.99383,226.99265,226.99478,2.245E6,6.937E4,3.02E4,2.245E6,1,1,20,,,,,,,,,DETECTED,226.99383,226.99265,226.99478,0.6193,0.5946,0.747,2.245E6,6.937E4,3.02E4,2.245E6,0.0197,2.4867,8.5605,1,0.0068,4,1
169,0.6193,0.5946,0.688,228.99105,228.98978,228.99162,5.641E5,1.652E4,7.144E4,5.641E5,0,1,,,,,,,,,,DETECTED,228.99105,228.98978,228.99162,0.6193,0.5946,0.688,5.641E5,1.652E4,7.144E4,5.641E5,0.0178,1.894,2.672,,,4,1
170,0.6193,0.547,0.6726,245.04078,245.03922,245.04156,5.902E5,2.182E4,1.748E4,5.902E5,1,1,20,,,,,,,,,DETECTED,245.04078,245.03922,245.04156,0.6193,0.547,0.6726,5.902E5,2.182E4,1.748E4,5.902E5,0.0289,0.9853,1.5206,1,-0.0056,3,1
172,0.6193,0.571,0.6393,285.08095,285.08066,285.082,4.28E5,9.041E3,2.93E4,4.28E5,0,1,,,,,,,,,,DETECTED,285.08095,285.08066,285.082,0.6193,0.571,0.6393,4.28E5,9.041E3,2.93E4,4.28E5,0.0163,0.7634,0.3318,,,2,1
173,0.6193,0.5588,0.747,377.08461,377.08218,377.08539,1.379E7,4.112E5,6.699E4,1.379E7,2,1,20,1,[M+Cl]-,3,342.11496,173;149;175,,,,DETECTED,377.08461,377.08218,377.08539,0.6193,0.5588,0.747,1.379E7,4.112E5,6.699E4,1.379E7,0.0209,1.2437,1.1693,2,-0.0307,5,1
174,0.6193,0.5588,0.7345,379.08163,379.07925,379.08359,3.533E6,1.091E5,3.965E4,3.533E6,0,1,20,,,,,,,,,DETECTED,379.08163,379.07925,379.08359,0.6193,0.5588,0.7345,3.533E6,1.091E5,3.965E4,3.533E6,0.0209,1.3742,1.2888,,,5,1
175,0.6193,0.547,0.8297,387.11321,387.1109,387.11398,1.751E7,8.51E5,2.848E4,1.751E7,5,1,20,1,[M+FA]-,3,342.11496,173;149;175,,,,DETECTED,387.11321,387.1109,387.11398,0.6193,0.547,0.8297,1.751E7,8.51E5,2.848E4,1.751E7,0.0347,1.4933,0.4091,5,-0.0426,4,1
182,0.6297,0.6081,0.955,475.12815,475.12418,475.13156,3.157E6,2.75E5,1.691E4,3.157E6,3,1,51,,,,,,,,,DETECTED,475.12815,475.12418,475.13156,0.6297,0.6081,0.955,3.157E6,2.75E5,1.691E4,3.157E6,0.064,4.6895,14.1434,3,0.0075,2,1
184,0.6297,0.6081,0.7266,685.05251,685.04926,685.05554,4.047E5,2.331E4,5.634E4,4.047E5,1,1,,,,,,,,,,DETECTED,685.05251,685.04926,685.05554,0.6297,0.6081,0.7266,4.047E5,2.331E4,5.634E4,4.047E5,0.0495,2.7389,8.8536,1,0.0341,2,1
186,0.6504,0.6081,1.2524,133.01204,133.01077,133.01213,2.256E8,3.293E7,1.353E5,2.256E8,12,1,51,,,,,,,,,DETECTED,133.01204,133.01077,133.01213,0.6504,0.6081,1.2524,2.256E8,3.293E7,1.353E5,2.256E8,0.1446,3.973,6.3866,12,-0.026,5,1
189,0.6504,0.6081,1.0007,134.01469,134.01413,134.01483,8.882E6,1.202E6,2.873E5,8.882E6,7,1,51,,,,,,,,,DETECTED,134.01469,134.01413,134.01483,0.6504,0.6081,1.0007,8.882E6,1.202E6,2.873E5,8.882E6,0.1355,4.3899,6.3803,7,-0.0147,6,1
190,0.6504,0.6081,0.955,304.99046,304.99012,304.99133,1.656E7,1.909E6,2.068E5,1.656E7,5,1,51,,,,,,,,,DETECTED,304.99046,304.99012,304.99133,0.6504,0.6081,0.955,1.656E7,1.909E6,2.068E5,1.656E7,0.0785,3.7076,5.9712,5,-0.0159,3,1
192,0.6504,0.6193,0.8482,439.00095,438.99911,439.00287,1.122E6,1.208E5,2.787E4,1.122E6,3,1,51,,,,,,,,,DETECTED,439.00095,438.99911,439.00287,0.6504,0.6193,0.8482,1.122E6,1.208E5,2.787E4,1.122E6,0.1344,3.3289,5.1297,3,0.004,2,1
194,0.6615,0.6081,1.2872,135.01526,135.0144,135.01581,1.327E6,1.864E5,2.124E4,1.327E6,3,1,51,,,,,,,,,DETECTED,135.01526,135.0144,135.01581,0.6615,0.6081,1.2872,1.327E6,1.864E5,2.124E4,1.327E6,0.1151,3.3607,4.0472,3,-0.0182,6,1
197,0.6786,0.6193,1.0007,268.9347,268.93283,268.93674,4.023E5,5.092E4,9.975E3,4.023E5,2,,51,,,,,,,,,DETECTED,268.9347,268.93283,268.93674,0.6786,0.6193,1.0007,4.023E5,5.092E4,9.975E3,4.023E5,0.0986,2.3293,3.3704,2,-0.0131,,
198,0.6786,0.6193,0.8207,274.02266,274.02075,274.02411,2.822E5,3.178E4,1.916E4,2.822E5,1,1,51,,,,,,,,,DETECTED,274.02266,274.02075,274.02411,0.6786,0.6193,0.8207,2.822E5,3.178E4,1.916E4,2.822E5,0.1046,1.6557,2.2079,1,-0.0098,3,1
199,0.6786,0.6193,0.8482,275.01942,275.01874,275.0202,1.287E6,1.481E5,2.553E4,1.287E6,3,1,51,,,,,,,,,DETECTED,275.01942,275.01874,275.0202,0.6786,0.6193,0.8482,1.287E6,1.481E5,2.553E4,1.287E6,0.1095,1.685,2.2313,3,-0.032,3,1
200,0.6786,0.6193,0.8297,423.0226,423.01883,423.02545,2.799E5,2.841E4,1.712E4,2.799E5,1,1,51,,,,,,,,,DETECTED,423.0226,423.01883,423.02545,0.6786,0.6193,0.8297,2.799E5,2.841E4,1.712E4,2.799E5,0.1191,1.7423,2.0321,1,0.0073,2,1
201,0.6786,0.6297,0.7879,439.07329,439.07117,439.07639,4.374E5,3.511E4,4.878E4,4.374E5,1,,51,,,,,,,,,DETECTED,439.07329,439.07117,439.07639,0.6786,0.6297,0.7879,4.374E5,3.511E4,4.878E4,4.374E5,0.0641,1.6184,2.1391,1,-0.0192,,
207,0.7187,0.6193,0.9183,232.93694,232.93622,232.93835,5.191E5,8.957E4,9.072E4,5.191E5,3,1,51,,,,,,,,,DETECTED,232.93694,232.93622,232.93835,0.7187,0.6193,0.9183,5.191E5,8.957E4,9.072E4,5.191E5,0.171,1.5032,2.0745,3,-0.0346,2,1
210,0.7187,0.6953,0.7978,460.99052,460.98788,460.99231,3.229E5,2.044E4,1.501E5,3.229E5,1,,51,,,,,,,,,DETECTED,460.99052,460.98788,460.99231,0.7187,0.6953,0.7978,3.229E5,2.044E4,1.501E5,3.229E5,0.0958,2.184,3.368,1,0.0118,,
211,0.7266,0.6193,0.955,289.01646,289.01605,289.0173,3.704E6,4.486E5,1.069E5,3.704E6,5,1,51,,,,,,,,,DETECTED,289.01646,289.01605,289.0173,0.7266,0.6193,0.955,3.704E6,4.486E5,1.069E5,3.704E6,0.1132,1.256,1.1652,5,-0.0817,3,1
213,0.7266,0.6081,1.0081,319.94606,319.94452,319.9476,2.832E6,3.488E5,3.576E4,2.832E6,4,1,51,,,,,,,,,DETECTED,319.94606,319.94452,319.9476,0.7266,0.6081,1.0081,2.832E6,3.488E5,3.576E4,2.832E6,0.1245,1.2461,1.1614,4,-0.0783,5,1
215,0.7266,0.6953,0.8556,491.92184,491.9191,491.92563,2.543E5,1.894E4,1.207E4,2.543E5,0,1,51,,,,,,,,,DETECTED,491.92184,491.9191,491.92563,0.7266,0.6953,0.8556,2.543E5,1.894E4,1.207E4,2.543E5,0.0656,2.3994,3.1466,,,2,1
216,0.7533,0.6193,0.9109,331.94662,331.94574,331.94836,1.509E6,1.882E5,1.242E4,1.509E6,3,1,51,,,,,,,,,DETECTED,331.94662,331.94574,331.94836,0.7533,0.6193,0.9109,1.509E6,1.882E5,1.242E4,1.509E6,0.1053,0.8813,0.716,3,-0.0955,4,1
217,0.7797,0.6297,1.0307,145.01104,145.01065,145.01151,7.167E5,1.292E5,4.578E4,7.167E5,3,1,51,,,,,,,,,DETECTED,145.01104,145.01065,145.01151,0.7797,0.6297,1.0307,7.167E5,1.292E5,4.578E4,7.167E5,0.1774,1.3208,1.3269,3,-0.1126,2,1
220,0.7978,0.6953,1.2599,187.93826,187.9373,187.93874,2.234E5,8.958E4,5.934E4,2.234E5,1,,66,,,,,,,,,DETECTED,187.93826,187.9373,187.93874,0.7978,0.6953,1.2599,2.234E5,8.958E4,5.934E4,2.234E5,0.4363,2.7523,4.5047,1,0.2648,,
224,0.8207,0.6726,0.9607,216.96444,216.96313,216.96477,4.752E5,7.805E4,9.379E4,4.752E5,4,1,,,,,,,,,,DETECTED,216.96444,216.96313,216.96477,0.8207,0.6726,0.9607,4.752E5,7.805E4,9.379E4,4.752E5,0.1757,0.9729,0.9457,4,-0.058,2,1
225,0.8207,0.7092,1.2599,231.9291,231.92796,231.92967,3.945E5,1.651E5,1.526E5,3.945E5,9,1,66,,,,,,,,,DETECTED,231.9291,231.92796,231.92967,0.8207,0.7092,1.2599,3.945E5,1.651E5,1.526E5,3.945E5,0.4965,2.4701,3.9401,9,-0.0564,5,1
227,0.8297,0.5829,1.2467,191.01682,191.0162,191.01788,4.329E5,1.171E5,3.153E4,4.329E5,4,1,,,,,,,,,,DETECTED,191.01682,191.0162,191.01788,0.8297,0.5829,1.2467,4.329E5,1.171E5,3.153E4,4.329E5,0.405,1.33,1.7107,4,-0.1288,2,1
230,0.8556,0.7797,1.1819,215.93468,215.93388,215.93552,1.338E5,2.303E4,1.001E4,1.338E5,0,1,4,,,,,,,,,DETECTED,215.93468,215.93388,215.93552,0.8556,0.7797,1.1819,1.338E5,2.303E4,1.001E4,1.338E5,0.1128,2.5462,3.997,,,2,1
232,0.8737,0.6953,1.0307,173.00584,173.00516,173.0063,3.081E5,5.813E4,4.815E4,3.081E5,2,,4,,,,,,,,,DETECTED,173.00584,173.00516,173.0063,0.8737,0.6953,1.0307,3.081E5,5.813E4,4.815E4,3.081E5,0.147,0.9398,0.8797,2,-0.029,,
233,0.8811,0.7407,1.2198,142.99557,142.99503,142.99588,3.35E5,6.74E4,2.922E4,3.35E5,3,1,4,,,,,,,,,DETECTED,142.99557,142.99503,142.99588,0.8811,0.7407,1.2198,3.35E5,6.74E4,2.922E4,3.35E5,0.1704,2.13,2.1787,3,-0.0707,2,1
235,0.8811,0.8297,0.9904,295.06522,295.06403,295.06668,8.371E4,7.548E3,1.314E4,8.371E4,0,1,15,,,,,,,,,DETECTED,295.06522,295.06403,295.06668,0.8811,0.8297,0.9904,8.371E4,7.548E3,1.314E4,8.371E4,0.0899,1.5609,1.9987,,,2,1
239,0.896,0.7978,1.0849,243.05986,243.05832,243.06084,2.129E5,2.544E4,1.095E4,2.129E5,1,1,15,,,,,,,,,DETECTED,243.05986,243.05832,243.06084,0.896,0.7978,1.0849,2.129E5,2.544E4,1.095E4,2.129E5,0.1074,1.5045,1.5118,1,0.0114,2,1
243,0.9274,0.7797,1.1624,179.05308,179.05234,179.05334,6.419E5,1.87E5,2.903E5,6.419E5,7,1,28,4,[M-H]-,3,180.06095,243;244;245,,,,DETECTED,179.05308,179.05234,179.05334,0.9274,0.7797,1.1624,6.419E5,1.87E5,2.903E5,6.419E5,0.3357,1.296,1.5921,7,-0.1355,2,1
244,0.9274,0.7733,1.1177,225.05941,225.05804,225.05992,2.355E5,6.11E4,1.119E5,2.355E5,1,1,28,4,[M+FA]-,3,180.06095,243;244,,,,DETECTED,225.05941,225.05804,225.05992,0.9274,0.7733,1.1177,2.355E5,6.11E4,1.119E5,2.355E5,0.313,1.1175,1.2349,1,0.0077,2,1
245,0.9385,0.7533,1.195,215.0307,215.03009,215.03143,3.59E5,9.152E4,3.706E4,3.59E5,4,1,28,4,[M+Cl]-,3,180.06095,243;245,,,,DETECTED,215.0307,215.03009,215.03143,0.9385,0.7533,1.195,3.59E5,9.152E4,3.706E4,3.59E5,0.248,1.1922,1.4458,4,-0.046,3,1
247,0.9949,0.896,1.2963,147.02702,147.02638,147.02725,1.14E6,1.359E5,2.75E4,1.14E6,3,1,,,,,,,,,,DETECTED,147.02702,147.02638,147.02725,0.9949,0.896,1.2963,1.14E6,1.359E5,2.75E4,1.14E6,0.1137,1.5798,1.7885,3,-0.0508,3,1
248,1.0513,0.7533,1.2798,238.95503,238.95381,238.95549,1.655E5,6.705E4,3.325E4,1.655E5,0,1,,,,,,,,,,DETECTED,238.95503,238.95381,238.95549,1.0513,0.7533,1.2798,1.655E5,6.705E4,3.325E4,1.655E5,0.5056,0.8833,0.7667,,,2,1
249,1.0513,0.9476,1.1819,302.06492,302.06339,302.06583,8.592E4,1.092E4,1.055E4,8.592E4,0,1,45,5,[M+Cl]-,2,267.09559,251;249,,,,DETECTED,302.06492,302.06339,302.06583,1.0513,0.9476,1.1819,8.592E4,1.092E4,1.055E4,8.592E4,0.1362,1.13,1.3465,,,2,1
251,1.057,0.9385,1.366,312.09386,312.09265,312.09555,5.552E5,8.285E4,2.34E4,5.552E5,3,1,45,5,[M+FA]-,2,267.09559,251;249,,,,DETECTED,312.09386,312.09265,312.09555,1.057,0.9385,1.366,5.552E5,8.285E4,2.34E4,5.552E5,0.1464,1.7708,1.7071,3,-0.0701,2,1
253,1.1057,0.7797,1.2083,161.04226,161.04117,161.04263,2.016E5,4.977E4,6.947E4,2.016E5,0,1,,,,,,,,,,DETECTED,161.04226,161.04117,161.04263,1.1057,0.7797,1.2083,2.016E5,4.977E4,6.947E4,2.016E5,0.2753,0.6574,0.3147,,,4,1
256,1.2243,0.8049,1.3767,158.97569,158.97505,158.97592,1.312E6,3.121E5,1.507E5,1.312E6,10,1,8,,,,,,,,,DETECTED,158.97569,158.97505,158.97592,1.2243,0.8049,1.3767,1.312E6,3.121E5,1.507E5,1.312E6,0.1885,0.6817,0.3514,10,-0.3891,3,1
264,1.2752,0.7797,1.4129,128.95654,128.95618,128.95708,5.359E5,1.261E5,2.54E4,5.359E5,0,1,8,,,,,,,,,DETECTED,128.95654,128.95618,128.95708,1.2752,0.7797,1.4129,5.359E5,1.261E5,2.54E4,5.359E5,0.1834,0.6415,0.2969,,,3,1
267,1.2752,0.7978,1.5634,174.95382,174.9528,174.95406,5.763E6,2.241E6,6.372E5,5.763E6,13,1,8,,,,,,,,,DETECTED,174.95382,174.9528,174.95406,1.2752,0.7978,1.5634,5.763E6,2.241E6,6.372E5,5.763E6,0.3453,0.8018,0.5963,13,-0.4321,5,1
272,1.3054,0.7797,1.4405,277.97093,277.97012,277.97189,2.375E5,8.764E4,2.982E4,2.375E5,1,1,3,,,,,,,,,DETECTED,277.97093,277.97012,277.97189,1.3054,0.7797,1.4405,2.375E5,8.764E4,2.982E4,2.375E5,0.25,0.6286,0.2593,1,0.0072,3,1
273,1.3054,1.1579,1.4055,471.07341,471.07071,471.07739,2.198E5,2.89E4,2.858E4,2.198E5,0,1,3,,,,,,,,,DETECTED,471.07341,471.07071,471.07739,1.3054,1.1579,1.4055,2.198E5,2.89E4,2.858E4,2.198E5,0.1304,0.8395,0.7822,,,3,1
275,1.3161,1.1624,1.4405,179.05377,179.05283,179.054,2.527E6,3.931E5,3.352E5,2.527E6,5,1,3,6,[M-H]-,2,180.06117,275;276,,,,DETECTED,179.05377,179.05283,179.054,1.3161,1.1624,1.4405,2.527E6,3.931E5,3.352E5,2.527E6,0.1673,0.9049,0.5266,5,-0.1055,3,1
276,1.3161,1.1177,1.4405,225.05951,225.05898,225.0598,7.36E5,1.25E5,1.254E5,7.36E5,3,1,3,6,[M+FA]-,2,180.06117,275;276,,,,DETECTED,225.05951,225.05898,225.0598,1.3161,1.1177,1.4405,7.36E5,1.25E5,1.254E5,7.36E5,0.1532,0.8136,0.7842,3,-0.0324,3,1
281,1.3367,0.7797,1.4129,143.03207,143.03075,143.03241,3.507E5,7.897E4,5.434E4,3.507E5,2,1,3,,,,,,,,,DETECTED,143.03207,143.03075,143.03241,1.3367,0.7797,1.4129,3.507E5,7.897E4,5.434E4,3.507E5,0.1414,0.5684,0.3324,2,-0.0439,3,1
282,1.3858,1.3161,1.466,147.06312,147.06281,147.06354,1.769E5,1.136E4,9.584E3,1.769E5,0,1,,,,,,,,,,DETECTED,147.06312,147.06281,147.06354,1.3858,1.3161,1.466,1.769E5,1.136E4,9.584E3,1.769E5,0.0575,1.1436,1.2142,,,3,1
287,1.3981,1.2008,1.466,377.08383,377.08133,377.08688,1.395E5,2.002E4,1.144E4,1.395E5,0,1,48,,,,,,,,,DETECTED,377.08383,377.08133,377.08688,1.3981,1.2008,1.466,1.395E5,2.002E4,1.144E4,1.395E5,0.1562,0.6774,0.3532,,,3,1
289,1.4129,1.2599,1.475,475.12878,475.12589,475.13089,6.524E4,8.17E3,1.081E4,6.524E4,0,1,48,,,,,,,,,DETECTED,475.12878,475.12589,475.13089,1.4129,1.2599,1.475,6.524E4,8.17E3,1.081E4,6.524E4,0.1506,0.7029,0.3855,,,2,1
295,1.4331,0.9739,1.5219,200.9865,200.98621,200.98672,3.128E5,6.969E4,4.424E4,3.128E5,1,1,48,,,,,,,,,DETECTED,200.9865,200.98621,200.98672,1.4331,0.9739,1.5219,3.128E5,6.969E4,4.424E4,3.128E5,0.1924,0.5967,0.2822,1,-0.0385,3,1
296,1.4331,0.9607,1.9089,216.96451,216.96368,216.96501,9.97E5,2.96E5,6.479E4,9.97E5,9,1,48,,,,,,,,,DETECTED,216.96451,216.96368,216.96501,1.4331,0.9607,1.9089,9.97E5,2.96E5,6.479E4,9.97E5,0.1162,0.9969,1.1304,9,-0.2547,2,1
297,1.4331,1.0661,1.6724,300.92678,300.92542,300.92828,2.684E5,7.307E4,4.71E4,2.684E5,0,1,48,,,,,,,,,DETECTED,300.92678,300.92542,300.92828,1.4331,1.0661,1.6724,2.684E5,7.307E4,4.71E4,2.684E5,0.3205,0.826,1.6979,,,3,1
305,1.5005,1.2198,1.6181,142.99564,142.99516,142.99602,3.291E5,6.766E4,2.922E4,3.291E5,3,1,43,,,,,,,,,DETECTED,142.99564,142.99516,142.99602,1.5005,1.2198,1.6181,3.291E5,6.766E4,2.922E4,3.291E5,0.2076,0.7084,0.4886,3,-0.1092,2,1
308,1.5005,1.4405,1.6535,179.0537,179.05289,179.05411,2.521E6,2.622E5,4.586E5,2.521E6,3,1,43,8,[M-H]-,3,180.06127,309;308,,,,DETECTED,179.0537,179.05289,179.05411,1.5005,1.4405,1.6535,2.521E6,2.622E5,4.586E5,2.521E6,0.0792,1.7749,2.2176,3,-0.0085,3,1
309,1.5005,1.4405,1.6535,225.05956,225.05908,225.05977,7.623E5,8.309E4,1.602E5,7.623E5,3,1,43,8,[M+FA]-,3,180.06127,309;321;308,,,,DETECTED,225.05956,225.05908,225.05977,1.5005,1.4405,1.6535,7.623E5,8.309E4,1.602E5,7.623E5,0.2046,1.7749,2.5499,3,-0.029,2,1
310,1.5005,1.1177,1.9089,254.92939,254.92816,254.93091,4.294E5,1.266E5,8.962E3,4.294E5,4,1,43,,,,,,,,,DETECTED,254.92939,254.92816,254.93091,1.5005,1.1177,1.9089,4.294E5,1.266E5,8.962E3,4.294E5,0.2888,0.923,0.6576,4,-0.1896,2,1
314,1.5005,1.1893,1.7509,341.10738,341.10614,341.10855,4.728E5,1.214E5,6.782E4,4.728E5,5,1,43,7,[M-H]-,2,342.11476,316;314,,,,DETECTED,341.10738,341.10614,341.10855,1.5005,1.1893,1.7509,4.728E5,1.214E5,6.782E4,4.728E5,0.135,0.9022,0.7264,5,-0.2093,2,1
316,1.5005,1.1893,1.7509,387.11307,387.11197,387.11377,2.267E6,5.133E5,2.526E5,2.267E6,8,1,43,7,[M+FA]-,2,342.11476,316;314,,,,DETECTED,387.11307,387.11197,387.11377,1.5005,1.1893,1.7509,2.267E6,5.133E5,2.526E5,2.267E6,0.0907,0.9022,0.757,8,-0.2441,3,1
321,1.5129,1.195,1.6032,215.03089,215.03026,215.03114,1.461E6,2.587E5,1.007E5,1.461E6,6,1,43,8,[M+Cl]-,3,180.06127,309;321,,,,DETECTED,215.03089,215.03026,215.03114,1.5129,1.195,1.6032,1.461E6,2.587E5,1.007E5,1.461E6,0.0587,0.6367,0.3112,6,-0.2412,4,1
322,1.5129,1.1893,1.6181,217.02759,217.02681,217.02818,3.407E5,6.539E4,2.534E4,3.407E5,2,1,43,,,,,,,,,DETECTED,217.02759,217.02681,217.02818,1.5129,1.1893,1.6181,3.407E5,6.539E4,2.534E4,3.407E5,0.0537,0.6653,0.2239,2,-0.1199,4,1
323,1.5219,1.466,1.556,377.08383,377.08301,377.08542,1.695E5,1.042E4,7.293E4,1.695E5,0,1,43,,,,,,,,,DETECTED,377.08383,377.08301,377.08542,1.5219,1.466,1.556,1.695E5,1.042E4,7.293E4,1.695E5,0.0586,0.805,0.6101,,,3,1
324,1.5292,1.2083,1.8103,161.04225,161.0419,161.04251,3.179E5,1.133E5,6.448E4,3.179E5,4,1,,,,,,,,,,DETECTED,161.04225,161.0419,161.04251,1.5292,1.2083,1.8103,3.179E5,1.133E5,6.448E4,3.179E5,0.3971,0.9379,0.8759,4,-0.2273,4,1
331,1.556,1.2524,2.2001,133.01183,133.01147,133.01207,3.123E7,9.056E6,1.694E6,3.123E7,17,1,52,,,,,,,,,DETECTED,133.01183,133.01147,133.01207,1.556,1.2524,2.2001,3.123E7,9.056E6,1.694E6,3.123E7,0.1566,1.5757,1.2266,17,-0.2575,5,1
334,1.556,1.2318,1.9089,304.99048,304.98767,304.9917,1.394E6,2.471E5,9.582E3,1.394E6,6,1,52,,,,,,,,,DETECTED,304.99048,304.98767,304.9917,1.556,1.2318,1.9089,1.394E6,2.471E5,9.582E3,1.394E6,0.1393,0.8108,0.5293,6,-0.2137,3,1
337,1.556,1.475,1.7106,475.12822,475.12442,475.13223,1.281E5,1.271E4,1.23E4,1.281E5,0,1,52,,,,,,,,,DETECTED,475.12822,475.12442,475.13223,1.556,1.475,1.7106,1.281E5,1.271E4,1.23E4,1.281E5,0.0819,1.5324,1.5869,,,2,1
340,1.5706,1.2599,2.1784,134.01435,134.01393,134.01466,1.183E6,2.905E5,4.407E4,1.183E6,7,1,52,,,,,,,,,DETECTED,134.01435,134.01393,134.01466,1.5706,1.2599,2.1784,1.183E6,2.905E5,4.407E4,1.183E6,0.2114,1.3572,1.1481,7,-0.2373,6,1
344,1.5706,1.2677,2.0382,319.94607,319.94305,319.94751,2.671E5,5.604E4,8.718E3,2.671E5,1,1,52,,,,,,,,,DETECTED,319.94607,319.94305,319.94751,1.5706,1.2677,2.0382,2.671E5,5.604E4,8.718E3,2.671E5,0.1225,1.1578,1.1478,1,0.0056,3,1
346,1.5813,1.4824,1.9238,289.01627,289.01486,289.017,5.449E5,6.409E4,2.164E4,5.449E5,2,1,52,,,,,,,,,DETECTED,289.01627,289.01486,289.017,1.5813,1.4824,1.9238,5.449E5,6.409E4,2.164E4,5.449E5,0.0724,2.1016,1.8745,2,-0.0358,2,1
348,1.5813,1.5219,1.6667,331.94669,331.94479,331.94797,3.73E5,2.091E4,1.17E4,3.73E5,1,1,52,,,,,,,,,DETECTED,331.94669,331.94479,331.94797,1.5813,1.5219,1.6667,3.73E5,2.091E4,1.17E4,3.73E5,0.0545,1.1947,1.0632,1,-0.014,3,1
352,1.6255,1.2798,1.9089,187.93826,187.93784,187.93858,2.72E5,9.735E4,6.754E4,2.72E5,2,1,,,,,,,,,,DETECTED,187.93826,187.93784,187.93858,1.6255,1.2798,1.9089,2.72E5,9.735E4,6.754E4,2.72E5,0.4574,0.9098,0.8195,2,-0.0477,2,1
357,1.6667,1.6032,1.9089,215.03055,215.0302,215.03094,3.149E5,5.854E4,7.006E4,3.149E5,2,1,,,,,,,,,,DETECTED,215.03055,215.0302,215.03094,1.6667,1.6032,1.9089,3.149E5,5.854E4,7.006E4,3.149E5,0.2187,2.4079,3.8158,2,-0.0166,3,1
359,1.6934,1.6724,1.7394,329.08614,329.08313,329.08786,1.072E5,2.863E3,9.874E3,1.072E5,0,1,,,,,,,,,,DETECTED,329.08614,329.08313,329.08786,1.6934,1.6724,1.7394,1.072E5,2.863E3,9.874E3,1.072E5,0.0225,1.2222,1.8972,,,2,1
360,1.7839,1.7724,1.8029,808.19566,808.19476,808.19708,5.516E4,8.329E2,2.04E4,5.516E4,0,1,,,,,,,,,,DETECTED,808.19566,808.19476,808.19708,1.7839,1.7724,1.8029,5.516E4,8.329E2,2.04E4,5.516E4,0.013,1.3254,1.6509,,,4,1
361,1.7972,1.7621,1.871,299.07564,299.0744,299.07614,3.275E5,1.117E4,8.781E3,3.275E5,0,1,,,,,,,,,,DETECTED,299.07564,299.0744,299.07614,1.7972,1.7621,1.871,3.275E5,1.117E4,8.781E3,3.275E5,0.0285,1.4261,1.6057,,,2,1
363,1.887,1.8251,1.9296,309.11738,309.11639,309.11981,1.134E5,4.055E3,8.863E3,1.134E5,0,1,,,,,,,,,,DETECTED,309.11738,309.11639,309.11981,1.887,1.8251,1.9296,1.134E5,4.055E3,8.863E3,1.134E5,0.0422,0.8345,0.6067,,,2,1
364,1.8928,1.8756,1.9535,311.13326,311.13266,311.13495,1.154E5,3.172E3,9.023E3,1.154E5,0,1,17,,,,,,,,,DETECTED,311.13326,311.13266,311.13495,1.8928,1.8756,1.9535,1.154E5,3.172E3,9.023E3,1.154E5,0.0214,2.0658,3.9882,,,2,1
365,1.8928,1.871,1.9444,386.14354,386.14038,386.14395,2.072E5,5.08E3,8.933E3,2.072E5,0,1,17,,,,,,,,,DETECTED,386.14354,386.14038,386.14395,1.8928,1.871,1.9444,2.072E5,5.08E3,8.933E3,2.072E5,0.0226,1.5624,1.9777,,,2,1
366,1.9163,1.8756,2.0869,503.13964,503.13571,503.14432,4.488E6,1.008E5,1.192E4,4.488E6,2,1,41,,,,,,,,,DETECTED,503.13964,503.13571,503.14432,1.9163,1.8756,2.0869,4.488E6,1.008E5,1.192E4,4.488E6,0.0174,1.5291,1.3287,2,-0.0035,4,1
369,1.9163,1.8986,1.9387,539.11295,539.10913,539.11536,6.331E4,1.086E3,1.422E4,6.331E4,0,1,41,,,,,,,,,DETECTED,539.11295,539.10913,539.11536,1.9163,1.8986,1.9387,6.331E4,1.086E3,1.422E4,6.331E4,0.0153,1.1306,1.2611,,,3,1
375,1.9387,1.9043,2.0263,175.05775,175.05743,175.05789,3.439E5,1.35E4,1.07E4,3.439E5,1,1,,,,,,,,,,DETECTED,175.05775,175.05743,175.05789,1.9387,1.9043,2.0263,3.439E5,1.35E4,1.07E4,3.439E5,0.0392,1.8391,1.7371,1,-0.0035,4,1
377,1.9444,1.9163,2.0263,189.07364,189.07321,189.0743,2.207E5,6.629E3,8.479E3,2.207E5,1,1,67,,,,,,,,,DETECTED,189.07364,189.07321,189.0743,1.9444,1.9163,2.0263,2.207E5,6.629E3,8.479E3,2.207E5,0.0247,2.2303,3.2215,1,0.0056,2,1
378,1.9444,1.9238,1.9903,293.12247,293.12155,293.12402,7.771E4,2.224E3,7.402E3,7.771E4,0,1,67,,,,,,,,,DETECTED,293.12247,293.12155,293.12402,1.9444,1.9238,1.9903,7.771E4,2.224E3,7.402E3,7.771E4,0.0258,1.6275,1.9141,,,2,1
379,2.0143,1.9845,2.0926,203.07993,203.07932,203.08017,1.972E5,6.774E3,7.794E3,1.972E5,0,1,,,,,,,,,,DETECTED,203.07993,203.07932,203.08017,2.0143,1.9845,2.0926,1.972E5,6.774E3,7.794E3,1.972E5,0.0277,2.5559,2.0213,,,2,1
381,2.0337,1.9788,2.0869,341.08626,341.08514,341.08676,3.506E6,9.226E4,1.073E4,3.506E6,1,1,,,,,,,,,,DETECTED,341.08626,341.08514,341.08676,2.0337,1.9788,2.0869,3.506E6,9.226E4,1.073E4,3.506E6,0.0229,0.5392,1.3839,1,-0.0109,4,1
384,2.0514,2.0263,2.1708,175.05775,175.05727,175.05809,1.578E5,7.001E3,1.334E4,1.578E5,0,1,,,,,,,,,,DETECTED,175.05775,175.05727,175.05809,2.0514,2.0263,2.1708,1.578E5,7.001E3,1.334E4,1.578E5,0.0306,2.8719,4.7246,,,4,1
385,2.0766,2.0263,2.1232,339.0703,339.0675,339.07294,8.717E4,2.804E3,9.016E3,8.717E4,0,1,,,,,,,,,,DETECTED,339.0703,339.0675,339.07294,2.0766,2.0263,2.1232,8.717E4,2.804E3,9.016E3,8.717E4,0.0222,0.9633,1.2856,,,2,1
386,2.0812,2.0606,2.113,343.10176,343.10007,343.10272,9.268E4,2.367E3,1.935E4,9.268E4,0,1,38,,,,,,,,,DETECTED,343.10176,343.10007,343.10272,2.0812,2.0606,2.113,9.268E4,2.367E3,1.935E4,9.268E4,0.024,1.2727,1.5453,,,2,1
387,2.0812,2.0606,2.1409,345.11714,345.11606,345.11826,1.136E5,2.708E3,7.117E3,1.136E5,0,1,38,,,,,,,,,DETECTED,345.11714,345.11606,345.11826,2.0812,2.0606,2.1409,1.136E5,2.708E3,7.117E3,1.136E5,0.0196,1.5833,2.2581,,,2,1
389,2.113,2.0869,2.1633,341.08581,341.08542,341.08685,3.162E5,1.382E4,5.442E4,3.162E5,1,1,,,,,,,,,,DETECTED,341.08581,341.08542,341.08685,2.113,2.0869,2.1633,3.162E5,1.382E4,5.442E4,3.162E5,0.0417,1.4666,1.9332,1,-0.0035,2,1
390,2.1558,2.1409,2.2047,474.10743,474.10248,474.11011,2.904E5,6.498E3,9.264E3,2.904E5,1,,11,,,,,,,,,DETECTED,474.10743,474.10248,474.11011,2.1558,2.1409,2.2047,2.904E5,6.498E3,9.264E3,2.904E5,0.0188,2.7156,4.049,1,0.0041,,
392,2.1558,2.1352,2.2162,475.14527,475.14319,475.14874,1.341E5,3.013E3,7.955E3,1.341E5,0,1,11,,,,,,,,,DETECTED,475.14527,475.14319,475.14874,2.1558,2.1352,2.2162,1.341E5,3.013E3,7.955E3,1.341E5,0.0165,2.0563,2.662,,,3,1
393,2.1558,2.1409,2.2104,949.21469,949.20825,949.21857,2.621E5,5.78E3,8.571E3,2.621E5,0,1,11,,,,,,,,,DETECTED,949.21469,949.20825,949.21857,2.1558,2.1409,2.2104,2.621E5,5.78E3,8.571E3,2.621E5,0.0185,2.0153,4.2141,,,4,1
395,2.1633,2.1409,2.2472,429.10046,429.09906,429.1033,3.043E5,8.468E3,1.188E4,3.043E5,1,1,27,,,,,,,,,DETECTED,429.10046,429.09906,429.1033,2.1633,2.1409,2.2472,3.043E5,8.468E3,1.188E4,3.043E5,0.0216,2.6066,3.9929,1,0.0041,3,1
396,2.1708,2.1409,2.2957,364.99869,364.99649,365.0011,9.426E4,5.017E3,8.112E3,9.426E4,0,1,27,,,,,,,,,DETECTED,364.99869,364.99649,365.0011,2.1708,2.1409,2.2957,9.426E4,5.017E3,8.112E3,9.426E4,0.0569,2.5881,2.9052,,,2,1
397,2.1841,2.0869,2.2809,137.02129,137.0209,137.02165,1.933E5,1.417E4,9.379E3,1.933E5,0,1,27,,,,,,,,,DETECTED,137.02129,137.0209,137.02165,2.1841,2.0869,2.2809,1.933E5,1.417E4,9.379E3,1.933E5,0.0663,1.2017,1.3805,,,2,1
398,2.1944,2.1784,2.2472,327.107,327.10608,327.10815,1.08E5,2.251E3,7.482E3,1.08E5,0,1,62,,,,,,,,,DETECTED,327.107,327.10608,327.10815,2.1944,2.1784,2.2472,1.08E5,2.251E3,7.482E3,1.08E5,0.0153,2.2801,2.9138,,,2,1
399,2.2001,2.1784,2.263,229.15328,229.15201,229.15382,2.292E5,6.09E3,1.124E4,2.292E5,1,1,62,,,,,,,,,DETECTED,229.15328,229.15201,229.15382,2.2001,2.1784,2.263,2.292E5,6.09E3,1.124E4,2.292E5,0.0226,2.0862,2.3593,1,0.0068,3,1
400,2.2162,2.1944,2.2764,445.13227,445.12888,445.13538,1.451E5,4.224E3,8.558E3,1.451E5,0,1,,,,,,,,,,DETECTED,445.13227,445.12888,445.13538,2.2162,2.1944,2.2764,1.451E5,4.224E3,8.558E3,1.451E5,0.0204,1.7482,2.5479,,,2,1
401,2.2339,2.1633,2.2809,341.08575,341.08514,341.08698,3.332E5,1.589E4,5.3E4,3.332E5,1,1,,,,,,,,,,DETECTED,341.08575,341.08514,341.08698,2.2339,2.1633,2.2809,3.332E5,1.589E4,5.3E4,3.332E5,0.0214,0.8325,0.7842,1,0.0041,2,1
402,2.263,2.2415,2.3033,189.07359,189.07336,189.07375,9.003E4,2.573E3,1.226E4,9.003E4,0,1,,,,,,,,,,DETECTED,189.07359,189.07336,189.07375,2.263,2.2415,2.3033,9.003E4,2.573E3,1.226E4,9.003E4,0.0252,1.4355,2.2203,,,2,1
405,2.2809,2.2575,2.3359,466.11004,466.10718,466.11472,2.908E5,8.059E3,7.28E3,2.908E5,1,1,70,,,,,,,,,DETECTED,466.11004,466.10718,466.11472,2.2809,2.2575,2.3359,2.908E5,8.059E3,7.28E3,2.908E5,0.024,1.7488,2.1339,1,0.0056,2,1
408,2.2809,2.263,2.3314,935.22417,935.21802,935.22656,1.928E5,4.896E3,7.367E3,1.928E5,0,1,70,,,,,,,,,DETECTED,935.22417,935.21802,935.22656,2.2809,2.263,2.3314,1.928E5,4.896E3,7.367E3,1.928E5,0.0218,1.5294,1.8589,,,5,1
409,2.2957,2.2575,2.3674,175.05839,175.05737,175.05864,3.034E6,9.489E4,1.496E4,3.034E6,2,1,,,,,,,,,,DETECTED,175.05839,175.05737,175.05864,2.2957,2.2575,2.3674,3.034E6,9.489E4,1.496E4,3.034E6,0.0258,1.6063,1.8045,2,-0.0109,4,1
411,2.3033,2.2809,2.3628,517.15327,517.15161,517.15613,4.931E5,1.238E4,7.385E3,4.931E5,1,1,,,,,,,,,,DETECTED,517.15327,517.15161,517.15613,2.3033,2.2809,2.3628,4.931E5,1.238E4,7.385E3,4.931E5,0.0205,1.3813,1.3727,1,-0.0035,3,1
413,2.3124,2.2809,2.399,341.08582,341.08472,341.0881,1.764E5,5.611E3,9.176E3,1.764E5,0,1,,,,,,,,,,DETECTED,341.08582,341.08472,341.0881,2.3124,2.2809,2.399,1.764E5,5.611E3,9.176E3,1.764E5,0.0195,1.7124,1.5925,,,2,1
415,2.3525,2.3239,2.4065,399.09012,399.08932,399.09201,1.733E5,4.547E3,1.386E4,1.733E5,0,1,,,,,,,,,,DETECTED,399.09012,399.08932,399.09201,2.3525,2.3239,2.4065,1.733E5,4.547E3,1.386E4,1.733E5,0.0202,1.854,2.766,,,2,1
416,2.3525,2.3359,2.3806,993.23355,993.22412,993.24078,6.786E4,1.129E3,9.765E3,6.786E4,0,1,,,,,,,,,,DETECTED,993.23355,993.22412,993.24078,2.3525,2.3359,2.3806,6.786E4,1.129E3,9.765E3,6.786E4,0.0128,1.3463,1.8972,,,2,1
417,2.3583,2.3181,2.4599,325.09111,325.08929,325.09213,6.454E5,2.192E4,8.713E3,6.454E5,1,1,,,,,,,,,,DETECTED,325.09111,325.08929,325.09213,2.3583,2.3181,2.4599,6.454E5,2.192E4,8.713E3,6.454E5,0.0273,1.5787,1.8555,1,-0.0092,3,1
418,2.3674,2.3417,2.399,357.11671,357.11554,357.11765,7.937E4,1.812E3,1.433E4,7.937E4,0,1,61,,,,,,,,,DETECTED,357.11671,357.11554,357.11765,2.3674,2.3417,2.399,7.937E4,1.812E3,1.433E4,7.937E4,0.0207,1.116,1.1425,,,2,1
419,2.3674,2.3417,2.399,447.22066,447.21771,447.22354,1.023E5,2.196E3,1.185E4,1.023E5,0,1,61,,,,,,,,,DETECTED,447.22066,447.21771,447.22354,2.3674,2.3417,2.399,1.023E5,2.196E3,1.185E4,1.023E5,0.0181,1.116,1.6656,,,3,1
420,2.3806,2.3417,2.4364,189.07357,189.07274,189.07402,2.533E5,6.211E3,7.61E3,2.533E5,1,1,76,,,,,,,,,DETECTED,189.07357,189.07274,189.07402,2.3806,2.3417,2.4364,2.533E5,6.211E3,7.61E3,2.533E5,0.0219,1.3889,1.5566,1,0.0132,2,1
421,2.3806,2.3674,2.4168,479.2468,479.24576,479.25085,1.375E5,2.688E3,1.079E4,1.375E5,0,1,,,,,,,,,,DETECTED,479.2468,479.24576,479.25085,2.3806,2.3674,2.4168,1.375E5,2.688E3,1.079E4,1.375E5,0.0202,1.5655,3.8554,,,2,1
423,2.3806,2.3583,2.4065,963.22959,963.22467,963.23676,4.411E5,9.212E3,1.027E4,4.411E5,1,1,76,,,,,,,,,DETECTED,963.22959,963.22467,963.23676,2.3806,2.3583,2.4065,4.411E5,9.212E3,1.027E4,4.411E5,0.0224,1.2776,1.8982,1,0.0042,4,1
425,2.3899,2.3359,2.6485,293.12281,293.12042,293.12305,4.127E6,1.436E5,8.07E3,4.127E6,0,1,53,,,,,,,,,DETECTED,293.12281,293.12042,293.12305,2.3899,2.3359,2.6485,4.127E6,1.436E5,8.07E3,4.127E6,0.0274,2.3911,1.835,,,3,1
427,2.3899,2.3674,2.5155,323.13296,323.13113,323.13467,2.47E6,5.04E4,8.36E3,2.47E6,1,1,53,,,,,,,,,DETECTED,323.13296,323.13113,323.13467,2.3899,2.3674,2.5155,2.47E6,5.04E4,8.36E3,2.47E6,0.0189,1.9755,2.6501,1,-0.0035,3,1
429,2.3899,2.3674,2.5006,392.03832,392.03568,392.04132,1.986E5,8.146E3,9.294E3,1.986E5,0,1,53,,,,,,,,,DETECTED,392.03832,392.03568,392.04132,2.3899,2.3674,2.5006,1.986E5,8.146E3,9.294E3,1.986E5,0.0345,2.6386,3.3185,,,3,1
431,2.3899,2.3731,2.4214,466.11088,466.1088,466.11304,1.213E5,2.538E3,1.2E4,1.213E5,0,1,,,,,,,,,,DETECTED,466.11088,466.1088,466.11304,2.3899,2.3731,2.4214,1.213E5,2.538E3,1.2E4,1.213E5,0.0194,1.3808,1.5976,,,2,1
432,2.3899,2.3628,2.4364,517.15356,517.14905,517.15643,2.65E5,5.441E3,7.385E3,2.65E5,1,1,53,,,,,,,,,DETECTED,517.15356,517.14905,517.15643,2.3899,2.3628,2.4364,2.65E5,5.441E3,7.385E3,2.65E5,0.0167,1.5066,1.6274,1,0.0056,3,1
433,2.4123,2.3899,2.4599,433.20529,433.20325,433.20737,8.868E5,1.848E4,2.176E4,8.868E5,0,1,,,,,,,,,,DETECTED,433.20529,433.20325,433.20737,2.4123,2.3899,2.4599,8.868E5,1.848E4,2.176E4,8.868E5,0.0176,1.1944,1.0078,,,3,1
434,2.4214,2.3899,2.5895,177.01603,177.01556,177.01653,1.793E5,1.036E4,8.026E3,1.793E5,0,1,,,,,,,,,,DETECTED,177.01603,177.01556,177.01653,2.4214,2.3899,2.5895,1.793E5,1.036E4,8.026E3,1.793E5,0.0418,3.9587,6.2353,,,2,1
436,2.4438,2.4065,2.6181,179.03207,179.03136,179.03249,1.66E6,7.029E4,9.636E3,1.66E6,2,1,,,,,,,,,,DETECTED,179.03207,179.03136,179.03249,2.4438,2.4065,2.6181,1.66E6,7.029E4,9.636E3,1.66E6,0.0273,3.2364,3.8365,2,-0.0109,3,1
439,2.4821,2.4599,2.5647,325.09105,325.08859,325.09213,2.484E5,7.197E3,7.651E3,2.484E5,1,1,12,9,[M-H]-,2,326.09814,440;439,,,,DETECTED,325.09105,325.08859,325.09213,2.4821,2.4599,2.5647,2.484E5,7.197E3,7.651E3,2.484E5,0.0237,1.966,2.5815,1,0.004,2,1
440,2.4821,2.4656,2.5155,371.09616,371.09497,371.09717,5.936E4,1.453E3,1.022E4,5.936E4,0,1,12,9,[M+FA]-,2,326.09814,439;440,,,,DETECTED,371.09616,371.09497,371.09717,2.4821,2.4656,2.5155,5.936E4,1.453E3,1.022E4,5.936E4,0.0241,1.512,1.7479,,,2,1
441,2.4896,2.4364,2.5895,189.07397,189.07321,189.07419,1.168E6,3.304E4,7.61E3,1.168E6,1,1,12,,,,,,,,,DETECTED,189.07397,189.07321,189.07419,2.4896,2.4364,2.5895,1.168E6,3.304E4,7.61E3,1.168E6,0.0223,1.4056,1.0129,1,-0.011,2,1
442,2.4896,2.4364,2.6032,477.23178,477.22922,477.23599,5.754E5,1.757E4,8.938E3,5.754E5,1,1,23,,,,,,,,,DETECTED,477.23178,477.22922,477.23599,2.4896,2.4364,2.6032,5.754E5,1.757E4,8.938E3,5.754E5,0.0219,1.6246,1.7031,1,0.0059,3,1
444,2.5006,2.4821,2.5705,253.03268,253.03069,253.03325,1.684E5,4.43E3,1.063E4,1.684E5,0,1,,,,,,,,,,DETECTED,253.03268,253.03069,253.03325,2.5006,2.4821,2.5705,1.684E5,4.43E3,1.063E4,1.684E5,0.0197,2.435,2.6885,,,2,1
445,2.5006,2.4747,2.5293,473.11753,473.116,473.11795,3.601E5,8.964E3,4.017E4,3.601E5,1,1,23,,,,,,,,,DETECTED,473.11753,473.116,473.11795,2.5006,2.4747,2.5293,3.601E5,8.964E3,4.017E4,3.601E5,0.034,1.0531,1.3047,1,-0.0035,2,1
446,2.5006,2.4747,2.5293,522.57362,522.56964,522.57581,1.508E5,3.668E3,1.136E4,1.508E5,0,1,23,,,,,,,,,DETECTED,522.57362,522.56964,522.57581,2.5006,2.4747,2.5293,1.508E5,3.668E3,1.136E4,1.508E5,0.022,0.9921,1.1574,,,2,1
448,2.5006,2.4747,2.5247,947.24186,947.23505,947.24335,1.762E6,3.974E4,2.122E5,1.762E6,1,1,23,,,,,,,,,DETECTED,947.24186,947.23505,947.24335,2.5006,2.4747,2.5247,1.762E6,3.974E4,2.122E5,1.762E6,0.0458,0.9653,0.9019,1,-0.0068,5,1
451,2.508,2.4896,2.5367,463.21621,463.21399,463.21667,6.307E4,1.415E3,1.026E4,6.307E4,0,1,,,,,,,,,,DETECTED,463.21621,463.21399,463.21667,2.508,2.4896,2.5367,6.307E4,1.415E3,1.026E4,6.307E4,0.0205,1.2801,1.229,,,2,1
452,2.5155,2.4896,2.5647,458.1125,458.11017,458.11716,2.508E5,5.905E3,1.053E4,2.508E5,1,1,57,,,,,,,,,DETECTED,458.1125,458.11017,458.11716,2.5155,2.4896,2.5647,2.508E5,5.905E3,1.053E4,2.508E5,0.0212,1.8582,2.1752,1,0.0057,2,1
453,2.5155,2.4896,2.5574,917.22367,917.21539,917.22803,1.504E5,3.362E3,8.418E3,1.504E5,0,1,57,,,,,,,,,DETECTED,917.22367,917.21539,917.22803,2.5155,2.4896,2.5574,1.504E5,3.362E3,8.418E3,1.504E5,0.0221,1.6936,2.167,,,3,1
456,2.5247,2.4896,2.6123,355.10223,355.1011,355.1026,8.952E6,2.31E5,3.771E4,8.952E6,2,1,,,,,,,,,,DETECTED,355.10223,355.1011,355.1026,2.5247,2.4896,2.6123,8.952E6,2.31E5,3.771E4,8.952E6,0.0189,2.1936,3.0256,2,-0.0052,4,1
458,2.5247,2.508,2.582,391.07737,391.07571,391.07837,1.44E5,3.768E3,1.176E4,1.44E5,0,1,,,,,,,,,,DETECTED,391.07737,391.07571,391.07837,2.5247,2.508,2.582,1.44E5,3.768E3,1.176E4,1.44E5,0.0196,3.0079,2.5864,,,4,1
460,2.5247,2.508,2.5987,423.08736,423.08563,423.0881,2.424E5,6.516E3,9.949E3,2.424E5,1,1,,,,,,,,,,DETECTED,423.08736,423.08563,423.0881,2.5247,2.508,2.5987,2.424E5,6.516E3,9.949E3,2.424E5,0.0187,2.2078,2.7123,1,0.0085,2,1
464,2.5425,2.5155,2.582,537.61605,537.61346,537.61859,1.499E5,3.332E3,1.311E4,1.499E5,0,1,,,,,,,,,,DETECTED,537.61605,537.61346,537.61859,2.5425,2.5155,2.582,1.499E5,3.332E3,1.311E4,1.499E5,0.0202,1.4909,1.8829,,,2,1
465,2.5516,2.5367,2.6078,395.189,395.18716,395.19067,1.648E5,4.047E3,8.385E3,1.648E5,0,1,13,,,,,,,,,DETECTED,395.189,395.18716,395.19067,2.5516,2.5367,2.6078,1.648E5,4.047E3,8.385E3,1.648E5,0.0198,2.2807,2.3732,,,2,1
466,2.5574,2.5155,2.6312,385.11199,385.11053,385.11398,9.657E5,2.154E4,9.215E3,9.657E5,1,1,13,,,,,,,,,DETECTED,385.11199,385.11053,385.11398,2.5574,2.5155,2.6312,9.657E5,2.154E4,9.215E3,9.657E5,0.0172,2.0925,2.1045,1,-0.0035,3,1
467,2.5647,2.547,2.6312,433.20423,433.20251,433.20691,7.145E4,2.84E3,1.007E4,7.145E4,0,1,,,,,,,,,,DETECTED,433.20423,433.20251,433.20691,2.5647,2.547,2.6312,7.145E4,2.84E3,1.007E4,7.145E4,0.053,2.3755,3.1155,,,2,1
468,2.5987,2.5762,2.637,329.08576,329.08447,329.08707,1.038E5,2.412E3,8.092E3,1.038E5,0,1,,,,,,,,,,DETECTED,329.08576,329.08447,329.08707,2.5987,2.5762,2.637,1.038E5,2.412E3,8.092E3,1.038E5,0.0232,1.2978,1.7142,,,2,1
469,2.6032,2.582,2.637,371.09654,371.09442,371.09726,8.415E4,1.788E3,1.214E4,8.415E4,0,1,16,,,,,,,,,DETECTED,371.09654,371.09442,371.09726,2.6032,2.582,2.637,8.415E4,1.788E3,1.214E4,8.415E4,0.0227,1.2935,2.7592,,,2,1
470,2.6032,2.5762,2.7469,443.11753,443.11374,443.12015,2.651E6,8.096E4,7.345E3,2.651E6,2,1,16,,,,,,,,,DETECTED,443.11753,443.11374,443.12015,2.6032,2.5762,2.7469,2.651E6,8.096E4,7.345E3,2.651E6,0.0473,2.198,3.6481,2,-0.008,4,1
472,2.6032,2.582,2.6485,511.10409,511.10022,511.10641,1.312E5,2.849E3,9.795E3,1.312E5,0,1,16,,,,,,,,,DETECTED,511.10409,511.10022,511.10641,2.6032,2.582,2.6485,1.312E5,2.849E3,9.795E3,1.312E5,0.0175,1.3818,2.025,,,2,1
474,2.6181,2.5895,2.7148,189.0735,189.07304,189.07387,1.447E5,5.899E3,7.609E3,1.447E5,0,1,,,,,,,,,,DETECTED,189.0735,189.07304,189.07387,2.6181,2.5895,2.7148,1.447E5,5.899E3,7.609E3,1.447E5,0.0302,1.96,3.1539,,,2,1
475,2.6312,2.6123,2.8143,355.1017,355.10004,355.10306,1.823E6,4.907E4,1.006E4,1.823E6,1,1,39,,,,,,,,,DETECTED,355.1017,355.10004,355.10306,2.6312,2.6123,2.8143,1.823E6,4.907E4,1.006E4,1.823E6,0.0203,2.1631,2.739,1,0.0023,3,1
476,2.6312,2.6123,2.6679,423.08698,423.08566,423.09109,6.838E4,1.675E3,8.466E3,6.838E4,0,1,39,,,,,,,,,DETECTED,423.08698,423.08566,423.09109,2.6312,2.6123,2.6679,6.838E4,1.675E3,8.466E3,6.838E4,0.0233,1.4713,2.8882,,,2,1
477,2.6312,2.6181,2.6633,465.09952,465.09671,465.10165,5.886E4,1.437E3,1.296E4,5.886E4,0,1,,,,,,,,,,DETECTED,465.09952,465.09671,465.10165,2.6312,2.6181,2.6633,5.886E4,1.437E3,1.296E4,5.886E4,0.0224,1.7232,2.4465,,,2,1
478,2.637,2.6181,2.6633,391.07728,391.07419,391.07834,5.804E4,1.187E3,7.613E3,5.804E4,0,1,,,,,,,,,,DETECTED,391.07728,391.07419,391.07834,2.637,2.6181,2.6633,5.804E4,1.187E3,7.613E3,5.804E4,0.0169,1.1977,1.3926,,,3,1
479,2.6485,2.6312,2.677,459.22123,459.21957,459.22318,5.077E4,1.066E3,8.154E3,5.077E4,0,1,,,,,,,,,,DETECTED,459.22123,459.21957,459.22318,2.6485,2.6312,2.677,5.077E4,1.066E3,8.154E3,5.077E4,0.023,1.329,1.7763,,,2,1
481,2.6633,2.6312,2.7194,385.11148,385.11011,385.11398,1.14E5,3.846E3,8.66E3,1.14E5,0,1,,,,,,,,,,DETECTED,385.11148,385.11011,385.11398,2.6633,2.6312,2.7194,1.14E5,3.846E3,8.66E3,1.14E5,0.0274,1.3604,1.6453,,,3,1
482,2.6679,2.6181,2.8189,179.03157,179.03081,179.03239,1.105E5,8.433E3,1.033E4,1.105E5,0,1,35,,,,,,,,,DETECTED,179.03157,179.03081,179.03239,2.6679,2.6181,2.8189,1.105E5,8.433E3,1.033E4,1.105E5,0.0497,2.0143,2.9328,,,2,1
484,2.677,2.6485,2.7639,133.02587,133.02531,133.02615,1.201E5,4.016E3,8.42E3,1.201E5,0,1,35,,,,,,,,,DETECTED,133.02587,133.02531,133.02615,2.677,2.6485,2.7639,1.201E5,4.016E3,8.42E3,1.201E5,0.0256,2.1465,1.9281,,,6,1
485,2.677,2.5895,2.8189,177.01603,177.01512,177.01659,3.341E5,1.453E4,8.026E3,3.341E5,1,1,35,,,,,,,,,DETECTED,177.01603,177.01512,177.01659,2.677,2.5895,2.8189,3.341E5,1.453E4,8.026E3,3.341E5,0.0276,1.6871,1.3828,1,-0.0035,2,1
486,2.677,2.6485,2.7148,293.02825,293.02723,293.02866,1.408E5,4.329E3,1.505E4,1.408E5,0,1,35,,,,,,,,,DETECTED,293.02825,293.02723,293.02866,2.677,2.6485,2.7148,1.408E5,4.329E3,1.505E4,1.408E5,0.0258,1.1606,1.6356,,,2,1
487,2.677,2.6485,2.8189,295.04373,295.0412,295.0441,4.284E5,1.549E4,7.689E3,4.284E5,1,1,35,,,,,,,,,DETECTED,295.04373,295.0412,295.0441,2.677,2.6485,2.8189,4.284E5,1.549E4,7.689E3,4.284E5,0.0246,2.7763,3.7322,1,-0.0051,3,1
488,2.677,2.6485,2.801,475.21601,475.21384,475.21857,2.812E5,9.351E3,9.314E3,2.812E5,0,1,78,,,,,,,,,DETECTED,475.21601,475.21384,475.21857,2.677,2.6485,2.801,2.812E5,9.351E3,9.314E3,2.812E5,0.023,2.5796,3.9449,,,3,1
489,2.677,2.6588,2.7747,551.1733,551.16724,551.17645,1.735E5,6.133E3,8.375E3,1.735E5,0,1,,,,,,,,,,DETECTED,551.1733,551.16724,551.17645,2.677,2.6588,2.7747,1.735E5,6.133E3,8.375E3,1.735E5,0.059,3.5493,2.5272,,,3,1
490,2.6896,2.6312,2.8685,433.2053,433.20172,433.20709,2.281E6,6.699E4,7.083E3,2.281E6,2,1,78,,,,,,,,,DETECTED,433.2053,433.20172,433.20709,2.6896,2.6312,2.8685,2.281E6,6.699E4,7.083E3,2.281E6,0.0287,1.1774,3.4336,2,-0.0051,4,1
491,2.7045,2.6485,2.7805,431.18957,431.18655,431.19012,7.467E5,1.882E4,8.476E3,7.467E5,0,1,,,,,,,,,,DETECTED,431.18957,431.18655,431.19012,2.7045,2.6485,2.7805,7.467E5,1.882E4,8.476E3,7.467E5,0.0186,2.2042,2.7566,,,2,1
492,2.7045,2.677,2.7639,625.13738,625.13257,625.13867,8.645E5,1.807E4,1.344E4,8.645E5,1,1,55,,,,,,,,,DETECTED,625.13738,625.13257,625.13867,2.7045,2.677,2.7639,8.645E5,1.807E4,1.344E4,8.645E5,0.0138,1.1507,0.9405,1,-0.0035,3,1
493,2.7045,2.677,2.7526,626.13881,626.13611,626.14209,2.179E5,4.93E3,9.956E3,2.179E5,0,1,55,,,,,,,,,DETECTED,626.13881,626.13611,626.14209,2.7045,2.677,2.7526,2.179E5,4.93E3,9.956E3,2.179E5,0.0163,1.1703,1.0672,,,3,1
495,2.7148,2.697,2.7639,243.16877,243.16815,243.16924,1.036E5,2.443E3,7.239E3,1.036E5,0,1,,,,,,,,,,DETECTED,243.16877,243.16815,243.16924,2.7148,2.697,2.7639,1.036E5,2.443E3,7.239E3,1.036E5,0.0208,1.8289,2.1079,,,2,1
496,2.7411,2.7148,2.801,293.02803,293.02667,293.02866,5.536E4,2.451E3,1.184E4,5.536E4,0,1,,,,,,,,,,DETECTED,293.02803,293.02667,293.02866,2.7411,2.7148,2.801,5.536E4,2.451E3,1.184E4,5.536E4,0.039,1.6386,2.2771,,,2,1
498,2.7469,2.7297,2.801,459.22134,459.21973,459.22339,2.021E5,4.64E3,9.117E3,2.021E5,0,1,,,,,,,,,,DETECTED,459.22134,459.21973,459.22339,2.7469,2.7297,2.801,2.021E5,4.64E3,9.117E3,2.021E5,0.019,2.2571,2.9347,,,3,1
500,2.7639,2.7148,2.8143,377.17964,377.1785,377.18146,2.435E5,5.737E3,7.57E3,2.435E5,0,1,,,,,,,,,,DETECTED,377.17964,377.1785,377.18146,2.7639,2.7148,2.8143,2.435E5,5.737E3,7.57E3,2.435E5,0.0195,1.2969,0.9379,,,2,1
502,2.7747,2.7469,2.8234,393.08034,393.07828,393.08328,6.892E5,1.656E4,1.644E4,6.892E5,1,1,1,,,,,,,,,DETECTED,393.08034,393.07828,393.08328,2.7747,2.7469,2.8234,6.892E5,1.656E4,1.644E4,6.892E5,0.0283,1.3453,1.2696,1,-0.0051,2,1
506,2.7747,2.7297,2.801,623.28772,623.28406,623.29181,9.973E4,2.222E3,1.051E4,9.973E4,0,1,1,,,,,,,,,DETECTED,623.28772,623.28406,623.29181,2.7747,2.7297,2.801,9.973E4,2.222E3,1.051E4,9.973E4,0.0192,0.7922,0.9285,,,3,1
507,2.7747,2.7526,2.8143,785.14778,785.14453,785.15009,8.8E4,2.239E3,1.09E4,8.8E4,0,1,1,,,,,,,,,DETECTED,785.14778,785.14453,785.15009,2.7747,2.7526,2.8143,8.8E4,2.239E3,1.09E4,8.8E4,0.0226,1.396,2.061,,,2,1
508,2.7747,2.7469,2.8189,787.16797,787.16266,787.16998,2.174E6,4.841E4,4.748E4,2.174E6,1,1,1,,,,,,,,,DETECTED,787.16797,787.16266,787.16998,2.7747,2.7469,2.8189,2.174E6,4.841E4,4.748E4,2.174E6,0.0232,1.3937,1.2996,1,-0.0085,4,1
510,2.7747,2.7526,2.8143,789.16934,789.16711,789.17096,1.897E5,4.392E3,2.062E4,1.897E5,0,1,1,,,,,,,,,DETECTED,789.16934,789.16711,789.17096,2.7747,2.7526,2.8143,1.897E5,4.392E3,2.062E4,1.897E5,0.0222,1.396,3.264,,,4,1
512,2.8068,2.7805,2.8337,383.15456,383.15314,383.1564,7.722E4,2.015E3,1.055E4,7.722E4,0,1,,,,,,,,,,DETECTED,383.15456,383.15314,383.1564,2.8068,2.7805,2.8337,7.722E4,2.015E3,1.055E4,7.722E4,0.0573,1.0115,1.0922,,,2,1
514,2.8189,2.7896,2.8685,335.13272,335.13171,335.13348,1.694E5,4.835E3,9.087E3,1.694E5,0,1,2,,,,,,,,,DETECTED,335.13272,335.13171,335.13348,2.8189,2.7896,2.8685,1.694E5,4.835E3,9.087E3,1.694E5,0.0253,1.4525,1.4173,,,2,1
515,2.8189,2.7896,2.8628,443.11729,443.1156,443.12119,1.109E6,2.271E4,6.783E3,1.109E6,0,1,2,,,,,,,,,DETECTED,443.11729,443.1156,443.12119,2.8189,2.7896,2.8628,1.109E6,2.271E4,6.783E3,1.109E6,0.017,1.4961,1.5215,,,3,1
517,2.8553,2.828,2.8972,337.14834,337.14752,337.15021,2.41E5,5.252E3,9.37E3,2.41E5,0,1,,,,,,,,,,DETECTED,337.14834,337.14752,337.15021,2.8553,2.828,2.8972,2.41E5,5.252E3,9.37E3,2.41E5,0.0184,1.3156,2.3863,,,2,1
519,2.8685,2.8234,2.9178,186.11031,186.11009,186.11063,8.394E4,2.526E3,7.325E3,8.394E4,0,1,,,,,,,,,,DETECTED,186.11031,186.11009,186.11063,2.8685,2.8234,2.9178,8.394E4,2.526E3,7.325E3,8.394E4,0.0212,1.1235,0.8015,,,2,1
520,2.8851,2.8628,2.9178,371.09586,371.09454,371.09732,5.504E4,1.423E3,8.373E3,5.504E4,0,1,14,,,,,,,,,DETECTED,371.09586,371.09454,371.09732,2.8851,2.8628,2.9178,5.504E4,1.423E3,8.373E3,5.504E4,0.0223,1.2327,1.6848,,,2,1
521,2.8851,2.8628,2.9499,443.11664,443.11447,443.11771,4.83E5,1.219E4,9.026E3,4.83E5,1,1,14,,,,,,,,,DETECTED,443.11664,443.11447,443.11771,2.8851,2.8628,2.9499,4.83E5,1.219E4,9.026E3,4.83E5,0.0215,1.7057,1.1754,1,-0.0052,3,1
523,2.8927,2.8495,2.9981,163.03671,163.03598,163.03732,3.057E5,1.254E4,6.748E3,3.057E5,1,1,44,,,,,,,,,DETECTED,163.03671,163.03598,163.03732,2.8927,2.8495,2.9981,3.057E5,1.254E4,6.748E3,3.057E5,0.0286,2.8525,4.1039,1,0.0085,3,1
526,2.8927,2.8234,2.9178,459.22063,459.21811,459.22256,7.525E4,2.551E3,8.451E3,7.525E4,0,1,44,,,,,,,,,DETECTED,459.22063,459.21811,459.22256,2.8927,2.8234,2.9178,7.525E4,2.551E3,8.451E3,7.525E4,0.0177,0.6818,0.334,,,2,1
527,2.8927,2.8628,2.9499,477.23162,477.22787,477.23373,4.283E5,8.805E3,6.629E3,4.283E5,1,1,44,,,,,,,,,DETECTED,477.23162,477.22787,477.23373,2.8927,2.8628,2.9499,4.283E5,8.805E3,6.629E3,4.283E5,0.0169,1.2975,1.3296,1,-0.0035,3,1
528,2.8927,2.8628,2.9602,609.14542,609.14026,609.1463,6.104E6,1.436E5,2.633E4,6.104E6,1,1,44,,,,,,,,,DETECTED,609.14542,609.14026,609.1463,2.8927,2.8628,2.9602,6.104E6,1.436E5,2.633E4,6.104E6,0.0176,1.4432,1.8352,1,-0.011,4,1
530,2.8927,2.8685,2.9556,611.14621,611.14185,611.14893,2.774E5,7.054E3,7.377E3,2.774E5,0,1,44,,,,,,,,,DETECTED,611.14621,611.14185,611.14893,2.8927,2.8685,2.9556,2.774E5,7.054E3,7.377E3,2.774E5,0.0184,1.5814,1.8615,,,4,1
531,2.8927,2.8685,2.9396,677.12713,677.12445,677.12921,2.129E5,5.613E3,1.4E4,2.129E5,0,1,44,,,,,,,,,DETECTED,677.12713,677.12445,677.12921,2.8927,2.8685,2.9396,2.129E5,5.613E3,1.4E4,2.129E5,0.0185,1.4665,4.409,,,3,1
532,2.8927,2.8731,2.9338,708.05514,708.052,708.05591,8.69E4,2.172E3,6.857E3,8.69E4,0,1,44,,,,,,,,,DETECTED,708.05514,708.052,708.05591,2.8927,2.8731,2.9338,8.69E4,2.172E3,6.857E3,8.69E4,0.0178,1.4684,1.8114,,,4,1
534,2.9046,2.8731,3.0629,135.04188,135.04131,135.04216,3.119E5,1.208E4,7.575E3,3.119E5,1,1,,,,,,,,,,DETECTED,135.04188,135.04131,135.04216,2.9046,2.8731,3.0629,3.119E5,1.208E4,7.575E3,3.119E5,0.0256,2.4466,3.463,1,0.004,2,1
535,2.9121,2.8927,2.9453,431.18885,431.18774,431.19196,5.987E4,1.446E3,7.812E3,5.987E4,0,1,,,,,,,,,,DETECTED,431.18885,431.18774,431.19196,2.9121,2.8927,2.9453,5.987E4,1.446E3,7.812E3,5.987E4,0.023,1.3545,1.5647,,,2,1
539,2.9236,2.8972,2.9556,337.14824,337.14752,337.14893,1.739E5,3.63E3,9.37E3,1.739E5,0,1,,,,,,,,,,DETECTED,337.14824,337.14752,337.14893,2.9236,2.8972,2.9556,1.739E5,3.63E3,9.37E3,1.739E5,0.0159,1.2246,1.2058,,,2,1
542,2.9602,2.9292,3.0056,852.18904,852.18524,852.19531,5.428E4,2.236E3,1.598E4,5.428E4,0,1,,,,,,,,,,DETECTED,852.18904,852.18524,852.19531,2.9602,2.9292,3.0056,5.428E4,2.236E3,1.598E4,5.428E4,0.0713,1.2341,1.4682,,,2,1
544,2.9751,2.9556,3.0416,475.21662,475.21249,475.21774,2.642E5,7.335E3,9.888E3,2.642E5,0,1,,,,,,,,,,DETECTED,475.21662,475.21249,475.21774,2.9751,2.9556,3.0416,2.642E5,7.335E3,9.888E3,2.642E5,0.0203,1.9153,2.5079,,,3,1
545,2.9843,2.9499,3.0268,293.12196,293.12106,293.12234,9.653E4,3.141E3,9.037E3,9.653E4,0,1,26,,,,,,,,,DETECTED,293.12196,293.12106,293.12234,2.9843,2.9499,3.0268,9.653E4,3.141E3,9.037E3,9.653E4,0.0275,0.9877,0.9095,,,4,1
546,2.9843,2.9396,3.113,335.13318,335.13165,335.13623,5.043E6,1.574E5,8.788E3,5.043E6,1,1,26,,,,,,,,,DETECTED,335.13318,335.13165,335.13623,2.9843,2.9396,3.113,5.043E6,1.574E5,8.788E3,5.043E6,0.0258,1.0844,0.9394,1,0.0356,4,1
548,2.9843,2.9396,3.0416,357.1146,357.11288,357.11688,2.454E5,9.362E3,7.105E3,2.454E5,1,1,26,,,,,,,,,DETECTED,357.1146,357.11288,357.11688,2.9843,2.9396,3.0416,2.454E5,9.362E3,7.105E3,2.454E5,0.0457,1.1364,0.7689,1,0.0086,2,1
549,2.9843,2.9453,3.0371,401.1034,401.10223,401.10455,2.514E5,9.078E3,9.093E3,2.514E5,0,1,26,,,,,,,,,DETECTED,401.1034,401.10223,401.10455,2.9843,2.9453,3.0371,2.514E5,9.078E3,9.093E3,2.514E5,0.0364,1.1687,0.8009,,,3,1
552,2.9843,2.9453,3.0416,433.04079,433.03976,433.04517,3.777E5,1.193E4,8.047E3,3.777E5,1,1,26,,,,,,,,,DETECTED,433.04079,433.03976,433.04517,2.9843,2.9453,3.0416,3.777E5,1.193E4,8.047E3,3.777E5,0.0267,1.1229,1.0372,1,-0.0052,4,1
553,2.9843,2.9453,3.0114,478.0397,478.03909,478.04214,1.292E5,4.075E3,9.799E3,1.292E5,0,1,26,,,,,,,,,DETECTED,478.0397,478.03909,478.04214,2.9843,2.9453,3.0114,1.292E5,4.075E3,9.799E3,1.292E5,0.0284,0.8832,0.6333,,,3,1
554,2.9843,2.9499,3.016,667.2395,667.23651,667.24365,3.009E5,6.866E3,1.435E4,3.009E5,1,1,26,,,,,,,,,DETECTED,667.2395,667.23651,667.24365,2.9843,2.9499,3.016,3.009E5,6.866E3,1.435E4,3.009E5,0.0167,1.0011,0.8899,1,0.0069,3,1
561,3.0056,2.9843,3.0462,581.18401,581.1806,581.18744,1.852E5,4.18E3,9.322E3,1.852E5,0,1,,,,,,,,,,DETECTED,581.18401,581.1806,581.18744,3.0056,2.9843,3.0462,1.852E5,4.18E3,9.322E3,1.852E5,0.0225,1.5911,1.6105,,,3,1
562,3.0056,2.9889,3.0835,769.1543,769.1474,769.1579,1.413E5,5.174E3,8.247E3,1.413E5,0,1,,,,,,,,,,DETECTED,769.1543,769.1474,769.1579,3.0056,2.9889,3.0835,1.413E5,5.174E3,8.247E3,1.413E5,0.035,79.4902,3.8067,,,2,1
567,3.0056,2.9889,3.0268,797.62233,797.61847,797.62531,5.911E4,1.073E3,2.725E4,5.911E4,0,1,,,,,,,,,,DETECTED,797.62233,797.61847,797.62531,3.0056,2.9889,3.0268,5.911E4,1.073E3,2.725E4,5.911E4,0.017,1.1342,1.2683,,,2,1
568,3.0056,2.9889,3.0462,839.1533,839.14978,839.15948,6.412E4,1.701E3,1.162E4,6.412E4,0,1,,,,,,,,,,DETECTED,839.1533,839.14978,839.15948,3.0056,2.9889,3.0462,6.412E4,1.701E3,1.162E4,6.412E4,0.0237,1.7147,2.6422,,,2,1
569,3.0056,2.9889,3.0371,889.10347,889.10107,889.10919,1.184E5,2.426E3,1.465E4,1.184E5,0,1,,,,,,,,,,DETECTED,889.10347,889.10107,889.10919,3.0056,2.9889,3.0371,1.184E5,2.426E3,1.465E4,1.184E5,0.0208,1.4423,1.6438,,,3,1
571,3.016,2.9981,3.0789,215.05364,215.05313,215.05487,2.486E5,6.189E3,8.666E3,2.486E5,1,1,,,,,,,,,,DETECTED,215.05364,215.05313,215.05487,3.016,2.9981,3.0789,2.486E5,6.189E3,8.666E3,2.486E5,0.0222,2.0247,2.5471,1,0.0073,3,1
575,3.0268,3.0056,3.0732,279.0487,279.04761,279.04932,7.426E4,1.95E3,7.469E3,7.426E4,0,1,24,,,,,,,,,DETECTED,279.0487,279.04761,279.04932,3.0268,3.0056,3.0732,7.426E4,1.95E3,7.469E3,7.426E4,0.0222,1.5953,1.7103,,,2,1
576,3.0268,3.0056,3.0789,801.18301,801.17853,801.18494,1.594E6,3.634E4,4.762E4,1.594E6,1,1,24,,,,,,,,,DETECTED,801.18301,801.17853,801.18494,3.0268,3.0056,3.0789,1.594E6,3.634E4,4.762E4,1.594E6,0.02,1.4148,1.6953,1,-0.0051,4,1
577,3.0268,2.9981,3.0892,802.18315,802.17871,802.18768,5.729E5,1.378E4,1.047E4,5.729E5,0,1,24,,,,,,,,,DETECTED,802.18315,802.17871,802.18768,3.0268,2.9981,3.0892,5.729E5,1.378E4,1.047E4,5.729E5,0.0209,1.4128,1.5696,,,4,1
579,3.0537,3.0371,3.0892,365.14281,365.14142,365.1438,6.26E4,1.553E3,7.632E3,6.26E4,0,1,71,,,,,,,,,DETECTED,365.14281,365.14142,365.1438,3.0537,3.0371,3.0892,6.26E4,1.553E3,7.632E3,6.26E4,0.0236,1.5697,10.5365,,,2,1
583,3.0674,3.0462,3.1221,581.18458,581.1806,581.18597,6.484E5,1.092E4,9.322E3,6.484E5,0,1,,,,,,,,,,DETECTED,581.18458,581.1806,581.18597,3.0674,3.0462,3.1221,6.484E5,1.092E4,9.322E3,6.484E5,0.0122,1.6507,1.5926,,,3,1
584,3.0674,3.016,3.0947,859.19883,859.19385,859.20709,5.783E4,2.023E3,8.254E3,5.783E4,0,1,71,,,,,,,,,DETECTED,859.19883,859.19385,859.20709,3.0674,3.016,3.0947,5.783E4,2.023E3,8.254E3,5.783E4,0.0269,0.7655,0.6008,,,2,1
585,3.0732,3.0537,3.113,283.15282,283.15189,283.15311,1.259E5,2.885E3,1.047E4,1.259E5,0,1,,,,,,,,,,DETECTED,283.15282,283.15189,283.15311,3.0732,3.0537,3.113,1.259E5,2.885E3,1.047E4,1.259E5,0.0231,1.4176,1.3939,,,2,1
588,3.0947,3.0371,3.1518,556.12894,556.12518,556.13281,8.615E4,4.15E3,7.808E3,8.615E4,0,1,,,,,,,,,,DETECTED,556.12894,556.12518,556.13281,3.0947,3.0371,3.1518,8.615E4,4.15E3,7.808E3,8.615E4,0.0259,0.969,0.966,,,2,1
589,3.1038,3.0732,3.1609,463.2529,463.25095,463.25424,5.467E5,1.35E4,1.1E4,5.467E5,1,1,77,,,,,,,,,DETECTED,463.2529,463.25095,463.25424,3.1038,3.0732,3.1609,5.467E5,1.35E4,1.1E4,5.467E5,0.021,1.2853,2.1059,1,0.0041,3,1
590,3.1038,3.0835,3.1609,815.19645,815.1911,815.19885,4.922E5,1.14E4,6.604E3,4.922E5,1,1,77,,,,,,,,,DETECTED,815.19645,815.1911,815.19885,3.1038,3.0835,3.1609,4.922E5,1.14E4,6.604E3,4.922E5,0.0203,1.8531,2.0022,1,0.0024,4,1
591,3.113,3.0947,3.1666,357.11685,357.11569,357.11783,2.332E5,5.894E3,9.637E3,2.332E5,0,1,,,,,,,,,,DETECTED,357.11685,357.11569,357.11783,3.113,3.0947,3.1666,2.332E5,5.894E3,9.637E3,2.332E5,0.021,2.0153,2.1657,,,3,1
593,3.1266,3.1038,3.1666,279.04821,279.04636,279.04874,6.242E4,1.712E3,8.551E3,6.242E4,0,1,29,,,,,,,,,DETECTED,279.04821,279.04636,279.04874,3.1266,3.1038,3.1666,6.242E4,1.712E3,8.551E3,6.242E4,0.026,1.3775,2.5397,,,2,1
594,3.1357,3.1038,3.1724,193.04777,193.04723,193.0479,6.525E5,2.003E4,3.898E4,6.525E5,1,1,29,,,,,,,,,DETECTED,193.04777,193.04723,193.0479,3.1357,3.1038,3.1724,6.525E5,2.003E4,3.898E4,6.525E5,0.0264,1.3016,1.6673,1,-0.0051,2,1
595,3.1357,3.0892,3.1891,459.2214,459.21887,459.22272,2.864E5,9.754E3,9.704E3,2.864E5,1,1,29,,,,,,,,,DETECTED,459.2214,459.21887,459.22272,3.1357,3.0892,3.1891,2.864E5,9.754E3,9.704E3,2.864E5,0.0207,0.9536,0.859,1,-0.0035,2,1
597,3.146,3.1266,3.1891,405.17307,405.1716,405.17459,6.009E4,1.588E3,8.795E3,6.009E4,0,1,47,,,,,,,,,DETECTED,405.17307,405.1716,405.17459,3.146,3.1266,3.1891,6.009E4,1.588E3,8.795E3,6.009E4,0.0238,1.6116,3.6956,,,2,1
598,3.1518,3.1266,3.2136,449.20037,449.19919,449.20435,4.52E5,9.974E3,1.076E4,4.52E5,1,1,47,,,,,,,,,DETECTED,449.20037,449.19919,449.20435,3.1518,3.1266,3.2136,4.52E5,9.974E3,1.076E4,4.52E5,0.02,1.0794,1.2479,1,-0.0035,3,1
600,3.1891,3.1563,3.3121,203.08989,203.08936,203.09026,8.359E5,3.474E4,7.102E3,8.359E5,2,1,,,,,,,,,,DETECTED,203.08989,203.08936,203.09026,3.1891,3.1563,3.3121,8.359E5,3.474E4,7.102E3,8.359E5,0.0529,2.119,2.8337,2,-0.0035,2,1
601,3.1891,3.1724,3.2257,473.20047,473.19992,473.20123,8.395E4,1.807E3,1.064E4,8.395E4,0,1,,,,,,,,,,DETECTED,473.20047,473.19992,473.20123,3.1891,3.1724,3.2257,8.395E4,1.807E3,1.064E4,8.395E4,0.0219,1.5958,1.5063,,,2,1
603,3.2028,3.1724,3.2538,193.04813,193.0473,193.0482,5.812E6,1.568E5,1.269E5,5.812E6,1,1,9,,,,,,,,,DETECTED,193.04813,193.0473,193.0482,3.2028,3.1724,3.2538,5.812E6,1.568E5,1.269E5,5.812E6,0.0204,1.6348,2.1201,1,-0.008,3,1
604,3.2028,3.1266,3.3758,223.05871,223.0574,223.05908,6.429E5,2.566E4,6.308E3,6.429E5,1,1,56,,,,,,,,,DETECTED,223.05871,223.0574,223.05908,3.2028,3.1266,3.3758,6.429E5,2.566E4,6.308E3,6.429E5,0.0255,1.2943,0.46,1,0.0056,2,1
607,3.2028,3.1724,3.2464,309.0603,309.05957,309.06049,8.748E6,2.301E5,1.502E5,8.748E6,1,1,9,,,,,,,,,DETECTED,309.0603,309.05957,309.06049,3.2028,3.1724,3.2464,8.748E6,2.301E5,1.502E5,8.748E6,0.0204,1.5794,2.0674,1,-0.0097,4,1
610,3.2028,3.1816,3.2464,339.07025,339.06979,339.07062,1.67E6,4.612E4,3.275E4,1.67E6,1,1,56,,,,,,,,,DETECTED,339.07025,339.06979,339.07062,3.2028,3.1816,3.2464,1.67E6,4.612E4,3.275E4,1.67E6,0.0242,2.1875,3.2989,1,0.0023,4,1
611,3.2028,3.1724,3.2538,377.04729,377.04626,377.04861,5.081E5,1.363E4,1.539E4,5.081E5,1,1,9,,,,,,,,,DETECTED,377.04729,377.04626,377.04861,3.2028,3.1724,3.2538,5.081E5,1.363E4,1.539E4,5.081E5,0.0223,1.7957,1.7781,1,0.004,3,1
612,3.2028,3.1816,3.2315,391.98069,391.98004,391.98328,9.109E4,1.878E3,1.187E4,9.109E4,0,1,9,,,,,,,,,DETECTED,391.98069,391.98004,391.98328,3.2028,3.1816,3.2315,9.109E4,1.878E3,1.187E4,9.109E4,0.0209,1.1764,1.739,,,2,1
613,3.2028,3.1816,3.239,408.98275,408.98212,408.98517,2.529E5,4.908E3,1.747E4,2.529E5,0,1,9,,,,,,,,,DETECTED,408.98275,408.98212,408.98517,3.2028,3.1816,3.239,2.529E5,4.908E3,1.747E4,2.529E5,0.0157,1.2307,1.5962,,,5,1
615,3.2028,3.1724,3.291,505.13321,505.13016,505.13593,1.981E5,9.125E3,7.139E3,1.981E5,0,1,9,,,,,,,,,DETECTED,505.13321,505.13016,505.13593,3.2028,3.1724,3.291,1.981E5,9.125E3,7.139E3,1.981E5,0.0392,2.6126,3.5181,,,3,1
622,3.2257,3.1266,3.3224,461.23747,461.23331,461.23926,1.536E6,4.589E4,8.746E3,1.536E6,0,1,,,,,,,,,,DETECTED,461.23747,461.23331,461.23926,3.2257,3.1266,3.3224,1.536E6,4.589E4,8.746E3,1.536E6,0.016,1.5143,1.1319,,,3,1
629,3.2315,3.2136,3.2819,807.16591,807.15967,807.1684,1.099E5,3.136E3,9E3,1.099E5,0,1,,,,,,,,,,DETECTED,807.16591,807.15967,807.1684,3.2315,3.2136,3.2819,1.099E5,3.136E3,9E3,1.099E5,0.0256,1.8975,2.271,,,2,1
631,3.2464,3.1357,3.3861,171.06295,171.06258,171.06352,3.075E5,1.881E4,1.099E4,3.075E5,1,1,,,,,,,,,,DETECTED,171.06295,171.06258,171.06352,3.2464,3.1357,3.3861,3.075E5,1.881E4,1.099E4,3.075E5,0.0385,1.0569,0.5959,1,-0.0109,2,1
636,3.2669,3.2464,3.3861,339.07009,339.06772,339.07095,9.67E5,2.655E4,8.489E3,9.67E5,1,1,,,,,,,,,,DETECTED,339.07009,339.06772,339.07095,3.2669,3.2464,3.3861,9.67E5,2.655E4,8.489E3,9.67E5,0.0227,1.6061,8.7297,1,0.0023,3,1
638,3.2743,3.2538,3.4428,193.04803,193.04692,193.04822,2.52E6,1.03E5,1.655E4,2.52E6,2,1,21,,,,,,,,,DETECTED,193.04803,193.04692,193.04822,3.2743,3.2538,3.4428,2.52E6,1.03E5,1.655E4,2.52E6,0.0394,2.2745,2.5992,2,-0.0183,3,1
639,3.2743,3.2464,3.3269,293.02788,293.02594,293.02853,5.956E4,2.034E3,1.077E4,5.956E4,0,1,21,,,,,,,,,DETECTED,293.02788,293.02594,293.02853,3.2743,3.2464,3.3269,5.956E4,2.034E3,1.077E4,5.956E4,0.0255,1.4397,5.9711,,,2,1
642,3.2743,3.2464,3.5869,309.06034,309.05795,309.06143,1.131E7,2.949E5,7.327E3,1.131E7,2,1,21,,,,,,,,,DETECTED,309.06034,309.05795,309.06143,3.2743,3.2464,3.5869,1.131E7,2.949E5,7.327E3,1.131E7,0.0215,1.6341,1.6208,2,-0.0257,5,1
645,3.2743,3.2538,3.3224,331.04225,331.04071,331.04257,1.286E5,3.245E3,9.29E3,1.286E5,0,1,21,10,[M-H]-,2,332.04916,646;645,,,,DETECTED,331.04225,331.04071,331.04257,3.2743,3.2538,3.3224,1.286E5,3.245E3,9.29E3,1.286E5,0.0213,1.6903,2.6058,,,2,1
646,3.2743,3.2538,3.3592,377.04699,377.04556,377.04825,2.877E5,8.285E3,8.955E3,2.877E5,0,1,21,10,[M+FA]-,2,332.04916,646;645,,,,DETECTED,377.04699,377.04556,377.04825,3.2743,3.2538,3.3592,2.877E5,8.285E3,8.955E3,2.877E5,0.022,2.1547,1.8411,,,3,1
650,3.2985,3.2743,3.3372,261.03577,261.03525,261.03674,5.527E4,1.725E3,1.034E4,5.527E4,0,1,73,,,,,,,,,DETECTED,261.03577,261.03525,261.03674,3.2985,3.2743,3.3372,5.527E4,1.725E3,1.034E4,5.527E4,0.0302,1.3028,2.1951,,,2,1
651,3.2985,3.2743,3.3547,321.97661,321.97604,321.97903,6.037E4,1.928E3,7.544E3,6.037E4,0,1,73,,,,,,,,,DETECTED,321.97661,321.97604,321.97903,3.2985,3.2743,3.3547,6.037E4,1.928E3,7.544E3,6.037E4,0.0263,1.6642,4.663,,,2,1
654,3.3547,3.3372,3.3861,337.14852,337.14795,337.14923,6.671E4,1.352E3,8.61E3,6.671E4,0,1,,,,,,,,,,DETECTED,337.14852,337.14795,337.14923,3.3547,3.3372,3.3861,6.671E4,1.352E3,8.61E3,6.671E4,0.0188,1.401,1.6896,,,2,1
657,3.3713,3.3547,3.4009,351.16354,351.16302,351.16544,6.362E4,1.319E3,7.364E3,6.362E4,0,1,,,,,,,,,,DETECTED,351.16354,351.16302,351.16544,3.3713,3.3547,3.4009,6.362E4,1.319E3,7.364E3,6.362E4,0.0179,1.3952,1.4805,,,2,1
658,3.3804,3.3473,3.4428,786.67414,786.66833,786.68018,7.115E4,2.964E3,7.232E3,7.115E4,0,1,,,,,,,,,,DETECTED,786.67414,786.66833,786.68018,3.3804,3.3473,3.4428,7.115E4,2.964E3,7.232E3,7.115E4,0.0396,1.443,1.7312,,,2,1
660,3.3907,3.3713,3.437,801.18028,801.17822,801.18335,8.272E4,1.999E3,7.394E3,8.272E4,0,1,,,,,,,,,,DETECTED,801.18028,801.17822,801.18335,3.3907,3.3713,3.437,8.272E4,1.999E3,7.394E3,8.272E4,0.0199,1.9537,3.0125,,,3,1
662,3.4009,3.3804,3.437,519.18355,519.17908,519.18689,9.242E4,1.899E3,6.82E3,9.242E4,0,1,,,,,,,,,,DETECTED,519.18355,519.17908,519.18689,3.4009,3.3804,3.437,9.242E4,1.899E3,6.82E3,9.242E4,0.0194,1.867,1.8738,,,2,1
664,3.437,3.4067,3.5168,131.06864,131.06802,131.06879,2.686E6,7.365E4,9.366E3,2.686E6,1,1,30,,,,,,,,,DETECTED,131.06864,131.06802,131.06879,3.437,3.4067,3.5168,2.686E6,7.365E4,9.366E3,2.686E6,0.0245,1.7786,2.1331,1,-0.0052,2,1
665,3.437,3.3907,3.5168,173.07897,173.07835,173.07915,1.229E6,3.357E4,1.023E4,1.229E6,1,1,30,,,,,,,,,DETECTED,173.07897,173.07835,173.07915,3.437,3.3907,3.5168,1.229E6,3.357E4,1.023E4,1.229E6,0.0225,1.8115,2.161,1,-0.0035,2,1
666,3.437,3.4182,3.4862,195.06082,195.06047,195.06238,1.112E5,2.994E3,8.071E3,1.112E5,0,1,30,,,,,,,,,DETECTED,195.06082,195.06047,195.06238,3.437,3.4182,3.4862,1.112E5,2.994E3,8.071E3,1.112E5,0.0233,2.8928,2.0269,,,2,1
667,3.437,3.4125,3.4907,239.05103,239.0508,239.05183,1.246E5,3.877E3,6.668E3,1.246E5,0,1,30,,,,,,,,,DETECTED,239.05103,239.0508,239.05183,3.437,3.4125,3.4907,1.246E5,3.877E3,6.668E3,1.246E5,0.0266,2.3292,2.7433,,,2,1
670,3.4713,3.4473,3.5392,415.19477,415.19278,415.19592,9.264E5,1.928E4,1.374E4,9.264E5,0,1,,,,,,,,,,DETECTED,415.19477,415.19278,415.19592,3.4713,3.4473,3.5392,9.264E5,1.928E4,1.374E4,9.264E5,0.0192,1.341,1.3138,,,3,1
671,3.4713,3.4564,3.4965,579.16452,579.16333,579.16583,5.679E4,1.159E3,9.351E3,5.679E4,0,1,,,,,,,,,,DETECTED,579.16452,579.16333,579.16583,3.4713,3.4564,3.4965,5.679E4,1.159E3,9.351E3,5.679E4,0.0221,1.3417,1.3854,,,2,1
672,3.5111,3.4862,3.5823,403.15774,403.15582,403.15854,2.252E5,6.082E3,8.247E3,2.252E5,0,1,,,,,,,,,,DETECTED,403.15774,403.15582,403.15854,3.5111,3.4862,3.5823,2.252E5,6.082E3,8.247E3,2.252E5,0.019,1.6376,1.8288,,,3,1
674,3.5111,3.4965,3.5766,459.22079,459.21863,459.22302,1.075E5,4.343E3,1.416E4,1.075E5,0,1,75,,,,,,,,,DETECTED,459.22079,459.21863,459.22302,3.5111,3.4965,3.5766,1.075E5,4.343E3,1.416E4,1.075E5,0.0188,2.7412,5.7404,,,2,1
675,3.5111,3.4519,3.5542,763.1693,763.16156,763.17505,2.107E5,5.568E3,9.586E3,2.107E5,0,1,,,,,,,,,,DETECTED,763.1693,763.16156,763.17505,3.5111,3.4519,3.5542,2.107E5,5.568E3,9.586E3,2.107E5,0.0208,1.0357,2.1608,,,3,1
676,3.5244,3.501,3.5823,371.1327,371.13135,371.13489,2.884E5,6.576E3,8.498E3,2.884E5,0,1,,,,,,,,,,DETECTED,371.1327,371.13135,371.13489,3.5244,3.501,3.5823,2.884E5,6.576E3,8.498E3,2.884E5,0.018,1.3587,1.4605,,,2,1
677,3.5244,3.5056,3.5542,865.43297,865.42694,865.43512,9.871E4,2.052E3,8.939E3,9.871E4,0,1,,,,,,,,,,DETECTED,865.43297,865.42694,865.43512,3.5244,3.5056,3.5542,9.871E4,2.052E3,8.939E3,9.871E4,0.02,1.5799,1.696,,,3,1
681,3.5466,3.5168,3.6928,131.06861,131.06789,131.06874,2.633E6,7.572E4,8.873E3,2.633E6,2,1,50,,,,,,,,,DETECTED,131.06861,131.06789,131.06874,3.5466,3.5168,3.6928,2.633E6,7.572E4,8.873E3,2.633E6,0.0245,1.9009,2.5445,2,-0.0051,3,1
682,3.5466,3.5168,3.6813,173.07904,173.07819,173.07932,1.509E6,4.058E4,8.606E3,1.509E6,1,1,50,,,,,,,,,DETECTED,173.07904,173.07819,173.07932,3.5466,3.5168,3.6813,1.509E6,4.058E4,8.606E3,1.509E6,0.0188,1.891,2.5076,1,-0.0035,3,1
684,3.5466,3.5244,3.5869,287.14812,287.14648,287.14917,1.536E5,3.428E3,7.141E3,1.536E5,0,1,75,,,,,,,,,DETECTED,287.14812,287.14648,287.14917,3.5466,3.5244,3.5869,1.536E5,3.428E3,7.141E3,1.536E5,0.019,1.2741,1.1801,,,2,1
688,3.5542,3.5244,3.6098,239.05106,239.05074,239.05173,1.304E5,4.009E3,7.951E3,1.304E5,0,1,50,,,,,,,,,DETECTED,239.05106,239.05074,239.05173,3.5542,3.5244,3.6098,1.304E5,4.009E3,7.951E3,1.304E5,0.0268,1.4776,1.4799,,,2,1
690,3.569,3.4965,3.6407,263.09377,263.09253,263.09418,2.429E5,8.678E3,7.903E3,2.429E5,1,1,49,,,,,,,,,DETECTED,263.09377,263.09253,263.09418,3.569,3.4965,3.6407,2.429E5,8.678E3,7.903E3,2.429E5,0.0258,1.6942,1.0091,1,0.0041,3,1
691,3.5823,3.5542,3.6544,287.05418,287.05209,287.05524,1.103E5,3.743E3,6.858E3,1.103E5,0,1,49,,,,,,,,,DETECTED,287.05418,287.05209,287.05524,3.5823,3.5542,3.6544,1.103E5,3.743E3,6.858E3,1.103E5,0.0252,1.6755,2.125,,,2,1
692,3.5869,3.4907,3.6247,503.247,503.24344,503.24942,1.773E5,5.84E3,7.553E3,1.773E5,0,1,,,,,,,,,,DETECTED,503.247,503.24344,503.24942,3.5869,3.4907,3.6247,1.773E5,5.84E3,7.553E3,1.773E5,0.019,0.6675,1.3256,,,2,1
693,3.6007,3.5587,3.7064,187.09437,187.09352,187.09456,3.079E5,9.651E3,7.479E3,3.079E5,1,1,,,,,,,,,,DETECTED,187.09437,187.09352,187.09456,3.6007,3.5587,3.7064,3.079E5,9.651E3,7.479E3,3.079E5,0.0245,1.581,2.14,1,0.0057,2,1
694,3.6007,3.5869,3.6362,755.3036,755.29761,755.30652,9.215E4,1.834E3,7.917E3,9.215E4,0,1,,,,,,,,,,DETECTED,755.3036,755.29761,755.30652,3.6007,3.5869,3.6362,9.215E4,1.834E3,7.917E3,9.215E4,0.0184,1.8191,1.9652,,,3,1
695,3.6098,3.5823,3.6928,349.14846,349.14566,349.1506,9.818E5,2.141E4,8.685E3,9.818E5,1,1,,,,,,,,,,DETECTED,349.14846,349.14566,349.1506,3.6098,3.5823,3.6928,9.818E5,2.141E4,8.685E3,9.818E5,0.0201,1.8538,1.1746,1,-0.0051,3,1
698,3.6189,3.6007,3.6544,778.17481,778.16907,778.17902,1.388E5,3.889E3,2.438E4,1.388E5,0,1,,,,,,,,,,DETECTED,778.17481,778.16907,778.17902,3.6189,3.6007,3.6544,1.388E5,3.889E3,2.438E4,1.388E5,0.0253,1.4695,1.9391,,,2,1
701,3.6453,3.6247,3.6813,770.17436,770.1665,770.1806,6.374E4,1.717E3,1.211E4,6.374E4,0,1,,,,,,,,,,DETECTED,770.17436,770.1665,770.1806,3.6453,3.6247,3.6813,6.374E4,1.717E3,1.211E4,6.374E4,0.0222,1.3752,2.1575,,,3,1
702,3.6692,3.6498,3.7122,259.11649,259.11545,259.11731,8.799E4,2.153E3,8.238E3,8.799E4,0,1,69,,,,,,,,,DETECTED,259.11649,259.11545,259.11731,3.6692,3.6498,3.7122,8.799E4,2.153E3,8.238E3,8.799E4,0.0203,1.5945,2.3334,,,2,1
703,3.6692,3.6189,3.6973,785.1819,785.18024,785.18549,8.846E4,2.475E3,1.199E4,8.846E4,0,1,69,,,,,,,,,DETECTED,785.1819,785.18024,785.18549,3.6692,3.6189,3.6973,8.846E4,2.475E3,1.199E4,8.846E4,0.0171,0.7797,1.2316,,,3,1
707,3.7597,3.7361,3.8312,221.06425,221.0636,221.06619,1.767E5,3.828E3,7.304E3,1.767E5,0,1,46,,,,,,,,,DETECTED,221.06425,221.0636,221.06619,3.7597,3.7361,3.8312,1.767E5,3.828E3,7.304E3,1.767E5,0.0176,2.2759,3.4109,,,2,1
709,3.7597,3.7122,3.8267,411.19989,411.19696,411.20029,1.364E6,2.632E4,8.099E3,1.364E6,1,1,46,11,[M-H]-,2,412.20771,710;709,,,,DETECTED,411.19989,411.19696,411.20029,3.7597,3.7122,3.8267,1.364E6,2.632E4,8.099E3,1.364E6,0.0164,1.508,1.7786,1,-0.0035,3,1
710,3.7597,3.7064,3.93,457.20646,457.20264,457.20969,3.099E6,6.753E4,6.816E3,3.099E6,1,1,46,11,[M+FA]-,2,412.20771,710;709,,,,DETECTED,457.20646,457.20264,457.20969,3.7597,3.7064,3.93,3.099E6,6.753E4,6.816E3,3.099E6,0.0177,0.8338,1.7434,1,-0.0052,4,1
712,3.7597,3.7419,3.7867,555.11238,555.10773,555.11353,8.693E4,1.549E3,8.93E3,8.693E4,0,1,46,,,,,,,,,DETECTED,555.11238,555.10773,555.11353,3.7597,3.7419,3.7867,8.693E4,1.549E3,8.93E3,8.693E4,0.0153,1.2557,1.6691,,,4,1
713,3.7597,3.7419,3.7809,600.11087,600.1087,600.11255,5.088E4,8.857E2,6.633E3,5.088E4,0,1,46,,,,,,,,,DETECTED,600.11087,600.1087,600.11255,3.7597,3.7419,3.7809,5.088E4,8.857E2,6.633E3,5.088E4,0.0159,1.0946,1.6899,,,3,1
718,3.887,3.847,3.9718,383.13246,383.13132,383.1351,1.013E5,5.26E3,9.716E3,1.013E5,0,1,,,,,,,,,,DETECTED,383.13246,383.13132,383.1351,3.887,3.847,3.9718,1.013E5,5.26E3,9.716E3,1.013E5,0.0707,1.5681,2.4598,,,2,1
719,3.9133,3.5766,4.1732,291.00554,291.00476,291.00641,1.319E5,5.528E4,4.514E4,1.319E5,0,1,,,,,,,,,,DETECTED,291.00554,291.00476,291.00641,3.9133,3.5766,4.1732,1.319E5,5.528E4,4.514E4,1.319E5,0.4934,0.8859,0.7717,,,13,1
721,3.9179,3.9018,3.9494,727.38395,727.37732,727.38733,1.016E5,1.797E3,7.389E3,1.016E5,0,1,,,,,,,,,,DETECTED,727.38395,727.37732,727.38733,3.9179,3.9018,3.9494,1.016E5,1.797E3,7.389E3,1.016E5,0.0148,1.4454,1.31,,,3,1
722,3.9345,3.9133,3.9718,227.12628,227.12564,227.12715,8.313E4,1.957E3,7.169E3,8.313E4,0,1,,,,,,,,,,DETECTED,227.12628,227.12564,227.12715,3.9345,3.9133,3.9718,8.313E4,1.957E3,7.169E3,8.313E4,0.02,1.7707,1.251,,,2,1
723,3.9436,3.8973,4.0432,193.0475,193.04648,193.04829,6.359E4,3.211E3,7.137E3,6.359E4,0,1,,,,,,,,,,DETECTED,193.0475,193.04648,193.04829,3.9436,3.8973,4.0432,6.359E4,3.211E3,7.137E3,6.359E4,0.0353,1.5749,1.8317,,,2,1
725,3.9672,3.9345,4.0432,487.12266,487.12088,487.12775,4.356E5,1.337E4,7.411E3,4.356E5,0,1,,,,,,,,,,DETECTED,487.12266,487.12088,487.12775,3.9672,3.9345,4.0432,4.356E5,1.337E4,7.411E3,4.356E5,0.0243,1.3609,1.1681,,,3,1
726,3.9718,3.9494,4.0238,457.20522,457.20242,457.20786,1.197E5,2.948E3,7.007E3,1.197E5,0,1,,,,,,,,,,DETECTED,457.20522,457.20242,457.20786,3.9718,3.9494,4.0238,1.197E5,2.948E3,7.007E3,1.197E5,0.022,1.8938,1.9236,,,3,1
734,4.1378,4.0729,4.2541,145.08412,145.08344,145.08438,1.314E6,4.149E4,7.797E3,1.314E6,1,1,68,,,,,,,,,DETECTED,145.08412,145.08344,145.08438,4.1378,4.0729,4.2541,1.314E6,4.149E4,7.797E3,1.314E6,0.0258,0.9976,2.9325,1,-0.0051,2,1
735,4.1378,4.0341,4.2484,187.09476,187.09383,187.09503,9.509E5,2.863E4,7.904E3,9.509E5,1,1,68,,,,,,,,,DETECTED,187.09476,187.09383,187.09503,4.1378,4.0341,4.2484,9.509E5,2.863E4,7.904E3,9.509E5,0.0243,2.2446,2.9548,1,-0.0035,2,1
737,4.1993,4.1675,4.2541,383.13274,383.13187,383.13513,8.768E4,2.501E3,6.585E3,8.768E4,0,1,,,,,,,,,,DETECTED,383.13274,383.13187,383.13513,4.1993,4.1675,4.2541,8.768E4,2.501E3,6.585E3,8.768E4,0.022,1.4454,1.9073,,,2,1
739,4.2541,4.2336,4.2939,319.16437,319.16333,319.16479,8.815E4,2.167E3,6.975E3,8.815E4,0,1,63,,,,,,,,,DETECTED,319.16437,319.16333,319.16479,4.2541,4.2336,4.2939,8.815E4,2.167E3,6.975E3,8.815E4,0.0222,1.5357,1.7844,,,2,1
741,4.2596,4.229,4.36,573.12138,573.11707,573.12439,1.344E5,5.336E3,8.882E3,1.344E5,0,1,63,,,,,,,,,DETECTED,573.12138,573.11707,573.12439,4.2596,4.229,4.36,1.344E5,5.336E3,8.882E3,1.344E5,0.0293,1.7529,1.8861,,,2,1
742,4.2642,4.1481,4.5592,228.98824,228.98785,228.98865,1.573E5,3.821E4,3.407E4,1.573E5,0,1,,,,,,,,,,DETECTED,228.98824,228.98785,228.98865,4.2642,4.1481,4.5592,1.573E5,3.821E4,3.407E4,1.573E5,0.2664,1.7699,2.5399,,,12,1
744,4.3145,4.2893,4.3497,361.18486,361.18399,361.18607,1.054E5,2.507E3,7.32E3,1.054E5,0,1,,,,,,,,,,DETECTED,361.18486,361.18399,361.18607,4.3145,4.2893,4.3497,1.054E5,2.507E3,7.32E3,1.054E5,0.0217,1.2877,1.356,,,2,1
747,4.3657,4.3396,4.4103,741.36258,741.3573,741.36389,2.4E5,6.07E3,1.094E4,2.4E5,0,1,,,,,,,,,,DETECTED,741.36258,741.3573,741.36389,4.3657,4.3396,4.4103,2.4E5,6.07E3,1.094E4,2.4E5,0.023,1.3863,1.157,,,3,1
749,4.3703,4.3497,4.4224,929.3905,929.38702,929.3941,1.39E5,3.496E3,9.82E3,1.39E5,0,1,,,,,,,,,,DETECTED,929.3905,929.38702,929.3941,4.3703,4.3497,4.4224,1.39E5,3.496E3,9.82E3,1.39E5,0.0171,1.635,2.3783,,,2,1
752,4.3794,4.36,4.4,723.31554,723.31305,723.31946,7.818E4,1.601E3,1.599E4,7.818E4,0,1,,,,,,,,,,DETECTED,723.31554,723.31305,723.31946,4.3794,4.36,4.4,7.818E4,1.601E3,1.599E4,7.818E4,0.0193,1.0306,1.0612,,,2,1
753,4.4148,4.3954,4.4679,711.35344,711.34991,711.35602,3.67E5,7.16E3,1.37E4,3.67E5,0,1,,,,,,,,,,DETECTED,711.35344,711.34991,711.35602,4.4148,4.3954,4.4679,3.67E5,7.16E3,1.37E4,3.67E5,0.0152,1.5248,1.4153,,,4,1
754,4.4931,4.2039,4.8245,246.99868,246.99788,246.99921,1.487E5,5.39E4,3.117E4,1.487E5,0,1,,,,,,,,,,DETECTED,246.99868,246.99788,246.99921,4.4931,4.2039,4.8245,1.487E5,5.39E4,3.117E4,1.487E5,0.3524,1.073,1.1461,,,12,1
756,4.5295,4.4976,4.5889,399.14508,399.14261,399.14676,2.046E5,5.508E3,6.858E3,2.046E5,0,1,,,,,,,,,,DETECTED,399.14508,399.14261,399.14676,4.5295,4.4976,4.5889,2.046E5,5.508E3,6.858E3,2.046E5,0.0234,1.3657,1.2792,,,3,1
757,4.5964,4.5683,4.6736,403.1951,403.19205,403.19659,1.351E6,2.956E4,1.49E4,1.351E6,1,1,18,,,,,,,,,DETECTED,403.1951,403.19205,403.19659,4.5964,4.5683,4.6736,1.351E6,2.956E4,1.49E4,1.351E6,0.0188,1.3657,1.2164,1,-0.0035,3,1
758,4.5964,4.5786,4.617,469.16705,469.16574,469.16837,6.445E4,1.371E3,1.733E4,6.445E4,0,1,18,,,,,,,,,DETECTED,469.16705,469.16574,469.16837,4.5964,4.5786,4.617,6.445E4,1.371E3,1.733E4,6.445E4,0.0205,1.0761,1.1522,,,2,1
759,4.6467,4.6319,4.6736,691.3639,691.36182,691.36536,6.268E4,1.192E3,8.126E3,6.268E4,0,1,,,,,,,,,,DETECTED,691.3639,691.36182,691.36536,4.6467,4.6319,4.6736,6.268E4,1.192E3,8.126E3,6.268E4,0.0178,1.4071,1.6229,,,2,1
769,4.6691,4.6467,4.7019,933.40433,933.40198,933.40814,2.173E5,5.273E3,2.477E4,2.173E5,0,1,64,,,,,,,,,DETECTED,933.40433,933.40198,933.40814,4.6691,4.6467,4.7019,2.173E5,5.273E3,2.477E4,2.173E5,0.0229,1.2346,1.492,,,4,1
772,4.6691,4.6467,4.7122,981.41129,981.40234,981.4126,2.045E5,4.951E3,8.791E3,2.045E5,0,1,64,,,,,,,,,DETECTED,981.41129,981.40234,981.4126,4.6691,4.6467,4.7122,2.045E5,4.951E3,8.791E3,2.045E5,0.0205,1.3045,1.4382,,,5,1
773,4.6858,4.6467,4.7448,705.25567,705.2514,705.25873,1.228E5,6.105E3,1.534E4,1.228E5,0,1,,,,,,,,,,DETECTED,705.25567,705.2514,705.25873,4.6858,4.6467,4.7448,1.228E5,6.105E3,1.534E4,1.228E5,0.0418,1.2546,1.5038,,,4,1
778,4.7214,4.6961,4.7903,223.09521,223.09416,223.09572,8.378E4,2.933E3,7.166E3,8.378E4,0,1,,,,,,,,,,DETECTED,223.09521,223.09416,223.09572,4.7214,4.6961,4.7903,8.378E4,2.933E3,7.166E3,8.378E4,0.0275,1.836,3.2807,,,2,1
779,4.7448,4.6915,4.8506,327.21608,327.21387,327.21808,3.157E6,7.465E4,6.66E3,3.157E6,1,1,25,,,,,,,,,DETECTED,327.21608,327.21387,327.21808,4.7448,4.6915,4.8506,3.157E6,7.465E4,6.66E3,3.157E6,0.0205,1.6102,1.5031,1,-0.0051,4,1
780,4.7448,4.7214,4.7948,395.20201,395.1994,395.20276,8.983E4,2.145E3,7.368E3,8.983E4,0,1,25,,,,,,,,,DETECTED,395.20201,395.1994,395.20276,4.7448,4.7214,4.7948,8.983E4,2.145E3,7.368E3,8.983E4,0.0216,1.5681,2.8927,,,2,1
782,4.7697,4.6319,4.9724,279.0054,279.00461,279.00635,1.677E5,2.392E4,1.878E4,1.677E5,0,1,,,,,,,,,,DETECTED,279.0054,279.00461,279.00635,4.7697,4.6319,4.9724,1.677E5,2.392E4,1.878E4,1.677E5,0.1027,1.2354,1.5388,,,15,1
783,4.7857,4.7651,4.8142,339.17924,339.17828,339.18024,5.047E4,1.171E3,9.137E3,5.047E4,0,1,,,,,,,,,,DETECTED,339.17924,339.17828,339.18024,4.7857,4.7651,4.8142,5.047E4,1.171E3,9.137E3,5.047E4,0.0194,1.1922,1.4641,,,2,1
785,4.8406,4.82,4.8849,242.17372,242.17314,242.17465,6.922E4,1.652E3,7.875E3,6.922E4,0,1,,,,,,,,,,DETECTED,242.17372,242.17314,242.17465,4.8406,4.82,4.8849,6.922E4,1.652E3,7.875E3,6.922E4,0.0203,1.5748,2.3186,,,2,1
787,4.8506,4.8245,4.9485,359.07486,359.07364,359.07654,9.294E4,3.558E3,6.593E3,9.294E4,0,1,,,,,,,,,,DETECTED,359.07486,359.07364,359.07654,4.8506,4.8245,4.9485,9.294E4,3.558E3,6.593E3,9.294E4,0.0281,2.6403,4.0829,,,2,1
788,4.8609,4.8406,4.8849,897.40237,897.39862,897.40387,5.452E4,1.313E3,1.608E4,5.452E4,0,1,,,,,,,,,,DETECTED,897.40237,897.39862,897.40387,4.8609,4.8406,4.8849,5.452E4,1.313E3,1.608E4,5.452E4,0.0247,1.089,1.178,,,3,1
790,4.8803,4.8609,4.977,227.12644,227.12569,227.12692,1.105E5,3.352E3,7.034E3,1.105E5,0,1,,,,,,,,,,DETECTED,227.12644,227.12569,227.12692,4.8803,4.8609,4.977,1.105E5,3.352E3,7.034E3,1.105E5,0.0223,2.8987,2.211,,,2,1
795,4.9988,4.977,5.0261,575.24632,575.24329,575.24774,5.487E4,1.4E3,7.161E3,5.487E4,0,1,,,,,,,,,,DETECTED,575.24632,575.24329,575.24774,4.9988,4.977,5.0261,5.487E4,1.4E3,7.161E3,5.487E4,0.0299,1.1261,1.6361,,,2,1
796,5.0158,4.8051,5.1215,218.9863,218.98564,218.9868,1.222E5,1.749E4,1.911E4,1.222E5,0,1,19,,,,,,,,,DETECTED,218.9863,218.98564,218.9868,5.0158,4.8051,5.1215,1.222E5,1.749E4,1.911E4,1.222E5,0.0657,0.751,0.4594,,,11,1
797,5.0158,4.9112,5.1306,238.99253,238.99191,238.993,1.221E5,1.338E4,3.186E4,1.221E5,0,1,19,,,,,,,,,DETECTED,238.99253,238.99191,238.993,5.0158,4.9112,5.1306,1.221E5,1.338E4,3.186E4,1.221E5,0.0775,1.0491,1.0982,,,13,1
798,5.0158,4.9485,5.3694,264.98986,264.98904,264.99054,4.324E5,4.628E4,1.932E4,4.324E5,2,1,19,,,,,,,,,DETECTED,264.98986,264.98904,264.99054,5.0158,4.9485,5.3694,4.324E5,4.628E4,1.932E4,4.324E5,0.0701,2.8491,2.54,2,-0.0262,14,1
800,5.0261,4.9988,5.1082,329.23162,329.23022,329.23218,7.588E5,1.879E4,9.402E3,7.588E5,1,1,,,,,,,,,,DETECTED,329.23162,329.23022,329.23218,5.0261,4.9988,5.1082,7.588E5,1.879E4,9.402E3,7.588E5,0.0274,1.5602,1.5124,1,-0.0035,3,1
801,5.0306,5.01,5.0685,327.21591,327.21515,327.21658,5.279E4,1.368E3,6.49E3,5.279E4,0,1,,,,,,,,,,DETECTED,327.21591,327.21515,327.21658,5.0306,5.01,5.0685,5.279E4,1.368E3,6.49E3,5.279E4,0.0229,1.4183,3.2304,,,2,1
802,5.0524,5.0261,5.1454,359.07471,359.07312,359.07614,9.761E4,3.65E3,1.155E4,9.761E4,0,1,,,,,,,,,,DETECTED,359.07471,359.07312,359.07614,5.0524,5.0261,5.1454,9.761E4,3.65E3,1.155E4,9.761E4,0.036,2.2646,3.9999,,,2,1
803,5.1158,5.073,5.283,296.99634,296.99582,296.99722,3.245E5,2.415E4,1.885E4,3.245E5,1,1,,,,,,,,,,DETECTED,296.99634,296.99582,296.99722,5.1158,5.073,5.283,3.245E5,2.415E4,1.885E4,3.245E5,0.0473,2.4928,6.1876,1,-0.0035,14,1
805,5.166,5.1306,5.3557,238.99254,238.99214,238.9933,1.044E5,9.69E3,1.694E4,1.044E5,0,1,,,,,,,,,,DETECTED,238.99254,238.99214,238.9933,5.166,5.1306,5.3557,1.044E5,9.69E3,1.694E4,1.044E5,0.0594,3.1752,6.5263,,,13,1
807,5.1975,5.1781,5.2227,885.40165,885.39209,885.40503,8.003E4,1.687E3,1.225E4,8.003E4,0,1,,,,,,,,,,DETECTED,885.40165,885.39209,885.40503,5.1975,5.1781,5.2227,8.003E4,1.687E3,1.225E4,8.003E4,0.0186,1.1483,1.4566,,,2,1
815,5.3603,5.2933,5.4753,240.98837,240.9877,240.98955,1.94E5,1.223E4,2.289E4,1.94E5,0,1,10,,,,,,,,,DETECTED,240.98837,240.9877,240.98955,5.3603,5.2933,5.4753,1.94E5,1.223E4,2.289E4,1.94E5,0.044,1.3597,2.3994,,,11,1
817,5.3648,5.3127,5.4365,251.09033,251.08925,251.09128,7.634E4,2.836E3,6.937E3,7.634E4,0,1,10,,,,,,,,,DETECTED,251.09033,251.08925,251.09128,5.3648,5.3127,5.4365,7.634E4,2.836E3,6.937E3,7.634E4,0.0294,1.1466,0.9733,,,2,1
818,5.3751,5.3557,5.4141,691.26052,691.2569,691.26624,5.996E4,1.617E3,9.242E3,5.996E4,0,1,,,,,,,,,,DETECTED,691.26052,691.2569,691.26624,5.3751,5.3557,5.4141,5.996E4,1.617E3,9.242E3,5.996E4,0.022,1.5059,2.499,,,4,1
821,5.4187,5.3827,5.648,193.08434,193.08357,193.08459,1.071E6,4.092E4,1.156E4,1.071E6,1,1,72,,,,,,,,,DETECTED,193.08434,193.08357,193.08459,5.4187,5.3827,5.648,1.071E6,4.092E4,1.156E4,1.071E6,0.0278,2.0748,2.3119,1,-0.0126,2,1
822,5.4232,5.3918,5.5386,296.9964,296.99576,296.99698,9.399E4,6.865E3,2.062E4,9.399E4,0,1,72,,,,,,,,,DETECTED,296.9964,296.99576,296.99698,5.4232,5.3918,5.5386,9.399E4,6.865E3,2.062E4,9.399E4,0.0516,2.3332,3.6665,,,12,1
826,5.5192,5.4514,5.6434,256.98355,256.98285,256.98544,3.304E5,1.565E4,9.935E3,3.304E5,1,1,,,,,,,,,,DETECTED,256.98355,256.98285,256.98544,5.5192,5.4514,5.6434,3.304E5,1.565E4,9.935E3,3.304E5,0.0328,2.1472,2.2034,1,-0.0035,12,1
828,5.5637,5.5386,5.6377,177.08879,177.08849,177.08926,6.754E4,2.546E3,7.263E3,6.754E4,0,1,22,,,,,,,,,DETECTED,177.08879,177.08849,177.08926,5.5637,5.5386,5.6377,6.754E4,2.546E3,7.263E3,6.754E4,0.0313,1.9711,2.9839,,,2,1
829,5.5637,5.534,5.6377,253.14237,253.14113,253.14342,9.537E4,3.378E3,7.009E3,9.537E4,0,1,22,,,,,,,,,DETECTED,253.14237,253.14113,253.14342,5.5637,5.534,5.6377,9.537E4,3.378E3,7.009E3,9.537E4,0.0293,1.7041,2.6168,,,2,1
830,5.574,5.4141,5.6628,305.00172,305.00067,305.00244,1.227E5,1.522E4,3.709E4,1.227E5,0,1,22,,,,,,,,,DETECTED,305.00172,305.00067,305.00244,5.574,5.4141,5.6628,1.227E5,1.522E4,3.709E4,1.227E5,0.0754,0.7778,0.5556,,,16,1
832,5.6795,5.1025,5.7195,356.99599,356.99435,356.99768,8.81E4,2.629E4,1.843E4,8.81E4,0,1,,,,,,,,,,DETECTED,356.99599,356.99435,356.99768,5.6795,5.1025,5.7195,8.81E4,2.629E4,1.843E4,8.81E4,0.1802,0.5347,0.0693,,,10,1
835,5.6898,5.648,5.8248,320.99628,320.99509,320.99765,9.096E4,8.913E3,2.93E4,9.096E4,0,1,,,,,,,,,,DETECTED,320.99628,320.99509,320.99765,5.6898,5.648,5.8248,9.096E4,8.913E3,2.93E4,9.096E4,0.173,2.1155,3.231,,,6,1
838,5.7343,5.6434,5.9539,314.98701,314.98511,314.98779,1.639E5,9.449E3,6.322E3,1.639E5,0,1,,,,,,,,,,DETECTED,314.98701,314.98511,314.98779,5.7343,5.6434,5.9539,1.639E5,9.449E3,6.322E3,1.639E5,0.034,1.2867,1.3431,,,16,1
839,5.7712,5.7389,5.8248,274.9745,274.97391,274.97485,1.487E5,5.178E3,8.188E3,1.487E5,0,1,,,,,,,,,,DETECTED,274.9745,274.97391,274.97485,5.7712,5.7389,5.8248,1.487E5,5.178E3,8.188E3,1.487E5,0.0299,1.4588,2.2392,,,2,1
840,5.8794,5.7757,5.9539,322.99239,322.99139,322.99326,5.935E4,4.913E3,1.455E4,5.935E4,0,1,,,,,,,,,,DETECTED,322.99239,322.99139,322.99326,5.8794,5.7757,5.9539,5.935E4,4.913E3,1.455E4,5.935E4,0.0397,0.8591,0.7181,,,12,1
841,5.8885,5.8658,5.9493,331.24725,331.24622,331.24921,1.072E5,3.109E3,6.778E3,1.072E5,0,1,,,,,,,,,,DETECTED,331.24725,331.24622,331.24921,5.8885,5.8658,5.9493,1.072E5,3.109E3,6.778E3,1.072E5,0.0264,1.7847,1.8768,,,2,1
842,5.9642,5.9299,6.0701,293.17421,293.17319,293.17477,7.897E5,2.123E4,7.925E3,7.897E5,1,1,,,,,,,,,,DETECTED,293.17421,293.17319,293.17477,5.9642,5.9299,6.0701,7.897E5,2.123E4,7.925E3,7.897E5,0.0191,1.5429,15.9984,1,-0.008,3,1
843,5.9881,5.9596,6.013,693.28814,693.28369,693.29352,6.03E4,1.658E3,7.97E3,6.03E4,0,1,,,,,,,,,,DETECTED,693.28814,693.28369,693.29352,5.9881,5.9596,6.013,6.03E4,1.658E3,7.97E3,6.03E4,0.0284,0.937,0.983,,,3,1
845,6.0849,6.0598,6.2709,309.16891,309.16748,309.17078,2.636E5,1.039E4,6.163E3,2.636E5,1,1,,,,,,,,,,DETECTED,309.16891,309.16748,309.17078,6.0849,6.0598,6.2709,2.636E5,1.039E4,6.163E3,2.636E5,0.0244,3.8677,6.162,1,0.0086,2,1
846,6.1868,6.1483,6.2517,239.12651,239.12538,239.12683,8.503E4,3.281E3,6.951E3,8.503E4,0,1,,,,,,,,,,DETECTED,239.12651,239.12538,239.12683,6.1868,6.1483,6.2517,8.503E4,3.281E3,6.951E3,8.503E4,0.0296,1.1009,1.5028,,,2,1
847,6.3983,6.3607,6.7821,194.07987,194.0787,194.08003,4.635E6,1.876E5,1.091E4,4.635E6,3,1,,,,,,,,,,DETECTED,194.07987,194.0787,194.08003,6.3983,6.3607,6.7821,4.635E6,1.876E5,1.091E4,4.635E6,0.0306,2.1795,2.4125,3,-0.0171,3,1
848,6.4235,6.3892,6.7626,293.17444,293.17322,293.17548,1.477E6,5.359E4,1.02E4,1.477E6,1,1,,,,,,,,,,DETECTED,293.17444,293.17322,293.17548,6.4235,6.3892,6.7626,1.477E6,5.359E4,1.02E4,1.477E6,0.0272,2.0413,1.7248,1,-0.0126,3,1
849,6.4936,6.4679,6.5458,652.3462,652.34198,652.34796,9.621E5,2.494E4,4.242E4,9.621E5,1,1,,,,,,,,,,DETECTED,652.3462,652.34198,652.34796,6.4936,6.4679,6.5458,9.621E5,2.494E4,4.242E4,9.621E5,0.0243,1.6307,1.6821,1,-0.0051,3,1
851,6.5322,6.4982,6.6843,263.16351,263.16177,263.16434,1.886E5,7.749E3,7.15E3,1.886E5,0,1,,,,,,,,,,DETECTED,263.16351,263.16177,263.16434,6.5322,6.4982,6.6843,1.886E5,7.749E3,7.15E3,1.886E5,0.0249,2.9701,3.1639,,,2,1
852,6.5458,6.5219,6.5968,645.26788,645.26459,645.27173,5.315E4,1.78E3,9.247E3,5.315E4,0,1,,,,,,,,,,DETECTED,645.26788,645.26459,645.27173,6.5458,6.5219,6.5968,5.315E4,1.78E3,9.247E3,5.315E4,0.0295,1.5648,10.6013,,,2,1
853,6.5731,6.5458,6.6797,266.10158,266.10095,266.10263,1.727E5,5.799E3,7.582E3,1.727E5,0,1,,,,,,,,,,DETECTED,266.10158,266.10095,266.10263,6.5731,6.5458,6.6797,1.727E5,5.799E3,7.582E3,1.727E5,0.027,2.1824,2.7112,,,2,1
856,6.6378,6.6059,6.6606,646.2706,646.2688,646.2738,8.881E4,2.181E3,9.539E3,8.881E4,0,1,37,,,,,,,,,DETECTED,646.2706,646.2688,646.2738,6.6378,6.6059,6.6606,8.881E4,2.181E3,9.539E3,8.881E4,0.0236,0.8571,0.7964,,,3,1
857,6.6378,6.6059,6.6606,691.27239,691.26996,691.2735,7.937E4,1.871E3,7.723E3,7.937E4,0,1,37,,,,,,,,,DETECTED,691.27239,691.26996,691.2735,6.6378,6.6059,6.6606,7.937E4,1.871E3,7.723E3,7.937E4,0.0221,0.8306,0.8457,,,3,1
858,6.773,6.7434,6.8877,721.36129,721.35547,721.36249,1.214E6,3.269E4,7.934E3,1.214E6,1,1,60,,,,,,,,,DETECTED,721.36129,721.35547,721.36249,6.773,6.7434,6.8877,1.214E6,3.269E4,7.934E3,1.214E6,0.0235,1.505,1.4596,1,-0.0035,4,1
860,6.773,6.7525,6.8003,723.36334,723.36249,723.36407,9.222E4,2.319E3,1.791E4,9.222E4,0,1,60,,,,,,,,,DETECTED,723.36334,723.36249,723.36407,6.773,6.7525,6.8003,9.222E4,2.319E3,1.791E4,9.222E4,0.0248,1.1682,1.518,,,4,1
862,6.9387,6.9059,6.9719,721.35979,721.35712,721.36151,2.883E5,7.39E3,7.317E3,2.883E5,0,1,,,,,,,,,,DETECTED,721.35979,721.35712,721.36151,6.9387,6.9059,6.9719,2.883E5,7.39E3,7.317E3,2.883E5,0.0231,1.1493,1.4074,,,3,1
863,6.9673,6.9491,7.0083,557.2925,557.28943,557.29614,6.068E4,1.753E3,8.317E3,6.068E4,0,1,,,,,,,,,,DETECTED,557.2925,557.28943,557.29614,6.9673,6.9491,7.0083,6.068E4,1.753E3,8.317E3,6.068E4,0.0262,1.6244,7.1413,,,2,1
865,7.0083,6.9855,7.0365,562.3107,562.30939,562.31348,6.915E4,1.662E3,7.368E3,6.915E4,0,1,,,,,,,,,,DETECTED,562.3107,562.30939,562.31348,7.0083,6.9855,7.0365,6.915E4,1.662E3,7.368E3,6.915E4,0.0249,1.1207,1.5313,,,2,1
866,7.0729,7.0229,7.174,277.1424,277.1412,277.14343,5.323E4,3.382E3,5.963E3,5.323E4,0,1,,,,,,,,,,DETECTED,277.1424,277.1412,277.14343,7.0729,7.0229,7.174,5.323E4,3.382E3,5.963E3,5.323E4,0.0547,1.5095,1.8993,,,2,1
868,7.2524,7.2068,7.2943,577.26561,577.26385,577.26843,1.043E5,4.032E3,7.812E3,1.043E5,0,1,,,,,,,,,,DETECTED,577.26561,577.26385,577.26843,7.2524,7.2068,7.2943,1.043E5,4.032E3,7.812E3,1.043E5,0.0326,1.071,0.6609,,,3,1
869,7.3307,7.3079,7.383,527.28278,527.28162,527.28546,8.357E4,2.577E3,7.9E3,8.357E4,0,1,,,,,,,,,,DETECTED,527.28278,527.28162,527.28546,7.3307,7.3079,7.383,8.357E4,2.577E3,7.9E3,8.357E4,0.0263,1.5157,2.3469,,,2,1
870,7.3556,7.3216,7.4658,559.30985,559.30682,559.3114,8.285E5,2.247E4,8.136E3,8.285E5,0,1,,,,,,,,,,DETECTED,559.30985,559.30682,559.3114,7.3556,7.3216,7.4658,8.285E5,2.247E4,8.136E3,8.285E5,0.0206,1.4375,1.3566,,,4,1
871,7.3784,7.3453,7.5976,233.15224,233.15169,233.15286,1.315E5,9.789E3,1.7E4,1.315E5,0,1,,,,,,,,,,DETECTED,233.15224,233.15169,233.15286,7.3784,7.3453,7.5976,1.315E5,9.789E3,1.7E4,1.315E5,0.0382,3.8103,5.8372,,,2,1
872,7.4148,7.3693,7.4613,577.26545,577.26129,577.26733,5.185E4,2.258E3,6.389E3,5.185E4,0,1,,,,,,,,,,DETECTED,577.26545,577.26129,577.26733,7.4148,7.3693,7.4613,5.185E4,2.258E3,6.389E3,5.185E4,0.0425,1.0104,1.4652,,,3,1
873,7.4522,7.4239,7.5047,476.27565,476.27432,476.27795,1.124E5,3.493E3,9.19E3,1.124E5,0,1,,,,,,,,,,DETECTED,476.27565,476.27432,476.27795,7.4522,7.4239,7.5047,1.124E5,3.493E3,9.19E3,1.124E5,0.0249,1.3706,2.0391,,,2,1
874,7.4704,7.3079,7.5648,297.15094,297.15024,297.15195,5.946E4,8.79E3,5.914E3,5.946E4,0,1,,,,,,,,,,DETECTED,297.15094,297.15024,297.15195,7.4704,7.3079,7.5648,5.946E4,8.79E3,5.914E3,5.946E4,0.2121,0.7906,0.5893,,,2,1
875,7.4807,7.4431,7.6568,221.15246,221.1512,221.153,8.665E5,3.056E4,6.111E3,8.665E5,1,1,58,,,,,,,,,DETECTED,221.15246,221.1512,221.153,7.4807,7.4431,7.6568,8.665E5,3.056E4,6.111E3,8.665E5,0.0286,1.8329,1.8471,1,-0.008,3,1
876,7.4807,7.4567,7.5284,564.32706,564.32507,564.32959,1.011E5,2.873E3,6.953E3,1.011E5,0,1,58,,,,,,,,,DETECTED,564.32706,564.32507,564.32959,7.4807,7.4567,7.5284,1.011E5,2.873E3,6.953E3,1.011E5,0.0253,1.571,1.8519,,,2,1
879,7.583,7.5284,7.6851,505.25465,505.25122,505.25644,1.374E5,7.261E3,6.105E3,1.374E5,0,1,,,,,,,,,,DETECTED,505.25465,505.25122,505.25644,7.583,7.5284,7.6851,1.374E5,7.261E3,6.105E3,1.374E5,0.0417,1.5213,1.5725,,,3,1
880,7.634,7.5648,7.8238,297.15099,297.14966,297.15204,7.406E4,6.85E3,5.556E3,7.406E4,0,1,,,,,,,,,,DETECTED,297.15099,297.14966,297.15204,7.634,7.5648,7.8238,7.406E4,6.85E3,5.556E3,7.406E4,0.0586,1.8649,0.9309,,,2,1
881,7.634,7.6113,7.7351,485.27342,485.27103,485.27725,5.838E4,2.17E3,5.255E3,5.838E4,0,1,,,,,,,,,,DETECTED,485.27342,485.27103,485.27725,7.634,7.6113,7.7351,5.838E4,2.17E3,5.255E3,5.838E4,0.0232,2.5971,4.7706,,,2,1
882,7.7725,7.7488,7.818,699.37495,699.36853,699.37708,7.787E4,2.121E3,6.299E3,7.787E4,0,1,,,,,,,,,,DETECTED,699.37495,699.36853,699.37708,7.7725,7.7488,7.818,7.787E4,2.121E3,6.299E3,7.787E4,0.024,3.8381,1.8874,,,3,1
883,7.818,7.7907,7.9271,452.27565,452.27325,452.27817,3.533E5,1.093E4,7.739E3,3.533E5,1,1,,,,,,,,,,DETECTED,452.27565,452.27325,452.27817,7.818,7.7907,7.9271,3.533E5,1.093E4,7.739E3,3.533E5,0.0234,1.9001,3.2578,1,0.0023,3,1
884,7.852,7.818,7.9544,540.32758,540.32269,540.33179,2.786E5,9.476E3,5.827E3,2.786E5,1,1,,,,,,,,,,DETECTED,540.32758,540.32269,540.33179,7.852,7.818,7.9544,2.786E5,9.476E3,5.827E3,2.786E5,0.0276,1.9662,1.9423,1,0.0023,3,1
885,7.917,7.8897,7.9544,466.29097,466.28967,466.29257,5.791E4,1.734E3,6.251E3,5.791E4,0,1,,,,,,,,,,DETECTED,466.29097,466.28967,466.29257,7.917,7.8897,7.9544,5.791E4,1.734E3,6.251E3,5.791E4,0.0291,1.1842,1.433,,,2,1
886,8.0624,8.0293,8.1693,250.14258,250.14215,250.14352,1.348E5,5.577E3,6.82E3,1.348E5,0,1,54,,,,,,,,,DETECTED,250.14258,250.14215,250.14352,8.0624,8.0293,8.1693,1.348E5,5.577E3,6.82E3,1.348E5,0.0291,2.0552,2.53,,,2,1
887,8.0624,8.0236,8.2489,293.21041,293.20908,293.21143,4.372E5,1.838E4,5.993E3,4.372E5,1,1,54,,,,,,,,,DETECTED,293.21041,293.20908,293.21143,8.0624,8.0236,8.2489,4.372E5,1.838E4,5.993E3,4.372E5,0.0297,2.6994,2.4497,1,-0.008,3,1
888,8.0851,8.0044,8.1271,737.35412,737.35114,737.3559,1.71E5,1.031E4,8.472E3,1.71E5,0,1,,,,,,,,,,DETECTED,737.35412,737.35114,737.3559,8.0851,8.0044,8.1271,1.71E5,1.031E4,8.472E3,1.71E5,0.0659,0.7787,0.5922,,,3,1
889,8.1647,8.1271,8.2261,737.35282,737.34845,737.3606,7.018E4,3.683E3,6.911E3,7.018E4,0,1,0,,,,,,,,,DETECTED,737.35282,737.34845,737.3606,8.1647,8.1271,8.2261,7.018E4,3.683E3,6.911E3,7.018E4,0.0515,6.3931,1.3846,,,5,1
890,8.1647,8.0851,8.2655,779.3647,779.36017,779.36731,6.973E5,3.534E4,5.879E3,6.973E5,0,1,0,12,[M+FA]-,2,734.36632,890;893,,,,DETECTED,779.3647,779.36017,779.36731,8.1647,8.0851,8.2655,6.973E5,3.534E4,5.879E3,6.973E5,0.0415,1.1479,1.0967,,,4,1
892,8.1693,8.1088,8.258,695.30801,695.30231,695.31091,2.729E5,1.226E4,6.086E3,2.729E5,0,1,0,,,,,,,,,DETECTED,695.30801,695.30231,695.31091,8.1693,8.1088,8.258,2.729E5,1.226E4,6.086E3,2.729E5,0.0375,1.2159,1.1203,,,3,1
893,8.1693,8.1043,8.2443,733.35887,733.35382,733.36566,1.286E5,6.727E3,7.324E3,1.286E5,0,1,0,12,[M-H]-,2,734.36632,890;893,,,,DETECTED,733.35887,733.35382,733.36566,8.1693,8.1043,8.2443,1.286E5,6.727E3,7.324E3,1.286E5,0.0647,1.1388,1.0785,,,6,1
895,8.2307,7.8624,8.3213,311.16657,311.16446,311.16757,1.155E5,2.527E4,9.578E3,1.155E5,0,1,,,,,,,,,,DETECTED,311.16657,311.16446,311.16757,8.2307,7.8624,8.3213,1.155E5,2.527E4,9.578E3,1.155E5,0.2551,0.6231,0.2502,,,3,1
897,8.3964,8.3304,8.5389,751.37073,751.36609,751.37231,9.885E5,5.959E4,9.839E3,9.885E5,1,1,65,,,,,,,,,DETECTED,751.37073,751.36609,751.37231,8.3964,8.3304,8.5389,9.885E5,5.959E4,9.839E3,9.885E5,0.0401,1.5596,2.1426,1,0.0352,4,1
898,8.3964,8.345,8.497,753.37429,753.37024,753.3811,8.625E4,5.412E3,7.42E3,8.625E4,0,1,65,,,,,,,,,DETECTED,753.37429,753.37024,753.3811,8.3964,8.345,8.497,8.625E4,5.412E3,7.42E3,8.625E4,0.0443,1.4539,2.2557,,,4,1
899,8.4292,8.3213,8.6709,311.16648,311.16534,311.16739,9.984E4,1.583E4,1.163E4,9.984E4,0,1,,,,,,,,,,DETECTED,311.16648,311.16534,311.16739,8.4292,8.3213,8.6709,9.984E4,1.583E4,1.163E4,9.984E4,0.153,1.6203,2.2216,,,2,1
900,8.4459,8.3827,8.5298,695.308,695.30359,695.31152,2.35E5,1.125E4,6.232E3,2.35E5,0,1,,,,,,,,,,DETECTED,695.308,695.30359,695.31152,8.4459,8.3827,8.5298,2.35E5,1.125E4,6.232E3,2.35E5,0.0406,1.2723,0.9932,,,5,1
902,8.4626,8.4191,8.5811,709.32521,709.3194,709.32611,1.457E6,5.061E4,1.146E4,1.457E6,1,1,6,,,,,,,,,DETECTED,709.32521,709.3194,709.32611,8.4626,8.4191,8.5811,1.457E6,5.061E4,1.146E4,1.457E6,0.0254,1.6812,1.626,1,-0.0098,3,1
904,8.4626,8.4009,8.5571,747.37504,747.37201,747.37677,5.158E5,2.334E4,1.315E4,5.158E5,1,1,6,,,,,,,,,DETECTED,747.37504,747.37201,747.37677,8.4626,8.4009,8.5571,5.158E5,2.334E4,1.315E4,5.158E5,0.0409,1.3083,1.5643,1,-0.008,7,1
907,8.4626,8.4237,8.5389,793.38516,793.37958,793.38715,4.11E6,1.545E5,1.516E5,4.11E6,1,1,6,,,,,,,,,DETECTED,793.38516,793.37958,793.38715,8.4626,8.4237,8.5389,4.11E6,1.545E5,1.516E5,4.11E6,0.0336,1.304,1.1414,1,0.0264,5,1
909,8.4626,8.4009,8.5571,795.38369,795.37903,795.38989,3.094E5,1.339E4,6.231E3,3.094E5,0,1,6,,,,,,,,,DETECTED,795.38369,795.37903,795.38989,8.4626,8.4009,8.5571,3.094E5,1.339E4,6.231E3,3.094E5,0.0387,1.2184,1.5347,,,5,1
910,8.4626,8.4055,8.5435,859.3489,859.34442,859.3551,1.03E5,5.292E3,7.519E3,1.03E5,0,1,6,,,,,,,,,DETECTED,859.3489,859.34442,859.3551,8.4626,8.4055,8.5435,1.03E5,5.292E3,7.519E3,1.03E5,0.0444,1.3871,1.3221,,,3,1
912,8.4626,8.4459,8.5116,893.28954,893.28448,893.29468,8.966E4,2.567E3,7.217E3,8.966E4,0,1,6,,,,,,,,,DETECTED,893.28954,893.28448,893.29468,8.4626,8.4459,8.5116,8.966E4,2.567E3,7.217E3,8.966E4,0.0279,3.979,2.237,,,6,1
913,8.4684,8.4237,8.5344,663.31753,663.31158,663.32074,1.707E5,6.079E3,7.128E3,1.707E5,0,1,6,,,,,,,,,DETECTED,663.31753,663.31158,663.32074,8.4684,8.4237,8.5344,1.707E5,6.079E3,7.128E3,1.707E5,0.0265,1.3286,1.3458,,,3,1
914,8.4684,8.4191,8.5161,705.36361,705.35699,705.36554,6.397E4,2.712E3,6.602E3,6.397E4,0,1,6,,,,,,,,,DETECTED,705.36361,705.35699,705.36554,8.4684,8.4191,8.5161,6.397E4,2.712E3,6.602E3,6.397E4,0.0343,0.9847,1.0139,,,2,1
915,8.6151,8.3724,8.7462,291.19465,291.19336,291.19519,3.66E5,2.439E4,6.14E3,3.66E5,1,1,,,,,,,,,,DETECTED,291.19465,291.19336,291.19519,8.6151,8.3724,8.7462,3.66E5,2.439E4,6.14E3,3.66E5,0.0454,0.961,0.8413,1,-0.0126,3,1
916,8.6888,8.6481,8.7952,767.3893,767.38464,767.39795,1.102E5,5.66E3,4.916E3,1.102E5,0,1,33,,,,,,,,,DETECTED,767.3893,767.38464,767.39795,8.6888,8.6481,8.7952,1.102E5,5.66E3,4.916E3,1.102E5,0.0414,2.0246,3.5076,,,4,1
917,8.6934,8.639,8.8462,765.38656,765.38147,765.39294,1.277E6,6.116E4,9.864E3,1.277E6,1,1,33,,,,,,,,,DETECTED,765.38656,765.38147,765.39294,8.6934,8.639,8.8462,1.277E6,6.116E4,9.864E3,1.277E6,0.0258,1.8222,3.6894,1,0.0494,5,1
921,8.7237,8.6888,8.7952,711.32787,711.32294,711.33301,8.42E4,3.314E3,7.159E3,8.42E4,0,1,31,,,,,,,,,DETECTED,711.32787,711.32294,711.33301,8.7237,8.6888,8.7952,8.42E4,3.314E3,7.159E3,8.42E4,0.0309,1.9907,2.157,,,4,1
922,8.7282,8.683,8.8271,663.31822,663.31354,663.3205,1.568E5,6.117E3,5.82E3,1.568E5,0,1,31,,,,,,,,,DETECTED,663.31822,663.31354,663.3205,8.7282,8.683,8.8271,1.568E5,6.117E3,5.82E3,1.568E5,0.0275,1.6641,1.7289,,,3,1
923,8.7508,8.683,8.8462,805.37985,805.37451,805.38763,1.803E5,9.462E3,5.953E3,1.803E5,0,1,40,,,,,,,,,DETECTED,805.37985,805.37451,805.38763,8.7508,8.683,8.8462,1.803E5,9.462E3,5.953E3,1.803E5,0.0481,1.1963,1.4726,,,2,1
926,8.7566,8.7116,8.8134,691.31166,691.30579,691.3147,1.186E5,4.057E3,8.771E3,1.186E5,0,1,40,,,,,,,,,DETECTED,691.31166,691.30579,691.3147,8.7566,8.7116,8.8134,1.186E5,4.057E3,8.771E3,1.186E5,0.0386,1.2386,1.0312,,,3,1
927,8.7566,8.7237,8.8508,723.33976,723.3363,723.34265,1.04E6,2.84E4,1.834E4,1.04E6,1,1,40,,,,,,,,,DETECTED,723.33976,723.3363,723.34265,8.7566,8.7237,8.8508,1.04E6,2.84E4,1.834E4,1.04E6,0.0172,1.6439,1.3933,1,-0.0035,4,1
929,8.7566,8.683,8.8611,761.38962,761.38452,761.39331,4.049E5,2.047E4,5.921E3,4.049E5,1,1,40,,,,,,,,,DETECTED,761.38962,761.38452,761.39331,8.7566,8.683,8.8611,4.049E5,2.047E4,5.921E3,4.049E5,0.0461,1.07,1.0189,1,-0.0197,8,1
930,8.7566,8.6888,8.8225,807.40037,807.39453,807.40259,3.578E6,1.46E5,1.007E5,3.578E6,2,1,40,,,,,,,,,DETECTED,807.40037,807.39453,807.40259,8.7566,8.6888,8.8225,3.578E6,1.46E5,1.007E5,3.578E6,0.0337,0.9915,0.6963,2,-0.0427,5,1
932,8.7566,8.6888,8.8462,809.39888,809.39264,809.40417,2.97E5,1.322E4,8.783E3,2.97E5,0,1,40,,,,,,,,,DETECTED,809.39888,809.39264,809.40417,8.7566,8.6888,8.8462,2.97E5,1.322E4,8.783E3,2.97E5,0.0364,0.9823,0.8374,,,5,1
934,8.7566,8.7025,8.8225,905.30475,905.29633,905.30719,4.794E5,1.94E4,9.153E3,4.794E5,1,1,40,,,,,,,,,DETECTED,905.30475,905.29633,905.30719,8.7566,8.7025,8.8225,4.794E5,1.94E4,9.153E3,4.794E5,0.0417,0.8886,0.5469,1,-0.0214,6,1
935,8.8975,8.8747,8.9622,267.19454,267.19376,267.19562,6.362E4,2.114E3,5.844E3,6.362E4,0,1,,,,,,,,,,DETECTED,267.19454,267.19376,267.19562,8.8975,8.8747,8.9622,6.362E4,2.114E3,5.844E3,6.362E4,0.029,2.3049,2.7408,,,2,1
936,8.9248,8.902,8.9804,377.14013,377.13815,377.14163,7.226E4,2.192E3,5.877E3,7.226E4,0,1,59,,,,,,,,,DETECTED,377.14013,377.13815,377.14163,8.9248,8.902,8.9804,7.226E4,2.192E3,5.877E3,7.226E4,0.0259,2.008,2.781,,,2,1
937,8.9303,8.902,8.9862,277.21494,277.21365,277.21536,6.855E4,2.139E3,5.497E3,6.855E4,0,1,59,,,,,,,,,DETECTED,277.21494,277.21365,277.21536,8.9303,8.902,8.9862,6.855E4,2.139E3,5.497E3,6.855E4,0.0292,1.4603,1.7194,,,2,1
939,8.9862,8.944,9.0972,779.4008,779.39545,779.40253,6.128E5,2.004E4,7.193E3,6.128E5,1,1,74,,,,,,,,,DETECTED,779.4008,779.39545,779.40253,8.9862,8.944,9.0972,6.128E5,2.004E4,7.193E3,6.128E5,0.0288,1.5495,2.2632,1,-0.0035,7,1
940,8.9862,8.9576,9.0396,781.40455,781.3974,781.41052,6.37E4,1.944E3,6.674E3,6.37E4,0,1,74,,,,,,,,,DETECTED,781.40455,781.3974,781.41052,8.9862,8.9576,9.0396,6.37E4,1.944E3,6.674E3,6.37E4,0.0291,1.4336,1.8879,,,7,1
941,9.0029,8.902,9.0805,325.182,325.18097,325.18317,7.386E4,8.334E3,1.888E4,7.386E4,0,1,,,,,,,,,,DETECTED,325.182,325.18097,325.18317,9.0029,8.902,9.0805,7.386E4,8.334E3,1.888E4,7.386E4,0.1278,0.885,0.77,,,2,1
944,9.0029,8.9622,9.1017,723.34081,723.33673,723.3429,1.882E6,3.963E4,1.709E4,1.882E6,1,1,7,,,,,,,,,DETECTED,723.34081,723.33673,723.3429,9.0029,8.9622,9.1017,1.882E6,3.963E4,1.709E4,1.882E6,0.0099,1.4944,1.3349,1,-0.008,4,1
946,9.0029,8.9622,9.0805,775.40414,775.39716,775.41101,2.931E5,7.703E3,8.564E3,2.931E5,0,1,7,,,,,,,,,DETECTED,775.40414,775.39716,775.41101,9.0029,8.9622,9.0805,2.931E5,7.703E3,8.564E3,2.931E5,0.0177,1.728,1.8073,,,7,1
947,9.0029,8.9758,9.076,819.39537,819.38855,819.4021,1.991E5,4.271E3,7.085E3,1.991E5,0,1,7,,,,,,,,,DETECTED,819.39537,819.38855,819.4021,9.0029,8.9758,9.076,1.991E5,4.271E3,7.085E3,1.991E5,0.0094,1.6006,1.3026,,,2,1
948,9.0029,8.9804,9.0441,821.41511,821.40967,821.41766,2.621E6,4.917E4,1.545E5,2.621E6,1,1,7,,,,,,,,,DETECTED,821.41511,821.40967,821.41766,9.0029,8.9804,9.0441,2.621E6,4.917E4,1.545E5,2.621E6,0.0097,1.2423,1.4039,1,-0.0098,6,1
950,9.0029,8.9667,9.0805,823.41508,823.40686,823.42218,2.337E5,5.432E3,6.146E3,2.337E5,0,1,7,,,,,,,,,DETECTED,823.41508,823.40686,823.42218,9.0029,8.9667,9.0805,2.337E5,5.432E3,6.146E3,2.337E5,0.0109,2.1134,1.3717,,,6,1
951,9.0029,8.9804,9.0441,887.38197,887.37701,887.38623,8.332E4,2.225E3,1.015E4,8.332E4,0,1,7,,,,,,,,,DETECTED,887.38197,887.37701,887.38623,9.0029,8.9804,9.0441,8.332E4,2.225E3,1.015E4,8.332E4,0.0222,1.416,1.4894,,,3,1
952,9.0029,8.9713,9.0487,919.31997,919.31354,919.32697,4.318E5,7.691E3,6.542E3,4.318E5,1,1,7,,,,,,,,,DETECTED,919.31997,919.31354,919.32697,9.0029,8.9713,9.0487,4.318E5,7.691E3,6.542E3,4.318E5,0.0104,1.1337,1.2367,1,0.0087,6,1
954,9.0396,9.0074,9.2223,271.22591,271.22427,271.22781,2.005E5,1.048E4,6.521E3,2.005E5,0,1,,,,,,,,,,DETECTED,271.22591,271.22427,271.22781,9.0396,9.0074,9.2223,2.005E5,1.048E4,6.521E3,2.005E5,0.1002,2.7904,3.9111,,,2,1
956,9.3449,9.2269,9.3791,325.18216,325.18115,325.18311,1.251E5,7.446E3,1.974E4,1.251E5,0,1,,,,,,,,,,DETECTED,325.18216,325.18115,325.18311,9.3449,9.2269,9.3791,1.251E5,7.446E3,1.974E4,1.251E5,0.0251,0.645,0.29,,,2,1
957,9.3495,9.3064,9.4347,134.89149,134.89131,134.89165,2.273E5,1.556E4,5.655E4,2.273E5,1,1,42,13,[M+Cl]-,2,99.92225,958;957,,,,DETECTED,134.89149,134.89131,134.89165,9.3495,9.3064,9.4347,2.273E5,1.556E4,5.655E4,2.273E5,0.0534,1.4889,1.9777,1,0.0068,4,1
958,9.354,9.3155,9.3791,144.92061,144.92039,144.92072,1.358E6,4.963E4,2.214E5,1.358E6,2,1,42,13,[M+FA]-,2,99.92225,957;958,,,,DETECTED,144.92061,144.92039,144.92072,9.354,9.3155,9.3791,1.358E6,4.963E4,2.214E5,1.358E6,0.0335,0.8259,0.6519,2,-0.0317,8,1
960,9.4541,9.4201,9.5415,619.2514,619.24652,619.2561,1.561E5,5.126E3,5.983E3,1.561E5,0,1,,,,,,,,,,DETECTED,619.2514,619.24652,619.2561,9.4541,9.4201,9.5415,1.561E5,5.126E3,5.983E3,1.561E5,0.0257,1.8972,1.7745,,,3,1
961,9.6165,9.5837,9.7349,591.2583,591.2547,591.2594,3.478E5,1.249E4,6.931E3,3.478E5,0,1,,,,,,,,,,DETECTED,591.2583,591.2547,591.2594,9.6165,9.5837,9.7349,3.478E5,1.249E4,6.931E3,3.478E5,0.0286,2.3438,2.169,,,3,1
962,9.7485,9.5983,9.903,269.21012,269.20871,269.21088,1.408E5,1.081E4,5.262E3,1.408E5,0,1,,,,,,,,,,DETECTED,269.21012,269.20871,269.21088,9.7485,9.5983,9.903,1.408E5,1.081E4,5.262E3,1.408E5,0.0564,1.0045,0.9905,,,2,1
963,9.9121,9.8893,10.0007,355.15582,355.15491,355.15698,5.477E4,2.478E3,6.892E3,5.477E4,0,1,,,,,,,,,,DETECTED,355.15582,355.15491,355.15698,9.9121,9.8893,10.0007,5.477E4,2.478E3,6.892E3,5.477E4,0.0423,2.4468,3.3629,,,2,1
964,10.3039,10.2766,10.3846,605.27357,605.26788,605.27655,3.146E5,7.436E3,5.964E3,3.146E5,0,1,,,,,,,,,,DETECTED,605.27357,605.26788,605.27655,10.3039,10.2766,10.3846,3.146E5,7.436E3,5.964E3,3.146E5,0.0484,1.5975,1.4978,,,3,1
965,10.5366,10.3755,10.8231,581.52249,581.51886,581.52509,1.099E5,1.635E4,5.498E3,1.099E5,0,1,,,,,,,,,,DETECTED,581.52249,581.51886,581.52509,10.5366,10.3755,10.8231,1.099E5,1.635E4,5.498E3,1.099E5,0.1329,1.4108,1.9954,,,3,1
966,10.8334,10.79,10.8799,981.57883,981.57227,981.5816,1.012E6,3.415E4,1.308E4,1.012E6,1,1,36,,,,,,,,,DETECTED,981.57883,981.57227,981.5816,10.8334,10.79,10.8799,1.012E6,3.415E4,1.308E4,1.012E6,0.0268,1.1852,1.1197,1,-0.0138,5,1
967,10.8334,10.7945,10.9378,983.57914,983.57056,983.58575,1.614E5,6.76E3,7.021E3,1.614E5,0,1,36,,,,,,,,,DETECTED,983.57914,983.57056,983.58575,10.8334,10.7945,10.9378,1.614E5,6.76E3,7.021E3,1.614E5,1.0128,1.8224,2.1681,,,5,1
968,10.956,10.9275,11.0073,817.50409,817.49799,817.50696,1.387E5,3.957E3,1.067E4,1.387E5,0,1,,,,,,,,,,DETECTED,817.50409,817.49799,817.50696,10.956,10.9275,11.0073,1.387E5,3.957E3,1.067E4,1.387E5,0.0213,1.7285,1.6057,,,3,1
970,11.2141,11.1709,11.3653,819.52234,819.51691,819.52667,1.272E6,4.403E4,5.936E3,1.272E6,1,1,,,,,,,,,,DETECTED,819.52234,819.51691,819.52667,11.2141,11.1709,11.3653,1.272E6,4.403E4,5.936E3,1.272E6,0.0225,1.975,1.6711,1,-0.0171,6,1
973,11.3607,11.3234,11.412,758.53542,758.53381,758.53723,1.946E5,6.676E3,7.8E3,1.946E5,0,1,,,,,,,,,,DETECTED,758.53542,758.53381,758.53723,11.3607,11.3234,11.412,1.946E5,6.676E3,7.8E3,1.946E5,0.0339,1.3001,1.6624,,,3,1
974,11.4505,11.412,11.5346,758.53549,758.53009,758.54138,8.869E4,4.091E3,1.052E4,8.869E4,0,1,,,,,,,,,,DETECTED,758.53549,758.53009,758.54138,11.4505,11.412,11.5346,8.869E4,4.091E3,1.052E4,8.869E4,0.0354,1.5906,1.8184,,,3,1
