id,rt,rt_range:min,rt_range:max,mz,mz_range:min,mz_range:max,height,area,intensity_range:min,intensity_range:max,fragment_scans,charge,feature_group,ion_identities:iin_id,ion_identities:ion_identities,ion_identities:list_size,ion_identities:neutral_mass,ion_identities:partner_row_ids,ion_identities:iin_relationship,ion_identities:consensus_formulas,ion_identities:simple_formulas,datafile:202406251802_PMA_dbgi_003214_01_01.mzML:feature_state,datafile:202406251802_PMA_dbgi_003214_01_01.mzML:mz,datafile:202406251802_PMA_dbgi_003214_01_01.mzML:mz_range:min,datafile:202406251802_PMA_dbgi_003214_01_01.mzML:mz_range:max,datafile:202406251802_PMA_dbgi_003214_01_01.mzML:rt,datafile:202406251802_PMA_dbgi_003214_01_01.mzML:rt_range:min,datafile:202406251802_PMA_dbgi_003214_01_01.mzML:rt_range:max,datafile:202406251802_PMA_dbgi_003214_01_01.mzML:height,datafile:202406251802_PMA_dbgi_003214_01_01.mzML:area,datafile:202406251802_PMA_dbgi_003214_01_01.mzML:intensity_range:min,datafile:202406251802_PMA_dbgi_003214_01_01.mzML:intensity_range:max,datafile:202406251802_PMA_dbgi_003214_01_01.mzML:fwhm,datafile:202406251802_PMA_dbgi_003214_01_01.mzML:tailing_factor,datafile:202406251802_PMA_dbgi_003214_01_01.mzML:asymmetry_factor,datafile:202406251802_PMA_dbgi_003214_01_01.mzML:fragment_scans,datafile:202406251802_PMA_dbgi_003214_01_01.mzML:rt_ms2_apex_distance,datafile:202406251802_PMA_dbgi_003214_01_01.mzML:isotopes,datafile:202406251802_PMA_dbgi_003214_01_01.mzML:charge
1,0.4824,0.4377,0.5896,226.9637,226.96278,226.96405,8.003E5,4.512E4,1.055E4,8.003E5,1,1,39,,,,,,,,,DETECTED,226.9637,226.96278,226.96405,0.4824,0.4377,0.5896,8.003E5,4.512E4,1.055E4,8.003E5,0.055,2.3839,3.8342,1,-0.0035,3,1
5,0.4912,0.4509,0.5585,275.90395,275.90302,275.90424,9.866E5,4.08E4,1.423E4,9.866E5,1,1,39,,,,,,,,,DETECTED,275.90395,275.90302,275.90424,0.4912,0.4509,0.5585,9.866E5,4.08E4,1.423E4,9.866E5,0.0392,1.3177,1.3704,1,-0.0156,2,1
9,0.4912,0.464,0.5276,389.88415,389.88385,389.8866,2.582E5,8.541E3,2.763E4,2.582E5,1,1,39,,,,,,,,,DETECTED,389.88415,389.88385,389.8866,0.4912,0.464,0.5276,2.582E5,8.541E3,2.763E4,2.582E5,0.0329,1.1694,1.8368,1,0.004,4,1
10,0.4912,0.464,0.5276,391.88374,391.8822,391.88577,6.927E4,2.452E3,1.497E4,6.927E4,0,1,39,,,,,,,,,DETECTED,391.88374,391.8822,391.88577,0.4912,0.464,0.5276,6.927E4,2.452E3,1.497E4,6.927E4,0.035,1.1694,1.3387,,,5,1
18,0.4999,0.3041,0.5343,173.92306,173.92276,173.92322,7.764E5,7.677E4,5.246E4,7.764E5,4,1,39,,,,,,,,,DETECTED,173.92306,173.92276,173.92322,0.4999,0.3041,0.5343,7.764E5,7.677E4,5.246E4,7.764E5,0.0495,0.5877,0.1463,4,-0.1759,3,1
20,0.4999,0.4583,0.5465,230.9064,230.90623,230.90691,2.759E5,1.154E4,2.038E4,2.759E5,1,1,39,,,,,,,,,DETECTED,230.9064,230.90623,230.90691,0.4999,0.4583,0.5465,2.759E5,1.154E4,2.038E4,2.759E5,0.0397,0.9528,0.7856,1,-0.0118,3,1
26,0.4999,0.464,0.5465,386.93791,386.93665,386.93814,1.392E6,3.991E4,1.883E4,1.392E6,1,1,39,,,,,,,,,DETECTED,386.93791,386.93665,386.93814,0.4999,0.464,0.5465,1.392E6,3.991E4,1.883E4,1.392E6,0.0274,1.0209,1.0391,1,-0.0135,5,1
33,0.5067,0.4583,0.6141,158.97615,158.97508,158.97624,2.009E7,1.33E6,1.041E5,2.009E7,3,1,39,,,,,,,,,DETECTED,158.97615,158.97508,158.97624,0.5067,0.4583,0.6141,2.009E7,1.33E6,1.041E5,2.009E7,0.07,1.4608,1.7927,3,-0.0386,5,1
40,0.5067,0.464,0.5585,244.96111,244.95972,244.96182,4.363E5,1.62E4,1.885E4,4.363E5,1,1,39,,,,,,,,,DETECTED,244.96111,244.95972,244.96182,0.5067,0.464,0.5585,4.363E5,1.62E4,1.885E4,4.363E5,0.0357,1.0798,1.0919,1,0.0044,5,1
45,0.5067,0.4583,0.6029,272.95817,272.95636,272.95831,1.052E7,4.082E5,1.519E4,1.052E7,2,1,39,,,,,,,,,DETECTED,272.95817,272.95636,272.95831,0.5067,0.4583,0.6029,1.052E7,4.082E5,1.519E4,1.052E7,0.0374,1.0623,1.0286,2,-0.0294,5,1
49,0.5067,0.464,0.5585,275.95497,275.9541,275.95599,2.809E5,1.139E4,1.461E4,2.809E5,1,1,39,,,,,,,,,DETECTED,275.95497,275.9541,275.95599,0.5067,0.464,0.5585,2.809E5,1.139E4,1.461E4,2.809E5,0.0395,1.073,1.0844,1,0.0129,5,1
51,0.5067,0.4583,0.5465,304.90726,304.90582,304.90805,2.875E5,1.191E4,1.737E4,2.875E5,1,1,39,,,,,,,,,DETECTED,304.90726,304.90582,304.90805,0.5067,0.4583,0.5465,2.875E5,1.191E4,1.737E4,2.875E5,0.0433,0.9631,0.7359,1,0.0061,6,1
53,0.5067,0.464,0.5343,340.94476,340.94315,340.94748,2.701E5,9.84E3,2.581E4,2.701E5,1,1,39,,,,,,,,,DETECTED,340.94476,340.94315,340.94748,0.5067,0.464,0.5343,2.701E5,9.84E3,2.581E4,2.701E5,0.0384,0.7694,0.5817,1,-0.0097,3,1
58,0.5156,0.3041,0.5343,178.97474,178.9744,178.97495,8.261E5,9.084E4,1.579E5,8.261E5,5,1,,,,,,,,,,DETECTED,178.97474,178.9744,178.97495,0.5156,0.3041,0.5343,8.261E5,9.084E4,1.579E5,8.261E5,0.0617,0.5441,0.0882,5,-0.2092,3,1
63,0.5156,0.4999,0.5465,424.90391,424.90262,424.90482,1.431E5,2.981E3,3.641E4,1.431E5,0,1,,,,,,,,,,DETECTED,424.90391,424.90262,424.90482,0.5156,0.4999,0.5465,1.431E5,2.981E3,3.641E4,1.431E5,0.0196,1.4847,1.9694,,,3,1
69,0.5276,0.4999,0.5896,440.87939,440.87671,440.88177,1.389E6,3.467E4,1.45E4,1.389E6,1,1,,,,,,,,,,DETECTED,440.87939,440.87671,440.88177,0.5276,0.4999,0.5896,1.389E6,3.467E4,1.45E4,1.389E6,0.0209,1.4285,1.482,1,-0.0063,5,1
73,0.5276,0.5067,0.578,524.84003,524.83759,524.84387,4.009E5,1.029E4,1.281E4,4.009E5,0,1,27,,,,,,,,,DETECTED,524.84003,524.83759,524.84387,0.5276,0.5067,0.578,4.009E5,1.029E4,1.281E4,4.009E5,0.0227,1.4771,1.5882,,,5,1
75,0.5276,0.5067,0.5706,526.83822,526.83575,526.8396,2.121E5,5.623E3,2.657E4,2.121E5,0,1,,,,,,,,,,DETECTED,526.83822,526.83575,526.8396,0.5276,0.5067,0.5706,2.121E5,5.623E3,2.657E4,2.121E5,0.0242,1.5287,1.5463,,,5,1
78,0.5343,0.4912,0.6141,242.93821,242.93718,242.93897,3.879E6,1.682E5,3.006E4,3.879E6,2,1,27,,,,,,,,,DETECTED,242.93821,242.93718,242.93897,0.5343,0.4912,0.6141,3.879E6,1.682E5,3.006E4,3.879E6,0.0404,1.4441,1.6531,2,-0.0164,5,1
80,0.5343,0.4999,0.6029,326.90005,326.89975,326.90121,3.176E6,1.247E5,4.732E4,3.176E6,1,1,27,,,,,,,,,DETECTED,326.90005,326.89975,326.90121,0.5343,0.4999,0.6029,3.176E6,1.247E5,4.732E4,3.176E6,0.0371,1.4898,2.1556,1,-0.0114,5,1
82,0.5343,0.5067,0.6029,328.89781,328.89758,328.89923,6.987E5,2.775E4,2.718E4,6.987E5,0,1,27,,,,,,,,,DETECTED,328.89781,328.89758,328.89923,0.5343,0.5067,0.6029,6.987E5,2.775E4,2.718E4,6.987E5,0.0372,1.4618,1.5796,,,5,1
85,0.5343,0.5067,0.5896,410.86084,410.85788,410.86142,3.044E6,1.125E5,2.175E5,3.044E6,1,1,27,,,,,,,,,DETECTED,410.86084,410.85788,410.86142,0.5343,0.5067,0.5896,3.044E6,1.125E5,2.175E5,3.044E6,0.0368,1.6883,2.3132,1,0.0038,5,1
87,0.5343,0.5067,0.5896,412.85814,412.8566,412.85861,9.069E5,3.338E4,7.444E4,9.069E5,0,1,27,,,,,,,,,DETECTED,412.85814,412.8566,412.85861,0.5343,0.5067,0.5896,9.069E5,3.338E4,7.444E4,9.069E5,0.0369,1.6913,2.3143,,,5,1
88,0.5343,0.5067,0.5896,494.82156,494.81735,494.82278,4.122E5,1.612E4,2.569E4,4.122E5,1,1,27,,,,,,,,,DETECTED,494.82156,494.81735,494.82278,0.5343,0.5067,0.5896,4.122E5,1.612E4,2.569E4,4.122E5,0.042,1.9662,2.4397,1,0.0089,4,1
91,0.5343,0.5156,0.578,662.73767,662.73627,662.7384,1.743E5,6.088E3,3.782E4,1.743E5,0,1,,,,,,,,,,DETECTED,662.73767,662.73627,662.7384,0.5343,0.5156,0.578,1.743E5,6.088E3,3.782E4,1.743E5,0.0335,1.6719,2.3437,,,5,1
95,0.5585,0.4999,0.625,128.95699,128.95612,128.95717,6.022E6,2.925E5,5.148E4,6.022E6,2,1,16,,,,,,,,,DETECTED,128.95699,128.95612,128.95717,0.5585,0.4999,0.625,6.022E6,2.925E5,5.148E4,6.022E6,0.0467,1.0081,0.9596,2,-0.0339,3,1
97,0.5585,0.5067,0.6029,212.9189,212.91823,212.91943,8.028E5,3.512E4,2.565E4,8.028E5,1,1,16,,,,,,,,,DETECTED,212.9189,212.91823,212.91943,0.5585,0.5067,0.6029,8.028E5,3.512E4,2.565E4,8.028E5,0.0408,1.0297,0.8552,1,-0.0031,2,1
100,0.5585,0.5067,0.6141,296.88123,296.87878,296.88245,2.998E6,1.226E5,2.627E4,2.998E6,1,1,16,,,,,,,,,DETECTED,296.88123,296.87878,296.88245,0.5585,0.5067,0.6141,2.998E6,1.226E5,2.627E4,2.998E6,0.0426,0.8932,0.7759,1,-0.0187,4,1
101,0.5585,0.4824,0.6029,298.87892,298.8779,298.88077,4.694E5,2.04E4,2.152E4,4.694E5,1,1,16,,,,,,,,,DETECTED,298.87892,298.8779,298.88077,0.5585,0.4824,0.6029,4.694E5,2.04E4,2.152E4,4.694E5,0.0445,0.7541,0.4017,1,0.0089,3,1
102,0.5585,0.5067,0.6029,380.84243,380.84146,380.84274,1.688E6,6.546E4,2.055E4,1.688E6,1,1,16,,,,,,,,,DETECTED,380.84243,380.84146,380.84274,0.5585,0.5067,0.6029,1.688E6,6.546E4,2.055E4,1.688E6,0.0374,0.8853,0.7456,1,-0.017,5,1
103,0.5585,0.5067,0.6029,382.84012,382.8392,382.84329,3.918E5,1.614E4,2.23E4,3.918E5,0,1,16,,,,,,,,,DETECTED,382.84012,382.8392,382.84329,0.5585,0.5067,0.6029,3.918E5,1.614E4,2.23E4,3.918E5,0.0393,0.8822,0.7345,,,5,1
104,0.5585,0.5156,0.6029,464.80324,464.80164,464.80603,6.98E5,2.555E4,2.388E4,6.98E5,1,1,16,,,,,,,,,DETECTED,464.80324,464.80164,464.80603,0.5585,0.5156,0.6029,6.98E5,2.555E4,2.388E4,6.98E5,0.0368,0.8494,0.6126,1,-0.008,5,1
116,0.5706,0.5156,0.6141,229.02071,229.01971,229.02139,1.901E5,9.126E3,1.423E4,1.901E5,0,1,,,,,,,,,,DETECTED,229.02071,229.01971,229.02139,0.5706,0.5156,0.6141,1.901E5,9.126E3,1.423E4,1.901E5,0.0532,0.9972,0.8008,,,3,1
121,0.5706,0.5343,0.6029,288.84929,288.84869,288.84982,2.665E5,8.382E3,1.508E4,2.665E5,0,1,64,,,,,,,,,DETECTED,288.84929,288.84869,288.84982,0.5706,0.5343,0.6029,2.665E5,8.382E3,1.508E4,2.665E5,0.0325,1.165,1.4078,,,5,1
123,0.5706,0.5343,0.6029,370.81321,370.81213,370.81427,3.423E5,9.669E3,2.218E4,3.423E5,0,1,64,,,,,,,,,DETECTED,370.81321,370.81213,370.81427,0.5706,0.5343,0.6029,3.423E5,9.669E3,2.218E4,3.423E5,0.0269,1.1577,1.4012,,,4,1
128,0.578,0.5343,0.8063,143.03204,143.03117,143.03284,1.218E6,9.001E4,1.757E4,1.218E6,1,1,1,,,,,,,,,DETECTED,143.03204,143.03117,143.03284,0.578,0.5343,0.8063,1.218E6,9.001E4,1.757E4,1.218E6,0.0508,3.0439,3.9873,1,-0.014,3,1
134,0.5896,0.5156,0.7354,145.05893,145.05782,145.05934,1.052E6,7.262E4,3.516E4,1.052E6,1,1,1,,,,,,,,,DETECTED,145.05893,145.05782,145.05934,0.5896,0.5156,0.7354,1.052E6,7.262E4,3.516E4,1.052E6,0.0552,1.3842,1.149,1,-0.0272,2,1
135,0.5896,0.5343,0.8685,161.04234,161.0416,161.04272,1.196E6,1.022E5,2.174E4,1.196E6,1,1,1,,,,,,,,,DETECTED,161.04234,161.0416,161.04272,0.5896,0.5343,0.8685,1.196E6,1.022E5,2.174E4,1.196E6,0.0519,2.7998,3.5894,1,-0.0239,4,1
136,0.5896,0.5276,0.7565,179.05352,179.05241,179.05399,9.505E6,6.736E5,3.032E4,9.505E6,4,1,1,0,[M-H]-,2,180.06109,136;138,,,,DETECTED,179.05352,179.05241,179.05399,0.5896,0.5276,0.7565,9.505E6,6.736E5,3.032E4,9.505E6,0.0555,2.1556,2.6577,4,-0.0375,3,1
138,0.5896,0.5156,0.7979,225.0596,225.05858,225.06007,4.083E6,3.112E5,9.984E4,4.083E6,3,1,1,0,[M+FA]-,2,180.06109,136;138,,,,DETECTED,225.0596,225.05858,225.06007,0.5896,0.5156,0.7979,4.083E6,3.112E5,9.984E4,4.083E6,0.0584,1.9427,2.1711,3,-0.0358,3,1
141,0.5896,0.5276,0.6687,471.07398,471.07047,471.07553,9.932E5,4.599E4,2.15E4,9.932E5,1,1,1,,,,,,,,,DETECTED,471.07398,471.07047,471.07553,0.5896,0.5276,0.6687,9.932E5,4.599E4,2.15E4,9.932E5,0.0402,1.7116,1.7359,1,-0.0026,3,1
143,0.5896,0.5465,0.6141,555.03387,555.03288,555.03455,1.362E5,4.615E3,1.465E4,1.362E5,0,1,1,,,,,,,,,DETECTED,555.03387,555.03288,555.03455,0.5896,0.5465,0.6141,1.362E5,4.615E3,1.465E4,1.362E5,0.0338,0.7844,0.783,,,2,1
146,0.6029,0.5276,0.7467,146.04291,146.04254,146.04317,2.505E6,1.628E5,6.826E4,2.505E6,2,1,1,,,,,,,,,DETECTED,146.04291,146.04254,146.04317,0.6029,0.5276,0.7467,2.505E6,1.628E5,6.826E4,2.505E6,0.0471,1.6802,1.5616,2,-0.0422,3,1
151,0.6029,0.5465,0.7895,215.03095,215.02983,215.03122,3.495E7,1.647E6,2.062E4,3.495E7,3,1,1,,,,,,,,,DETECTED,215.03095,215.02983,215.03122,0.6029,0.5465,0.7895,3.495E7,1.647E6,2.062E4,3.495E7,0.0383,1.4744,1.7594,3,-0.0284,5,1
154,0.6029,0.5465,0.7565,217.02785,217.02689,217.02806,1.163E7,5.032E5,7.187E4,1.163E7,1,1,1,,,,,,,,,DETECTED,217.02785,217.02689,217.02806,0.6029,0.5465,0.7565,1.163E7,5.032E5,7.187E4,1.163E7,0.0352,1.456,1.5111,1,-0.0177,5,1
157,0.6029,0.5465,0.625,298.11294,298.11133,298.11374,3.277E5,1.038E4,3.889E4,3.277E5,0,1,,,,,,,,,,DETECTED,298.11294,298.11133,298.11374,0.6029,0.5465,0.625,3.277E5,1.038E4,3.889E4,3.277E5,0.0319,0.6962,0.4724,,,2,1
159,0.6029,0.5465,0.6576,341.10727,341.10602,341.108,2.385E6,1.179E5,3.536E4,2.385E6,2,1,1,1,[M-H]-,2,342.11475,161;159,,,,DETECTED,341.10727,341.10602,341.108,0.6029,0.5465,0.6576,2.385E6,1.179E5,3.536E4,2.385E6,0.078,1.1509,1.5856,2,-0.0073,3,1
160,0.6029,0.5585,0.6465,371.11842,371.11685,371.11887,6.494E5,2.242E4,2.099E4,6.494E5,0,1,1,,,,,,,,,DETECTED,371.11842,371.11685,371.11887,0.6029,0.5585,0.6465,6.494E5,2.242E4,2.099E4,6.494E5,0.0314,1.2092,1.4578,,,2,1
161,0.6029,0.5585,0.6576,387.11316,387.11215,387.11389,9.752E6,4.844E5,1.172E5,9.752E6,2,1,1,1,[M+FA]-,2,342.11475,161;159,,,,DETECTED,387.11316,387.11215,387.11389,0.6029,0.5585,0.6576,9.752E6,4.844E5,1.172E5,9.752E6,0.0434,1.1153,1.614,2,-0.021,4,1
162,0.6029,0.5585,0.6357,461.04485,461.04373,461.04742,9.044E5,3.268E4,6.623E4,9.044E5,1,1,1,,,,,,,,,DETECTED,461.04485,461.04373,461.04742,0.6029,0.5585,0.6357,9.044E5,3.268E4,6.623E4,9.044E5,0.0379,0.9907,1.0541,1,0.004,5,1
164,0.6141,0.5465,0.7565,135.02693,135.02542,135.02727,4.425E6,1.846E5,3.882E4,4.425E6,2,1,1,,,,,,,,,DETECTED,135.02693,135.02542,135.02727,0.6141,0.5465,0.7565,4.425E6,1.846E5,3.882E4,4.425E6,0.0314,1.2483,0.7663,2,-0.0154,4,1
165,0.6141,0.5896,0.7795,142.9954,142.99504,142.99567,7.494E5,7.526E4,1.665E5,7.494E5,3,,,,,,,,,,,DETECTED,142.9954,142.99504,142.99567,0.6141,0.5896,0.7795,7.494E5,7.526E4,1.665E5,7.494E5,0.129,3.8734,6.7467,3,0.0194,,
170,0.6141,0.5343,0.8063,165.03696,165.03589,165.03789,1.455E6,8.267E4,1.259E4,1.455E6,1,1,1,2,[M-H]-,2,166.04376,170;183,,,,DETECTED,165.03696,165.03589,165.03789,0.6141,0.5343,0.8063,1.455E6,8.267E4,1.259E4,1.455E6,0.0389,1.7968,2.1385,1,-0.0089,3,1
171,0.6141,0.5585,0.7979,191.05373,191.05199,191.05405,2.154E7,1.299E6,5.852E5,2.154E7,4,1,1,,,,,,,,,DETECTED,191.05373,191.05199,191.05405,0.6141,0.5585,0.7979,2.154E7,1.299E6,5.852E5,2.154E7,0.0473,2.0799,2.6135,4,-0.0305,5,1
174,0.6141,0.5343,0.8759,195.04818,195.04706,195.04877,1.786E6,1.23E5,2.846E4,1.786E6,2,1,1,,,,,,,,,DETECTED,195.04818,195.04706,195.04877,0.6141,0.5343,0.8759,1.786E6,1.23E5,2.846E4,1.786E6,0.0479,1.4456,1.8632,2,-0.0137,5,1
178,0.6141,0.5465,0.7979,245.04061,245.03938,245.04219,8.2E5,5.484E4,2.429E4,8.2E5,1,1,1,,,,,,,,,DETECTED,245.04061,245.03938,245.04219,0.6141,0.5465,0.7979,8.2E5,5.484E4,2.429E4,8.2E5,0.0433,1.713,3.3174,1,-0.0022,3,1
183,0.6141,0.5585,0.8354,377.08477,377.08255,377.08536,2.909E7,1.392E6,1.119E5,2.909E7,3,1,1,2,[2M+FA]-,2,166.04376,170;183,,,,DETECTED,377.08477,377.08255,377.08536,0.6141,0.5585,0.8354,2.909E7,1.392E6,1.119E5,2.909E7,0.0419,1.9453,2.8333,3,-0.017,6,1
184,0.6141,0.5585,0.8252,379.0815,379.07816,379.0834,9.095E6,3.887E5,3.049E4,9.095E6,0,1,1,,,,,,,,,DETECTED,379.0815,379.07816,379.0834,0.6141,0.5585,0.8252,9.095E6,3.887E5,3.049E4,9.095E6,0.033,1.9607,2.2601,,,6,1
185,0.6141,0.5706,0.7467,380.08455,380.08377,380.08627,8.116E5,3.805E4,2.153E4,8.116E5,1,1,1,,,,,,,,,DETECTED,380.08455,380.08377,380.08627,0.6141,0.5706,0.7467,8.116E5,3.805E4,2.153E4,8.116E5,0.0344,2.1248,2.9986,1,0.015,6,1
187,0.6141,0.5706,0.7895,404.10153,404.09802,404.10568,3.385E6,1.379E5,1.143E4,3.385E6,2,1,1,,,,,,,,,DETECTED,404.10153,404.09802,404.10568,0.6141,0.5706,0.7895,3.385E6,1.379E5,1.143E4,3.385E6,0.0298,2.5431,3.4453,2,-0.0055,3,1
188,0.6141,0.5706,0.6687,451.01565,451.01443,451.01767,1.05E6,4.462E4,3.35E4,1.05E6,1,1,1,,,,,,,,,DETECTED,451.01565,451.01443,451.01767,0.6141,0.5706,0.6687,1.05E6,4.462E4,3.35E4,1.05E6,0.0548,1.2801,1.6023,1,-0.0039,5,1
192,0.6141,0.5706,0.7695,533.16965,533.16522,533.1745,1.524E6,6.697E4,1.462E4,1.524E6,1,1,1,,,,,,,,,DETECTED,533.16965,533.16522,533.1745,0.6141,0.5706,0.7695,1.524E6,6.697E4,1.462E4,1.524E6,0.0353,2.833,4.3089,1,0.0133,3,1
195,0.625,0.5896,0.724,173.00581,173.00534,173.00604,5.633E5,4.772E4,1.255E5,5.633E5,1,,,,,,,,,,,DETECTED,173.00581,173.00534,173.00604,0.625,0.5896,0.724,5.633E5,4.772E4,1.255E5,5.633E5,0.0871,1.8955,2.791,1,0.0509,,
201,0.625,0.5896,0.7795,226.99432,226.993,226.99457,7.702E6,3.301E5,2.651E5,7.702E6,3,1,61,,,,,,,,,DETECTED,226.99432,226.993,226.99457,0.625,0.5896,0.7795,7.702E6,3.301E5,2.651E5,7.702E6,0.0276,3.1426,3.7694,3,-0.0055,4,1
202,0.625,0.5896,0.7979,228.99078,228.99006,228.99129,1.877E6,8.758E4,7.39E4,1.877E6,0,1,61,,,,,,,,,DETECTED,228.99078,228.99006,228.99129,0.625,0.5896,0.7979,1.877E6,8.758E4,7.39E4,1.877E6,0.0279,3.1384,4.0418,,,4,1
206,0.625,0.5896,0.7695,383.08115,383.07996,383.08383,4.647E5,2.66E4,2.931E4,4.647E5,0,1,61,,,,,,,,,DETECTED,383.08115,383.07996,383.08383,0.625,0.5896,0.7695,4.647E5,2.66E4,2.931E4,4.647E5,0.0373,3.5192,5.867,,,7,1
209,0.6357,0.5343,0.8553,317.05332,317.05164,317.05603,5.523E5,6.08E4,2.218E4,5.523E5,1,,,,,,,,,,,DETECTED,317.05332,317.05164,317.05603,0.6357,0.5343,0.8553,5.523E5,6.08E4,2.218E4,5.523E5,0.0981,1.6561,1.5398,1,0.0419,,
210,0.6357,0.578,0.885,439.07585,439.07355,439.08026,3.635E6,3.706E5,3.781E4,3.635E6,4,1,14,,,,,,,,,DETECTED,439.07585,439.07355,439.08026,0.6357,0.578,0.885,3.635E6,3.706E5,3.781E4,3.635E6,0.1014,2.1749,3.2086,4,-0.0128,3,1
213,0.6465,0.6141,0.9684,134.01458,134.01405,134.01476,5.346E6,6.918E5,1.247E5,5.346E6,5,1,14,,,,,,,,,DETECTED,134.01458,134.01405,134.01476,0.6465,0.6141,0.9684,5.346E6,6.918E5,1.247E5,5.346E6,0.1332,3.9238,135.0889,5,-0.0147,5,1
218,0.6576,0.6141,1.2668,133.01197,133.01094,133.0121,1.434E8,1.99E7,4.623E5,1.434E8,12,1,14,,,,,,,,,DETECTED,133.01197,133.01094,133.0121,0.6576,0.6141,1.2668,1.434E8,1.99E7,4.623E5,1.434E8,0.1238,3.2311,4.37,12,-0.0274,4,1
221,0.6687,0.6141,0.9477,135.01539,135.01474,135.01581,7.813E5,8.833E4,2.312E4,7.813E5,3,1,14,,,,,,,,,DETECTED,135.01539,135.01474,135.01581,0.6687,0.6141,0.9477,7.813E5,8.833E4,2.312E4,7.813E5,0.0775,10.6,3.6716,3,-0.0132,6,1
222,0.6798,0.5896,0.8685,232.88005,232.87852,232.88231,3.762E5,3.763E4,1.178E4,3.762E5,1,1,14,,,,,,,,,DETECTED,232.88005,232.87852,232.88231,0.6798,0.5896,0.8685,3.762E5,3.763E4,1.178E4,3.762E5,0.0883,1.462,1.4049,1,0.0089,2,1
223,0.6798,0.6141,1.094,268.93519,268.93283,268.93634,9.676E5,1.136E5,1.209E4,9.676E5,2,1,14,,,,,,,,,DETECTED,268.93519,268.93283,268.93634,0.6798,0.6141,1.094,9.676E5,1.136E5,1.209E4,9.676E5,0.115,1.7084,2.5329,2,-0.0259,2,1
225,0.6798,0.625,0.8461,275.01961,275.01797,275.02039,1.544E6,1.362E5,3.289E4,1.544E6,3,1,14,,,,,,,,,DETECTED,275.01961,275.01797,275.02039,0.6798,0.625,0.8461,1.544E6,1.362E5,3.289E4,1.544E6,0.0875,1.6439,2.01,3,-0.0276,3,1
227,0.6798,0.5896,0.8628,431.10098,431.09741,431.10217,9.706E5,9.863E4,2.603E4,9.706E5,2,1,14,,,,,,,,,DETECTED,431.10098,431.09741,431.10217,0.6798,0.5896,0.8628,9.706E5,9.863E4,2.603E4,9.706E5,0.0943,1.5931,1.7345,2,-0.0353,2,1
228,0.6798,0.6141,0.8553,475.12824,475.12628,475.12997,1.77E6,1.777E5,3.821E4,1.77E6,3,1,14,,,,,,,,,DETECTED,475.12824,475.12628,475.12997,0.6798,0.6141,0.8553,1.77E6,1.777E5,3.821E4,1.77E6,0.0616,1.4728,1.6869,3,-0.0387,3,1
235,0.7126,0.625,0.9849,260.9634,260.96225,260.9649,3.884E5,5.983E4,1.94E4,3.884E5,1,,14,,,,,,,,,DETECTED,260.9634,260.96225,260.9649,0.7126,0.625,0.9849,3.884E5,5.983E4,1.94E4,3.884E5,0.1499,1.9853,2.026,1,0.009,,
237,0.7354,0.6357,0.9403,289.01618,289.01468,289.01822,8.796E5,8.28E4,1.558E4,8.796E5,2,1,14,,,,,,,,,DETECTED,289.01618,289.01468,289.01822,0.7354,0.6357,0.9403,8.796E5,8.28E4,1.558E4,8.796E5,0.1135,1.3127,0.9813,2,-0.0483,2,1
238,0.7354,0.6141,0.9849,304.99052,304.98947,304.99106,3.465E6,3.833E5,3.855E4,3.465E6,3,1,14,,,,,,,,,DETECTED,304.99052,304.98947,304.99106,0.7354,0.6141,0.9849,3.465E6,3.833E5,3.855E4,3.465E6,0.1451,0.9543,1.0419,3,-0.0926,3,1
239,0.7354,0.6465,0.8998,316.99024,316.98935,316.99149,4.455E5,5.807E4,1.977E4,4.455E5,2,1,14,,,,,,,,,DETECTED,316.99024,316.98935,316.99149,0.7354,0.6465,0.8998,4.455E5,5.807E4,1.977E4,4.455E5,0.1433,1.3379,1.3486,2,0.0056,3,1
240,0.7354,0.6357,0.8759,319.9463,319.94427,319.94858,3.512E5,3.962E4,1.3E4,3.512E5,1,1,14,,,,,,,,,DETECTED,319.9463,319.94427,319.94858,0.7354,0.6357,0.8759,3.512E5,3.962E4,1.3E4,3.512E5,0.1139,1.0813,0.9149,1,0.009,3,1
241,0.7354,0.625,0.8998,331.94684,331.94534,331.94946,2.127E6,2.082E5,1.044E4,2.127E6,3,1,14,,,,,,,,,DETECTED,331.94684,331.94534,331.94946,0.7354,0.625,0.8998,2.127E6,2.082E5,1.044E4,2.127E6,0.0952,1.0412,0.8841,3,-0.0688,4,1
245,0.7467,0.625,0.8924,275.91864,275.91727,275.92059,3.794E5,5.097E4,3.055E4,3.794E5,1,,14,,,,,,,,,DETECTED,275.91864,275.91727,275.92059,0.7467,0.625,0.8924,3.794E5,5.097E4,3.055E4,3.794E5,0.1249,1.2178,0.998,1,-0.0138,,
246,0.7695,0.6465,0.9195,287.91986,287.91833,287.92133,3.918E5,5.665E4,8.701E3,3.918E5,2,1,14,,,,,,,,,DETECTED,287.91986,287.91833,287.92133,0.7695,0.6465,0.9195,3.918E5,5.665E4,8.701E3,3.918E5,0.1503,1.0326,0.819,2,-0.0301,2,1
248,0.7895,0.5896,0.9684,145.01137,145.01054,145.01158,3.665E6,6.146E5,3.093E4,3.665E6,4,1,14,,,,,,,,,DETECTED,145.01137,145.01054,145.01158,0.7895,0.5896,0.9684,3.665E6,6.146E5,3.093E4,3.665E6,0.1689,1.0614,0.7297,4,-0.1263,3,1
250,0.7895,0.6465,0.9195,343.94598,343.94373,343.94757,4.461E5,5.29E4,8.359E3,4.461E5,2,1,14,,,,,,,,,DETECTED,343.94598,343.94373,343.94757,0.7895,0.6465,0.9195,4.461E5,5.29E4,8.359E3,4.461E5,0.1549,0.8063,0.5361,2,-0.0355,2,1
255,0.8149,0.5896,1.1147,191.01783,191.01627,191.01897,1.72E7,2.013E6,5.431E4,1.72E7,8,1,65,,,,,,,,,DETECTED,191.01783,191.01627,191.01897,0.8149,0.5896,1.1147,1.72E7,2.013E6,5.431E4,1.72E7,0.0763,1.1794,1.0366,8,-0.1173,3,1
259,0.8149,0.6798,1.0263,192.01996,192.01906,192.02019,7.927E5,7.999E4,1.937E4,7.927E5,1,1,65,,,,,,,,,DETECTED,192.01996,192.01906,192.02019,0.8149,0.6798,1.0263,7.927E5,7.999E4,1.937E4,7.927E5,0.0569,1.1821,0.943,1,-0.0281,3,1
266,0.8149,0.6908,0.9684,362.99552,362.99231,362.99759,2.751E5,2.54E4,1.004E4,2.751E5,1,1,,,,,,,,,,DETECTED,362.99552,362.99231,362.99759,0.8149,0.6908,0.9684,2.751E5,2.54E4,1.004E4,2.751E5,0.067,1.03,0.651,1,0.0056,2,1
270,0.8461,0.7795,1.2668,142.9957,142.99541,142.99596,4.782E5,8.606E4,3.148E4,4.782E5,2,,5,,,,,,,,,DETECTED,142.9957,142.99541,142.99596,0.8461,0.7795,1.2668,4.782E5,8.606E4,3.148E4,4.782E5,0.1449,3.6352,5.2168,2,-0.0142,,
271,0.8461,0.724,1.2668,173.00597,173.0052,173.00647,6.561E5,1.117E5,2.77E4,6.561E5,3,1,5,,,,,,,,,DETECTED,173.00597,173.0052,173.00647,0.8461,0.724,1.2668,6.561E5,1.117E5,2.77E4,6.561E5,0.1985,2.3462,2.4394,3,-0.0808,2,1
276,0.8685,0.7795,1.1738,226.99414,226.9937,226.9944,4.775E5,8.601E4,4.238E4,4.775E5,3,1,5,,,,,,,,,DETECTED,226.99414,226.9937,226.9944,0.8685,0.7795,1.1738,4.775E5,8.601E4,4.238E4,4.775E5,0.1796,2.2148,3.4003,3,-0.0566,3,1
282,0.8924,0.7979,1.004,241.00983,241.00844,241.01007,4.246E5,3.904E4,2.443E4,4.246E5,2,1,20,,,,,,,,,DETECTED,241.00983,241.00844,241.01007,0.8924,0.7979,1.004,4.246E5,3.904E4,2.443E4,4.246E5,0.0834,1.0903,1.0674,2,-0.0331,3,1
287,0.9088,0.7979,1.1377,243.06014,243.05873,243.06117,6.839E5,8.287E4,1.844E4,6.839E5,3,1,20,3,[M-H]-,3,244.06768,287;290;289,,,,DETECTED,243.06014,243.05873,243.06117,0.9088,0.7979,1.1377,6.839E5,8.287E4,1.844E4,6.839E5,0.1034,1.345,1.3357,3,-0.0587,2,1
289,0.9195,0.8149,1.0864,279.037,279.0361,279.03748,3.843E5,3.723E4,1.137E4,3.843E5,0,1,20,3,[M+Cl]-,3,244.06768,287;290;289,,,,DETECTED,279.037,279.0361,279.03748,0.9195,0.8149,1.0864,3.843E5,3.723E4,1.137E4,3.843E5,0.0858,1.142,1.1374,,,3,1
290,0.9195,0.8149,1.1147,289.06624,289.06497,289.06769,2.287E5,2.634E4,8.594E3,2.287E5,1,1,20,3,[M+FA]-,3,244.06768,287;290;289,,,,DETECTED,289.06624,289.06497,289.06769,0.9195,0.8149,1.1147,2.287E5,2.634E4,8.594E3,2.287E5,0.1024,1.2944,1.1895,1,0.0072,2,1
292,0.9195,0.8149,1.1262,344.03852,344.03598,344.04114,1.471E5,2.147E4,1.036E4,1.471E5,0,1,20,,,,,,,,,DETECTED,344.03852,344.03598,344.04114,0.9195,0.8149,1.1262,1.471E5,2.147E4,1.036E4,1.471E5,0.1084,1.8835,1.8391,,,2,1
295,0.9403,0.7565,1.2044,217.02752,217.0262,217.02806,1.733E5,4.592E4,3.466E4,1.733E5,0,1,23,,,,,,,,,DETECTED,217.02752,217.0262,217.02806,0.9403,0.7565,1.2044,1.733E5,4.592E4,3.466E4,1.733E5,0.2615,1.2187,1.4375,,,4,1
298,0.9552,0.7895,1.1987,215.03074,215.02983,215.03099,6.607E5,1.666E5,1.388E5,6.607E5,5,1,23,,,,,,,,,DETECTED,215.03074,215.02983,215.03099,0.9552,0.7895,1.1987,6.607E5,1.666E5,1.388E5,6.607E5,0.2453,1.2346,1.4692,5,-0.1142,4,1
300,0.9982,0.8998,1.2668,147.02698,147.02655,147.02757,6.176E5,7.179E4,1.658E4,6.176E5,3,1,,,,,,,,,,DETECTED,147.02698,147.02655,147.02757,0.9982,0.8998,1.2668,6.176E5,7.179E4,1.658E4,6.176E5,0.1115,1.646,1.858,3,-0.0464,3,1
303,1.0544,0.9477,1.408,312.09384,312.09167,312.09674,7.23E5,1.113E5,1.222E4,7.23E5,4,1,,,,,,,,,,DETECTED,312.09384,312.09167,312.09674,1.0544,0.9477,1.408,7.23E5,1.113E5,1.222E4,7.23E5,0.145,2.2916,2.6739,4,-0.0596,2,1
307,1.1434,1.0263,1.3117,282.08238,282.08115,282.08386,1.796E5,2.364E4,1.394E4,1.796E5,0,1,,,,,,,,,,DETECTED,282.08238,282.08115,282.08386,1.1434,1.0263,1.3117,1.796E5,2.364E4,1.394E4,1.796E5,0.1287,1.1997,1.2043,,,2,1
314,1.2742,0.8149,1.3858,158.97577,158.97513,158.976,1.522E6,3.431E5,1.921E5,1.522E6,10,1,10,,,,,,,,,DETECTED,158.97577,158.97513,158.976,1.2742,0.8149,1.3858,1.522E6,3.431E5,1.921E5,1.522E6,0.2038,0.6214,0.2172,10,-0.4349,4,1
316,1.28,1.1147,1.4006,242.9377,242.93707,242.93938,1.181E5,1.725E4,1.074E4,1.181E5,0,1,10,,,,,,,,,DETECTED,242.9377,242.93707,242.93938,1.28,1.1147,1.4006,1.181E5,1.725E4,1.074E4,1.181E5,0.157,0.8648,0.7891,,,3,1
322,1.319,0.7695,1.4245,128.95656,128.95634,128.9568,6.238E5,1.481E5,3.499E4,6.238E5,1,1,10,,,,,,,,,DETECTED,128.95656,128.95634,128.9568,1.319,0.7695,1.4245,6.238E5,1.481E5,3.499E4,6.238E5,0.1687,0.5992,0.2051,1,-0.1049,3,1
325,1.319,1.1814,1.9973,471.07377,471.06995,471.07736,3.923E5,1.13E5,1.719E4,3.923E5,3,1,34,4,[M+FA]-,2,426.07533,328;325,,,,DETECTED,471.07377,471.06995,471.07736,1.319,1.1814,1.9973,3.923E5,1.13E5,1.719E4,3.923E5,0.2438,2.9576,4.0153,3,0.0468,3,1
326,1.3298,1.1987,1.408,555.03275,555.02875,555.0387,6.261E4,6.913E3,8.992E3,6.261E4,0,1,34,,,,,,,,,DETECTED,555.03275,555.02875,555.0387,1.3298,1.1987,1.408,6.261E4,6.913E3,8.992E3,6.261E4,0.1059,0.7984,0.5435,,,3,1
328,1.3372,1.228,1.4648,461.04451,461.04138,461.04794,8.935E4,1.289E4,1.03E4,8.935E4,0,1,34,4,[M+Cl]-,2,426.07533,325;328,,,,DETECTED,461.04451,461.04138,461.04794,1.3372,1.228,1.4648,8.935E4,1.289E4,1.03E4,8.935E4,0.1441,1.084,1.1615,,,4,1
331,1.3619,1.1606,1.6167,225.05953,225.05916,225.05986,6.832E5,1.943E5,1.48E5,6.832E5,6,1,34,5,[M+FA]-,2,180.06103,333;331,,,,DETECTED,225.05953,225.05916,225.05986,1.3619,1.1606,1.6167,6.832E5,1.943E5,1.48E5,6.832E5,0.2926,1.1327,1.2655,6,-0.1002,2,1
333,1.3949,1.1319,1.6727,179.05345,179.05298,179.05374,1.538E6,4.741E5,2.792E5,1.538E6,10,1,34,5,[M-H]-,2,180.06103,333;331,,,,DETECTED,179.05345,179.05298,179.05374,1.3949,1.1319,1.6727,1.538E6,4.741E5,2.792E5,1.538E6,0.2747,1.0282,0.6895,10,-0.2607,3,1
335,1.4138,1.2668,1.8172,173.00593,173.00569,173.00639,2.01E5,5.72E4,2.77E4,2.01E5,0,1,36,6,[M-H]-,2,174.01376,336;335,,,,DETECTED,173.00593,173.00569,173.00639,1.4138,1.2668,1.8172,2.01E5,5.72E4,2.77E4,2.01E5,0.2821,1.8733,2.9945,,,2,1
336,1.4138,1.2668,2.0958,219.01252,219.01141,219.01419,1.203E5,4.108E4,1.027E4,1.203E5,0,1,36,6,[M+FA]-,2,174.01376,336;335,,,,DETECTED,219.01252,219.01141,219.01419,1.4138,1.2668,2.0958,1.203E5,4.108E4,1.027E4,1.203E5,0.2414,2.8216,4.4303,,,2,1
337,1.4138,1.319,1.4738,226.99392,226.99342,226.99428,1.974E5,2.046E4,4.117E4,1.974E5,0,1,36,,,,,,,,,DETECTED,226.99392,226.99342,226.99428,1.4138,1.319,1.4738,1.974E5,2.046E4,4.117E4,1.974E5,0.1192,0.8172,0.6343,,,3,1
338,1.4138,1.1549,1.536,284.94857,284.94702,284.95044,5.594E4,1.077E4,1.038E4,5.594E4,0,1,,,,,,,,,,DETECTED,284.94857,284.94702,284.95044,1.4138,1.1549,1.536,5.594E4,1.077E4,1.038E4,5.594E4,0.2591,0.7362,0.3995,,,2,1
339,1.4138,1.2891,1.4648,404.1012,404.09854,404.10385,6.643E4,7.089E3,1.175E4,6.643E4,0,1,36,,,,,,,,,DETECTED,404.1012,404.09854,404.10385,1.4138,1.2891,1.4648,6.643E4,7.089E3,1.175E4,6.643E4,0.1267,0.7046,0.4103,,,2,1
342,1.4352,1.4006,1.5253,385.13401,385.13235,385.13461,4.144E5,1.876E4,1.417E4,4.144E5,1,1,,,,,,,,,,DETECTED,385.13401,385.13235,385.13461,1.4352,1.4006,1.5253,4.144E5,1.876E4,1.417E4,4.144E5,0.0432,1.4714,1.8443,1,-0.0035,2,1
347,1.4886,1.1929,1.6727,146.04288,146.04271,146.04303,4.169E5,1.23E5,8.022E4,4.169E5,5,1,17,,,,,,,,,DETECTED,146.04288,146.04271,146.04303,1.4886,1.1929,1.6727,4.169E5,1.23E5,8.022E4,4.169E5,0.298,0.8112,0.5771,5,-0.1955,3,1
350,1.5051,1.4648,1.5632,295.10173,295.10074,295.10217,1.571E5,7.21E3,1.582E4,1.571E5,0,1,17,7,[M-H]-,2,296.10911,350;352,,,,DETECTED,295.10173,295.10074,295.10217,1.5051,1.4648,1.5632,1.571E5,7.21E3,1.582E4,1.571E5,0.041,1.219,1.5405,,,3,1
352,1.5051,1.2234,1.6435,341.10743,341.10635,341.10806,6.162E5,1.566E5,1.167E5,6.162E5,6,1,17,8,[M-H]-,3,342.11488,363;353;352,,,,DETECTED,341.10743,341.10635,341.10806,1.5051,1.2234,1.6435,6.162E5,1.566E5,1.167E5,6.162E5,0.2445,0.7456,0.4912,6,-0.2045,3,1
353,1.5051,1.2234,1.6435,387.11335,387.11255,387.11374,2.786E6,7.062E5,4.576E5,2.786E6,7,1,17,8,[M+FA]-,3,342.11488,363;353;352,,,,DETECTED,387.11335,387.11255,387.11374,1.5051,1.2234,1.6435,2.786E6,7.062E5,4.576E5,2.786E6,0.245,0.7456,0.3886,7,-0.2286,3,1
355,1.5147,1.1872,1.9652,135.02658,135.02615,135.0271,2.782E5,7.461E4,1.817E4,2.782E5,1,1,17,,,,,,,,,DETECTED,135.02658,135.02615,135.0271,1.5147,1.1872,1.9652,2.782E5,7.461E4,1.817E4,2.782E5,0.24,1.1828,1.2891,1,0.0072,13,1
358,1.5147,1.2234,2.1074,191.05354,191.0527,191.05389,1.914E6,5.497E5,7.786E4,1.914E6,11,1,17,,,,,,,,,DETECTED,191.05354,191.0527,191.05389,1.5147,1.2234,2.1074,1.914E6,5.497E5,7.786E4,1.914E6,0.2453,1.4722,1.3955,11,-0.2513,4,1
360,1.5147,1.1987,2.1509,215.03071,215.03009,215.03094,1.904E6,5.183E5,2.748E4,1.904E6,9,1,17,,,,,,,,,DETECTED,215.03071,215.03009,215.03094,1.5147,1.1987,2.1509,1.904E6,5.183E5,2.748E4,1.904E6,0.2456,1.1355,1.2036,9,-0.2621,4,1
361,1.5147,1.2044,2.1349,217.02757,217.02641,217.02794,4.794E5,1.328E5,9.44E3,4.794E5,0,1,17,,,,,,,,,DETECTED,217.02757,217.02641,217.02794,1.5147,1.2044,2.1349,4.794E5,1.328E5,9.44E3,4.794E5,0.2288,1.2865,1.3821,,,4,1
363,1.5147,1.2176,1.9927,377.0842,377.08203,377.08505,5.951E5,1.538E5,2.603E4,5.951E5,1,1,17,8,[M+Cl]-,3,342.11488,363;353;352,,,,DETECTED,377.0842,377.08203,377.08505,1.5147,1.2176,1.9927,5.951E5,1.538E5,2.603E4,5.951E5,0.0994,1.2684,1.1855,1,0.013,4,1
364,1.5147,1.2176,1.8821,379.08137,379.07877,379.08365,1.629E5,4.25E4,1.329E4,1.629E5,0,1,17,,,,,,,,,DETECTED,379.08137,379.07877,379.08365,1.5147,1.2176,1.8821,1.629E5,4.25E4,1.329E4,1.629E5,0.0966,1.1152,1.1088,,,4,1
365,1.5147,1.4648,1.6538,404.10135,404.09879,404.10333,9.198E4,1.053E4,2.57E4,9.198E4,0,1,17,,,,,,,,,DETECTED,404.10135,404.09879,404.10333,1.5147,1.4648,1.6538,9.198E4,1.053E4,2.57E4,9.198E4,0.1196,1.8942,2.7884,,,2,1
367,1.5253,1.2668,2.1177,142.99569,142.99522,142.99635,3.363E5,9.5E4,9.871E3,3.363E5,3,1,17,,,,,,,,,DETECTED,142.99569,142.99522,142.99635,1.5253,1.2668,2.1177,3.363E5,9.5E4,9.871E3,3.363E5,0.227,1.5352,1.6549,3,-0.1339,2,1
372,1.5632,1.2668,2.1998,133.01172,133.01138,133.01186,1.101E7,3.495E6,6.14E5,1.101E7,17,1,17,,,,,,,,,DETECTED,133.01172,133.01138,133.01186,1.5632,1.2668,2.1998,1.101E7,3.495E6,6.14E5,1.101E7,0.2579,4.2019,1.0935,17,-0.2493,5,1
373,1.5632,1.2742,1.8172,134.01422,134.01395,134.0148,3.569E5,8.187E4,4.219E4,3.569E5,2,1,17,,,,,,,,,DETECTED,134.01422,134.01395,134.0148,1.5632,1.2742,1.8172,3.569E5,8.187E4,4.219E4,3.569E5,0.1489,0.9396,0.3641,2,-0.0199,5,1
375,1.5632,1.4738,1.8912,226.99401,226.99321,226.99448,5.35E5,7.037E4,4.414E4,5.35E5,2,1,17,,,,,,,,,DETECTED,226.99401,226.99321,226.99448,1.5632,1.4738,1.8912,5.35E5,7.037E4,4.414E4,5.35E5,0.0926,2.2881,3.4417,2,-0.0306,3,1
386,1.5856,1.3041,2.0711,145.01128,145.01089,145.01154,3.877E5,1.182E5,2.856E4,3.877E5,3,1,17,9,[M-H]-,2,146.01873,386;390,,,,DETECTED,145.01128,145.01089,145.01154,1.5856,1.3041,2.0711,3.877E5,1.182E5,2.856E4,3.877E5,0.249,1.3253,1.4976,3,-0.0913,5,1
387,1.5856,1.536,1.7511,164.06845,164.06744,164.06906,4.469E5,2.249E4,9.577E3,4.469E5,1,1,,,,,,,,,,DETECTED,164.06845,164.06744,164.06906,1.5856,1.536,1.7511,4.469E5,2.249E4,9.577E3,4.469E5,0.0453,1.6029,1.7158,1,-0.0109,2,1
390,1.5913,1.343,2.1234,191.01712,191.01651,191.0175,5.656E5,1.972E5,6.825E4,5.656E5,6,1,17,9,[M+FA]-,2,146.01873,386;390,,,,DETECTED,191.01712,191.01651,191.0175,1.5913,1.343,2.1234,5.656E5,1.972E5,6.825E4,5.656E5,0.274,1.5716,2.0803,6,-0.1703,2,1
392,1.7242,1.6893,1.7979,217.11716,217.11639,217.11781,1.217E5,5.456E3,9.381E3,1.217E5,0,1,,,,,,,,,,DETECTED,217.11716,217.11639,217.11781,1.7242,1.6893,1.7979,1.217E5,5.456E3,9.381E3,1.217E5,0.0458,1.6068,1.8919,,,2,1
393,1.7242,1.6893,1.7755,329.08643,329.08466,329.08722,1.974E5,6.231E3,9.317E3,1.974E5,0,1,,,,,,,,,,DETECTED,329.08643,329.08466,329.08722,1.7242,1.6893,1.7755,1.974E5,6.231E3,9.317E3,1.974E5,0.0309,3.0998,1.0675,,,2,1
394,1.7511,1.7287,1.823,218.10118,218.10063,218.10263,3.84E5,1.21E4,9.24E3,3.84E5,1,1,,,,,,,,,,DETECTED,218.10118,218.10063,218.10263,1.7511,1.7287,1.823,3.84E5,1.21E4,9.24E3,3.84E5,0.0276,1.9793,2.4174,1,0.004,2,1
395,1.7801,1.7511,1.8172,291.10681,291.10571,291.10806,1.409E5,3.482E3,8.366E3,1.409E5,0,1,,,,,,,,,,DETECTED,291.10681,291.10571,291.10806,1.7801,1.7511,1.8172,1.409E5,3.482E3,8.366E3,1.409E5,0.0219,1.3788,1.4804,,,2,1
396,1.8172,1.7979,1.8586,515.1374,515.13593,515.13824,1.219E5,3.021E3,8.605E3,1.219E5,0,1,77,,,,,,,,,DETECTED,515.1374,515.13593,515.13824,1.8172,1.7979,1.8586,1.219E5,3.021E3,8.605E3,1.219E5,0.0265,1.9016,2.1558,,,2,1
397,1.823,1.742,1.8821,201.12179,201.12105,201.12231,9.231E4,5.056E3,9.333E3,9.231E4,0,1,77,,,,,,,,,DETECTED,201.12179,201.12105,201.12231,1.823,1.742,1.8821,9.231E4,5.056E3,9.333E3,9.231E4,0.0355,0.8649,0.7296,,,2,1
401,1.8987,1.8775,1.9492,359.09669,359.09479,359.0979,4.766E5,9.558E3,9.361E3,4.766E5,1,1,,,,,,,,,,DETECTED,359.09669,359.09479,359.0979,1.8987,1.8775,1.9492,4.766E5,9.558E3,9.361E3,4.766E5,0.0167,1.5966,1.5329,1,-0.0035,3,1
403,1.9176,1.8912,1.9537,309.11734,309.11432,309.11792,8.439E4,2.05E3,8.705E3,8.439E4,0,1,,,,,,,,,,DETECTED,309.11734,309.11432,309.11792,1.9176,1.8912,1.9537,8.439E4,2.05E3,8.705E3,8.439E4,0.0193,1.1839,1.3127,,,2,1
405,1.9767,1.9595,2.016,517.1165,517.11279,517.11798,9.055E4,2.032E3,8.882E3,9.055E4,0,1,,,,,,,,,,DETECTED,517.1165,517.11279,517.11798,1.9767,1.9595,2.016,9.055E4,2.032E3,8.882E3,9.055E4,0.0185,1.7907,1.9271,,,2,1
407,1.9973,1.9709,2.039,293.12246,293.12198,293.12366,5.512E4,1.576E3,7.427E3,5.512E4,0,1,,,,,,,,,,DETECTED,293.12246,293.12198,293.12366,1.9973,1.9709,2.039,5.512E4,1.576E3,7.427E3,5.512E4,0.0229,1.2923,1.4764,,,2,1
409,2.039,2.0103,2.0958,203.0799,203.07922,203.08043,1.244E5,3.988E3,7.65E3,1.244E5,0,1,,,,,,,,,,DETECTED,203.0799,203.07922,203.08043,2.039,2.0103,2.0958,1.244E5,3.988E3,7.65E3,1.244E5,0.0269,1.3919,1.5637,,,2,1
410,2.0883,2.0711,2.1464,339.0701,339.06781,339.07089,1.303E5,3.529E3,9.555E3,1.303E5,0,1,,,,,,,,,,DETECTED,339.0701,339.06781,339.07089,2.0883,2.0711,2.1464,1.303E5,3.529E3,9.555E3,1.303E5,0.0228,2.2292,2.9602,,,2,1
412,2.1016,2.0826,2.1234,345.11791,345.11639,345.1185,6.044E4,1.125E3,9.045E3,6.044E4,0,1,,,,,,,,,,DETECTED,345.11791,345.11639,345.1185,2.1016,2.0826,2.1234,6.044E4,1.125E3,9.045E3,6.044E4,0.0161,1.0734,0.899,,,2,1
413,2.1177,2.1016,2.1509,373.1121,373.11002,373.11334,7.002E4,1.373E3,7.665E3,7.002E4,0,1,,,,,,,,,,DETECTED,373.1121,373.11002,373.11334,2.1177,2.1016,2.1509,7.002E4,1.373E3,7.665E3,7.002E4,0.0195,1.5344,2.945,,,2,1
415,2.1669,2.1074,2.2881,137.02129,137.02071,137.02156,1.961E5,1.075E4,1.062E4,1.961E5,0,1,,,,,,,,,,DETECTED,137.02129,137.02071,137.02156,2.1669,2.1074,2.2881,1.961E5,1.075E4,1.062E4,1.961E5,0.0392,0.878,3.5662,,,7,1
416,2.1715,2.1566,2.213,343.10146,343.10068,343.1033,8.244E4,1.713E3,7.908E3,8.244E4,0,1,,,,,,,,,,DETECTED,343.10146,343.10068,343.1033,2.1715,2.1566,2.213,8.244E4,1.713E3,7.908E3,8.244E4,0.0172,2.0403,2.2192,,,3,1
417,2.1848,2.1612,2.2393,189.07369,189.07333,189.07431,2.714E5,6.438E3,9.877E3,2.714E5,1,1,,,,,,,,,,DETECTED,189.07369,189.07333,189.07431,2.1848,2.1612,2.2393,2.714E5,6.438E3,9.877E3,2.714E5,0.0202,1.8505,2.4463,1,0.004,2,1
420,2.2055,2.1715,2.3724,188.03213,188.03145,188.03255,2.346E5,1.196E4,9.835E3,2.346E5,1,1,,,,,,,,,,DETECTED,188.03213,188.03145,188.03255,2.2055,2.1715,2.3724,2.346E5,1.196E4,9.835E3,2.346E5,0.0323,2.4243,4.2665,1,-0.0092,2,1
422,2.2175,2.1923,2.365,229.15348,229.1528,229.15402,9.017E5,2.276E4,7.308E3,9.017E5,1,1,60,,,,,,,,,DETECTED,229.15348,229.1528,229.15402,2.2175,2.1923,2.365,9.017E5,2.276E4,7.308E3,9.017E5,0.0198,1.629,1.6847,1,-0.008,4,1
423,2.2175,2.1998,2.2508,297.1408,297.13995,297.1412,5.17E4,1.211E3,8.58E3,5.17E4,0,1,60,,,,,,,,,DETECTED,297.1408,297.13995,297.1412,2.2175,2.1998,2.2508,5.17E4,1.211E3,8.58E3,5.17E4,0.0217,1.4361,12.1083,,,2,1
426,2.2608,2.2336,2.3192,838.15425,838.14813,838.15985,5.394E4,1.964E3,7.411E3,5.394E4,0,1,,,,,,,,,,DETECTED,838.15425,838.14813,838.15985,2.2608,2.2336,2.3192,5.394E4,1.964E3,7.411E3,5.394E4,0.0291,1.5695,1.8171,,,2,1
427,2.2716,2.2508,2.3295,191.0529,191.05264,191.05315,5.639E5,1.728E4,6.108E4,5.639E5,1,1,25,,,,,,,,,DETECTED,191.0529,191.05264,191.05315,2.2716,2.2508,2.3295,5.639E5,1.728E4,6.108E4,5.639E5,0.0233,1.8927,25.8917,1,-0.0035,2,1
428,2.2716,2.2336,2.408,351.07113,351.06912,351.07184,1.56E6,4.616E4,6.717E3,1.56E6,1,1,25,,,,,,,,,DETECTED,351.07113,351.06912,351.07184,2.2716,2.2336,2.408,1.56E6,4.616E4,6.717E3,1.56E6,0.021,2.9215,2.2634,1,-0.0051,2,1
430,2.2716,2.2233,2.5463,353.08638,353.08374,353.08691,9.785E6,3.053E5,1.224E4,9.785E6,3,1,25,,,,,,,,,DETECTED,353.08638,353.08374,353.08691,2.2716,2.2233,2.5463,9.785E6,3.053E5,1.224E4,9.785E6,0.0227,2.6322,2.7192,3,-0.0084,4,1
440,2.3089,2.2881,2.3473,385.11197,385.11105,385.11304,8.843E4,2.027E3,7.974E3,8.843E4,0,1,47,,,,,,,,,DETECTED,385.11197,385.11105,385.11304,2.3089,2.2881,2.3473,8.843E4,2.027E3,7.974E3,8.843E4,0.026,1.3523,1.9751,,,4,1
441,2.3089,2.2881,2.353,431.11573,431.11313,431.11783,1.324E5,3.309E3,9.731E3,1.324E5,0,1,47,,,,,,,,,DETECTED,431.11573,431.11313,431.11783,2.3089,2.2881,2.353,1.324E5,3.309E3,9.731E3,1.324E5,0.0204,1.5239,2.2349,,,3,1
442,2.3134,2.2608,2.465,175.05798,175.0573,175.05826,5.552E5,1.887E4,8.402E3,5.552E5,1,1,47,,,,,,,,,DETECTED,175.05798,175.0573,175.05826,2.3134,2.2608,2.465,5.552E5,1.887E4,8.402E3,5.552E5,0.0273,1.6824,1.6311,1,-0.008,3,1
443,2.3192,2.3014,2.3473,349.13059,349.12781,349.13171,6.053E4,1.146E3,1.047E4,6.053E4,0,1,51,,,,,,,,,DETECTED,349.13059,349.12781,349.13171,2.3192,2.3014,2.3473,6.053E4,1.146E3,1.047E4,6.053E4,0.0178,1.2896,1.6522,,,2,1
444,2.3192,2.2938,2.3799,381.08064,381.07935,381.08185,1.57E5,4.836E3,7.33E3,1.57E5,0,1,51,,,,,,,,,DETECTED,381.08064,381.07935,381.08185,2.3192,2.2938,2.3799,1.57E5,4.836E3,7.33E3,1.57E5,0.0243,2.1234,2.977,,,2,1
445,2.3249,2.3014,2.3724,341.0856,341.08478,341.08594,1.867E5,3.917E3,8.659E3,1.867E5,0,1,51,,,,,,,,,DETECTED,341.0856,341.08478,341.08594,2.3249,2.3014,2.3724,1.867E5,3.917E3,8.659E3,1.867E5,0.0178,1.6863,1.4571,,,2,1
446,2.3295,2.3089,2.353,480.10576,480.10413,480.1087,6.067E4,1.48E3,1.408E4,6.067E4,0,1,,,,,,,,,,DETECTED,480.10576,480.10413,480.1087,2.3295,2.3089,2.353,6.067E4,1.48E3,1.408E4,6.067E4,0.0238,1.0718,1.1437,,,2,1
448,2.3604,2.3398,2.4531,373.11185,373.1091,373.11383,1.565E5,4.174E3,7.257E3,1.565E5,0,1,,,,,,,,,,DETECTED,373.11185,373.1091,373.11383,2.3604,2.3398,2.4531,1.565E5,4.174E3,7.257E3,1.565E5,0.0193,2.5929,3.1513,,,3,1
449,2.3724,2.3473,2.465,163.03667,163.03606,163.03694,1.671E5,4.68E3,7.326E3,1.671E5,0,1,12,,,,,,,,,DETECTED,163.03667,163.03606,163.03694,2.3724,2.3473,2.465,1.671E5,4.68E3,7.326E3,1.671E5,0.0226,2.1693,2.1794,,,3,1
450,2.3724,2.3352,2.5417,325.09112,325.08871,325.09293,2.515E6,6.437E4,8.512E3,2.515E6,1,1,12,,,,,,,,,DETECTED,325.09112,325.08871,325.09293,2.3724,2.3352,2.5417,2.515E6,6.437E4,8.512E3,2.515E6,0.0208,1.7408,1.4776,1,-0.0051,3,1
451,2.3724,2.353,2.4371,357.11731,357.11429,357.11835,4.335E5,1.058E4,9.014E3,4.335E5,1,1,,,,,,,,,,DETECTED,357.11731,357.11429,357.11835,2.3724,2.353,2.4371,4.335E5,1.058E4,9.014E3,4.335E5,0.0211,2.3471,2.9035,1,0.0041,3,1
452,2.3724,2.353,2.4371,393.07709,393.07593,393.07974,1.467E5,3.955E3,7.591E3,1.467E5,0,1,12,,,,,,,,,DETECTED,393.07709,393.07593,393.07974,2.3724,2.353,2.4371,1.467E5,3.955E3,7.591E3,1.467E5,0.0223,2.0637,2.0285,,,2,1
454,2.3799,2.3604,2.4138,461.16443,461.16348,461.16861,1.174E5,2.641E3,9.113E3,1.174E5,0,1,,,,,,,,,,DETECTED,461.16443,461.16348,461.16861,2.3799,2.3604,2.4138,1.174E5,2.641E3,9.113E3,1.174E5,0.0242,1.297,1.3151,,,2,1
455,2.3948,2.3799,2.4428,215.13765,215.13695,215.13792,7.751E4,1.899E3,7.694E3,7.751E4,0,1,,,,,,,,,,DETECTED,215.13765,215.13695,215.13792,2.3948,2.3799,2.4428,7.751E4,1.899E3,7.694E3,7.751E4,0.024,5.3143,3.5779,,,2,1
457,2.4005,2.3845,2.465,323.13302,323.1322,323.13388,2.46E5,5.926E3,7.384E3,2.46E5,1,1,,,,,,,,,,DETECTED,323.13302,323.1322,323.13388,2.4005,2.3845,2.465,2.46E5,5.926E3,7.384E3,2.46E5,0.0205,1.9618,3.252,1,0.004,2,1
458,2.4213,2.4005,2.4886,171.06288,171.0625,171.06316,1.073E5,2.941E3,9.246E3,1.073E5,0,1,63,,,,,,,,,DETECTED,171.06288,171.0625,171.06316,2.4213,2.4005,2.4886,1.073E5,2.941E3,9.246E3,1.073E5,0.022,2.9568,5.047,,,4,1
459,2.4213,2.4005,2.5463,333.1173,333.11584,333.1189,1.233E6,3.23E4,8.604E3,1.233E6,1,1,63,,,,,,,,,DETECTED,333.1173,333.11584,333.1189,2.4213,2.4005,2.5463,1.233E6,3.23E4,8.604E3,1.233E6,0.0189,2.4955,3.3527,1,-0.0035,3,1
461,2.4213,2.4005,2.4474,421.13189,421.12891,421.1326,5.838E4,1.33E3,1.195E4,5.838E4,0,1,,,,,,,,,,DETECTED,421.13189,421.12891,421.1326,2.4213,2.4005,2.4474,5.838E4,1.33E3,1.195E4,5.838E4,0.0192,1.1277,1.2553,,,2,1
462,2.4325,2.408,2.465,480.10754,480.10385,480.11041,1.911E5,4.115E3,1.035E4,1.911E5,0,1,,,,,,,,,,DETECTED,480.10754,480.10385,480.11041,2.4325,2.408,2.465,1.911E5,4.115E3,1.035E4,1.911E5,0.0197,1.1708,1.24,,,2,1
463,2.4531,2.4268,2.6084,179.0317,179.03085,179.03233,3.142E5,1.243E4,1.181E4,3.142E5,1,1,,,,,,,,,,DETECTED,179.0317,179.03085,179.03233,2.4531,2.4268,2.6084,3.142E5,1.243E4,1.181E4,3.142E5,0.0223,3.8034,4.6654,1,0.0068,2,1
465,2.4783,2.4474,2.6084,215.13775,215.13692,215.13829,1.092E6,2.963E4,1.113E4,1.092E6,1,1,,,,,,,,,,DETECTED,215.13775,215.13692,215.13829,2.4783,2.4474,2.6084,1.092E6,2.963E4,1.113E4,1.092E6,0.0203,1.6873,1.3754,1,-0.0092,2,1
467,2.4829,2.465,2.5081,845.16654,845.1615,845.17023,5.309E4,1.11E3,1.172E4,5.309E4,0,1,,,,,,,,,,DETECTED,845.16654,845.1615,845.17023,2.4829,2.465,2.5081,5.309E4,1.11E3,1.172E4,5.309E4,0.0199,1.2093,1.4187,,,2,1
468,2.5081,2.4829,2.5805,347.11498,347.11304,347.11591,7.215E5,1.69E4,9.342E3,7.215E5,1,1,,,,,,,,,,DETECTED,347.11498,347.11304,347.11591,2.5081,2.4829,2.5805,7.215E5,1.69E4,9.342E3,7.215E5,0.0258,1.4841,1.6553,1,-0.0035,3,1
469,2.5136,2.4931,2.5463,475.2159,475.2153,475.21774,1.242E5,2.889E3,9.528E3,1.242E5,0,1,,,,,,,,,,DETECTED,475.2159,475.2153,475.21774,2.5136,2.4931,2.5463,1.242E5,2.889E3,9.528E3,1.242E5,0.0209,1.3275,1.1034,,,2,1
470,2.5182,2.4325,2.6634,246.0747,246.07355,246.0751,3.361E5,2.398E4,8.196E3,3.361E5,1,1,62,,,,,,,,,DETECTED,246.0747,246.07355,246.0751,2.5182,2.4325,2.6634,3.361E5,2.398E4,8.196E3,3.361E5,0.0641,1.1469,1.0268,1,-0.021,2,1
471,2.5182,2.4531,2.5805,264.08567,264.08456,264.0867,5.224E4,3.572E3,1.058E4,5.224E4,0,1,62,,,,,,,,,DETECTED,264.08567,264.08456,264.0867,2.5182,2.4531,2.5805,5.224E4,3.572E3,1.058E4,5.224E4,0.0646,0.9792,0.9584,,,2,1
473,2.536,2.5136,2.588,355.10152,355.09894,355.10226,7.921E5,1.619E4,1.642E4,7.921E5,1,1,33,,,,,,,,,DETECTED,355.10152,355.09894,355.10226,2.536,2.5136,2.588,7.921E5,1.619E4,1.642E4,7.921E5,0.0178,1.5593,2.1322,1,-0.0035,3,1
474,2.536,2.5081,2.5578,784.16894,784.16577,784.17273,1.332E5,2.667E3,1.45E4,1.332E5,0,1,33,,,,,,,,,DETECTED,784.16894,784.16577,784.17273,2.536,2.5081,2.5578,1.332E5,2.667E3,1.45E4,1.332E5,0.0181,0.891,0.7343,,,2,1
475,2.536,2.5136,2.5623,784.66676,784.66553,784.66815,9.775E4,2.1E3,7.651E3,9.775E4,0,1,33,,,,,,,,,DETECTED,784.66676,784.66553,784.66815,2.536,2.5136,2.5623,9.775E4,2.1E3,7.651E3,9.775E4,0.0192,1.0195,1.0788,,,2,1
477,2.5463,2.5285,2.5805,447.1483,447.14407,447.14987,5.385E4,1.274E3,1.117E4,5.385E4,0,1,,,,,,,,,,DETECTED,447.1483,447.14407,447.14987,2.5463,2.5285,2.5805,5.385E4,1.274E3,1.117E4,5.385E4,0.0198,1.4605,1.9209,,,2,1
479,2.5714,2.5578,2.6336,173.0786,173.07838,173.0793,1.315E5,2.958E3,7.811E3,1.315E5,0,1,42,,,,,,,,,DETECTED,173.0786,173.07838,173.0793,2.5714,2.5578,2.6336,1.315E5,2.958E3,7.811E3,1.315E5,0.0175,2.4882,3.795,,,2,1
480,2.5714,2.552,2.6895,335.13307,335.13174,335.13379,1.797E6,3.953E4,7.734E3,1.797E6,1,1,42,,,,,,,,,DETECTED,335.13307,335.13174,335.13379,2.5714,2.552,2.6895,1.797E6,3.953E4,7.734E3,1.797E6,0.018,2.3522,3.6008,1,0.0023,3,1
481,2.5714,2.5578,2.6084,403.11884,403.11804,403.12189,9.113E4,2.005E3,1.332E4,9.113E4,0,1,42,,,,,,,,,DETECTED,403.11884,403.11804,403.12189,2.5714,2.5578,2.6084,9.113E4,2.005E3,1.332E4,9.113E4,0.0192,1.8563,3.4777,,,2,1
483,2.5714,2.5578,2.656,705.15996,705.15466,705.16437,8.967E4,3.733E3,9.245E3,8.967E4,0,1,42,,,,,,,,,DETECTED,705.15996,705.15466,705.16437,2.5714,2.5578,2.656,8.967E4,3.733E3,9.245E3,8.967E4,0.0552,3.5972,5.6729,,,3,1
484,2.5805,2.5136,2.6895,351.07015,351.06833,351.07086,3.194E5,1.141E4,9.093E3,3.194E5,0,1,42,,,,,,,,,DETECTED,351.07015,351.06833,351.07086,2.5805,2.5136,2.6895,3.194E5,1.141E4,9.093E3,3.194E5,0.0258,2.0092,1.7316,,,2,1
485,2.5805,2.5463,2.7279,353.08579,353.08383,353.08667,1.303E6,3.219E4,7.394E3,1.303E6,1,1,42,,,,,,,,,DETECTED,353.08579,353.08383,353.08667,2.5805,2.5463,2.7279,1.303E6,3.219E4,7.394E3,1.303E6,0.0212,1.7432,1.6724,1,-0.0035,2,1
486,2.5935,2.5714,2.6484,243.16882,243.16823,243.16946,1.106E5,2.757E3,6.973E3,1.106E5,0,1,,,,,,,,,,DETECTED,243.16882,243.16823,243.16946,2.5935,2.5714,2.6484,1.106E5,2.757E3,6.973E3,1.106E5,0.0244,3.4775,2.9984,,,2,1
488,2.6027,2.588,2.6439,319.13773,319.13733,319.13925,1.174E5,2.546E3,1.027E4,1.174E5,0,1,,,,,,,,,,DETECTED,319.13773,319.13733,319.13925,2.6027,2.588,2.6439,1.174E5,2.546E3,1.027E4,1.174E5,0.0211,2.046,3.1734,,,2,1
489,2.6027,2.5463,2.8051,337.0913,337.09018,337.09427,3.169E6,8.675E4,6.86E3,3.169E6,2,1,,,,,,,,,,DETECTED,337.0913,337.09018,337.09427,2.6027,2.5463,2.8051,3.169E6,8.675E4,6.86E3,3.169E6,0.0267,2.3636,3.5926,2,-0.0052,5,1
492,2.6027,2.588,2.656,405.07676,405.07513,405.07773,1.08E5,2.758E3,1.203E4,1.08E5,0,1,,,,,,,,,,DETECTED,405.07676,405.07513,405.07773,2.6027,2.588,2.656,1.08E5,2.758E3,1.203E4,1.08E5,0.0224,2.3117,3.427,,,2,1
493,2.6027,2.588,2.656,420.01229,420.00958,420.01514,6.953E4,1.93E3,6.95E3,6.953E4,0,1,,,,,,,,,,DETECTED,420.01229,420.00958,420.01514,2.6027,2.588,2.656,6.953E4,1.93E3,6.95E3,6.953E4,0.0259,2.3712,3.11,,,2,1
498,2.656,2.6393,2.737,385.11216,385.10989,385.11356,1.47E6,3.259E4,8.593E3,1.47E6,1,1,,,,,,,,,,DETECTED,385.11216,385.10989,385.11356,2.656,2.6393,2.737,1.47E6,3.259E4,8.593E3,1.47E6,0.0187,1.9012,2.4489,1,-0.0035,3,1
499,2.656,2.6439,2.6895,453.09913,453.0979,453.10132,8.805E4,1.922E3,1.075E4,8.805E4,0,1,,,,,,,,,,DETECTED,453.09913,453.0979,453.10132,2.656,2.6439,2.6895,8.805E4,1.922E3,1.075E4,8.805E4,0.0188,1.8848,2.4132,,,2,1
502,2.6952,2.6792,2.7176,784.16646,784.16547,784.16791,6.559E4,1.413E3,2.668E4,6.559E4,0,1,,,,,,,,,,DETECTED,784.16646,784.16547,784.16791,2.6952,2.6792,2.7176,6.559E4,1.413E3,2.668E4,6.559E4,0.0225,1.1975,1.3949,,,3,1
503,2.7043,2.6837,2.7279,608.13429,608.13068,608.13751,1.256E5,2.329E3,9.848E3,1.256E5,0,1,,,,,,,,,,DETECTED,608.13429,608.13068,608.13751,2.7043,2.6837,2.7279,1.256E5,2.329E3,9.848E3,1.256E5,0.017,1.2691,1.4753,,,2,1
504,2.7176,2.6895,2.7902,431.1897,431.18658,431.19092,1.115E6,2.544E4,1.091E4,1.115E6,1,1,,,,,,,,,,DETECTED,431.1897,431.18658,431.19092,2.7176,2.6895,2.7902,1.115E6,2.544E4,1.091E4,1.115E6,0.0202,1.5289,1.9207,1,-0.0035,3,1
505,2.7233,2.7043,2.7708,243.16889,243.16789,243.16943,1.891E5,4.143E3,1.181E4,1.891E5,0,1,2,,,,,,,,,DETECTED,243.16889,243.16789,243.16943,2.7233,2.7043,2.7708,1.891E5,4.143E3,1.181E4,1.891E5,0.0223,1.8061,2.0461,,,2,1
506,2.7233,2.7043,2.7902,471.14848,471.14667,471.15118,1.634E5,5.577E3,7.752E3,1.634E5,0,1,2,,,,,,,,,DETECTED,471.14848,471.14667,471.15118,2.7233,2.7043,2.7902,1.634E5,5.577E3,7.752E3,1.634E5,0.0329,2.13,2.8081,,,3,1
507,2.7233,2.7043,2.7484,485.22186,485.21964,485.22336,7.399E4,1.338E3,7.623E3,7.399E4,0,1,2,,,,,,,,,DETECTED,485.22186,485.21964,485.22336,2.7233,2.7043,2.7484,7.399E4,1.338E3,7.623E3,7.399E4,0.0153,1.1611,1.0328,,,2,1
509,2.7484,2.7324,2.7857,727.23791,727.23627,727.24274,1.313E5,3.203E3,9.711E3,1.313E5,0,1,,,,,,,,,,DETECTED,727.23791,727.23627,727.24274,2.7484,2.7324,2.7857,1.313E5,3.203E3,9.711E3,1.313E5,0.0232,1.59,2.2531,,,3,1
510,2.7708,2.753,2.8051,353.17921,353.17813,353.18039,7.771E4,1.649E3,6.826E3,7.771E4,0,1,,,,,,,,,,DETECTED,353.17921,353.17813,353.18039,2.7708,2.753,2.8051,7.771E4,1.649E3,6.826E3,7.771E4,0.0176,1.4805,1.4867,,,2,1
513,2.7902,2.7708,2.8314,352.07754,352.07602,352.07874,2.643E5,6.18E3,1.113E4,2.643E5,1,1,0,,,,,,,,,DETECTED,352.07754,352.07602,352.07874,2.7902,2.7708,2.8314,2.643E5,6.18E3,1.113E4,2.643E5,0.0201,2.0269,3.4308,1,0.0057,3,1
515,2.7994,2.7766,2.8938,367.10161,367.09891,367.10267,1.429E6,3.411E4,1.406E4,1.429E6,1,1,56,,,,,,,,,DETECTED,367.10161,367.09891,367.10267,2.7994,2.7766,2.8938,1.429E6,3.411E4,1.406E4,1.429E6,0.0204,1.8315,2.311,1,-0.0051,2,1
516,2.7994,2.7766,2.8257,369.11612,369.11426,369.11853,6.239E4,1.393E3,7.133E3,6.239E4,0,1,0,,,,,,,,,DETECTED,369.11612,369.11426,369.11853,2.7994,2.7766,2.8257,6.239E4,1.393E3,7.133E3,6.239E4,0.0182,1.077,1.1164,,,2,1
517,2.7994,2.7811,2.836,435.08701,435.08505,435.08835,5.611E4,1.338E3,6.713E3,5.611E4,0,1,56,,,,,,,,,DETECTED,435.08701,435.08505,435.08835,2.7994,2.7811,2.836,5.611E4,1.338E3,6.713E3,5.611E4,0.023,1.5024,2.4093,,,2,1
518,2.8097,2.7902,2.8593,431.18827,431.1875,431.19138,7.304E4,1.812E3,7.667E3,7.304E4,0,1,,,,,,,,,,DETECTED,431.18827,431.1875,431.19138,2.8097,2.7902,2.8593,7.304E4,1.812E3,7.667E3,7.304E4,0.0171,1.7762,3.5797,,,2,1
523,2.8518,2.8314,2.9406,352.0777,352.0759,352.08063,1.337E5,4.003E3,7.742E3,1.337E5,0,1,,,,,,,,,,DETECTED,352.0777,352.0759,352.08063,2.8518,2.8314,2.9406,1.337E5,4.003E3,7.742E3,1.337E5,0.0217,3.1544,3.8241,,,2,1
524,2.8518,2.8314,2.9213,471.14847,471.14511,471.1503,1.73E5,7.005E3,1.075E4,1.73E5,0,1,,,,,,,,,,DETECTED,471.14847,471.14511,471.1503,2.8518,2.8314,2.9213,1.73E5,7.005E3,1.075E4,1.73E5,0.0481,2.2662,3.6971,,,3,1
526,2.8593,2.846,2.8938,337.14824,337.14648,337.14951,5.784E4,1.487E3,1.329E4,5.784E4,0,1,,,,,,,,,,DETECTED,337.14824,337.14648,337.14951,2.8593,2.846,2.8938,5.784E4,1.487E3,1.329E4,5.784E4,0.0218,1.7965,2.593,,,2,1
527,2.8593,2.8405,2.8938,480.10738,480.10638,480.10873,5.984E5,1.111E4,2.495E4,5.984E5,1,2,,,,,,,,,,DETECTED,480.10738,480.10638,480.10873,2.8593,2.8405,2.8938,5.984E5,1.111E4,2.495E4,5.984E5,0.0166,1.5718,1.8324,1,-0.0035,2,2
529,2.8593,2.846,2.8892,783.15962,783.15521,783.16144,7.049E4,1.32E3,9.566E3,7.049E4,0,1,,,,,,,,,,DETECTED,783.15962,783.15521,783.16144,2.8593,2.846,2.8892,7.049E4,1.32E3,9.566E3,7.049E4,0.0174,1.6252,1.9342,,,2,1
530,2.8714,2.8518,2.911,365.17969,365.17905,365.18054,5.74E5,1.124E4,2.072E4,5.74E5,1,1,48,,,,,,,,,DETECTED,365.17969,365.17905,365.18054,2.8714,2.8518,2.911,5.74E5,1.124E4,2.072E4,5.74E5,0.0168,1.3036,1.7687,1,-0.0035,3,1
531,2.876,2.8257,2.9213,186.11024,186.10936,186.11073,9.496E4,2.691E3,8.201E3,9.496E4,0,1,48,,,,,,,,,DETECTED,186.11024,186.10936,186.11073,2.876,2.8257,2.9213,9.496E4,2.691E3,8.201E3,9.496E4,0.0201,0.9932,0.7841,,,2,1
533,2.8892,2.876,2.9156,359.07135,359.06937,359.07243,6.727E4,1.421E3,1.802E4,6.727E4,0,1,3,,,,,,,,,DETECTED,359.07135,359.06937,359.07243,2.8892,2.876,2.9156,6.727E4,1.421E3,1.802E4,6.727E4,0.0204,1.4947,1.9894,,,2,1
534,2.8892,2.8714,2.9463,405.07729,405.0762,405.07864,2.339E5,5.563E3,7.748E3,2.339E5,1,1,3,,,,,,,,,DETECTED,405.07729,405.0762,405.07864,2.8892,2.8714,2.9463,2.339E5,5.563E3,7.748E3,2.339E5,0.021,2.2807,2.5495,1,0.0069,2,1
536,2.8938,2.8639,3.0615,337.09144,337.08838,337.09167,7.013E6,1.741E5,6.965E3,7.013E6,2,1,3,,,,,,,,,DETECTED,337.09144,337.08838,337.09167,2.8938,2.8639,3.0615,7.013E6,1.741E5,6.965E3,7.013E6,0.0208,1.5758,1.619,2,-0.0138,4,1
540,2.8938,2.876,2.9406,437.01403,437.01282,437.01629,1.547E5,3.319E3,7.663E3,1.547E5,0,1,3,,,,,,,,,DETECTED,437.01403,437.01282,437.01629,2.8938,2.876,2.9406,1.547E5,3.319E3,7.663E3,1.547E5,0.0165,1.5579,1.444,,,3,1
541,2.8938,2.876,2.9315,445.20475,445.20145,445.20676,1.21E5,2.676E3,8.366E3,1.21E5,0,1,3,,,,,,,,,DETECTED,445.20475,445.20145,445.20676,2.8938,2.876,2.9315,1.21E5,2.676E3,8.366E3,1.21E5,0.0234,1.5045,2.64,,,2,1
543,2.927,2.911,2.9716,365.17933,365.17816,365.17972,2.685E5,5.463E3,9.909E3,2.685E5,1,1,,,,,,,,,,DETECTED,365.17933,365.17816,365.17972,2.927,2.911,2.9716,2.685E5,5.463E3,9.909E3,2.685E5,0.0175,1.5924,1.9885,1,0.0102,3,1
544,2.9566,2.9315,3.0243,317.10456,317.10373,317.10529,1.153E6,2.003E4,1.003E4,1.153E6,1,1,11,,,,,,,,,DETECTED,317.10456,317.10373,317.10529,2.9566,2.9315,3.0243,1.153E6,2.003E4,1.003E4,1.153E6,0.0134,1.43,1.4613,1,-0.0035,3,1
545,2.9566,2.9315,2.9998,433.2044,433.20255,433.20596,1.985E5,3.907E3,1.344E4,1.985E5,0,1,11,,,,,,,,,DETECTED,433.2044,433.20255,433.20596,2.9566,2.9315,2.9998,1.985E5,3.907E3,1.344E4,1.985E5,0.015,1.437,13.4477,,,2,1
546,2.9641,2.9406,3.0718,161.07886,161.07825,161.07928,8.519E5,2.588E4,8.572E3,8.519E5,1,1,35,,,,,,,,,DETECTED,161.07886,161.07825,161.07928,2.9641,2.9406,3.0718,8.519E5,2.588E4,8.572E3,8.519E5,0.0247,2.2055,3.1913,1,-0.0035,2,1
547,2.9641,2.9406,3.042,203.08971,203.0896,203.09009,2.226E5,7.237E3,9.557E3,2.226E5,1,1,35,,,,,,,,,DETECTED,203.08971,203.0896,203.09009,2.9641,2.9406,3.042,2.226E5,7.237E3,9.557E3,2.226E5,0.0283,2.4104,3.2573,1,0.004,2,1
551,2.9998,2.9819,3.0763,677.12723,677.12451,677.13354,2.957E5,7.754E3,6.496E3,2.957E5,1,1,29,,,,,,,,,DETECTED,677.12723,677.12451,677.13354,2.9998,2.9819,3.0763,2.957E5,7.754E3,6.496E3,2.957E5,0.0231,2.5215,2.8947,1,0.009,3,1
552,2.9998,2.9865,3.0569,708.05517,708.05267,708.05768,1.472E5,4.039E3,7.108E3,1.472E5,0,1,29,,,,,,,,,DETECTED,708.05517,708.05267,708.05768,2.9998,2.9865,3.0569,1.472E5,4.039E3,7.108E3,1.472E5,0.0241,2.3483,2.968,,,5,1
555,3.0043,2.9819,3.0718,206.07968,206.07936,206.08017,1.501E5,4.83E3,8.012E3,1.501E5,0,1,29,,,,,,,,,DETECTED,206.07968,206.07936,206.08017,3.0043,2.9819,3.0718,1.501E5,4.83E3,8.012E3,1.501E5,0.027,1.8917,3.8282,,,3,1
556,3.0043,2.9819,3.0718,607.12862,607.1261,607.13562,2.606E5,7.833E3,7.82E3,2.606E5,0,1,29,,,,,,,,,DETECTED,607.12862,607.1261,607.13562,3.0043,2.9819,3.0718,2.606E5,7.833E3,7.82E3,2.606E5,0.0264,2.4855,1.8775,,,2,1
557,3.0043,2.9774,3.0912,609.14617,609.1405,609.14673,1.207E7,2.99E5,2.285E4,1.207E7,1,1,29,,,,,,,,,DETECTED,609.14617,609.1405,609.14673,3.0043,2.9774,3.0912,1.207E7,2.99E5,2.285E4,1.207E7,0.0226,1.4193,1.7876,1,-0.008,4,1
558,3.0043,2.9865,3.03,609.22412,609.22382,609.22473,1.341E5,2.922E3,1.737E4,1.341E5,0,1,29,,,,,,,,,DETECTED,609.22412,609.22382,609.22473,3.0043,2.9865,3.03,1.341E5,2.922E3,1.737E4,1.341E5,0.0249,1.2191,1.5705,,,2,1
559,3.0043,2.9865,3.03,609.24606,609.24518,609.24701,9.755E4,2.203E3,1.73E4,9.755E4,0,1,29,,,,,,,,,DETECTED,609.24606,609.24518,609.24701,3.0043,2.9865,3.03,9.755E4,2.203E3,1.73E4,9.755E4,0.022,1.2191,1.3308,,,2,1
562,3.014,2.9865,3.0912,367.10139,367.10037,367.10385,7.191E5,1.543E4,7.648E3,7.191E5,1,1,,,,,,,,,,DETECTED,367.10139,367.10037,367.10385,3.014,2.9865,3.0912,7.191E5,1.543E4,7.648E3,7.191E5,0.0172,1.4294,1.7029,1,-0.0035,3,1
563,3.0243,2.9998,3.0615,352.07788,352.077,352.07858,2.243E5,5.759E3,1.245E4,2.243E5,1,1,,,,,,,,,,DETECTED,352.07788,352.077,352.07858,3.0243,2.9998,3.0615,2.243E5,5.759E3,1.245E4,2.243E5,0.0202,1.4278,2.1718,1,0.0023,2,1
564,3.03,2.9819,3.0615,277.15345,277.15292,277.15396,7.445E4,2.512E3,6.936E3,7.445E4,0,1,,,,,,,,,,DETECTED,277.15345,277.15292,277.15396,3.03,2.9819,3.0615,7.445E4,2.512E3,6.936E3,7.445E4,0.0168,0.8538,0.6355,,,2,1
565,3.0495,2.9865,3.1564,173.07872,173.07765,173.07898,4.673E5,1.292E4,7.132E3,4.673E5,1,1,72,,,,,,,,,DETECTED,173.07872,173.07765,173.07898,3.0495,2.9865,3.1564,4.673E5,1.292E4,7.132E3,4.673E5,0.0195,0.8421,2.1925,1,-0.0035,2,1
566,3.0495,3.0243,3.1119,474.17414,474.17178,474.17654,1.026E5,3.376E3,7.481E3,1.026E5,0,1,72,,,,,,,,,DETECTED,474.17414,474.17178,474.17654,3.0495,3.0243,3.1119,1.026E5,3.376E3,7.481E3,1.026E5,0.0481,2.0324,3.1447,,,2,1
567,3.0718,3.0495,3.1564,359.13272,359.13116,359.13403,1.608E5,4.953E3,7.067E3,1.608E5,0,1,,,,,,,,,,DETECTED,359.13272,359.13116,359.13403,3.0718,3.0495,3.1564,1.608E5,4.953E3,7.067E3,1.608E5,0.019,2.1717,4.109,,,2,1
569,3.0821,3.0615,3.1404,352.07774,352.07608,352.07828,5.229E5,1.331E4,1.842E4,5.229E5,1,1,,,,,,,,,,DETECTED,352.07774,352.07608,352.07828,3.0821,3.0615,3.1404,5.229E5,1.331E4,1.842E4,5.229E5,0.0193,1.7244,2.1603,1,-0.0035,3,1
571,3.1004,3.0821,3.1313,783.15977,783.15491,783.1676,8.917E4,1.798E3,8.595E3,8.917E4,0,1,,,,,,,,,,DETECTED,783.15977,783.15491,783.1676,3.1004,3.0821,3.1313,8.917E4,1.798E3,8.595E3,8.917E4,0.0183,1.4458,1.4038,,,2,1
573,3.1061,3.0821,3.1449,463.08523,463.08234,463.08923,7.014E4,1.819E3,8.932E3,7.014E4,0,1,,,,,,,,,,DETECTED,463.08523,463.08234,463.08923,3.1061,3.0821,3.1449,7.014E4,1.819E3,8.932E3,7.014E4,0.0216,1.3068,1.2865,,,2,1
574,3.121,3.1004,3.1828,331.12018,331.11862,331.12134,1.431E5,3.562E3,8.222E3,1.431E5,0,1,53,,,,,,,,,DETECTED,331.12018,331.11862,331.12134,3.121,3.1004,3.1828,1.431E5,3.562E3,8.222E3,1.431E5,0.0186,1.9275,11.2722,,,2,1
575,3.121,3.1004,3.164,367.10449,367.10267,367.10538,9.847E4,2.263E3,7.526E3,9.847E4,0,1,53,,,,,,,,,DETECTED,367.10449,367.10267,367.10538,3.121,3.1004,3.164,9.847E4,2.263E3,7.526E3,9.847E4,0.0192,1.7601,2.3079,,,2,1
576,3.121,3.1004,3.1449,727.23823,727.23645,727.23932,6.022E4,1.124E3,7.679E3,6.022E4,0,1,53,,,,,,,,,DETECTED,727.23823,727.23645,727.23932,3.121,3.1004,3.1449,6.022E4,1.124E3,7.679E3,6.022E4,0.0165,1.0816,1.4567,,,3,1
578,3.1404,3.121,3.1828,565.18929,565.18567,565.19025,1.995E5,3.978E3,1.055E4,1.995E5,0,1,,,,,,,,,,DETECTED,565.18929,565.18567,565.19025,3.1404,3.121,3.1828,1.995E5,3.978E3,1.055E4,1.995E5,0.0178,1.8362,1.8402,,,3,1
579,3.164,3.1449,3.2113,521.19984,521.19751,521.20258,2.318E5,5.281E3,6.78E3,2.318E5,1,1,55,10,[M-H]-,2,522.2066,580;579,,,,DETECTED,521.19984,521.19751,521.20258,3.164,3.1449,3.2113,2.318E5,5.281E3,6.78E3,2.318E5,0.0192,1.8918,2.1353,1,0.0041,3,1
580,3.1715,3.1449,3.1919,567.20428,567.20068,567.20569,7.143E4,1.724E3,1.078E4,7.143E4,0,1,55,10,[M+FA]-,2,522.2066,580;579,,,,DETECTED,567.20428,567.20068,567.20569,3.1715,3.1449,3.1919,7.143E4,1.724E3,1.078E4,7.143E4,0.0222,0.8821,0.8384,,,2,1
583,3.2366,3.2113,3.3201,593.14851,593.14502,593.15356,7.947E5,1.658E4,6.508E3,7.947E5,0,1,9,,,,,,,,,DETECTED,593.14851,593.14502,593.15356,3.2366,3.2113,3.3201,7.947E5,1.658E4,6.508E3,7.947E5,0.0169,1.6289,1.9918,,,4,1
584,3.2412,3.2188,3.2755,323.07861,323.07697,323.07974,8.717E4,2.259E3,8.581E3,8.717E4,0,1,9,,,,,,,,,DETECTED,323.07861,323.07697,323.07974,3.2412,3.2188,3.2755,8.717E4,2.259E3,8.581E3,8.717E4,0.0233,1.239,1.6123,,,2,1
585,3.2412,3.2245,3.264,415.19441,415.19342,415.19595,7.951E4,1.551E3,1.823E4,7.951E4,0,1,9,,,,,,,,,DETECTED,415.19441,415.19342,415.19595,3.2412,3.2245,3.264,7.951E4,1.551E3,1.823E4,7.951E4,0.0191,1.1861,1.3722,,,2,1
586,3.2548,3.121,3.3951,171.06294,171.06216,171.06361,1.214E5,1.292E4,8.174E3,1.214E5,0,1,,,,,,,,,,DETECTED,171.06294,171.06216,171.06361,3.2548,3.121,3.3951,1.214E5,1.292E4,8.174E3,1.214E5,0.0976,0.9588,1.076,,,2,1
588,3.2548,3.2291,3.3373,361.14828,361.14661,361.14938,2.329E5,7.615E3,7.055E3,2.329E5,1,1,,,,,,,,,,DETECTED,361.14828,361.14661,361.14938,3.2548,3.2291,3.3373,2.329E5,7.615E3,7.055E3,2.329E5,0.0229,1.8566,3.2582,1,0.0057,3,1
591,3.3258,3.2961,3.3585,331.1202,331.1185,331.1225,1.177E5,2.891E3,8.592E3,1.177E5,0,1,,,,,,,,,,DETECTED,331.1202,331.1185,331.1225,3.3258,3.2961,3.3585,1.177E5,2.891E3,8.592E3,1.177E5,0.0219,0.9915,1.1212,,,2,1
592,3.3258,3.3098,3.3688,533.16295,533.15894,533.16412,1.361E5,3.067E3,7.797E3,1.361E5,0,1,,,,,,,,,,DETECTED,533.16295,533.15894,533.16412,3.3258,3.3098,3.3688,1.361E5,3.067E3,7.797E3,1.361E5,0.02,1.7803,1.6584,,,3,1
594,3.3733,3.3494,3.4088,329.10424,329.10345,329.10464,1.17E5,2.881E3,7.595E3,1.17E5,0,1,,,,,,,,,,DETECTED,329.10424,329.10345,329.10464,3.3733,3.3494,3.4088,1.17E5,2.881E3,7.595E3,1.17E5,0.0219,1.181,1.3489,,,2,1
595,3.4042,3.3894,3.436,519.18312,519.18219,519.18445,1.042E5,2.059E3,9.066E3,1.042E5,0,1,,,,,,,,,,DETECTED,519.18312,519.18219,519.18445,3.4042,3.3894,3.436,1.042E5,2.059E3,9.066E3,1.042E5,0.0196,1.4333,1.7205,,,2,1
599,3.4806,3.4612,3.5455,565.18934,565.18732,565.19147,4.742E5,8.989E3,6.661E3,4.742E5,0,1,,,,,,,,,,DETECTED,565.18934,565.18732,565.19147,3.4806,3.4612,3.5455,4.742E5,8.989E3,6.661E3,4.742E5,0.0154,1.6702,1.6199,,,3,1
600,3.5232,3.5096,3.553,371.13309,371.13245,371.13495,6.148E4,1.293E3,9.6E3,6.148E4,0,1,,,,,,,,,,DETECTED,371.13309,371.13245,371.13495,3.5232,3.5096,3.553,6.148E4,1.293E3,9.6E3,6.148E4,0.0191,1.5908,1.7509,,,2,1
601,3.5455,3.5141,3.6266,287.14849,287.14722,287.14911,2.21E6,4.696E4,7.14E3,2.21E6,1,1,76,,,,,,,,,DETECTED,287.14849,287.14722,287.14911,3.5455,3.5141,3.6266,2.21E6,4.696E4,7.14E3,2.21E6,0.0198,1.5002,1.8216,1,-0.0035,3,1
602,3.5455,3.5278,3.5769,309.13001,309.1293,309.13086,1.075E5,2.197E3,8.781E3,1.075E5,0,1,76,,,,,,,,,DETECTED,309.13001,309.1293,309.13086,3.5455,3.5278,3.5769,1.075E5,2.197E3,8.781E3,1.075E5,0.0205,1.3366,1.4293,,,2,1
603,3.5575,3.5278,3.6517,175.09456,175.09361,175.09473,1.044E6,2.595E4,6.618E3,1.044E6,1,1,32,,,,,,,,,DETECTED,175.09456,175.09361,175.09473,3.5575,3.5278,3.6517,1.044E6,2.595E4,6.618E3,1.044E6,0.0215,1.7291,1.5048,1,-0.008,2,1
604,3.5575,3.5278,3.6414,217.10579,217.10487,217.10655,3.981E5,1.062E4,6.763E3,3.981E5,1,1,32,,,,,,,,,DETECTED,217.10579,217.10487,217.10655,3.5575,3.5278,3.6414,3.981E5,1.062E4,6.763E3,3.981E5,0.0222,1.6442,1.7371,1,0.0023,2,1
606,3.606,3.5278,3.7132,187.09468,187.09383,187.095,7.161E5,2.131E4,7.098E3,7.161E5,1,1,70,,,,,,,,,DETECTED,187.09468,187.09383,187.095,3.606,3.5278,3.7132,7.161E5,2.131E4,7.098E3,7.161E5,0.024,1.5548,1.5314,1,-0.0035,2,1
607,3.606,3.5872,3.6357,398.19198,398.19147,398.19266,6.971E4,1.57E3,6.852E3,6.971E4,0,1,70,,,,,,,,,DETECTED,398.19198,398.19147,398.19266,3.606,3.5872,3.6357,6.971E4,1.57E3,6.852E3,6.971E4,0.0211,1.0883,1.4914,,,2,1
608,3.6117,3.5927,3.6517,349.1485,349.14822,349.15054,1.172E5,2.674E3,7.761E3,1.172E5,0,1,24,,,,,,,,,DETECTED,349.1485,349.14822,349.15054,3.6117,3.5927,3.6517,1.172E5,2.674E3,7.761E3,1.172E5,0.0204,1.3384,1.2877,,,2,1
610,3.6163,3.5927,3.6678,165.05231,165.0518,165.05254,1.035E5,2.764E3,8.618E3,1.035E5,0,1,24,,,,,,,,,DETECTED,165.05231,165.0518,165.05254,3.6163,3.5927,3.6678,1.035E5,2.764E3,8.618E3,1.035E5,0.0621,1.4618,2.813,,,2,1
611,3.6163,3.5927,3.6723,207.06342,207.06221,207.06393,1.158E5,3.184E3,6.876E3,1.158E5,0,1,24,,,,,,,,,DETECTED,207.06342,207.06221,207.06393,3.6163,3.5927,3.6723,1.158E5,3.184E3,6.876E3,1.158E5,0.0236,2.0137,2.1384,,,2,1
612,3.6163,3.5927,3.6723,417.21004,417.20679,417.21103,4.058E5,1.091E4,7.565E3,4.058E5,0,1,24,,,,,,,,,DETECTED,417.21004,417.20679,417.21103,3.6163,3.5927,3.6723,4.058E5,1.091E4,7.565E3,4.058E5,0.0214,1.2582,1.6151,,,3,1
615,3.7299,3.6915,3.9345,193.0479,193.04686,193.04816,1.021E6,4.069E4,6.966E3,1.021E6,1,1,,,,,,,,,,DETECTED,193.0479,193.04686,193.04816,3.7299,3.6915,3.9345,1.021E6,4.069E4,6.966E3,1.021E6,0.0298,2.472,3.0411,1,-0.008,2,1
617,3.7865,3.7671,3.8231,337.10586,337.10538,337.10669,1.094E5,2.4E3,6.381E3,1.094E5,0,1,28,,,,,,,,,DETECTED,337.10586,337.10538,337.10669,3.7865,3.7671,3.8231,1.094E5,2.4E3,6.381E3,1.094E5,0.0218,1.1913,2.4564,,,2,1
618,3.7865,3.7671,3.8584,517.16832,517.16547,517.17279,1.188E5,3.111E3,6.95E3,1.188E5,0,1,28,11,[M-H]-,2,518.17543,619;618,,,,DETECTED,517.16832,517.16547,517.17279,3.7865,3.7671,3.8584,1.188E5,3.111E3,6.95E3,1.188E5,0.0205,1.8557,1.7845,,,3,1
619,3.7865,3.7671,3.8686,563.17348,563.17206,563.17511,2.967E5,7.607E3,7.124E3,2.967E5,0,1,28,11,[M+FA]-,2,518.17543,619;618,,,,DETECTED,563.17348,563.17206,563.17511,3.7865,3.7671,3.8686,2.967E5,7.607E3,7.124E3,2.967E5,0.0203,2.3836,3.1749,,,3,1
620,3.8334,3.8071,3.9064,282.11143,282.11066,282.11234,9.128E4,3.425E3,6.729E3,9.128E4,0,1,43,,,,,,,,,DETECTED,282.11143,282.11066,282.11234,3.8334,3.8071,3.9064,9.128E4,3.425E3,6.729E3,9.128E4,0.0275,1.743,3.2051,,,2,1
621,3.8334,3.8026,3.8882,555.22554,555.22296,555.22833,2.1E5,6.275E3,8.31E3,2.1E5,0,1,43,,,,,,,,,DETECTED,555.22554,555.22296,555.22833,3.8334,3.8026,3.8882,2.1E5,6.275E3,8.31E3,2.1E5,0.0271,1.5768,2.0387,,,3,1
622,3.8334,3.8186,3.8584,563.26733,563.26605,563.26965,1.072E5,2.116E3,1.982E4,1.072E5,0,1,43,,,,,,,,,DETECTED,563.26733,563.26605,563.26965,3.8334,3.8186,3.8584,1.072E5,2.116E3,1.982E4,1.072E5,0.0197,1.3388,1.6035,,,2,1
623,3.8779,3.8526,3.9345,413.21531,413.21332,413.21713,6.984E5,1.452E4,8.977E3,6.984E5,1,1,44,12,[M-H]-,2,414.22297,623;624,,,,DETECTED,413.21531,413.21332,413.21713,3.8779,3.8526,3.9345,6.984E5,1.452E4,8.977E3,6.984E5,0.0213,1.2313,1.0855,1,-0.0052,3,1
624,3.8779,3.8526,3.9345,459.22155,459.22021,459.22412,5.815E5,1.246E4,9.79E3,5.815E5,1,1,44,12,[M+FA]-,2,414.22297,623;624,,,,DETECTED,459.22155,459.22021,459.22412,3.8779,3.8526,3.9345,5.815E5,1.246E4,9.79E3,5.815E5,0.0214,1.3713,1.3029,1,-0.0035,3,1
629,3.9539,3.9402,3.978,585.26327,585.26176,585.26495,2.65E5,5.408E3,4.737E4,2.65E5,1,1,58,,,,,,,,,DETECTED,585.26327,585.26176,585.26495,3.9539,3.9402,3.978,2.65E5,5.408E3,4.737E4,2.65E5,0.0201,1.3831,1.5138,1,0.0041,2,1
630,3.9539,3.9299,3.9978,1079.5192,1079.51038,1079.521,6.007E5,1.379E4,1.037E4,6.007E5,1,1,58,,,,,,,,,DETECTED,1079.5192,1079.51038,1079.521,3.9539,3.9299,3.9978,6.007E5,1.379E4,1.037E4,6.007E5,0.0205,1.4098,2.1664,1,0.0024,5,1
632,3.9631,3.9345,4.0069,459.22167,459.21835,459.22348,2.563E5,6.135E3,8.931E3,2.563E5,1,1,,,,,,,,,,DETECTED,459.22167,459.21835,459.22348,3.9631,3.9345,4.0069,2.563E5,6.135E3,8.931E3,2.563E5,0.0198,1.2304,1.24,1,-0.0035,3,1
636,3.978,3.6357,4.1824,291.00553,291.00479,291.00638,1.968E5,5.974E4,4.014E4,1.968E5,0,1,52,,,,,,,,,DETECTED,291.00553,291.00479,291.00638,3.978,3.6357,4.1824,1.968E5,5.974E4,4.014E4,1.968E5,0.3403,0.7985,0.597,,,12,1
639,3.978,3.9539,4.0424,586.27247,586.26868,586.27332,1.773E6,6.91E4,1.293E5,1.773E6,1,1,,,,,,,,,,DETECTED,586.27247,586.26868,586.27332,3.978,3.9539,4.0424,1.773E6,6.91E4,1.293E5,1.773E6,0.0331,2.7146,4.0794,1,0.0371,2,1
640,3.978,3.9677,4.0321,1149.51834,1149.50977,1149.52844,5.221E4,1.717E3,9.535E3,5.221E4,0,1,52,,,,,,,,,DETECTED,1149.51834,1149.50977,1149.52844,3.978,3.9677,4.0321,5.221E4,1.717E3,9.535E3,5.221E4,0.0322,3.1297,5.7427,,,3,1
650,3.9978,3.8129,4.0482,305.0215,305.02051,305.02267,9.994E4,1.35E4,2.673E4,9.994E4,0,1,52,,,,,,,,,DETECTED,305.0215,305.02051,305.02267,3.9978,3.8129,4.0482,9.994E4,1.35E4,2.673E4,9.994E4,0.0993,0.6362,0.2725,,,4,1
651,4.0127,3.9874,4.1105,299.18448,299.18365,299.1853,4.654E5,1.357E4,8.302E3,4.654E5,1,1,,,,,,,,,,DETECTED,299.18448,299.18365,299.1853,4.0127,3.9874,4.1105,4.654E5,1.357E4,8.302E3,4.654E5,0.0246,2.4552,2.9042,1,0.004,3,1
652,4.0527,4.0264,4.1014,313.10969,313.10837,313.11035,1.271E5,3.291E3,7.937E3,1.271E5,0,1,,,,,,,,,,DETECTED,313.10969,313.10837,313.11035,4.0527,4.0264,4.1014,1.271E5,3.291E3,7.937E3,1.271E5,0.023,1.564,1.6889,,,2,1
653,4.0664,4.0379,4.1227,577.266,577.26086,577.26697,3.987E5,1.056E4,1.146E4,3.987E5,0,1,30,,,,,,,,,DETECTED,577.266,577.26086,577.26697,4.0664,4.0379,4.1227,3.987E5,1.056E4,1.146E4,3.987E5,0.0202,1.8134,2.3471,,,3,1
654,4.0664,4.0127,4.1014,1063.52261,1063.51453,1063.53064,1.952E5,5.094E3,8.208E3,1.952E5,0,1,30,13,[M-H]-,2,1064.52879,655;654,,,,DETECTED,1063.52261,1063.51453,1063.53064,4.0664,4.0127,4.1014,1.952E5,5.094E3,8.208E3,1.952E5,0.0208,1.1358,1.2587,,,4,1
655,4.0664,4.0424,4.1388,1109.52589,1109.51746,1109.52991,2.937E5,8.238E3,7.411E3,2.937E5,0,1,30,13,[M+FA]-,2,1064.52879,655;654,,,,DETECTED,1109.52589,1109.51746,1109.52991,4.0664,4.0424,4.1388,2.937E5,8.238E3,7.411E3,2.937E5,0.0204,1.9517,2.7765,,,4,1
662,4.0914,4.0664,4.1702,1111.54171,1111.53564,1111.54504,5.65E5,1.676E4,1.075E4,5.65E5,0,1,,,,,,,,,,DETECTED,1111.54171,1111.53564,1111.54504,4.0914,4.0664,4.1702,5.65E5,1.676E4,1.075E4,5.65E5,0.0332,1.3562,1.7042,,,4,1
664,4.1105,4.0722,4.1938,505.24535,505.24149,505.24768,6.43E5,1.543E4,8.273E3,6.43E5,1,1,26,,,,,,,,,DETECTED,505.24535,505.24149,505.24768,4.1105,4.0722,4.1938,6.43E5,1.543E4,8.273E3,6.43E5,0.0193,1.8959,2.428,1,0.0023,2,1
665,4.1105,4.0914,4.1611,965.48579,965.48126,965.48743,4.591E5,1.022E4,1.736E4,4.591E5,1,1,26,14,[M+FA]-,2,920.48785,666;665,,,,DETECTED,965.48579,965.48126,965.48743,4.1105,4.0914,4.1611,4.591E5,1.022E4,1.736E4,4.591E5,0.0181,1.889,2.5787,1,0.0042,4,1
666,4.1182,4.0969,4.1657,919.48084,919.47357,919.48242,2.323E5,5.327E3,8.05E3,2.323E5,0,1,26,14,[M-H]-,2,920.48785,666;665,,,,DETECTED,919.48084,919.47357,919.48242,4.1182,4.0969,4.1657,2.323E5,5.327E3,8.05E3,2.323E5,0.0198,1.8163,1.1144,,,3,1
668,4.1508,4.1273,4.3317,235.05887,235.05768,235.05925,3.857E5,1.495E4,6.544E3,3.857E5,1,1,,,,,,,,,,DETECTED,235.05887,235.05768,235.05925,4.1508,4.1273,4.3317,3.857E5,1.495E4,6.544E3,3.857E5,0.0261,3.485,3.6803,1,0.0023,2,1
669,4.1702,4.1388,4.2711,372.23719,372.23547,372.23801,2.579E5,9.091E3,7.965E3,2.579E5,1,1,,,,,,,,,,DETECTED,372.23719,372.23547,372.23801,4.1702,4.1388,4.2711,2.579E5,9.091E3,7.965E3,2.579E5,0.0216,2.5308,1.7694,1,0.0087,3,1
671,4.1938,3.9631,4.5812,323.01233,323.01132,323.01413,8.741E4,4.007E4,3.573E4,8.741E4,0,1,,,,,,,,,,DETECTED,323.01233,323.01132,323.01413,4.1938,3.9631,4.5812,8.741E4,4.007E4,3.573E4,8.741E4,0.5846,1.3395,1.6789,,,6,1
673,4.1996,4.1824,4.2487,461.23701,461.23593,461.24054,1.78E5,4.347E3,7.823E3,1.78E5,0,1,,,,,,,,,,DETECTED,461.23701,461.23593,461.24054,4.1996,4.1824,4.2487,1.78E5,4.347E3,7.823E3,1.78E5,0.0224,1.699,2.7566,,,2,1
674,4.2847,4.2544,4.3484,769.3937,769.38879,769.39893,4.212E5,9.314E3,8.68E3,4.212E5,0,1,,,,,,,,,,DETECTED,769.3937,769.38879,769.39893,4.2847,4.2544,4.3484,4.212E5,9.314E3,8.68E3,4.212E5,0.0186,1.5619,1.7618,,,4,1
676,4.3408,4.1566,4.5412,228.98822,228.98788,228.98862,1.525E5,3.797E4,4.258E4,1.525E5,0,1,,,,,,,,,,DETECTED,228.98822,228.98788,228.98862,4.3408,4.1566,4.5412,1.525E5,3.797E4,4.258E4,1.525E5,0.2363,1.0436,1.0872,,,12,1
681,4.3615,4.2802,4.761,207.06407,207.06248,207.06424,1.033E7,4.104E5,8.182E3,1.033E7,3,1,,,,,,,,,,DETECTED,207.06407,207.06248,207.06424,4.3615,4.2802,4.761,1.033E7,4.104E5,8.182E3,1.033E7,0.0308,0.6657,2.106,3,-0.0166,3,1
685,4.4176,4.3764,4.4655,381.16634,381.16541,381.16837,7.572E4,3.374E3,8.363E3,7.572E4,0,1,,,,,,,,,,DETECTED,381.16634,381.16541,381.16837,4.4176,4.3764,4.4655,7.572E4,3.374E3,8.363E3,7.572E4,0.0396,1.0822,1.0865,,,2,1
686,4.4437,4.4003,4.4713,555.22454,555.22308,555.22797,7.17E4,1.971E3,1.274E4,7.17E4,0,1,,,,,,,,,,DETECTED,555.22454,555.22308,555.22797,4.4437,4.4003,4.4713,7.17E4,1.971E3,1.274E4,7.17E4,0.0187,0.8175,0.6586,,,2,1
688,4.4483,4.4118,4.6427,374.25335,374.25073,374.25714,3.396E6,1.281E5,6.918E3,3.396E6,1,1,,,,,,,,,,DETECTED,374.25335,374.25073,374.25714,4.4483,4.4118,4.6427,3.396E6,1.281E5,6.918E3,3.396E6,0.037,2.7926,5.5333,1,0.0447,4,1
691,4.5027,4.4815,4.5263,339.17895,339.17767,339.17935,6.583E4,1.333E3,9.304E3,6.583E4,0,1,59,,,,,,,,,DETECTED,339.17895,339.17767,339.17935,4.5027,4.4815,4.5263,6.583E4,1.333E3,9.304E3,6.583E4,0.0202,1.0563,0.8905,,,2,1
692,4.5027,4.477,4.5915,555.22707,555.22296,555.23041,1.153E6,2.434E4,8.24E3,1.153E6,0,1,59,,,,,,,,,DETECTED,555.22707,555.22296,555.23041,4.5027,4.477,4.5915,1.153E6,2.434E4,8.24E3,1.153E6,0.0179,1.2804,1.188,,,4,1
694,4.5148,4.4907,4.5412,399.17541,399.17401,399.17627,5.505E4,1.509E3,1.433E4,5.505E4,0,1,,,,,,,,,,DETECTED,399.17541,399.17401,399.17627,4.5148,4.4907,4.5412,5.505E4,1.509E3,1.433E4,5.505E4,0.027,1.0444,1.0887,,,2,1
696,4.6871,4.67,4.7449,313.20034,313.19916,313.20142,7.236E4,1.963E3,1.021E4,7.236E4,0,1,,,,,,,,,,DETECTED,313.20034,313.19916,313.20142,4.6871,4.67,4.7449,7.236E4,1.963E3,1.021E4,7.236E4,0.0203,2.184,2.1527,,,2,1
697,4.7329,4.7032,4.7878,223.09498,223.09378,223.09549,7.959E4,2.865E3,8.636E3,7.959E4,0,1,,,,,,,,,,DETECTED,223.09498,223.09378,223.09549,4.7329,4.7032,4.7878,7.959E4,2.865E3,8.636E3,7.959E4,0.0297,1.424,1.9566,,,2,1
703,4.7449,4.4334,4.8506,355.01899,355.01773,355.02011,1.371E5,2.07E4,2.535E4,1.371E5,0,1,8,,,,,,,,,DETECTED,355.01899,355.01773,355.02011,4.7449,4.4334,4.8506,1.371E5,2.07E4,2.535E4,1.371E5,0.06,0.6696,0.3393,,,3,1
708,4.7449,4.7283,4.761,677.41642,677.41327,677.41882,6.908E4,1.107E3,8.585E3,6.908E4,0,1,8,,,,,,,,,DETECTED,677.41642,677.41327,677.41882,4.7449,4.7283,4.761,6.908E4,1.107E3,8.585E3,6.908E4,0.0157,0.987,1.2816,,,2,1
711,4.7506,4.6871,4.9927,327.21696,327.21478,327.21808,2.607E7,7.547E5,1.269E4,2.607E7,3,1,8,,,,,,,,,DETECTED,327.21696,327.21478,327.21808,4.7506,4.6871,4.9927,2.607E7,7.547E5,1.269E4,2.607E7,0.0255,1.3218,2.0115,3,-0.036,3,1
712,4.7506,4.718,4.8038,327.25759,327.25613,327.25827,1.948E5,4.926E3,7.655E3,1.948E5,0,1,8,,,,,,,,,DETECTED,327.25759,327.25613,327.25827,4.7506,4.718,4.8038,1.948E5,4.926E3,7.655E3,1.948E5,0.0209,1.2826,1.5309,,,2,1
715,4.7506,4.4334,4.7832,341.00232,341.00104,341.00354,1.357E5,2.063E4,2.968E4,1.357E5,0,1,8,,,,,,,,,DETECTED,341.00232,341.00104,341.00354,4.7506,4.4334,4.7832,1.357E5,2.063E4,2.968E4,1.357E5,0.092,0.5514,0.1028,,,3,1
719,4.7506,4.6986,4.8393,395.20239,395.20078,395.20554,6.672E5,2.042E4,6.863E3,6.672E5,1,1,8,,,,,,,,,DETECTED,395.20239,395.20078,395.20554,4.7506,4.6986,4.8393,6.672E5,2.042E4,6.863E3,6.672E5,0.0287,1.4147,1.5179,1,-0.0092,3,1
720,4.7506,4.718,4.8084,396.20412,396.20248,396.20694,1.047E5,3.35E3,7.096E3,1.047E5,0,1,8,,,,,,,,,DETECTED,396.20412,396.20248,396.20694,4.7506,4.718,4.8084,1.047E5,3.35E3,7.096E3,1.047E5,0.0414,1.329,1.1167,,,3,1
726,4.8448,4.8233,4.8951,242.17364,242.17316,242.17416,7.66E4,2.152E3,6.53E3,7.66E4,0,1,,,,,,,,,,DETECTED,242.17364,242.17316,242.17416,4.8448,4.8233,4.8951,7.66E4,2.152E3,6.53E3,7.66E4,0.0234,1.6632,1.9522,,,2,1
728,4.8894,4.8609,4.9321,239.12647,239.12613,239.12808,7.615E4,2.162E3,6.849E3,7.615E4,0,1,,,,,,,,,,DETECTED,239.12647,239.12613,239.12808,4.8894,4.8609,4.9321,7.615E4,2.162E3,6.849E3,7.615E4,0.025,1.2781,1.5102,,,2,1
730,4.9175,4.8836,5.0041,221.07962,221.07809,221.07993,4.841E5,1.507E4,1.007E4,4.841E5,1,1,,,,,,,,,,DETECTED,221.07962,221.07809,221.07993,4.9175,4.8836,5.0041,4.841E5,1.507E4,1.007E4,4.841E5,0.0261,1.4548,1.0694,1,-0.0138,2,1
737,5.0275,4.9778,5.2337,329.232,329.23019,329.23349,7.744E6,2.306E5,6.972E3,7.744E6,2,1,40,,,,,,,,,DETECTED,329.232,329.23019,329.23349,5.0275,4.9778,5.2337,7.744E6,2.306E5,6.972E3,7.744E6,0.025,1.7919,2.7286,2,-0.0138,4,1
738,5.0332,4.9481,5.3705,264.98984,264.98907,264.99023,4.297E5,4.658E4,1.955E4,4.297E5,2,1,,,,,,,,,,DETECTED,264.98984,264.98907,264.99023,5.0332,4.9481,5.3705,4.297E5,4.658E4,1.955E4,4.297E5,0.0849,2.5154,2.2754,2,-0.044,14,1
739,5.0332,4.9927,5.1437,327.21678,327.21506,327.21771,1.198E6,2.85E4,1.451E4,1.198E6,1,1,40,,,,,,,,,DETECTED,327.21678,327.21506,327.21771,5.0332,4.9927,5.1437,1.198E6,2.85E4,1.451E4,1.198E6,0.0179,1.4746,1.4972,1,-0.0035,3,1
744,5.0332,5.0041,5.1035,397.21788,397.21658,397.21976,1.967E5,6.047E3,6.573E3,1.967E5,0,1,40,,,,,,,,,DETECTED,397.21788,397.21658,397.21976,5.0332,5.0041,5.1035,1.967E5,6.047E3,6.573E3,1.967E5,0.0253,1.5779,1.7546,,,2,1
745,5.0914,5.0703,5.2041,388.26834,388.26599,388.27023,4.764E5,1.433E4,7.515E3,4.764E5,0,1,,,,,,,,,,DETECTED,388.26834,388.26599,388.27023,5.0914,5.0703,5.2041,4.764E5,1.433E4,7.515E3,4.764E5,0.0191,2.4456,2.0562,,,3,1
746,5.1231,5.0914,5.1904,139.1098,139.10947,139.11008,1.646E5,4.619E3,7.277E3,1.646E5,0,1,50,,,,,,,,,DETECTED,139.1098,139.10947,139.11008,5.1231,5.0914,5.1904,1.646E5,4.619E3,7.277E3,1.646E5,0.0223,1.4275,1.2779,,,2,1
747,5.1231,5.0869,5.2452,183.09977,183.09914,183.10007,7.615E5,2.374E4,7.39E3,7.615E5,1,1,50,,,,,,,,,DETECTED,183.09977,183.09914,183.10007,5.1231,5.0869,5.2452,7.615E5,2.374E4,7.39E3,7.615E5,0.0262,1.419,1.2789,1,-0.011,2,1
748,5.1231,5.0703,5.2543,296.99623,296.99579,296.99692,2.915E5,2.21E4,1.598E4,2.915E5,1,1,50,,,,,,,,,DETECTED,296.99623,296.99579,296.99692,5.1231,5.0703,5.2543,2.915E5,2.21E4,1.598E4,2.915E5,0.0523,1.7466,3.6063,1,-0.0035,13,1
750,5.1734,5.1289,5.3398,238.99261,238.99223,238.99326,1.152E5,9.347E3,1.501E4,1.152E5,0,1,,,,,,,,,,DETECTED,238.99261,238.99223,238.99326,5.1734,5.1289,5.3398,1.152E5,9.347E3,1.501E4,1.152E5,0.0539,2.3683,3.7704,,,12,1
758,5.2953,4.9732,5.5856,287.01115,287.01047,287.01202,6.929E4,2.821E4,1.863E4,6.929E4,0,1,,,,,,,,,,DETECTED,287.01115,287.01047,287.01202,5.2953,4.9732,5.5856,6.929E4,2.821E4,1.863E4,6.929E4,0.495,0.9507,0.9014,,,14,1
760,5.3659,5.3147,5.4618,240.98831,240.98764,240.98897,1.884E5,1.101E4,2.098E4,1.884E5,0,1,57,,,,,,,,,DETECTED,240.98831,240.98764,240.98897,5.3659,5.3147,5.4618,1.884E5,1.101E4,2.098E4,1.884E5,0.0446,1.4353,1.7036,,,11,1
761,5.3659,5.3147,5.44,251.09034,251.08946,251.09148,6.008E4,2.801E3,7.494E3,6.008E4,0,1,57,,,,,,,,,DETECTED,251.09034,251.08946,251.09148,5.3659,5.3147,5.44,6.008E4,2.801E3,7.494E3,6.008E4,0.0466,1.2227,1.3117,,,2,1
762,5.4076,5.3614,5.4915,329.23168,329.2308,329.2337,4.917E5,1.316E4,7.204E3,4.917E5,1,1,,,,,,,,,,DETECTED,329.23168,329.2308,329.2337,5.4076,5.3614,5.4915,4.917E5,1.316E4,7.204E3,4.917E5,0.0213,1.5944,1.007,1,-0.0035,3,1
763,5.4242,5.3841,5.6596,193.08434,193.08325,193.08459,1.018E6,4.06E4,1.107E4,1.018E6,1,1,,,,,,,,,,DETECTED,193.08434,193.08325,193.08459,5.4242,5.3841,5.6596,1.018E6,4.06E4,1.107E4,1.018E6,0.0287,2.0993,1.9925,1,-0.0126,3,1
765,5.4457,5.3956,5.6105,341.23173,341.22995,341.23398,3.3E6,1.054E5,7.345E3,3.3E6,2,1,,,,,,,,,,DETECTED,341.23173,341.22995,341.23398,5.4457,5.3956,5.6105,3.3E6,1.054E5,7.345E3,3.3E6,0.0256,2.7505,2.3861,2,-0.0092,4,1
769,5.4915,5.4675,5.5604,947.47174,947.46558,947.48242,6.229E4,2.48E3,9.069E3,6.229E4,0,1,,,,,,,,,,DETECTED,947.47174,947.46558,947.48242,5.4915,5.4675,5.5604,6.229E4,2.48E3,9.069E3,6.229E4,0.0271,1.938,2.8415,,,3,1
770,5.513,5.4812,5.6414,234.98135,234.98071,234.98335,9.505E4,4.67E3,6.207E3,9.505E4,0,1,54,,,,,,,,,DETECTED,234.98135,234.98071,234.98335,5.513,5.4812,5.6414,9.505E4,4.67E3,6.207E3,9.505E4,0.035,2.4059,3.7665,,,10,1
771,5.513,5.4342,5.655,256.98355,256.98288,256.98547,3.263E5,1.608E4,1.06E4,3.263E5,1,1,54,,,,,,,,,DETECTED,256.98355,256.98288,256.98547,5.513,5.4342,5.655,3.263E5,1.608E4,1.06E4,3.263E5,0.0368,2.5631,4.2182,1,0.0039,12,1
773,5.565,5.5399,5.6414,253.14227,253.14136,253.1433,8.719E4,3.219E3,8.293E3,8.719E4,0,1,,,,,,,,,,DETECTED,253.14227,253.14136,253.1433,5.565,5.5399,5.6414,8.719E4,3.219E3,8.293E3,8.719E4,0.037,1.8429,2.869,,,2,1
774,5.5753,5.2498,5.6265,305.00194,305.00113,305.00299,1.249E5,1.803E4,1.711E4,1.249E5,0,1,,,,,,,,,,DETECTED,305.00194,305.00113,305.00299,5.5753,5.2498,5.6265,1.249E5,1.803E4,1.711E4,1.249E5,0.0932,0.5787,0.2077,,,14,1
781,5.745,5.7108,5.9059,343.24707,343.24518,343.24808,9.505E5,3.476E4,6.996E3,9.505E5,1,1,,,,,,,,,,DETECTED,343.24707,343.24518,343.24808,5.745,5.7108,5.9059,9.505E5,3.476E4,6.996E3,9.505E5,0.0255,3.0438,2.1492,1,-0.0092,3,1
782,5.7778,5.745,5.8269,274.97437,274.97394,274.97501,1.503E5,5.3E3,1.67E4,1.503E5,0,1,,,,,,,,,,DETECTED,274.97437,274.97394,274.97501,5.7778,5.745,5.8269,1.503E5,5.3E3,1.67E4,1.503E5,0.0314,1.248,1.5309,,,2,1
783,5.858,5.836,5.9059,597.27199,597.26855,597.27661,1.203E5,3.129E3,8.295E3,1.203E5,0,1,41,,,,,,,,,DETECTED,597.27199,597.26855,597.27661,5.858,5.836,5.9059,1.203E5,3.129E3,8.295E3,1.203E5,0.0239,1.4361,2.1305,,,3,1
784,5.8638,5.8315,5.9162,291.1947,291.19354,291.19595,7.087E4,2.748E3,6.072E3,7.087E4,0,1,41,,,,,,,,,DETECTED,291.1947,291.19354,291.19595,5.8638,5.8315,5.9162,7.087E4,2.748E3,6.072E3,7.087E4,0.035,1.2223,1.8302,,,2,1
786,5.8683,5.8269,5.9059,309.20548,309.20389,309.20584,5.427E5,1.714E4,1.807E4,5.427E5,1,1,41,,,,,,,,,DETECTED,309.20548,309.20389,309.20584,5.8683,5.8269,5.9059,5.427E5,1.714E4,1.807E4,5.427E5,0.0287,1.0759,1.1933,1,-0.008,3,1
788,5.8911,5.8638,5.9514,331.24707,331.24579,331.24847,1.164E5,3.184E3,6.455E3,1.164E5,0,1,,,,,,,,,,DETECTED,331.24707,331.24579,331.24847,5.8911,5.8638,5.9514,1.164E5,3.184E3,6.455E3,1.164E5,0.0274,1.6875,2.7587,,,2,1
789,5.9354,5.9059,5.9663,309.20532,309.20486,309.20575,1.616E5,5.438E3,4.101E4,1.616E5,0,1,,,,,,,,,,DETECTED,309.20532,309.20486,309.20575,5.9354,5.9059,5.9663,1.616E5,5.438E3,4.101E4,1.616E5,0.0292,1.0248,1.0496,,,2,1
790,5.9617,5.9354,6.0773,293.17423,293.17273,293.17606,7.019E5,2.214E4,7.357E3,7.019E5,1,1,,,,,,,,,,DETECTED,293.17423,293.17273,293.17606,5.9617,5.9354,6.0773,7.019E5,2.214E4,7.357E3,7.019E5,0.026,2.0507,2.4799,1,-0.0035,3,1
791,5.9845,5.9663,6.1548,309.20517,309.20374,309.2059,1.404E5,1.382E4,1.83E4,1.404E5,0,1,,,,,,,,,,DETECTED,309.20517,309.20374,309.2059,5.9845,5.9663,6.1548,1.404E5,1.382E4,1.83E4,1.404E5,0.1094,5.1726,9.1629,,,2,1
792,6.0579,6.0185,6.1307,673.26611,673.26044,673.2688,3.058E5,8.813E3,6.466E3,3.058E5,0,1,18,,,,,,,,,DETECTED,673.26611,673.26044,673.2688,6.0579,6.0185,6.1307,3.058E5,8.813E3,6.466E3,3.058E5,0.0282,1.1941,2.1411,,,3,1
793,6.0579,6.0276,6.1398,693.32904,693.32452,693.33093,5.489E5,1.533E4,7.117E3,5.489E5,1,1,18,,,,,,,,,DETECTED,693.32904,693.32452,693.33093,6.0579,6.0276,6.1398,5.489E5,1.533E4,7.117E3,5.489E5,0.0222,1.4118,2.112,1,-0.0051,4,1
795,6.0965,6.0728,6.1444,249.1108,249.11002,249.11145,5.724E4,1.598E3,6.338E3,5.724E4,0,1,67,,,,,,,,,DETECTED,249.1108,249.11002,249.11145,6.0965,6.0728,6.1444,5.724E4,1.598E3,6.338E3,5.724E4,0.0235,1.5106,2.1846,,,2,1
796,6.0965,6.0579,6.252,309.16927,309.16873,309.17133,2.597E5,1.054E4,6.963E3,2.597E5,1,1,67,,,,,,,,,DETECTED,309.16927,309.16873,309.17133,6.0965,6.0579,6.252,2.597E5,1.054E4,6.963E3,2.597E5,0.0265,2.8168,2.1356,1,0.0023,2,1
797,6.165,6.1216,6.2338,639.28692,639.28162,639.2879,7.168E6,1.83E5,1.24E5,7.168E6,2,1,45,,,,,,,,,DETECTED,639.28692,639.28162,639.2879,6.165,6.1216,6.2338,7.168E6,1.83E5,1.24E5,7.168E6,0.0222,1.4586,1.5527,2,-0.0138,4,1
800,6.165,6.1171,6.2384,641.28723,641.28406,641.29187,3.349E5,9.214E3,8.35E3,3.349E5,0,1,45,,,,,,,,,DETECTED,641.28723,641.28406,641.29187,6.165,6.1171,6.2384,3.349E5,9.214E3,8.35E3,3.349E5,0.0224,1.1626,1.4978,,,4,1
801,6.1696,6.1398,6.2024,629.2558,629.2514,629.25964,7.539E4,1.948E3,6.189E3,7.539E4,0,1,45,,,,,,,,,DETECTED,629.2558,629.2514,629.25964,6.1696,6.1398,6.2024,7.539E4,1.948E3,6.189E3,7.539E4,0.0239,1.1892,1.1203,,,3,1
802,6.1796,6.1548,6.2666,239.1266,239.12598,239.12764,9.96E4,3.594E3,6.654E3,9.96E4,0,1,,,,,,,,,,DETECTED,239.1266,239.12598,239.12764,6.1796,6.1548,6.2666,9.96E4,3.594E3,6.654E3,9.96E4,0.0294,2.0617,2.208,,,2,1
803,6.1979,6.1548,6.2906,309.20536,309.20401,309.20667,2.404E5,7.817E3,7.795E3,2.404E5,1,1,,,,,,,,,,DETECTED,309.20536,309.20401,309.20667,6.1979,6.1548,6.2906,2.404E5,7.817E3,7.795E3,2.404E5,0.0241,1.3611,0.2503,1,0.0086,2,1
804,6.2338,6.1888,6.3088,311.22112,311.2189,311.22311,1.397E5,5.731E3,7.158E3,1.397E5,0,1,,,,,,,,,,DETECTED,311.22112,311.2189,311.22311,6.2338,6.1888,6.3088,1.397E5,5.731E3,7.158E3,1.397E5,0.0304,1.2815,1.0368,,,2,1
805,6.3134,6.2906,6.3867,309.20528,309.20432,309.2059,1.167E5,4.042E3,7.795E3,1.167E5,0,1,,,,,,,,,,DETECTED,309.20528,309.20432,309.2059,6.3134,6.2906,6.3867,1.167E5,4.042E3,7.795E3,1.167E5,0.0307,2.3364,3.4295,,,2,1
806,6.3913,6.361,6.414,687.28057,687.27466,687.28381,6.491E4,1.553E3,6.593E3,6.491E4,0,1,,,,,,,,,,DETECTED,687.28057,687.27466,687.28381,6.3913,6.361,6.414,6.491E4,1.553E3,6.593E3,6.491E4,0.0221,0.8761,0.7915,,,2,1
807,6.4004,6.361,6.7743,194.0799,194.07887,194.08011,4.256E6,1.82E5,6.23E3,4.256E6,2,1,49,,,,,,,,,DETECTED,194.0799,194.07887,194.08011,6.4004,6.361,6.7743,4.256E6,1.82E5,6.23E3,4.256E6,0.0322,2.1693,2.8067,2,-0.0171,5,1
809,6.414,6.3656,6.4585,311.22107,311.22012,311.22226,5.362E4,2.582E3,7.516E3,5.362E4,0,1,49,,,,,,,,,DETECTED,311.22107,311.22012,311.22226,6.414,6.3656,6.4585,5.362E4,2.582E3,7.516E3,5.362E4,0.0499,0.9584,0.8948,,,2,1
810,6.43,6.3867,6.7834,293.17439,293.17313,293.17493,1.176E6,4.913E4,1.083E4,1.176E6,1,1,,,,,,,,,,DETECTED,293.17439,293.17313,293.17493,6.43,6.3867,6.7834,1.176E6,4.913E4,1.083E4,1.176E6,0.0273,1.9091,1.8263,1,-0.0136,3,1
811,6.5095,6.463,6.5745,307.18969,307.18759,307.19052,6.201E4,2.482E3,6.009E3,6.201E4,0,1,,,,,,,,,,DETECTED,307.18969,307.18759,307.19052,6.5095,6.463,6.5745,6.201E4,2.482E3,6.009E3,6.201E4,0.0326,1.1891,1.0062,,,2,1
812,6.5323,6.504,6.7038,263.16348,263.16257,263.16458,1.486E5,8.107E3,6.69E3,1.486E5,0,1,13,,,,,,,,,DETECTED,263.16348,263.16257,263.16458,6.5323,6.504,6.7038,1.486E5,8.107E3,6.69E3,1.486E5,0.037,3.1479,4.6204,,,2,1
813,6.5459,6.5095,6.6483,309.20528,309.2041,309.20697,2.173E5,8.565E3,6.308E3,2.173E5,0,1,13,,,,,,,,,DETECTED,309.20528,309.2041,309.20697,6.5459,6.5095,6.6483,2.173E5,8.565E3,6.308E3,2.173E5,0.0314,1.7851,1.7326,,,2,1
814,6.5459,6.4904,6.5745,653.2973,653.29163,653.30139,9.657E4,3.352E3,9.792E3,9.657E4,0,1,13,,,,,,,,,DETECTED,653.2973,653.29163,653.30139,6.5459,6.4904,6.5745,9.657E4,3.352E3,9.792E3,9.657E4,0.0287,0.7569,0.5019,,,3,1
815,6.579,6.5459,6.6856,266.1015,266.10071,266.10254,1.692E5,6.225E3,5.933E3,1.692E5,0,1,4,,,,,,,,,DETECTED,266.1015,266.10071,266.10254,6.579,6.5459,6.6856,1.692E5,6.225E3,5.933E3,1.692E5,0.0273,2.0769,2.0363,,,2,1
816,6.579,6.5414,6.6665,531.27975,531.27551,531.28131,2.118E6,5.307E4,6.706E3,2.118E6,1,1,4,,,,,,,,,DETECTED,531.27975,531.27551,531.28131,6.579,6.5414,6.6665,2.118E6,5.307E4,6.706E3,2.118E6,0.0211,1.4832,1.1087,1,-0.0126,4,1
817,6.579,6.555,6.6027,533.28336,533.28149,533.28638,8.624E4,2.129E3,1.813E4,8.624E4,0,1,4,,,,,,,,,DETECTED,533.28336,533.28149,533.28638,6.579,6.555,6.6027,8.624E4,2.129E3,1.813E4,8.624E4,0.0224,0.9939,0.9878,,,4,1
818,6.5836,6.555,6.6437,311.22104,311.21945,311.2226,1.151E5,3.162E3,6.699E3,1.151E5,0,1,,,,,,,,,,DETECTED,311.22104,311.21945,311.2226,6.5836,6.555,6.6437,1.151E5,3.162E3,6.699E3,1.151E5,0.0231,2.2705,2.3473,,,2,1
820,6.722,6.6993,6.7594,415.31442,415.31305,415.31644,7.168E4,1.716E3,6.884E3,7.168E4,0,1,,,,,,,,,,DETECTED,415.31442,415.31305,415.31644,6.722,6.6993,6.7594,7.168E4,1.716E3,6.884E3,7.168E4,0.0229,1.8965,1.6468,,,2,1
821,6.7311,6.7038,6.7743,311.221,311.22006,311.22281,6.288E4,1.906E3,6.071E3,6.288E4,0,1,,,,,,,,,,DETECTED,311.221,311.22006,311.22281,6.7311,6.7038,6.7743,6.288E4,1.906E3,6.071E3,6.288E4,0.0255,1.2886,1.3935,,,2,1
823,6.7789,6.7448,6.8347,721.36205,721.35706,721.36353,1.741E6,4.657E4,1.437E4,1.741E6,1,1,74,,,,,,,,,DETECTED,721.36205,721.35706,721.36353,6.7789,6.7448,6.8347,1.741E6,4.657E4,1.437E4,1.741E6,0.0244,1.3294,1.289,1,-0.0126,4,1
825,6.7789,6.7539,6.8347,723.36354,723.36005,723.36853,1.246E5,3.651E3,6.821E3,1.246E5,0,1,74,,,,,,,,,DETECTED,723.36354,723.36005,723.36853,6.7789,6.7539,6.8347,1.246E5,3.651E3,6.821E3,1.246E5,0.0252,1.5537,1.4048,,,4,1
826,6.8347,6.8016,6.9234,474.26055,474.25848,474.26181,6.648E5,1.706E4,1.542E4,6.648E5,1,1,,,,,,,,,,DETECTED,474.26055,474.25848,474.26181,6.8347,6.8016,6.9234,6.648E5,1.706E4,1.542E4,6.648E5,0.0191,1.5362,1.0115,1,-0.0035,2,1
827,6.8347,6.8107,6.9425,518.24936,518.24683,518.25385,1.036E5,4.71E3,7.516E3,1.036E5,0,1,,,,,,,,,,DETECTED,518.24936,518.24683,518.25385,6.8347,6.8107,6.9425,1.036E5,4.71E3,7.516E3,1.036E5,0.0349,2.7577,3.5961,,,2,1
828,6.8642,6.8347,6.9562,562.31231,562.3089,562.31519,4.177E5,1.245E4,6.263E3,4.177E5,1,1,,,,,,,,,,DETECTED,562.31231,562.3089,562.31519,6.8642,6.8347,6.9562,4.177E5,1.245E4,6.263E3,4.177E5,0.0257,1.4715,1.5312,1,-0.0035,3,1
829,6.9052,6.8584,6.9744,593.26989,593.26691,593.27478,1.939E5,7.32E3,7.861E3,1.939E5,0,1,,,,,,,,,,DETECTED,593.26989,593.26691,593.27478,6.9052,6.8584,6.9744,1.939E5,7.32E3,7.861E3,1.939E5,0.0316,1.8048,1.1062,,,2,1
830,6.9425,6.9189,6.9653,721.3587,721.35785,721.36102,9.731E4,2.481E3,1.76E4,9.731E4,0,1,,,,,,,,,,DETECTED,721.3587,721.35785,721.36102,6.9425,6.9189,6.9653,9.731E4,2.481E3,1.76E4,9.731E4,0.0261,0.9804,1.11,,,3,1
831,6.9802,6.9517,7.0552,474.26045,474.25769,474.26245,4.86E5,1.373E4,1.303E4,4.86E5,0,1,,,,,,,,,,DETECTED,474.26045,474.25769,474.26245,6.9802,6.9517,7.0552,4.86E5,1.373E4,1.303E4,4.86E5,0.0273,1.6572,2.3154,,,3,1
832,6.9938,6.9562,7.0506,311.22088,311.2196,311.22299,7.59E4,2.702E3,5.635E3,7.59E4,0,1,,,,,,,,,,DETECTED,311.22088,311.2196,311.22299,6.9938,6.9562,7.0506,7.59E4,2.702E3,5.635E3,7.59E4,0.03,1.1354,1.5527,,,2,1
833,7.0075,6.9847,7.087,562.31211,562.31,562.31689,1.736E5,5.629E3,5.873E3,1.736E5,0,1,,,,,,,,,,DETECTED,562.31211,562.31,562.31689,7.0075,6.9847,7.087,1.736E5,5.629E3,5.873E3,1.736E5,0.0266,2.3837,2.2514,,,3,1
834,7.0461,7.0075,7.1563,293.21059,293.20929,293.21118,5.408E5,1.819E4,5.822E3,5.408E5,1,1,,,,,,,,,,DETECTED,293.21059,293.20929,293.21118,7.0461,7.0075,7.1563,5.408E5,1.819E4,5.822E3,5.408E5,0.0242,1.8032,1.9572,1,-0.0035,3,1
835,7.0552,7.0312,7.129,533.29287,533.28827,533.29492,1.031E5,3.419E3,6.527E3,1.031E5,0,1,,,,,,,,,,DETECTED,533.29287,533.28827,533.29492,7.0552,7.0312,7.129,1.031E5,3.419E3,6.527E3,1.031E5,0.0266,1.4868,2.8542,,,3,1
836,7.0688,7.0221,7.1745,277.14239,277.14145,277.14331,5.812E4,3.327E3,6.118E3,5.812E4,0,1,,,,,,,,,,DETECTED,277.14239,277.14145,277.14331,7.0688,7.0221,7.1745,5.812E4,3.327E3,6.118E3,5.812E4,0.0438,1.6305,2.3026,,,2,1
837,7.2346,7.1891,7.3072,431.21681,431.21417,431.21997,5.468E4,2.929E3,6.118E3,5.468E4,0,1,69,,,,,,,,,DETECTED,431.21681,431.21417,431.21997,7.2346,7.1891,7.3072,5.468E4,2.929E3,6.118E3,5.468E4,0.0483,1.297,1.6335,,,2,1
838,7.2392,7.2118,7.2832,723.37449,723.37177,723.37836,1.392E5,3.713E3,7.45E3,1.392E5,0,1,69,,,,,,,,,DETECTED,723.37449,723.37177,723.37836,7.2392,7.2118,7.2832,1.392E5,3.713E3,7.45E3,1.392E5,0.023,1.239,1.267,,,3,1
839,7.2528,7.2027,7.3458,577.26571,577.26025,577.27094,2.657E5,1.115E4,6.717E3,2.657E5,1,1,,,,,,,,,,DETECTED,577.26571,577.26025,577.27094,7.2528,7.2027,7.3458,2.657E5,1.115E4,6.717E3,2.657E5,0.0374,1.1307,1.0844,1,0.0087,3,1
840,7.2981,7.265,7.4153,476.27666,476.27405,476.27802,1.588E6,4.059E4,6.854E3,1.588E6,1,1,,,,,,,,,,DETECTED,476.27666,476.27405,476.27802,7.2981,7.265,7.4153,1.588E6,4.059E4,6.854E3,1.588E6,0.0265,1.4321,1.3332,1,-0.008,3,1
841,7.3208,7.2981,7.4436,564.32813,564.32385,564.33014,7.569E5,2.405E4,6.621E3,7.569E5,1,1,46,,,,,,,,,DETECTED,564.32813,564.32385,564.33014,7.3208,7.2981,7.4436,7.569E5,2.405E4,6.621E3,7.569E5,0.0313,2.4243,2.7693,1,0.0023,4,1
842,7.3312,7.2981,7.4153,291.19467,291.19382,291.19553,1.577E5,5.391E3,7.935E3,1.577E5,0,1,46,,,,,,,,,DETECTED,291.19467,291.19382,291.19553,7.3312,7.2981,7.4153,1.577E5,5.391E3,7.935E3,1.577E5,0.0279,1.8737,1.5467,,,2,1
843,7.3403,7.3163,7.3652,527.283,527.28149,527.2843,5.116E4,1.27E3,1.001E4,5.116E4,0,1,,,,,,,,,,DETECTED,527.283,527.28149,527.2843,7.3403,7.3163,7.3652,5.116E4,1.27E3,1.001E4,5.116E4,0.024,1.0198,0.9832,,,2,1
844,7.3561,7.3208,7.4493,520.26464,520.26208,520.26672,6.346E4,3.085E3,6.68E3,6.346E4,0,1,19,,,,,,,,,DETECTED,520.26464,520.26208,520.26672,7.3561,7.3208,7.4493,6.346E4,3.085E3,6.68E3,6.346E4,0.0371,1.8201,2.6399,,,2,1
845,7.3561,7.3208,7.4733,559.31098,559.30774,559.31403,2.253E6,6.265E4,8.421E3,2.253E6,1,1,19,,,,,,,,,DETECTED,559.31098,559.30774,559.31403,7.3561,7.3208,7.4733,2.253E6,6.265E4,8.421E3,2.253E6,0.0266,1.7304,1.7167,1,-0.008,4,1
846,7.3561,7.3312,7.3971,561.3142,561.30969,561.3172,1.019E5,2.83E3,8.759E3,1.019E5,0,1,19,,,,,,,,,DETECTED,561.3142,561.30969,561.3172,7.3561,7.3312,7.3971,1.019E5,2.83E3,8.759E3,1.019E5,0.0205,1.4542,1.8613,,,4,1
847,7.3743,7.3163,7.4642,505.25477,505.25278,505.25803,1.98E5,8.604E3,7.944E3,1.98E5,0,1,,,,,,,,,,DETECTED,505.25477,505.25278,505.25803,7.3743,7.3163,7.4642,1.98E5,8.604E3,7.944E3,1.98E5,0.0386,1.1453,0.9793,,,3,1
848,7.3834,7.3458,7.5754,233.15228,233.15149,233.1526,1.169E5,9.143E3,1.42E4,1.169E5,0,1,,,,,,,,,,DETECTED,233.15228,233.15149,233.1526,7.3834,7.3458,7.5754,1.169E5,9.143E3,1.42E4,1.169E5,0.0395,3.0483,4.0964,,,2,1
849,7.4062,7.2935,7.5696,297.15101,297.15021,297.15152,1.916E5,2.755E4,9.604E3,1.916E5,0,1,,,,,,,,,,DETECTED,297.15101,297.15021,297.15152,7.4062,7.2935,7.5696,1.916E5,2.755E4,9.604E3,1.916E5,0.1389,1.2168,1.8224,,,3,1
850,7.4299,7.3698,7.5241,265.14604,265.14554,265.14673,1.03E5,6.081E3,6.151E3,1.03E5,0,1,,,,,,,,,,DETECTED,265.14604,265.14554,265.14673,7.4299,7.3698,7.5241,1.03E5,6.081E3,6.151E3,1.03E5,0.0498,1.2904,1.2225,,,2,1
851,7.4493,7.4153,7.6037,476.27654,476.27289,476.27966,1.113E6,3.2E4,5.99E3,1.113E6,1,1,,,,,,,,,,DETECTED,476.27654,476.27289,476.27966,7.4493,7.4153,7.6037,1.113E6,3.2E4,5.99E3,1.113E6,0.0238,2.1719,2.0144,1,-0.0035,2,1
852,7.4809,7.4436,7.6537,221.15241,221.15114,221.15288,1.385E6,4.315E4,6.943E3,1.385E6,1,1,7,,,,,,,,,DETECTED,221.15241,221.15114,221.15288,7.4809,7.4436,7.6537,1.385E6,4.315E4,6.943E3,1.385E6,0.027,1.971,1.8855,1,-0.0053,3,1
853,7.4809,7.4436,7.5195,671.30018,671.29681,671.30536,1.693E5,5.224E3,7.481E3,1.693E5,0,1,7,,,,,,,,,DETECTED,671.30018,671.29681,671.30536,7.4809,7.4436,7.5195,1.693E5,5.224E3,7.481E3,1.693E5,0.0265,1.1283,1.3582,,,4,1
854,7.4809,7.4493,7.5754,681.33401,681.32849,681.33514,1.053E7,3.344E5,9.555E4,1.053E7,2,1,7,,,,,,,,,DETECTED,681.33401,681.32849,681.33514,7.4809,7.4493,7.5754,1.053E7,3.344E5,9.555E4,1.053E7,0.0269,1.4306,1.4227,2,-0.0201,5,1
855,7.4809,7.4584,7.5137,681.42556,681.42462,681.42932,1.695E5,4.293E3,1.036E4,1.695E5,0,1,7,,,,,,,,,DETECTED,681.42556,681.42462,681.42932,7.4809,7.4584,7.5137,1.695E5,4.293E3,1.036E4,1.695E5,0.0264,1.131,1.3394,,,2,1
856,7.4809,7.4584,7.5137,681.45093,681.44891,681.45343,9.782E4,2.804E3,1.395E4,9.782E4,0,1,7,,,,,,,,,DETECTED,681.45093,681.44891,681.45343,7.4809,7.4584,7.5137,9.782E4,2.804E3,1.395E4,9.782E4,0.0239,1.2302,1.3657,,,2,1
860,7.4809,7.4493,7.5514,749.31226,749.30719,749.31964,1.276E5,4.363E3,6.717E3,1.276E5,0,1,7,,,,,,,,,DETECTED,749.31226,749.30719,749.31964,7.4809,7.4493,7.5514,1.276E5,4.363E3,6.717E3,1.276E5,0.0292,1.6123,1.765,,,3,1
862,7.5082,7.4733,7.5377,559.3095,559.30713,559.31281,7.796E4,2.106E3,1.045E4,7.796E4,0,1,38,15,[M-H]-,2,560.31634,862;863,,,,DETECTED,559.3095,559.30713,559.31281,7.5082,7.4733,7.5377,7.796E4,2.106E3,1.045E4,7.796E4,0.025,0.9231,0.779,,,3,1
863,7.5082,7.4493,7.5845,595.2853,595.28198,595.28925,1.36E5,6.17E3,6.284E3,1.36E5,0,1,38,15,[M+Cl]-,2,560.31634,862;863,,,,DETECTED,595.2853,595.28198,595.28925,7.5082,7.4493,7.5845,1.36E5,6.17E3,6.284E3,1.36E5,0.0392,1.1757,0.8879,,,3,1
864,7.5286,7.4584,7.6082,295.2259,295.22488,295.2269,1.657E5,6.15E3,5.999E3,1.657E5,0,1,,,,,,,,,,DETECTED,295.2259,295.22488,295.2269,7.5286,7.4584,7.6082,1.657E5,6.15E3,5.999E3,1.657E5,0.025,1.0798,1.3431,,,2,1
866,7.6082,7.5423,7.7139,431.21716,431.21582,431.2179,2.138E5,1.812E4,8.522E3,2.138E5,0,1,,,,,,,,,,DETECTED,431.21716,431.21582,431.2179,7.6082,7.5423,7.7139,2.138E5,1.812E4,8.522E3,2.138E5,0.0741,1.3929,2.0338,,,3,1
867,7.6355,7.5696,7.8253,297.15096,297.1499,297.15161,1.868E5,1.594E4,7.959E3,1.868E5,0,1,,,,,,,,,,DETECTED,297.15096,297.1499,297.15161,7.6355,7.5696,7.8253,1.868E5,1.594E4,7.959E3,1.868E5,0.0771,1.8688,2.3284,,,2,1
868,7.7967,7.7649,7.849,293.21016,293.2092,293.21078,6.373E4,2.301E3,6.953E3,6.373E4,0,1,,,,,,,,,,DETECTED,293.21016,293.2092,293.21078,7.7967,7.7649,7.849,6.373E4,2.301E3,6.953E3,6.373E4,0.0308,1.3199,1.5889,,,2,1
869,7.8207,7.7876,7.9753,452.2763,452.27322,452.27945,1.353E6,4.521E4,5.816E3,1.353E6,1,1,,,,,,,,,,DETECTED,452.2763,452.27322,452.27945,7.8207,7.7876,7.9753,1.353E6,4.521E4,5.816E3,1.353E6,0.0276,1.8796,1.7476,1,-0.008,3,1
870,7.8548,7.8207,7.9935,540.32834,540.32434,540.33038,8.218E5,2.727E4,5.686E3,8.218E5,1,1,,,,,,,,,,DETECTED,540.32834,540.32434,540.33038,7.8548,7.8207,7.9935,8.218E5,2.727E4,5.686E3,8.218E5,0.0278,2.1055,1.8902,1,-0.0035,4,1
871,7.8684,7.8389,7.9344,561.32508,561.32129,561.32898,1.684E5,5.424E3,9.791E3,1.684E5,0,1,,,,,,,,,,DETECTED,561.32508,561.32129,561.32898,7.8684,7.8389,7.9344,1.684E5,5.424E3,9.791E3,1.684E5,0.0229,1.4348,1.4624,,,3,1
872,7.8912,7.8684,7.9662,566.3433,566.341,566.34662,9.051E4,2.83E3,6.363E3,9.051E4,0,1,,,,,,,,,,DETECTED,566.3433,566.341,566.34662,7.8912,7.8684,7.9662,9.051E4,2.83E3,6.363E3,9.051E4,0.0287,1.9438,3.8002,,,2,1
873,7.9094,7.8775,7.9662,695.34527,695.34076,695.34613,4.462E5,1.403E4,6.31E3,4.462E5,0,1,,,,,,,,,,DETECTED,695.34527,695.34076,695.34613,7.9094,7.8775,7.9662,4.462E5,1.403E4,6.31E3,4.462E5,0.0301,1.7277,2.352,,,4,1
874,7.9298,7.8957,7.9935,351.25194,351.25015,351.25348,9.01E4,3.312E3,6.168E3,9.01E4,0,1,,,,,,,,,,DETECTED,351.25194,351.25015,351.25348,7.9298,7.8957,7.9935,9.01E4,3.312E3,6.168E3,9.01E4,0.0318,1.797,1.3703,,,2,1
877,8.0594,8.0309,8.1879,250.14253,250.14169,250.14293,1.528E5,5.966E3,5.393E3,1.528E5,0,1,71,,,,,,,,,DETECTED,250.14253,250.14169,250.14293,8.0594,8.0309,8.1879,1.528E5,5.966E3,5.393E3,1.528E5,0.0294,2.8272,3.2099,,,2,1
878,8.0594,8.0072,8.1788,445.23282,445.23032,445.23587,5.811E4,4.161E3,6.001E3,5.811E4,0,1,71,,,,,,,,,DETECTED,445.23282,445.23032,445.23587,8.0594,8.0072,8.1788,5.811E4,4.161E3,6.001E3,5.811E4,0.0703,1.643,2.4029,,,2,1
879,8.0685,7.7047,8.3557,311.16661,311.16571,311.16748,3.988E5,8.424E4,1.408E4,3.988E5,4,1,,,,,,,,,,DETECTED,311.16661,311.16571,311.16748,8.0685,7.7047,8.3557,3.988E5,8.424E4,1.408E4,3.988E5,0.2185,0.9237,2.6843,4,-0.0171,3,1
880,8.0822,8.0127,8.1788,507.26962,507.26688,507.27258,1.414E5,8.693E3,6.84E3,1.414E5,0,1,,,,,,,,,,DETECTED,507.26962,507.26688,507.27258,8.0822,8.0127,8.1788,1.414E5,8.693E3,6.84E3,1.414E5,0.0572,1.2307,1.0804,,,3,1
881,8.1162,8.0867,8.1493,709.35998,709.35736,709.3609,3.398E5,9.621E3,1.025E4,3.398E5,0,1,,,,,,,,,,DETECTED,709.35998,709.35736,709.3609,8.1162,8.0867,8.1493,3.398E5,9.621E3,1.025E4,3.398E5,0.0305,1.2106,1.5821,,,4,1
882,8.2255,8.197,8.2984,249.14734,249.14621,249.14784,7.846E4,2.833E3,6.744E3,7.846E4,0,1,,,,,,,,,,DETECTED,249.14734,249.14621,249.14784,8.2255,8.197,8.2984,7.846E4,2.833E3,6.744E3,7.846E4,0.0297,1.7526,2.8051,,,2,1
883,8.279,8.2016,8.4172,433.23251,433.23087,433.23352,3.1E5,2.882E4,6.26E3,3.1E5,1,1,21,,,,,,,,,DETECTED,433.23251,433.23087,433.23352,8.279,8.2016,8.4172,3.1E5,2.882E4,6.26E3,3.1E5,0.0803,1.3549,1.9376,1,-0.0126,3,1
884,8.279,8.2449,8.3328,537.32493,537.32367,537.32605,2.064E5,6.771E3,1.383E4,2.064E5,0,1,21,,,,,,,,,DETECTED,537.32493,537.32367,537.32605,8.279,8.2449,8.3328,2.064E5,6.771E3,1.383E4,2.064E5,0.0291,1.4004,1.1642,,,3,1
889,8.3486,8.2495,8.5912,481.2554,481.25101,481.25854,3.097E6,1.535E5,8.484E3,3.097E6,2,1,37,,,,,,,,,DETECTED,481.2554,481.25101,481.25854,8.3486,8.2495,8.5912,3.097E6,1.535E5,8.484E3,3.097E6,0.0411,0.9636,0.8524,2,-0.0537,3,1
892,8.3486,8.3166,8.4414,709.36723,709.362,709.36896,3.32E7,1.194E6,9.523E5,3.32E7,3,1,37,,,,,,,,,DETECTED,709.36723,709.362,709.36896,8.3486,8.3166,8.4414,3.32E7,1.194E6,9.523E5,3.32E7,0.0324,1.8099,7.6654,3,-0.0193,5,1
908,8.3646,8.279,8.4881,459.24992,459.24808,459.25058,2.309E6,1.799E5,1.193E4,2.309E6,4,1,75,,,,,,,,,DETECTED,459.24992,459.24808,459.25058,8.3646,8.279,8.4881,2.309E6,1.799E5,1.193E4,2.309E6,0.0703,1.4991,5.4423,4,-0.0457,3,1
909,8.3646,8.3075,8.5164,527.23666,527.23267,527.24115,5.456E4,4.794E3,6.694E3,5.456E4,0,1,75,,,,,,,,,DETECTED,527.23666,527.23267,527.24115,8.3646,8.3075,8.5164,5.456E4,4.794E3,6.694E3,5.456E4,0.0738,1.8295,2.257,,,2,1
910,8.455,8.3557,8.6944,311.16654,311.16592,311.16696,2.705E5,3.349E4,1.381E4,2.705E5,1,1,,,,,,,,,,DETECTED,311.16654,311.16592,311.16696,8.455,8.3557,8.6944,2.705E5,3.349E4,1.381E4,2.705E5,0.1778,1.6787,1.9548,1,-0.0171,3,1
911,8.4836,8.4172,8.537,433.23242,433.23157,433.23306,1.025E5,9.325E3,5.466E4,1.025E5,0,1,,,,,,,,,,DETECTED,433.23242,433.23157,433.23306,8.4836,8.4172,8.537,1.025E5,9.325E3,5.466E4,1.025E5,0.1135,0.9024,0.8048,,,2,1
912,8.5688,8.4881,8.8266,459.24947,459.24716,459.25125,7.029E5,6.761E4,2.547E4,7.029E5,2,1,,,,,,,,,,DETECTED,459.24947,459.24716,459.25125,8.5688,8.4881,8.8266,7.029E5,6.761E4,2.547E4,7.029E5,0.1052,1.7382,1.7546,2,-0.0399,3,1
914,8.6058,8.4881,8.789,555.28128,555.2782,555.2843,4.141E5,3.262E4,7.227E3,4.141E5,0,1,,,,,,,,,,DETECTED,555.28128,555.2782,555.2843,8.6058,8.4881,8.789,4.141E5,3.262E4,7.227E3,4.141E5,0.0554,0.9905,0.3805,,,4,1
915,8.6331,8.6058,8.6853,735.3747,735.37158,735.37939,9.533E4,2.68E3,8.011E3,9.533E4,0,1,,,,,,,,,,DETECTED,735.3747,735.37158,735.37939,8.6331,8.6058,8.6853,9.533E4,2.68E3,8.011E3,9.533E4,0.025,1.6042,1.4398,,,3,1
916,8.6479,8.6149,8.732,723.37482,723.37024,723.38068,1.196E5,5.147E3,5.733E3,1.196E5,0,1,,,,,,,,,,DETECTED,723.37482,723.37024,723.38068,8.6479,8.6149,8.732,1.196E5,5.147E3,5.733E3,1.196E5,0.0344,1.6929,1.7816,,,3,1
917,8.7366,8.7093,8.7753,480.30661,480.30481,480.3078,7.19E4,2.209E3,7.778E3,7.19E4,0,1,,,,,,,,,,DETECTED,480.30661,480.30481,480.3078,8.7366,8.7093,8.7753,7.19E4,2.209E3,7.778E3,7.19E4,0.0325,1.2097,1.4942,,,2,1
918,8.7604,8.732,8.8175,568.35813,568.35645,568.36005,5.757E4,2.139E3,5.66E3,5.757E4,0,1,,,,,,,,,,DETECTED,568.35813,568.35645,568.36005,8.7604,8.732,8.8175,5.757E4,2.139E3,5.66E3,5.757E4,0.0346,2.0164,2.0962,,,2,1
919,8.7799,8.6662,8.8266,483.27008,483.2673,483.27109,1.063E5,8.932E3,5.954E3,1.063E5,0,1,,,,,,,,,,DETECTED,483.27008,483.2673,483.27109,8.7799,8.6662,8.8266,1.063E5,8.932E3,5.954E3,1.063E5,0.0809,0.7122,0.4948,,,2,1
920,8.7799,8.7366,8.8266,723.37568,723.37347,723.37805,4.515E5,1.459E4,6.587E3,4.515E5,0,1,,,,,,,,,,DETECTED,723.37568,723.37347,723.37805,8.7799,8.7366,8.8266,4.515E5,1.459E4,6.587E3,4.515E5,0.0274,1.1544,0.9967,,,4,1
921,8.9016,8.8266,8.9981,723.3754,723.36957,723.37799,3.21E5,1.629E4,7.801E3,3.21E5,0,1,,,,,,,,,,DETECTED,723.3754,723.36957,723.37799,8.9016,8.8266,8.9981,3.21E5,1.629E4,7.801E3,3.21E5,0.0285,0.9989,0.602,,,4,1
922,8.921,8.8879,8.9787,737.39061,737.38782,737.39197,3.717E5,1.05E4,8.529E3,3.717E5,0,1,,,,,,,,,,DETECTED,737.39061,737.38782,737.39197,8.921,8.8879,8.9787,3.717E5,1.05E4,8.529E3,3.717E5,0.0242,1.4283,2.0153,,,4,1
923,8.9287,8.9016,9.0127,277.2152,277.21429,277.216,1.433E5,4.79E3,7.441E3,1.433E5,0,1,66,,,,,,,,,DETECTED,277.2152,277.21429,277.216,8.9287,8.9016,9.0127,1.433E5,4.79E3,7.441E3,1.433E5,0.026,2.3076,3.3595,,,2,1
924,8.9287,8.9016,9.0127,377.14056,377.13821,377.1412,1.68E5,5.159E3,7.417E3,1.68E5,0,1,66,,,,,,,,,DETECTED,377.14056,377.13821,377.1412,8.9287,8.9016,9.0127,1.68E5,5.159E3,7.417E3,1.68E5,0.026,2.3318,2.8278,,,3,1
925,8.989,8.8651,9.1014,325.18212,325.1817,325.18271,2.613E5,3.3E4,3.076E4,2.613E5,1,1,,,,,,,,,,DETECTED,325.18212,325.1817,325.18271,8.989,8.8651,9.1014,2.613E5,3.3E4,3.076E4,2.613E5,0.1495,0.9532,1.0049,1,-0.0035,3,1
926,9.0867,9.0582,9.1344,771.37388,771.3667,771.37549,8.817E4,2.259E3,5.502E3,8.817E4,0,1,,,,,,,,,,DETECTED,771.37388,771.3667,771.37549,9.0867,9.0582,9.1344,8.817E4,2.259E3,5.502E3,8.817E4,0.0222,1.4434,1.2592,,,3,1
930,9.1721,9.1571,9.2189,738.52931,738.52692,738.53381,8.534E4,2.989E3,1.401E4,8.534E4,0,1,15,,,,,,,,,DETECTED,738.52931,738.52692,738.53381,9.1721,9.1571,9.2189,8.534E4,2.989E3,1.401E4,8.534E4,0.0365,2.0691,3.0398,,,3,1
932,9.1721,9.1526,9.2326,754.37695,754.37347,754.38464,5.16E4,2.045E3,6.374E3,5.16E4,0,1,15,,,,,,,,,DETECTED,754.37695,754.37347,754.38464,9.1721,9.1526,9.2326,5.16E4,2.045E3,6.374E3,5.16E4,0.0418,2.0531,4.0391,,,2,1
933,9.1721,9.148,9.2849,805.37459,805.37158,805.37823,1.96E5,1.021E4,1.541E4,1.96E5,0,1,15,,,,,,,,,DETECTED,805.37459,805.37158,805.37823,9.1721,9.148,9.2849,1.96E5,1.021E4,1.541E4,1.96E5,0.0439,3.3452,4.9828,,,2,1
937,9.1859,9.1571,9.2131,729.36575,729.36218,729.36798,1.267E5,4.858E3,4.541E4,1.267E5,0,1,15,,,,,,,,,DETECTED,729.36575,729.36218,729.36798,9.1859,9.1571,9.2131,1.267E5,4.858E3,4.541E4,1.267E5,0.0426,0.9726,0.9451,,,5,1
938,9.1859,9.1526,9.2712,737.39901,737.39301,737.40057,2.576E7,1.092E6,1.097E6,2.576E7,2,1,15,,,,,,,,,DETECTED,737.39901,737.39301,737.40057,9.1859,9.1526,9.2712,2.576E7,1.092E6,1.097E6,2.576E7,0.0355,1.6605,1.4731,2,-0.0264,7,1
942,9.1949,9.148,9.2462,791.30742,791.30432,791.3125,1.631E5,7.231E3,6.081E3,1.631E5,0,1,15,,,,,,,,,DETECTED,791.30742,791.30432,791.3125,9.1949,9.148,9.2462,1.631E5,7.231E3,6.081E3,1.631E5,0.0404,1.1177,1.2344,,,2,1
943,9.2553,9.1344,9.4033,483.26946,483.26538,483.27356,6.827E4,8.733E3,7.595E3,6.827E4,0,1,,,,,,,,,,DETECTED,483.26946,483.26538,483.27356,9.2553,9.1344,9.4033,6.827E4,8.733E3,7.595E3,6.827E4,0.1073,1.1117,1.5102,,,2,1
944,9.3379,9.3213,9.3839,144.92057,144.92038,144.92064,1.483E6,5.183E4,2.344E5,1.483E6,2,1,73,16,[M+FA]-,2,99.92221,944;948,,,,DETECTED,144.92057,144.92038,144.92064,9.3379,9.3213,9.3839,1.483E6,5.183E4,2.344E5,1.483E6,0.0386,1.8812,2.7623,2,-0.0098,6,1
946,9.3434,9.163,9.3942,293.17595,293.17282,293.1774,7.741E4,5.546E3,9.158E3,7.741E4,0,1,68,,,,,,,,,DETECTED,293.17595,293.17282,293.1774,9.3434,9.163,9.3942,7.741E4,5.546E3,9.158E3,7.741E4,0.0244,0.6407,0.3879,,,2,1
947,9.3434,9.1859,9.4033,325.18214,325.18118,325.18286,3.102E5,2.201E4,2.941E4,3.102E5,1,1,68,,,,,,,,,DETECTED,325.18214,325.18118,325.18286,9.3434,9.1859,9.4033,3.102E5,2.201E4,2.941E4,3.102E5,0.024,0.6901,0.385,1,0.0023,3,1
948,9.3508,9.3167,9.3897,134.89146,134.8912,134.89153,2.46E5,1.165E4,5.775E4,2.46E5,1,1,73,16,[M+Cl]-,2,99.92221,944;948,,,,DETECTED,134.89146,134.8912,134.89153,9.3508,9.3167,9.3897,2.46E5,1.165E4,5.775E4,2.46E5,0.05,1.0698,1.1395,1,-0.0035,3,1
951,9.3988,9.2758,9.6279,461.26562,461.26328,461.26651,2.057E6,3.143E5,8.127E3,2.057E6,6,1,6,,,,,,,,,DETECTED,461.26562,461.26328,461.26651,9.3988,9.2758,9.6279,2.057E6,3.143E5,8.127E3,2.057E6,0.1865,1.738,3.0993,6,-0.0689,4,1
952,9.4124,9.3076,9.6188,529.25123,529.24878,529.25348,6.302E4,9.679E3,6.511E3,6.302E4,0,1,6,,,,,,,,,DETECTED,529.25123,529.24878,529.25348,9.4124,9.3076,9.6188,6.302E4,9.679E3,6.511E3,6.302E4,0.1189,1.4848,2.5533,,,2,1
954,9.4431,9.3213,9.5711,561.18895,561.18591,561.19116,5.391E4,6.325E3,7.05E3,5.391E4,0,1,6,,,,,,,,,DETECTED,561.18895,561.18591,561.19116,9.4431,9.3213,9.5711,5.391E4,6.325E3,7.05E3,5.391E4,0.1092,1.0255,0.9919,,,3,1
955,9.4568,9.4124,9.5035,751.40531,751.40009,751.40894,8.933E4,3.356E3,6.291E3,8.933E4,0,1,,,,,,,,,,DETECTED,751.40531,751.40009,751.40894,9.4568,9.4124,9.5035,8.933E4,3.356E3,6.291E3,8.933E4,0.0316,1.0716,1.1095,,,3,1
956,9.5666,9.5408,9.6051,751.40506,751.40106,751.40601,1.15E5,3.23E3,8.837E3,1.15E5,0,1,,,,,,,,,,DETECTED,751.40506,751.40106,751.40601,9.5666,9.5408,9.6051,1.15E5,3.23E3,8.837E3,1.15E5,0.0273,1.2918,1.5558,,,3,1
957,9.6142,9.5893,9.719,591.25766,591.25299,591.26141,1.69E5,6.247E3,5.953E3,1.69E5,0,1,,,,,,,,,,DETECTED,591.25766,591.25299,591.26141,9.6142,9.5893,9.719,1.69E5,6.247E3,5.953E3,1.69E5,0.0628,2.7576,4.1102,,,3,1
958,9.762,9.6279,10.1991,461.2653,461.26352,461.2702,5.146E5,1.081E5,1.162E4,5.146E5,5,1,22,,,,,,,,,DETECTED,461.2653,461.26352,461.2702,9.762,9.6279,10.1991,5.146E5,1.081E5,1.162E4,5.146E5,0.1818,2.0712,2.113,5,-0.1045,3,1
959,9.7997,9.6279,9.8634,325.18192,325.18124,325.18274,7.151E4,1.178E4,2.852E4,7.151E4,0,1,22,,,,,,,,,DETECTED,325.18192,325.18124,325.18274,9.7997,9.6279,9.8634,7.151E4,1.178E4,2.852E4,7.151E4,0.1824,0.6855,0.3709,,,2,1
960,9.9177,9.8828,10.047,355.15884,355.15558,355.16003,5.635E5,1.783E4,5.689E3,5.635E5,1,1,,,,,,,,,,DETECTED,355.15884,355.15558,355.16003,9.9177,9.8828,10.047,5.635E5,1.783E4,5.689E3,5.635E5,0.0251,1.3264,1.2722,1,-0.0052,4,1
961,9.9323,9.9056,9.9914,765.42475,765.42017,765.42975,1.204E5,3.596E3,5.918E3,1.204E5,0,1,,,,,,,,,,DETECTED,765.42475,765.42017,765.42975,9.9323,9.9056,9.9914,1.204E5,3.596E3,5.918E3,1.204E5,0.0284,1.5452,2.5904,,,3,1
963,10.4049,10.3672,10.4662,955.55129,955.54218,955.55542,1.166E5,3.988E3,6.782E3,1.166E5,0,1,,,,,,,,,,DETECTED,955.55129,955.54218,955.55542,10.4049,10.3672,10.4662,1.166E5,3.988E3,6.782E3,1.166E5,0.0287,1.3444,1.253,,,5,1
964,10.5192,10.3763,10.8249,581.52564,581.52228,581.52966,9.311E4,1.54E4,6.753E3,9.311E4,0,1,,,,,,,,,,DETECTED,581.52564,581.52228,581.52966,10.5192,10.3763,10.8249,9.311E4,1.54E4,6.753E3,9.311E4,0.1266,1.5504,2.0646,,,3,1
965,10.6158,10.5875,10.6986,383.18903,383.18768,383.18979,1.582E5,4.604E3,5.002E3,1.582E5,0,1,,,,,,,,,,DETECTED,383.18903,383.18768,383.18979,10.6158,10.5875,10.6986,1.582E5,4.604E3,5.002E3,1.582E5,0.0282,1.9246,1.7959,,,4,1
966,10.8386,10.8054,10.9567,791.49258,791.48566,791.4953,4.291E5,1.471E4,7.781E3,4.291E5,1,1,31,,,,,,,,,DETECTED,791.49258,791.48566,791.4953,10.8386,10.8054,10.9567,4.291E5,1.471E4,7.781E3,4.291E5,0.0495,3.3317,1.7118,1,0.0079,4,1
967,10.8386,10.7918,10.9227,981.58232,981.57355,981.58569,5.568E5,2.395E4,4.678E3,5.568E5,1,1,31,,,,,,,,,DETECTED,981.58232,981.57355,981.58569,10.8386,10.7918,10.9227,5.568E5,2.395E4,4.678E3,5.568E5,0.0468,1.5833,1.917,1,-0.0171,5,1
970,11.2148,11.1771,11.3465,819.52629,819.52045,819.52985,8.398E5,2.814E4,8.011E3,8.398E5,0,1,,,,,,,,,,DETECTED,819.52629,819.52045,819.52985,11.2148,11.1771,11.3465,8.398E5,2.814E4,8.011E3,8.398E5,0.0288,1.7371,1.1921,,,6,1
972,11.3647,11.3261,11.4172,758.54007,758.5354,758.54156,4.017E5,1.278E4,1.337E4,4.017E5,0,1,,,,,,,,,,DETECTED,758.54007,758.5354,758.54156,11.3647,11.3261,11.4172,4.017E5,1.278E4,1.337E4,4.017E5,0.0169,1.308,1.7717,,,4,1
974,11.4637,11.4172,11.5398,758.53962,758.53461,758.5437,1.948E5,7.961E3,1.402E4,1.948E5,0,1,,,,,,,,,,DETECTED,758.53962,758.53461,758.5437,11.4637,11.4172,11.5398,1.948E5,7.961E3,1.402E4,1.948E5,0.0358,1.2016,1.3491,,,3,1
976,11.5762,11.5489,11.6045,821.53998,821.53827,821.54443,8E4,2.001E3,1.06E4,8E4,0,1,,,,,,,,,,DETECTED,821.53998,821.53827,821.54443,11.5762,11.5489,11.6045,8E4,2.001E3,1.06E4,8E4,0.0212,1.0171,1.0694,,,3,1
