id,rt,rt_range:min,rt_range:max,mz,mz_range:min,mz_range:max,height,area,intensity_range:min,intensity_range:max,fragment_scans,charge,feature_group,ion_identities:iin_id,ion_identities:ion_identities,ion_identities:list_size,ion_identities:neutral_mass,ion_identities:partner_row_ids,ion_identities:iin_relationship,ion_identities:consensus_formulas,ion_identities:simple_formulas,datafile:202406251802_PMA_dbgi_003223_01_01.mzML:feature_state,datafile:202406251802_PMA_dbgi_003223_01_01.mzML:mz,datafile:202406251802_PMA_dbgi_003223_01_01.mzML:mz_range:min,datafile:202406251802_PMA_dbgi_003223_01_01.mzML:mz_range:max,datafile:202406251802_PMA_dbgi_003223_01_01.mzML:rt,datafile:202406251802_PMA_dbgi_003223_01_01.mzML:rt_range:min,datafile:202406251802_PMA_dbgi_003223_01_01.mzML:rt_range:max,datafile:202406251802_PMA_dbgi_003223_01_01.mzML:height,datafile:202406251802_PMA_dbgi_003223_01_01.mzML:area,datafile:202406251802_PMA_dbgi_003223_01_01.mzML:intensity_range:min,datafile:202406251802_PMA_dbgi_003223_01_01.mzML:intensity_range:max,datafile:202406251802_PMA_dbgi_003223_01_01.mzML:fwhm,datafile:202406251802_PMA_dbgi_003223_01_01.mzML:tailing_factor,datafile:202406251802_PMA_dbgi_003223_01_01.mzML:asymmetry_factor,datafile:202406251802_PMA_dbgi_003223_01_01.mzML:fragment_scans,datafile:202406251802_PMA_dbgi_003223_01_01.mzML:rt_ms2_apex_distance,datafile:202406251802_PMA_dbgi_003223_01_01.mzML:isotopes,datafile:202406251802_PMA_dbgi_003223_01_01.mzML:charge
2,0.4774,0.3613,0.5779,226.96343,226.9623,226.96423,6E5,3.883E4,8.048E3,6E5,1,1,7,,,,,,,,,DETECTED,226.96343,226.9623,226.96423,0.4774,0.3613,0.5779,6E5,3.883E4,8.048E3,6E5,1.7679,3.0907,5.0826,1,-0.0035,2,1
6,0.4878,0.3039,0.544,173.92307,173.92233,173.92329,7.669E5,8.049E4,2.475E4,7.669E5,4,1,13,,,,,,,,,DETECTED,173.92307,173.92233,173.92329,0.4878,0.3039,0.544,7.669E5,8.049E4,2.475E4,7.669E5,0.0698,0.6528,0.3056,4,-0.1667,3,1
11,0.4944,0.4592,0.544,306.90728,306.90628,306.90866,1.197E5,5.918E3,3.221E4,1.197E5,0,1,13,,,,,,,,,DETECTED,306.90728,306.90628,306.90866,0.4944,0.4592,0.544,1.197E5,5.918E3,3.221E4,1.197E5,0.0519,1.2031,1.4063,,,6,1
13,0.4944,0.4592,0.544,340.94418,340.94348,340.94522,2.223E5,8.426E3,2.072E4,2.223E5,0,1,13,,,,,,,,,DETECTED,340.94418,340.94348,340.94522,0.4944,0.4592,0.544,2.223E5,8.426E3,2.072E4,2.223E5,0.0435,1.3617,1.4064,,,3,1
24,0.501,0.4592,0.5556,386.93761,386.93634,386.93851,1.351E6,4.729E4,8.593E3,1.351E6,1,1,7,,,,,,,,,DETECTED,386.93761,386.93634,386.93851,0.501,0.4592,0.5556,1.351E6,4.729E4,8.593E3,1.351E6,0.032,1.1487,1.2785,1,-0.0026,5,1
29,0.501,0.4667,0.5672,402.91451,402.91299,402.91479,1.784E6,6.011E4,2.248E4,1.784E6,1,1,7,,,,,,,,,DETECTED,402.91451,402.91299,402.91479,0.501,0.4667,0.5672,1.784E6,6.011E4,2.248E4,1.784E6,0.0299,1.1137,1.5383,1,-0.0043,5,1
32,0.501,0.4667,0.5323,405.86248,405.86188,405.8634,1.647E5,5.26E3,3.806E4,1.647E5,0,1,7,,,,,,,,,DETECTED,405.86248,405.86188,405.8634,0.501,0.4667,0.5323,1.647E5,5.26E3,3.806E4,1.647E5,0.0329,0.956,0.912,,,3,1
34,0.501,0.4667,0.544,418.891,418.88965,418.89178,4.782E5,1.75E4,8.28E4,4.782E5,1,1,7,,,,,,,,,DETECTED,418.891,418.88965,418.89178,0.501,0.4667,0.544,4.782E5,1.75E4,8.28E4,4.782E5,0.0326,1.1252,1.3178,1,0.0023,4,1
37,0.501,0.4667,0.5323,500.91604,500.91135,500.91821,1.707E5,4.509E3,1.613E4,1.707E5,0,1,7,,,,,,,,,DETECTED,500.91604,500.91135,500.91821,0.501,0.4667,0.5323,1.707E5,4.509E3,1.613E4,1.707E5,0.0248,1.1266,1.3352,,,4,1
38,0.501,0.4667,0.5323,502.91616,502.91492,502.918,1.217E5,3.332E3,1.106E4,1.217E5,0,1,7,,,,,,,,,DETECTED,502.91616,502.91492,502.918,0.501,0.4667,0.5323,1.217E5,3.332E3,1.106E4,1.217E5,0.0256,1.131,1.3408,,,4,1
39,0.501,0.4667,0.5323,516.89317,516.89197,516.89484,3.077E5,8.711E3,3.441E4,3.077E5,0,1,7,,,,,,,,,DETECTED,516.89317,516.89197,516.89484,0.501,0.4667,0.5323,3.077E5,8.711E3,3.441E4,3.077E5,0.0268,0.956,1.3001,,,4,1
45,0.5125,0.3039,0.5887,146.95809,146.95743,146.95822,4.469E5,3.542E4,1.781E4,4.469E5,1,,7,,,,,,,,,DETECTED,146.95809,146.95743,146.95822,0.5125,0.3039,0.5887,4.469E5,3.542E4,1.781E4,4.469E5,0.0749,0.6882,1.301,1,-0.0075,,
47,0.5125,0.3039,0.6119,158.97601,158.97487,158.97614,1.905E7,1.537E6,1.004E5,1.905E7,3,1,7,,,,,,,,,DETECTED,158.97601,158.97487,158.97614,0.5125,0.3039,0.6119,1.905E7,1.537E6,1.004E5,1.905E7,0.0824,1.2062,1.313,3,-0.0493,5,1
50,0.5125,0.3039,0.601,174.95355,174.95256,174.95378,1.07E7,8.86E5,1.255E5,1.07E7,5,1,7,,,,,,,,,DETECTED,174.95355,174.95256,174.95378,0.5125,0.3039,0.601,1.07E7,8.86E5,1.255E5,1.07E7,0.0786,1.1917,1.3189,5,-0.1564,5,1
58,0.5125,0.4592,0.5887,272.95808,272.95697,272.95819,1.37E7,6.542E5,6.19E4,1.37E7,2,1,7,,,,,,,,,DETECTED,272.95808,272.95697,272.95819,0.5125,0.4592,0.5887,1.37E7,6.542E5,6.19E4,1.37E7,0.0475,0.9883,0.9314,2,-0.031,5,1
62,0.5125,0.4667,0.5672,275.95559,275.95462,275.95651,3.544E5,1.712E4,2.719E4,3.544E5,1,1,7,,,,,,,,,DETECTED,275.95559,275.95462,275.95651,0.5125,0.4667,0.5672,3.544E5,1.712E4,2.719E4,3.544E5,0.0463,0.9943,0.8988,1,0.006,5,1
63,0.5125,0.4592,0.5887,288.9354,288.93439,288.93552,6.709E6,3.392E5,4.953E4,6.709E6,2,1,7,,,,,,,,,DETECTED,288.9354,288.93439,288.93552,0.5125,0.4592,0.5887,6.709E6,3.392E5,4.953E4,6.709E6,0.0523,1.0554,0.9944,2,-0.0294,5,1
65,0.5125,0.4592,0.5672,290.93222,290.9317,290.9339,6.8E5,3.268E4,1.674E4,6.8E5,0,1,7,,,,,,,,,DETECTED,290.93222,290.9317,290.9339,0.5125,0.4592,0.5672,6.8E5,3.268E4,1.674E4,6.8E5,0.0462,1.0245,1.0344,,,5,1
68,0.5125,0.4592,0.5779,304.91163,304.90829,304.91315,8.238E5,4.271E4,2.666E4,8.238E5,1,1,7,,,,,,,,,DETECTED,304.91163,304.90829,304.91315,0.5125,0.4592,0.5779,8.238E5,4.271E4,2.666E4,8.238E5,0.0537,1.054,0.9997,1,-0.0277,5,1
77,0.5211,0.3039,0.544,178.97464,178.97414,178.97479,1.366E6,1.049E5,1.33E5,1.366E6,5,1,,,,,,,,,,DETECTED,178.97464,178.97414,178.97479,0.5211,0.3039,0.544,1.366E6,1.049E5,1.33E5,1.366E6,0.0176,0.5526,0.1052,5,-0.2149,3,1
81,0.5211,0.4774,0.544,231.92899,231.9285,231.92924,4.552E5,1.758E4,5.109E4,4.552E5,1,1,7,,,,,,,,,DETECTED,231.92899,231.9285,231.92924,0.5211,0.4774,0.544,4.552E5,1.758E4,5.109E4,4.552E5,0.0367,0.7613,0.5227,1,-0.0128,6,1
83,0.5211,0.4667,0.5672,244.96129,244.95912,244.96162,5.317E5,2.423E4,3.639E4,5.317E5,1,1,7,,,,,,,,,DETECTED,244.96129,244.95912,244.96162,0.5211,0.4667,0.5672,5.317E5,2.423E4,3.639E4,5.317E5,0.0439,0.833,0.6792,1,-0.0145,3,1
85,0.5211,0.4667,0.5672,356.92002,356.91788,356.92206,3.271E5,1.858E4,6.287E4,3.271E5,0,1,7,,,,,,,,,DETECTED,356.92002,356.91788,356.92206,0.5211,0.4667,0.5672,3.271E5,1.858E4,6.287E4,3.271E5,0.0662,0.9237,0.707,,,3,1
88,0.5211,0.501,0.5556,554.85838,554.85748,554.86108,1.569E5,4.564E3,5.495E4,1.569E5,0,1,,,,,,,,,,DETECTED,554.85838,554.85748,554.86108,0.5211,0.501,0.5556,1.569E5,4.564E3,5.495E4,1.569E5,0.0289,1.3595,1.7191,,,3,1
93,0.5323,0.4944,0.5779,372.89641,372.89572,372.89835,3.778E5,1.469E4,3.177E4,3.778E5,0,1,,,,,,,,,,DETECTED,372.89641,372.89572,372.89835,0.5323,0.4944,0.5779,3.778E5,1.469E4,3.177E4,3.778E5,0.0392,0.9863,1.0341,,,3,1
95,0.5323,0.501,0.5779,440.87917,440.87811,440.87955,1.028E6,3.233E4,8.356E4,1.028E6,1,1,114,,,,,,,,,DETECTED,440.87917,440.87811,440.87955,0.5323,0.501,0.5779,1.028E6,3.233E4,8.356E4,1.028E6,0.0302,1.0783,1.5963,1,-0.0028,5,1
97,0.5323,0.501,0.5779,442.87626,442.87335,442.8783,4.349E5,1.285E4,4.304E4,4.349E5,0,1,114,,,,,,,,,DETECTED,442.87626,442.87335,442.8783,0.5323,0.501,0.5779,4.349E5,1.285E4,4.304E4,4.349E5,0.0275,1.5904,1.7636,,,5,1
99,0.5323,0.5125,0.5672,472.83356,472.83221,472.83597,9.504E4,2.971E3,4.491E4,9.504E4,0,1,,,,,,,,,,DETECTED,472.83356,472.83221,472.83597,0.5323,0.5125,0.5672,9.504E4,2.971E3,4.491E4,9.504E4,0.0332,1.3805,1.7609,,,2,1
101,0.5323,0.5125,0.5779,540.81495,540.81128,540.81683,1.955E5,6.418E3,2.938E4,1.955E5,0,1,51,,,,,,,,,DETECTED,540.81495,540.81128,540.81683,0.5323,0.5125,0.5779,1.955E5,6.418E3,2.938E4,1.955E5,0.0306,1.6511,1.8628,,,3,1
103,0.544,0.4878,0.5887,242.93816,242.93713,242.9406,3.352E6,1.349E5,1.341E5,3.352E6,1,1,51,,,,,,,,,DETECTED,242.93816,242.93713,242.9406,0.544,0.4878,0.5887,3.352E6,1.349E5,1.341E5,3.352E6,0.0375,0.9158,0.9741,1,-0.0177,4,1
105,0.544,0.501,0.5887,244.93498,244.93404,244.93529,4.722E5,1.916E4,5.941E4,4.722E5,0,1,51,,,,,,,,,DETECTED,244.93498,244.93404,244.93529,0.544,0.501,0.5887,4.722E5,1.916E4,5.941E4,4.722E5,0.0388,1.0208,1.0948,,,4,1
106,0.544,0.501,0.5887,258.91529,258.914,258.91547,6.293E5,2.706E4,9.747E4,6.293E5,1,1,51,,,,,,,,,DETECTED,258.91529,258.914,258.91547,0.544,0.501,0.5887,6.293E5,2.706E4,9.747E4,6.293E5,0.0414,1.0208,1.1242,1,0.0056,2,1
107,0.544,0.501,0.5887,326.90019,326.89957,326.90118,1.949E6,6.888E4,7.92E4,1.949E6,1,1,51,,,,,,,,,DETECTED,326.90019,326.89957,326.90118,0.544,0.501,0.5887,1.949E6,6.888E4,7.92E4,1.949E6,0.0378,1.0718,1.1456,1,-0.0077,5,1
109,0.544,0.5125,0.5887,342.87712,342.87479,342.8793,4.175E5,1.557E4,7.001E4,4.175E5,1,1,51,,,,,,,,,DETECTED,342.87712,342.87479,342.8793,0.544,0.5125,0.5887,4.175E5,1.557E4,7.001E4,4.175E5,0.0378,1.2114,1.2129,1,0.014,2,1
110,0.544,0.5125,0.5887,410.86003,410.85928,410.86053,1.333E6,4.505E4,8.604E4,1.333E6,1,1,51,,,,,,,,,DETECTED,410.86003,410.85928,410.86053,0.544,0.5125,0.5887,1.333E6,4.505E4,8.604E4,1.333E6,0.032,1.0516,1.4111,1,-0.0027,5,1
113,0.5556,0.501,0.601,128.95662,128.95605,128.95691,2.776E6,9.622E4,7.804E4,2.776E6,1,1,108,,,,,,,,,DETECTED,128.95662,128.95605,128.95691,0.5556,0.501,0.601,2.776E6,9.622E4,7.804E4,2.776E6,0.0361,0.9166,0.8813,1,-0.0161,2,1
117,0.5556,0.5125,0.5887,296.8806,296.879,296.88104,9.435E5,2.879E4,3.362E4,9.435E5,1,1,108,,,,,,,,,DETECTED,296.8806,296.879,296.88104,0.5556,0.5125,0.5887,9.435E5,2.879E4,3.362E4,9.435E5,0.0309,0.9915,0.7995,1,-0.0044,3,1
118,0.5556,0.5211,0.5887,380.84203,380.84143,380.84247,4.9E5,1.375E4,6.328E4,4.9E5,1,1,108,,,,,,,,,DETECTED,380.84203,380.84143,380.84247,0.5556,0.5211,0.5887,4.9E5,1.375E4,6.328E4,4.9E5,0.0276,0.9783,0.9082,1,0.0089,3,1
123,0.5556,0.5211,0.5779,578.78127,578.78027,578.78308,1.383E5,3.674E3,4.021E4,1.383E5,0,1,,,,,,,,,,DETECTED,578.78127,578.78027,578.78308,0.5556,0.5211,0.5779,1.383E5,3.674E3,4.021E4,1.383E5,0.0258,0.8231,0.6462,,,3,1
127,0.5779,0.5125,0.7628,225.05955,225.05919,225.05995,2.437E7,2.141E6,8.265E5,2.437E7,4,1,,,,,,,,,,DETECTED,225.05955,225.05919,225.05995,0.5779,0.5125,0.7628,2.437E7,2.141E6,8.265E5,2.437E7,0.065,2.0993,2.5035,4,-0.0501,4,1
129,0.5779,0.5556,0.6744,275.01527,275.01374,275.01593,1.522E6,5.223E4,1.295E5,1.522E6,1,1,,,,,,,,,,DETECTED,275.01527,275.01374,275.01593,0.5779,0.5556,0.6744,1.522E6,5.223E4,1.295E5,1.522E6,0.0232,2.9237,3.2151,1,-0.0022,4,1
132,0.5779,0.5556,0.7295,371.11712,371.1153,371.11935,6.732E5,4.477E4,4.308E4,6.732E5,0,1,38,,,,,,,,,DETECTED,371.11712,371.1153,371.11935,0.5779,0.5556,0.7295,6.732E5,4.477E4,4.308E4,6.732E5,0.0501,3.8518,11.0383,,,2,1
134,0.5779,0.5211,0.6744,471.0736,471.06976,471.07471,7.193E6,2.178E5,8.462E4,7.193E6,1,1,,,,,,,,,,DETECTED,471.0736,471.06976,471.07471,0.5779,0.5211,0.6744,7.193E6,2.178E5,8.462E4,7.193E6,0.0209,2.075,2.0204,1,-0.0084,2,1
138,0.5887,0.5211,0.8323,146.04272,146.04257,146.04315,1.541E6,1.584E5,7.081E4,1.541E6,1,,38,,,,,,,,,DETECTED,146.04272,146.04257,146.04315,0.5887,0.5211,0.8323,1.541E6,1.584E5,7.081E4,1.541E6,0.077,2.5255,82.0764,1,-0.0291,,
140,0.5887,0.5211,0.6744,341.10706,341.10629,341.10834,1.515E7,1.062E6,9.058E4,1.515E7,2,1,38,0,[M-H]-,2,342.11462,140;143,,,,DETECTED,341.10706,341.10629,341.10834,0.5887,0.5211,0.6744,1.515E7,1.062E6,9.058E4,1.515E7,0.0616,1.8695,3.0141,2,-0.0146,3,1
143,0.5887,0.5211,0.6744,387.11311,387.11182,387.11371,5.39E7,4.06E6,4.969E4,5.39E7,2,1,38,0,[M+FA]-,2,342.11462,140;143,,,,DETECTED,387.11311,387.11182,387.11371,0.5887,0.5211,0.6744,5.39E7,4.06E6,4.969E4,5.39E7,0.0788,1.8604,2.9618,2,-0.0357,5,1
144,0.5887,0.544,0.8084,389.11615,389.11487,389.11853,1.132E6,1.368E5,3.378E4,1.132E6,0,1,38,,,,,,,,,DETECTED,389.11615,389.11487,389.11853,0.5887,0.544,0.8084,1.132E6,1.368E5,3.378E4,1.132E6,0.1182,3.942,7.7879,,,5,1
147,0.5887,0.5556,0.6971,523.04346,523.04083,523.04742,7.096E5,5.276E4,1.222E5,7.096E5,1,1,38,,,,,,,,,DETECTED,523.04346,523.04083,523.04742,0.5887,0.5556,0.6971,7.096E5,5.276E4,1.222E5,7.096E5,0.0754,2.141,4.7904,1,0.0163,2,1
148,0.601,0.5211,0.6744,215.03028,215.02974,215.03076,1.112E6,6.218E4,3.435E4,1.112E6,1,1,38,,,,,,,,,DETECTED,215.03028,215.02974,215.03076,0.601,0.5211,0.6744,1.112E6,6.218E4,3.435E4,1.112E6,0.0491,1.184,1.522,1,-0.0036,2,1
154,0.6119,0.5556,0.8323,377.08425,377.08209,377.08487,1.538E7,8.175E5,1.125E5,1.538E7,3,1,38,,,,,,,,,DETECTED,377.08425,377.08209,377.08487,0.6119,0.5556,0.8323,1.538E7,8.175E5,1.125E5,1.538E7,0.0327,2.0355,2.5393,3,-0.0253,4,1
155,0.6119,0.5556,0.8323,379.08142,379.0795,379.08325,3.836E6,2.198E5,3.282E4,3.836E6,0,1,38,,,,,,,,,DETECTED,379.08142,379.0795,379.08325,0.6119,0.5556,0.8323,3.836E6,2.198E5,3.282E4,3.836E6,0.0357,2.0143,2.7132,,,4,1
157,0.6119,0.5672,0.7968,447.1316,447.12717,447.13388,7.454E5,5.967E4,4.121E4,7.454E5,0,1,38,,,,,,,,,DETECTED,447.1316,447.12717,447.13388,0.6119,0.5672,0.7968,7.454E5,5.967E4,4.121E4,7.454E5,0.0497,3.5312,4.082,,,2,1
158,0.6119,0.5556,0.8084,477.1433,477.13928,477.14474,2.01E6,1.172E5,2.621E4,2.01E6,1,1,38,,,,,,,,,DETECTED,477.1433,477.13928,477.14474,0.6119,0.5556,0.8084,2.01E6,1.172E5,2.621E4,2.01E6,0.0374,2.0027,2.5484,1,-0.0128,3,1
159,0.6119,0.5672,0.7188,488.16042,488.15753,488.16455,8.231E5,5.104E4,1.212E5,8.231E5,1,1,38,,,,,,,,,DETECTED,488.16042,488.15753,488.16455,0.6119,0.5672,0.7188,8.231E5,5.104E4,1.212E5,8.231E5,0.0426,1.6966,2.2988,1,0.004,2,1
160,0.6119,0.5672,0.8323,507.15322,507.14941,507.1568,2.842E6,1.712E5,1.906E4,2.842E6,2,1,38,,,,,,,,,DETECTED,507.15322,507.14941,507.1568,0.6119,0.5672,0.8323,2.842E6,1.712E5,1.906E4,2.842E6,0.0411,1.8681,2.6837,2,-0.0162,4,1
161,0.6119,0.5556,0.8582,533.17103,533.16742,533.17145,5.453E7,3.792E6,1.956E5,5.453E7,4,1,38,,,,,,,,,DETECTED,533.17103,533.16742,533.17145,0.6119,0.5556,0.8582,5.453E7,3.792E6,1.956E5,5.453E7,0.0737,2.2271,3.2475,4,-0.0287,5,1
165,0.6119,0.5672,0.741,537.1615,537.15839,537.16461,8.096E5,5.939E4,5.201E4,8.096E5,1,1,38,,,,,,,,,DETECTED,537.1615,537.15839,537.16461,0.6119,0.5672,0.741,8.096E5,5.939E4,5.201E4,8.096E5,0.056,1.8622,2.942,1,0.009,2,1
169,0.623,0.544,0.8084,135.02649,135.02606,135.02684,2.889E6,2.37E5,9.824E4,2.889E6,3,1,38,,,,,,,,,DETECTED,135.02649,135.02606,135.02684,0.623,0.544,0.8084,2.889E6,2.37E5,9.824E4,2.889E6,0.0588,1.8028,1.8739,3,-0.029,3,1
171,0.623,0.5323,0.9967,165.03743,165.03693,165.03778,1.389E7,1.22E6,1.266E5,1.389E7,7,1,38,,,,,,,,,DETECTED,165.03743,165.03693,165.03778,0.623,0.5323,0.9967,1.389E7,1.22E6,1.266E5,1.389E7,0.0625,1.6317,1.5694,7,-0.0601,4,1
172,0.623,0.5125,0.8912,179.05316,179.0528,179.05377,7.912E6,1.169E6,1.61E5,7.912E6,6,1,38,,,,,,,,,DETECTED,179.05316,179.0528,179.05377,0.623,0.5125,0.8912,7.912E6,1.169E6,1.61E5,7.912E6,0.1433,1.8116,1.8467,6,-0.085,2,1
174,0.623,0.5556,0.8084,191.0537,191.05212,191.05391,1.049E8,1.052E7,1.143E5,1.049E8,4,1,38,1,[M-H]-,2,192.06089,182;174,,,,DETECTED,191.0537,191.05212,191.05391,0.623,0.5556,0.8084,1.049E8,1.052E7,1.143E5,1.049E8,0.1102,2.2856,3.0689,4,-0.0506,7,1
177,0.623,0.5556,0.8323,192.05621,192.0553,192.05638,6.956E6,6.05E5,2.745E5,6.956E6,1,1,38,,,,,,,,,DETECTED,192.05621,192.0553,192.05638,0.623,0.5556,0.8323,6.956E6,6.05E5,2.745E5,6.956E6,0.0531,2.2356,2.7243,1,0.1694,8,1
180,0.623,0.5323,0.8582,195.04838,195.0477,195.04858,1.173E7,1.027E6,2.234E5,1.173E7,3,1,38,2,[M-2H+Na]-,2,174.07393,180;186,,,,DETECTED,195.04838,195.0477,195.04858,0.623,0.5323,0.8582,1.173E7,1.027E6,2.234E5,1.173E7,0.0903,1.3207,1.4532,3,-0.0617,7,1
182,0.623,0.544,0.8202,237.059,237.05853,237.05991,9.929E5,9.064E4,3.048E4,9.929E5,1,1,38,1,[M+FA]-,2,192.06089,182;174,,,,DETECTED,237.059,237.05853,237.05991,0.623,0.544,0.8202,9.929E5,9.064E4,3.048E4,9.929E5,0.0691,1.8535,2.177,1,-0.0054,2,1
185,0.623,0.544,0.8912,289.03115,289.03061,289.03323,2.867E6,2.54E5,3.827E4,2.867E6,3,1,38,,,,,,,,,DETECTED,289.03115,289.03061,289.03323,0.623,0.544,0.8912,2.867E6,2.54E5,3.827E4,2.867E6,0.0673,2.1818,2.931,3,-0.0148,2,1
186,0.623,0.5779,0.7523,383.11768,383.11676,383.12057,4.626E6,2.299E5,1.324E5,4.626E6,2,1,38,2,[2M+Cl]-,2,174.07393,180;186,,,,DETECTED,383.11768,383.11676,383.12057,0.623,0.5779,0.7523,4.626E6,2.299E5,1.324E5,4.626E6,0.0848,2.0603,2.8251,2,-0.0131,7,1
189,0.623,0.5556,0.9267,439.08392,439.08093,439.0845,3.929E7,3.417E6,2.183E5,3.929E7,6,1,38,,,,,,,,,DETECTED,439.08392,439.08093,439.0845,0.623,0.5556,0.9267,3.929E7,3.417E6,2.183E5,3.929E7,0.0688,2.2733,3.5605,6,-0.0381,4,1
192,0.633,0.5323,0.9159,149.04235,149.04195,149.04274,9.774E5,1.502E5,3.616E4,9.774E5,2,,38,,,,,,,,,DETECTED,149.04235,149.04195,149.04274,0.633,0.5323,0.9159,9.774E5,1.502E5,3.616E4,9.774E5,0.117,2.1958,3.1163,2,0.0085,,
194,0.633,0.5887,0.7523,226.99367,226.99261,226.99396,1.718E6,1.315E5,2.092E5,1.718E6,3,1,38,,,,,,,,,DETECTED,226.99367,226.99261,226.99396,0.633,0.5887,0.7523,1.718E6,1.315E5,2.092E5,1.718E6,0.06,1.8448,3.6539,3,-0.0138,3,1
196,0.633,0.5887,0.7851,521.16864,521.16589,521.17047,5.165E5,4.793E4,4.139E4,5.165E5,0,1,38,,,,,,,,,DETECTED,521.16864,521.16589,521.17047,0.633,0.5887,0.7851,5.165E5,4.793E4,4.139E4,5.165E5,0.0709,2.2364,2.9369,,,2,1
199,0.6435,0.623,0.7295,337.07611,337.07556,337.0769,1.736E6,9.612E4,4.396E5,1.736E6,1,1,,,,,,,,,,DETECTED,337.07611,337.07556,337.0769,0.6435,0.623,0.7295,1.736E6,9.612E4,4.396E5,1.736E6,0.0408,2.5997,4.1994,1,0.0076,2,1
200,0.6637,0.601,1.261,133.01169,133.01024,133.01183,6.519E7,8.753E6,2.066E5,6.519E7,11,1,38,,,,,,,,,DETECTED,133.01169,133.01024,133.01183,0.6637,0.601,1.261,6.519E7,8.753E6,2.066E5,6.519E7,0.1231,2.6662,4.0009,11,-0.036,4,1
205,0.6637,0.5556,0.9538,207.04853,207.04799,207.0499,6.951E5,1.234E5,2.952E4,6.951E5,2,,38,,,,,,,,,DETECTED,207.04853,207.04799,207.0499,0.6637,0.5556,0.9538,6.951E5,1.234E5,2.952E4,6.951E5,0.1449,2.0234,3.6407,2,0.0194,,
206,0.6637,0.601,1.261,270.98402,270.98306,270.98505,9.4E5,1.404E5,1.02E4,9.4E5,2,,38,,,,,,,,,DETECTED,270.98402,270.98306,270.98505,0.6637,0.601,1.261,9.4E5,1.404E5,1.02E4,9.4E5,0.1704,2.7171,3.6069,2,0.0178,,
209,0.6637,0.5887,0.9538,383.08269,383.0809,383.08304,1.272E7,1.304E6,1.453E5,1.272E7,5,1,38,,,,,,,,,DETECTED,383.08269,383.0809,383.08304,0.6637,0.5887,0.9538,1.272E7,1.304E6,1.453E5,1.272E7,0.0935,1.714,2.0584,5,-0.0571,8,1
211,0.6637,0.5887,0.8582,459.04176,459.0383,459.04459,8.218E5,1.14E5,1.164E5,8.218E5,2,1,38,,,,,,,,,DETECTED,459.04176,459.0383,459.04459,0.6637,0.5887,0.8582,8.218E5,1.14E5,1.164E5,8.218E5,0.1591,1.7968,2.5726,2,0.0211,3,1
212,0.6637,0.6119,0.9267,475.12809,475.12543,475.1297,3.515E6,3.085E5,2.685E4,3.515E6,3,1,38,,,,,,,,,DETECTED,475.12809,475.12543,475.1297,0.6637,0.6119,0.9267,3.515E6,3.085E5,2.685E4,3.515E6,0.0826,1.8929,3.1341,3,-0.0238,2,1
213,0.6637,0.6119,0.8582,515.15928,515.15869,515.16425,1.024E6,1.173E5,1.842E4,1.024E6,1,1,38,,,,,,,,,DETECTED,515.15928,515.15869,515.16425,0.6637,0.6119,0.8582,1.024E6,1.173E5,1.842E4,1.024E6,0.119,2.0509,2.6071,1,0.0715,2,1
216,0.6869,0.5556,1.0265,129.0161,129.01582,129.01628,4.92E5,1.24E5,3.841E4,4.92E5,3,1,38,,,,,,,,,DETECTED,129.0161,129.01582,129.01628,0.6869,0.5556,1.0265,4.92E5,1.24E5,3.841E4,4.92E5,0.2725,1.7914,3.1765,3,0.0404,4,1
218,0.6869,0.6119,0.9877,134.01412,134.01373,134.01483,1.907E6,2.415E5,3.196E4,1.907E6,3,1,38,,,,,,,,,DETECTED,134.01412,134.01373,134.01483,0.6869,0.6119,0.9877,1.907E6,2.415E5,3.196E4,1.907E6,0.118,1.7435,2.1849,3,-0.0315,5,1
220,0.6869,0.601,0.9538,173.04227,173.04164,173.04245,3.814E6,6.301E5,1.162E5,3.814E6,5,1,38,,,,,,,,,DETECTED,173.04227,173.04164,173.04245,0.6869,0.601,0.9538,3.814E6,6.301E5,1.162E5,3.814E6,0.1698,3.4853,3.0193,5,-0.0488,3,1
222,0.7188,0.5887,0.9967,142.99566,142.99521,142.99591,2.558E6,5.828E5,2.077E5,2.558E6,6,1,38,,,,,,,,,DETECTED,142.99566,142.99521,142.99591,0.7188,0.5887,0.9967,2.558E6,5.828E5,2.077E5,2.558E6,0.2602,1.7273,2.239,6,-0.0878,2,1
223,0.7188,0.5887,1.1481,173.00626,173.00569,173.00677,2.689E6,7.183E5,1.612E5,2.689E6,8,1,38,3,[M-H]-,2,174.01387,223;224,,,,DETECTED,173.00626,173.00569,173.00677,0.7188,0.5887,1.1481,2.689E6,7.183E5,1.612E5,2.689E6,0.2808,2.1088,2.7293,8,-0.0895,2,1
224,0.7188,0.5887,0.9877,219.0124,219.01187,219.01273,1.323E6,2.8E5,1.431E5,1.323E6,4,1,38,3,[M+FA]-,2,174.01387,223;224,,,,DETECTED,219.0124,219.01187,219.01273,0.7188,0.5887,0.9877,1.323E6,2.8E5,1.431E5,1.323E6,0.2366,1.5334,2.3314,4,-0.0589,2,1
225,0.7188,0.6435,0.8582,331.94661,331.94559,331.94717,4.491E5,4.926E4,3.311E4,4.491E5,1,1,38,,,,,,,,,DETECTED,331.94661,331.94559,331.94717,0.7188,0.6435,0.8582,4.491E5,4.926E4,3.311E4,4.491E5,0.1065,1.2744,2.3746,1,0.0279,2,1
227,0.7737,0.6119,0.9538,145.01112,145.01054,145.01146,1.139E6,1.766E5,5.306E4,1.139E6,1,1,38,,,,,,,,,DETECTED,145.01112,145.01054,145.01146,0.7737,0.6119,0.9538,1.139E6,1.766E5,5.306E4,1.139E6,0.1915,1.0157,0.9675,1,-0.0025,9,1
230,0.7737,0.7295,1.2445,337.0766,337.07446,337.07907,9.649E5,8.415E4,1.75E4,9.649E5,2,1,38,,,,,,,,,DETECTED,337.0766,337.07446,337.07907,0.7737,0.7295,1.2445,9.649E5,8.415E4,1.75E4,9.649E5,0.072,2.6699,3.4176,2,-0.0351,3,1
238,0.8202,0.5672,1.2936,191.01894,191.01764,191.02078,2.553E7,3.236E6,5.151E4,2.553E7,11,1,27,,,,,,,,,DETECTED,191.01894,191.01764,191.02078,0.8202,0.5672,1.2936,2.553E7,3.236E6,5.151E4,2.553E7,0.0788,1.0093,0.9265,11,-0.1635,3,1
242,0.8202,0.633,1.0948,192.01971,192.01892,192.02014,1.299E6,1.377E5,2.871E4,1.299E6,1,1,27,,,,,,,,,DETECTED,192.01971,192.01892,192.02014,0.8202,0.633,1.0948,1.299E6,1.377E5,2.871E4,1.299E6,0.0646,0.9176,0.7606,1,-0.0376,3,1
244,0.8202,0.6532,1.252,203.01722,203.01588,203.01878,4.152E5,7.086E4,1.175E4,4.152E5,1,1,27,,,,,,,,,DETECTED,203.01722,203.01588,203.01878,0.8202,0.6532,1.252,4.152E5,7.086E4,1.175E4,4.152E5,0.1657,1.4059,1.285,1,-0.0062,2,1
245,0.8202,0.7188,1.0058,289.93528,289.93393,289.93707,4.951E5,5.961E4,4.431E4,4.951E5,2,1,27,,,,,,,,,DETECTED,289.93528,289.93393,289.93707,0.8202,0.7188,1.0058,4.951E5,5.961E4,4.431E4,4.951E5,0.0923,1.4725,2.1631,2,-0.0161,3,1
254,0.8444,0.7628,0.9267,295.10151,295.10043,295.10284,1.997E5,1.766E4,4.398E4,1.997E5,0,1,,,,,,,,,,DETECTED,295.10151,295.10043,295.10284,0.8444,0.7628,0.9267,1.997E5,1.766E4,4.398E4,1.997E5,0.0983,1.004,1.008,,,2,1
255,0.867,0.7968,1.0463,133.04729,133.04649,133.04756,7.477E5,6.953E4,3.027E4,7.477E5,2,1,55,,,,,,,,,DETECTED,133.04729,133.04649,133.04756,0.867,0.7968,1.0463,7.477E5,6.953E4,3.027E4,7.477E5,0.0801,1.6029,1.9755,2,-0.0153,2,1
263,0.879,0.7968,0.9645,241.00963,241.00888,241.0103,2.92E5,2.743E4,4.285E4,2.92E5,0,1,55,,,,,,,,,DETECTED,241.00963,241.00888,241.0103,0.879,0.7968,0.9645,2.92E5,2.743E4,4.285E4,2.92E5,0.0842,1.0192,1.0462,,,3,1
265,0.879,0.8084,1.0587,375.01943,375.01813,375.02124,2.051E5,2.202E4,1.687E4,2.051E5,0,1,55,,,,,,,,,DETECTED,375.01943,375.01813,375.02124,0.879,0.8084,1.0587,2.051E5,2.202E4,1.687E4,2.051E5,0.0924,1.9082,2.5647,,,2,1
269,0.9036,0.7968,1.0768,139.00065,138.99997,139.00116,3.617E5,4.547E4,2.166E4,3.617E5,0,1,49,,,,,,,,,DETECTED,139.00065,138.99997,139.00116,0.9036,0.7968,1.0768,3.617E5,4.547E4,2.166E4,3.617E5,0.1142,1.348,2.128,,,4,1
270,0.9036,0.7968,1.4279,182.99099,182.98958,182.99129,4.009E6,5.397E5,3.656E4,4.009E6,5,1,49,,,,,,,,,DETECTED,182.99099,182.98958,182.99129,0.9036,0.7968,1.4279,4.009E6,5.397E5,3.656E4,4.009E6,0.1097,1.9612,2.2973,5,-0.0625,3,1
273,0.9036,0.7737,1.1242,283.10167,283.10007,283.10352,2.467E5,3.216E4,1.165E4,2.467E5,0,1,49,,,,,,,,,DETECTED,283.10167,283.10007,283.10352,0.9036,0.7737,1.1242,2.467E5,3.216E4,1.165E4,2.467E5,0.1135,1.3623,1.5094,,,2,1
277,0.9357,0.7851,1.1739,187.02187,187.02126,187.02208,4.696E5,5.708E4,9.933E3,4.696E5,2,1,49,,,,,,,,,DETECTED,187.02187,187.02126,187.02208,0.9357,0.7851,1.1739,4.696E5,5.708E4,9.933E3,4.696E5,0.1101,1.0916,1.2323,2,-0.0249,4,1
281,0.9357,0.8202,1.1555,525.10575,525.1004,525.10834,4.227E5,5.727E4,1.894E4,4.227E5,0,1,49,,,,,,,,,DETECTED,525.10575,525.1004,525.10834,0.9357,0.8202,1.1555,4.227E5,5.727E4,1.894E4,4.227E5,0.1185,1.3948,1.3141,,,2,1
285,0.9769,0.8912,1.1061,309.04523,309.04428,309.04688,1.687E5,1.906E4,1.246E4,1.687E5,0,1,69,,,,,,,,,DETECTED,309.04523,309.04428,309.04688,0.9769,0.8912,1.1061,1.687E5,1.906E4,1.246E4,1.687E5,0.1594,1.2308,1.3787,,,2,1
286,0.9769,0.8912,1.1242,459.13291,459.13077,459.1348,3.197E5,3.826E4,2.037E4,3.197E5,1,1,69,,,,,,,,,DETECTED,459.13291,459.13077,459.1348,0.9769,0.8912,1.1242,3.197E5,3.826E4,2.037E4,3.197E5,0.1143,1.3469,1.3714,1,-0.0035,3,1
287,0.9877,0.9036,1.252,147.02701,147.02643,147.02719,1.29E6,1.507E5,2.876E4,1.29E6,3,1,69,,,,,,,,,DETECTED,147.02701,147.02643,147.02719,0.9877,0.9036,1.252,1.29E6,1.507E5,2.876E4,1.29E6,0.1055,1.6901,1.9337,3,-0.039,3,1
288,1.0158,0.9431,1.2148,265.09094,265.09018,265.09204,1.357E5,1.724E4,1.018E4,1.357E5,0,1,24,,,,,,,,,DETECTED,265.09094,265.09018,265.09204,1.0158,0.9431,1.2148,1.357E5,1.724E4,1.018E4,1.357E5,0.1209,1.8736,2.3056,,,2,1
289,1.0158,0.7295,1.2936,331.06602,331.06406,331.06818,3.647E6,6.615E5,5.859E4,3.647E6,6,1,24,,,,,,,,,DETECTED,331.06602,331.06406,331.06818,1.0158,0.7295,1.2936,3.647E6,6.615E5,5.859E4,3.647E6,0.1659,1.5892,2.4642,6,-0.0688,3,1
291,1.0265,0.8582,1.2148,533.16881,533.16644,533.17023,4.762E5,1.1E5,9.555E4,4.762E5,4,1,24,,,,,,,,,DETECTED,533.16881,533.16644,533.17023,1.0265,0.8582,1.2148,4.762E5,1.1E5,9.555E4,4.762E5,0.2742,1.0596,1.1193,4,-0.1033,3,1
292,1.0372,0.8323,1.2705,273.97684,273.97546,273.97861,6.622E4,1.892E4,1.833E4,6.622E4,0,1,,,,,,,,,,DETECTED,273.97684,273.97546,273.97861,1.0372,0.8323,1.2705,6.622E4,1.892E4,1.833E4,6.622E4,0.3556,1.0694,1.1387,,,5,1
293,1.0463,0.9431,1.3025,312.09375,312.0918,312.09546,1.398E5,2.147E4,1.08E4,1.398E5,0,1,24,,,,,,,,,DETECTED,312.09375,312.0918,312.09546,1.0463,0.9431,1.3025,1.398E5,2.147E4,1.08E4,1.398E5,0.2573,1.6467,2.1239,,,2,1
294,1.0587,0.9267,1.2936,295.10171,295.10056,295.10242,5.315E5,8.931E4,2.203E4,5.315E5,3,1,24,,,,,,,,,DETECTED,295.10171,295.10056,295.10242,1.0587,0.9267,1.2936,5.315E5,8.931E4,2.203E4,5.315E5,0.1918,1.3234,0.375,3,-0.0373,2,1
296,1.0677,0.8444,1.2148,440.0228,440.02145,440.02649,1.912E5,5.128E4,7.621E4,1.912E5,0,1,24,,,,,,,,,DETECTED,440.0228,440.02145,440.02649,1.0677,0.8444,1.2148,1.912E5,5.128E4,7.621E4,1.912E5,0.3505,0.8293,0.6586,,,4,1
298,1.1168,0.8582,1.261,161.04239,161.04187,161.04271,5.566E5,8.168E4,6.825E4,5.566E5,2,1,,,,,,,,,,DETECTED,161.04239,161.04187,161.04271,1.1168,0.8582,1.261,5.566E5,8.168E4,6.825E4,5.566E5,0.107,0.779,0.2424,2,-0.0632,4,1
302,1.1632,1.0677,1.3887,169.01113,169.01065,169.01132,7.74E5,8.99E4,1.406E4,7.74E5,2,1,,,,,,,,,,DETECTED,169.01113,169.01065,169.01132,1.1632,1.0677,1.3887,7.74E5,8.99E4,1.406E4,7.74E5,0.1072,1.5175,1.5332,2,-0.0334,4,1
304,1.1632,0.8582,1.3332,207.92888,207.92851,207.92908,1.609E6,5.357E5,6.448E5,1.609E6,8,1,99,,,,,,,,,DETECTED,207.92888,207.92851,207.92908,1.1632,0.8582,1.3332,1.609E6,5.357E5,6.448E5,1.609E6,0.3835,0.7788,0.5576,8,-0.301,5,1
305,1.1632,0.9431,1.3332,235.9241,235.92365,235.92424,1.297E6,3.65E5,5.312E5,1.297E6,7,1,99,,,,,,,,,DETECTED,235.9241,235.92365,235.92424,1.1632,0.9431,1.3332,1.297E6,3.65E5,5.312E5,1.297E6,0.3365,0.8864,0.7727,7,-0.2128,5,1
308,1.1632,1.0858,1.2936,633.06604,633.06097,633.07013,5.451E4,6.659E3,1.225E4,5.451E4,0,1,,,,,,,,,,DETECTED,633.06604,633.06097,633.07013,1.1632,1.0858,1.2936,5.451E4,6.659E3,1.225E4,5.451E4,0.1493,1.3424,1.6848,,,2,1
313,1.2223,1.1481,1.3025,343.1016,343.10031,343.10303,1.406E5,1.392E4,2.735E4,1.406E5,0,1,,,,,,,,,,DETECTED,343.1016,343.10031,343.10303,1.2223,1.1481,1.3025,1.406E5,1.392E4,2.735E4,1.406E5,0.1132,1.04,1.159,,,2,1
316,1.2445,0.8202,1.3887,174.95309,174.95273,174.95343,1.327E6,3.497E5,2.996E5,1.327E6,9,1,142,,,,,,,,,DETECTED,174.95309,174.95273,174.95343,1.2445,0.8202,1.3887,1.327E6,3.497E5,2.996E5,1.327E6,0.1711,0.6699,0.3398,9,-0.3895,3,1
322,1.252,1.1481,1.3434,371.09665,371.09467,371.09781,2.832E5,3.158E4,1.281E4,2.832E5,2,1,142,,,,,,,,,DETECTED,371.09665,371.09467,371.09781,1.252,1.1481,1.3434,2.832E5,3.158E4,1.281E4,2.832E5,0.1236,0.9763,1.0042,2,-0.0406,3,1
323,1.261,0.7295,1.3887,158.97569,158.97473,158.97601,2.028E6,4.722E5,5.628E4,2.028E6,10,1,142,,,,,,,,,DETECTED,158.97569,158.97473,158.97601,1.261,0.7295,1.3887,2.028E6,4.722E5,5.628E4,2.028E6,0.1684,0.6257,0.2679,10,-0.4454,3,1
326,1.3025,0.7737,1.5948,277.9708,277.96967,277.97144,2.102E5,1.015E5,3.279E4,2.102E5,0,1,,,,,,,,,,DETECTED,277.9708,277.96967,277.97144,1.3025,0.7737,1.5948,2.102E5,1.015E5,3.279E4,2.102E5,0.6258,0.7764,0.5498,,,4,1
327,1.3025,1.2223,1.3571,297.11766,297.11725,297.11963,2.562E5,1.936E4,1.119E4,2.562E5,0,1,,,,,,,,,,DETECTED,297.11766,297.11725,297.11963,1.3025,1.2223,1.3571,2.562E5,1.936E4,1.119E4,2.562E5,0.0801,0.8798,0.839,,,2,1
329,1.3025,1.1739,1.4176,343.06582,343.06265,343.06656,2.429E6,2.398E5,8.988E3,2.429E6,3,1,142,,,,,,,,,DETECTED,343.06582,343.06265,343.06656,1.3025,1.1739,1.4176,2.429E6,2.398E5,8.988E3,2.429E6,0.0956,1.0167,0.6915,3,-0.0836,2,1
330,1.3025,1.2072,1.3688,381.02126,381.01831,381.02411,1.148E5,1.102E4,2.457E4,1.148E5,0,1,142,,,,,,,,,DETECTED,381.02126,381.01831,381.02411,1.3025,1.2072,1.3688,1.148E5,1.102E4,2.457E4,1.148E5,0.0915,0.8479,0.6959,,,2,1
339,1.3571,1.1481,1.8709,275.01532,275.01443,275.01627,2.9E5,9.188E4,1.709E4,2.9E5,0,1,42,,,,,,,,,DETECTED,275.01532,275.01443,275.01627,1.3571,1.1481,1.8709,2.9E5,9.188E4,1.709E4,2.9E5,0.2744,1.7974,1.8362,,,3,1
341,1.3571,1.2936,1.4364,345.08104,345.07965,345.08301,1.601E5,1.246E4,1.709E4,1.601E5,0,1,,,,,,,,,,DETECTED,345.08104,345.07965,345.08301,1.3571,1.2936,1.4364,1.601E5,1.246E4,1.709E4,1.601E5,0.086,1.1237,1.2261,,,2,1
355,1.3987,1.2148,1.4601,383.08286,383.08102,383.08377,5.221E5,5.299E4,1.804E4,5.221E5,2,1,42,,,,,,,,,DETECTED,383.08286,383.08102,383.08377,1.3987,1.2148,1.4601,5.221E5,5.299E4,1.804E4,5.221E5,0.0779,0.7045,0.5839,2,-0.0328,2,1
358,1.3987,1.2148,1.4279,533.1699,533.16797,533.17065,2.457E6,2.496E5,9.555E4,2.457E6,3,1,42,,,,,,,,,DETECTED,533.1699,533.16797,533.17065,1.3987,1.2148,1.4279,2.457E6,2.496E5,9.555E4,2.457E6,0.1117,0.5911,0.2266,3,-0.1225,4,1
361,1.4088,1.2148,1.9269,219.01239,219.01187,219.01309,4.615E5,1.552E5,4.074E4,4.615E5,4,1,42,4,[M+FA]-,2,174.01378,365;361,,,,DETECTED,219.01239,219.01187,219.01309,1.4088,1.2148,1.9269,4.615E5,1.552E5,4.074E4,4.615E5,0.2862,1.835,2.5878,4,-0.0683,2,1
362,1.4088,1.3688,1.4601,359.0965,359.09555,359.09732,1.518E5,7.389E3,5.064E4,1.518E5,0,1,,,,,,,,,,DETECTED,359.0965,359.09555,359.09732,1.4088,1.3688,1.4601,1.518E5,7.389E3,5.064E4,1.518E5,0.0531,1.1399,1.2798,,,2,1
363,1.4364,0.9967,2.0654,142.99564,142.99524,142.99593,9.515E5,3.411E5,3.156E4,9.515E5,7,1,42,,,,,,,,,DETECTED,142.99564,142.99524,142.99593,1.4364,0.9967,2.0654,9.515E5,3.411E5,3.156E4,9.515E5,0.2714,1.1738,1.7055,7,-0.1788,3,1
365,1.4364,1.1481,1.9269,173.0061,173.00586,173.00642,8.312E5,2.741E5,6.064E4,8.312E5,6,1,42,4,[M-H]-,2,174.01378,365;361,,,,DETECTED,173.0061,173.00586,173.00642,1.4364,1.1481,1.9269,8.312E5,2.741E5,6.064E4,8.312E5,0.2681,1.3857,2.1027,6,-0.1179,3,1
369,1.4364,1.2297,1.5065,309.11762,309.11633,309.11899,1.353E5,1.952E4,1.09E4,1.353E5,0,1,,,,,,,,,,DETECTED,309.11762,309.11633,309.11899,1.4364,1.2297,1.5065,1.353E5,1.952E4,1.09E4,1.353E5,0.1407,0.6713,0.3585,,,3,1
371,1.4483,1.4176,1.5436,343.06528,343.06403,343.06891,4.106E5,2.669E4,4.754E4,4.106E5,1,1,,,,,,,,,,DETECTED,343.06528,343.06403,343.06891,1.4483,1.4176,1.5436,4.106E5,2.669E4,4.754E4,4.106E5,0.0599,2.0507,4.1117,1,0.0073,3,1
373,1.4713,1.3786,1.6237,301.05458,301.05353,301.05591,4.395E5,2.94E4,1.641E4,4.395E5,1,1,42,,,,,,,,,DETECTED,301.05458,301.05353,301.05591,1.4713,1.3786,1.6237,4.395E5,2.94E4,1.641E4,4.395E5,0.0553,1.2141,1.895,1,0.0056,2,1
375,1.4713,1.4176,1.6311,371.09568,371.09393,371.09735,3.534E5,2.787E4,2.338E4,3.534E5,0,1,42,,,,,,,,,DETECTED,371.09568,371.09393,371.09735,1.4713,1.4176,1.6311,3.534E5,2.787E4,2.338E4,3.534E5,0.0629,2.0383,2.6981,,,3,1
376,1.4832,1.1481,1.7057,146.04285,146.04271,146.04312,3.934E5,1.245E5,8.033E4,3.934E5,4,,42,,,,,,,,,DETECTED,146.04285,146.04271,146.04312,1.4832,1.1481,1.7057,3.934E5,1.245E5,8.033E4,3.934E5,0.3106,0.832,0.664,4,-0.1946,,
381,1.4947,1.2148,1.9269,165.03721,165.03677,165.03737,1.052E6,2.97E5,8.009E4,1.052E6,7,1,42,5,[M-H]-,2,166.04375,381;395,,,,DETECTED,165.03721,165.03677,165.03737,1.4947,1.2148,1.9269,1.052E6,2.97E5,8.009E4,1.052E6,0.2868,1.211,1.1834,7,-0.2169,3,1
382,1.4947,1.1908,2.2657,179.05306,179.0524,179.05328,1.538E6,5.977E5,5.734E4,1.538E6,12,1,42,6,[M-H]-,2,180.06085,382;387,,,,DETECTED,179.05306,179.0524,179.05328,1.4947,1.1908,2.2657,1.538E6,5.977E5,5.734E4,1.538E6,0.3151,1.7067,1.6036,12,-0.2852,2,1
383,1.4947,1.2148,1.9269,191.05374,191.05333,191.05389,1.421E7,4.98E6,1.745E6,1.421E7,12,1,42,,,,,,,,,DETECTED,191.05374,191.05333,191.05389,1.4947,1.2148,1.9269,1.421E7,4.98E6,1.745E6,1.421E7,0.3084,1.2719,1.738,12,-0.2628,5,1
385,1.4947,1.1833,1.9269,195.04806,195.04758,195.04851,6.471E5,1.88E5,5.383E4,6.471E5,4,1,42,,,,,,,,,DETECTED,195.04806,195.04758,195.04851,1.4947,1.1833,1.9269,6.471E5,1.88E5,5.383E4,6.471E5,0.2623,1.2694,1.4423,4,-0.1779,5,1
387,1.4947,1.1739,2.1872,225.05957,225.05893,225.05978,4.189E6,1.752E6,2.062E5,4.189E6,17,1,42,6,[M+FA]-,2,180.06085,382;387,,,,DETECTED,225.05957,225.05893,225.05978,1.4947,1.1739,2.1872,4.189E6,1.752E6,2.062E5,4.189E6,0.3243,1.5605,1.7289,17,-0.3017,3,1
392,1.4947,1.4176,1.5664,331.06578,331.06537,331.06625,1.312E6,9.137E4,1.005E5,1.312E6,2,1,,,,,,,,,,DETECTED,331.06578,331.06537,331.06625,1.4947,1.4176,1.5664,1.312E6,9.137E4,1.005E5,1.312E6,0.0613,0.9658,1.2261,2,-0.0291,2,1
393,1.4947,1.2148,1.7057,341.10761,341.10721,341.10788,4.71E6,1.277E6,7.357E5,4.71E6,8,1,42,7,[M-H]-,3,342.11509,397;393;395,,,,DETECTED,341.10761,341.10721,341.10788,1.4947,1.2148,1.7057,4.71E6,1.277E6,7.357E5,4.71E6,0.2669,0.8767,0.7387,8,-0.2537,3,1
395,1.4947,1.252,1.7057,377.08423,377.08313,377.08539,4.272E5,1.15E5,9.212E4,4.272E5,0,1,42,7,[M+Cl]-,3,342.11509,397;393;395,,,,DETECTED,377.08423,377.08313,377.08539,1.4947,1.252,1.7057,4.272E5,1.15E5,9.212E4,4.272E5,0.3025,0.9344,0.8689,,,3,1
397,1.4947,1.2148,1.7057,387.11375,387.11337,387.1142,1.733E7,4.761E6,3.181E6,1.733E7,8,1,42,7,[M+FA]-,3,342.11509,397;393;395,,,,DETECTED,387.11375,387.11337,387.1142,1.4947,1.2148,1.7057,1.733E7,4.761E6,3.181E6,1.733E7,0.2866,0.8767,0.7535,8,-0.2405,4,1
399,1.4947,1.2371,1.7057,439.08318,439.08154,439.08447,9.173E5,2.04E5,7.415E4,9.173E5,5,1,42,,,,,,,,,DETECTED,439.08318,439.08154,439.08447,1.4947,1.2371,1.7057,9.173E5,2.04E5,7.415E4,9.173E5,0.1362,0.8994,0.9978,5,-0.1688,3,1
401,1.4947,0.8323,1.6559,455.09902,455.09686,455.10101,4.86E5,2.179E5,1.18E5,4.86E5,0,1,42,,,,,,,,,DETECTED,455.09902,455.09686,455.10101,1.4947,0.8323,1.6559,4.86E5,2.179E5,1.18E5,4.86E5,0.5755,0.6217,0.2433,,,3,1
402,1.4947,1.2223,1.5948,459.04236,459.03854,459.04498,2.29E5,5.279E4,4.328E4,2.29E5,0,1,42,,,,,,,,,DETECTED,459.04236,459.03854,459.04498,1.4947,1.2223,1.5948,2.29E5,5.279E4,4.328E4,2.29E5,0.1176,0.6836,0.3673,,,3,1
403,1.4947,0.8582,1.9505,471.0738,471.0708,471.07852,1.352E6,4.533E5,2.578E4,1.352E6,6,1,42,,,,,,,,,DETECTED,471.0738,471.0708,471.07852,1.4947,0.8582,1.9505,1.352E6,4.533E5,2.578E4,1.352E6,0.2505,0.7949,1.0917,6,-0.2611,4,1
407,1.4947,1.4176,1.7057,523.98497,523.98212,523.98755,6.334E4,9.118E3,1.297E4,6.334E4,0,1,42,,,,,,,,,DETECTED,523.98497,523.98212,523.98755,1.4947,1.4176,1.7057,6.334E4,9.118E3,1.297E4,6.334E4,0.1551,1.8673,2.7347,,,2,1
408,1.4947,1.4279,1.7355,533.16969,533.16675,533.17035,2.792E6,3.17E5,1.677E5,2.792E6,5,1,42,,,,,,,,,DETECTED,533.16969,533.16675,533.17035,1.4947,1.4279,1.7355,2.792E6,3.17E5,1.677E5,2.792E6,0.0899,3.0982,3.0152,5,-0.0441,3,1
413,1.5065,1.4176,1.6559,295.10163,295.10001,295.10251,1.186E6,7.043E4,1.594E4,1.186E6,1,1,127,,,,,,,,,DETECTED,295.10163,295.10001,295.10251,1.5065,1.4176,1.6559,1.186E6,7.043E4,1.594E4,1.186E6,0.0476,2.6004,1.3299,1,-0.0145,2,1
414,1.5065,1.4713,1.577,637.21235,637.20856,637.21753,1.604E5,7.234E3,1.164E4,1.604E5,0,1,127,,,,,,,,,DETECTED,637.21235,637.20856,637.21753,1.5065,1.4713,1.577,1.604E5,7.234E3,1.164E4,1.604E5,0.0461,7.2873,1.2904,,,2,1
424,1.5314,1.4713,1.6311,355.10225,355.10114,355.10553,6.451E5,3.159E4,1.364E4,6.451E5,1,1,42,,,,,,,,,DETECTED,355.10225,355.10114,355.10553,1.5314,1.4713,1.6311,6.451E5,3.159E4,1.364E4,6.451E5,0.042,1.0852,1.0218,1,0.0056,2,1
425,1.5314,1.4601,1.9148,383.08257,383.08035,383.08484,1.12E6,1.199E5,1.955E4,1.12E6,3,1,42,,,,,,,,,DETECTED,383.08257,383.08035,383.08484,1.5314,1.4601,1.9148,1.12E6,1.199E5,1.955E4,1.12E6,0.0862,2.2634,2.2766,3,-0.0171,3,1
426,1.5314,1.4947,1.5948,421.13179,421.12982,421.13284,1.737E5,7.103E3,1.56E4,1.737E5,0,1,42,,,,,,,,,DETECTED,421.13179,421.12982,421.13284,1.5314,1.4947,1.5948,1.737E5,7.103E3,1.56E4,1.737E5,0.0378,1.4533,1.3806,,,2,1
427,1.5436,1.261,2.3197,133.01147,133.01028,133.0117,3.374E6,1.06E6,1.283E5,3.374E6,16,1,42,,,,,,,,,DETECTED,133.01147,133.01028,133.0117,1.5436,1.261,2.3197,3.374E6,1.06E6,1.283E5,3.374E6,0.273,1.691,1.4997,16,-0.2567,8,1
430,1.5436,1.2705,1.7355,173.04226,173.04207,173.0425,8.881E5,2.373E5,1.674E5,8.881E5,6,1,42,,,,,,,,,DETECTED,173.04226,173.04207,173.0425,1.5436,1.2705,1.7355,8.881E5,2.373E5,1.674E5,8.881E5,0.2746,0.8513,0.7027,6,-0.2161,3,1
432,1.5436,1.5065,1.6683,311.13343,311.13092,311.13553,1.888E5,1.044E4,1.297E4,1.888E5,0,1,,,,,,,,,,DETECTED,311.13343,311.13092,311.13553,1.5436,1.5065,1.6683,1.888E5,1.044E4,1.297E4,1.888E5,0.0413,2.0565,2.8953,,,2,1
436,1.577,1.2936,1.8709,191.01867,191.01729,191.01997,8.208E5,2.776E5,2.283E5,8.208E5,9,1,,,,,,,,,,DETECTED,191.01867,191.01729,191.01997,1.577,1.2936,1.8709,8.208E5,2.776E5,2.283E5,8.208E5,0.3122,1.0183,1.0366,9,-0.2482,2,1
441,1.6022,1.5664,1.8709,331.0659,331.06476,331.06647,1.002E6,8.86E4,9.148E4,1.002E6,1,1,,,,,,,,,,DETECTED,331.0659,331.06476,331.06647,1.6022,1.5664,1.8709,1.002E6,8.86E4,9.148E4,1.002E6,0.0497,4.2599,7.4987,1,-0.0109,3,1
443,1.6311,1.261,1.7813,161.04231,161.04179,161.0426,4.879E5,7.156E4,5.523E4,4.879E5,1,1,79,,,,,,,,,DETECTED,161.04231,161.04179,161.0426,1.6311,1.261,1.7813,4.879E5,7.156E4,5.523E4,4.879E5,0.108,0.7028,0.3764,1,-0.0217,5,1
444,1.6311,1.5065,1.6982,309.11775,309.11652,309.11899,2.267E5,1.313E4,2.146E4,2.267E5,0,1,79,,,,,,,,,DETECTED,309.11775,309.11652,309.11899,1.6311,1.5065,1.6982,2.267E5,1.313E4,2.146E4,2.267E5,0.0319,0.7692,1.0556,,,3,1
445,1.6311,1.5861,1.7206,483.07548,483.07321,483.07593,4.692E5,1.994E4,1.871E4,4.692E5,1,1,79,,,,,,,,,DETECTED,483.07548,483.07321,483.07593,1.6311,1.5861,1.7206,4.692E5,1.994E4,1.871E4,4.692E5,0.0351,1.5602,1.7521,1,0.0056,2,1
447,1.6435,1.6146,1.7206,307.04469,307.04325,307.04544,7.244E4,3.533E3,1.252E4,7.244E4,0,1,33,,,,,,,,,DETECTED,307.04469,307.04325,307.04544,1.6435,1.6146,1.7206,7.244E4,3.533E3,1.252E4,7.244E4,0.0465,1.8319,4.3249,,,4,1
448,1.6435,1.6146,1.6807,335.13305,335.13226,335.1333,1.292E5,2.999E3,1.064E4,1.292E5,0,1,,,,,,,,,,DETECTED,335.13305,335.13226,335.1333,1.6435,1.6146,1.6807,1.292E5,2.999E3,1.064E4,1.292E5,0.022,0.9613,1.1796,,,2,1
450,1.6559,1.577,1.7206,783.05666,783.05145,783.06232,9.201E4,6.329E3,1.241E4,9.201E4,0,1,33,,,,,,,,,DETECTED,783.05666,783.05145,783.06232,1.6559,1.577,1.7206,9.201E4,6.329E3,1.241E4,9.201E4,0.0592,0.9101,0.7173,,,2,1
451,1.6683,1.6311,1.7904,303.04941,303.04651,303.05038,8.878E4,5.985E3,9.049E3,8.878E4,0,1,33,,,,,,,,,DETECTED,303.04941,303.04651,303.05038,1.6683,1.6311,1.7904,8.878E4,5.985E3,9.049E3,8.878E4,0.0523,2.1428,2.846,,,5,1
452,1.6683,1.6435,1.8085,305.06527,305.06354,305.06549,6.499E5,3.132E4,1.192E4,6.499E5,1,1,,,,,,,,,,DETECTED,305.06527,305.06354,305.06549,1.6683,1.6435,1.8085,6.499E5,3.132E4,1.192E4,6.499E5,0.0419,2.3919,2.4884,1,-0.0035,2,1
453,1.6683,1.6022,1.7904,315.07095,315.0694,315.07257,5.379E5,2.853E4,9.475E3,5.379E5,1,1,33,,,,,,,,,DETECTED,315.07095,315.0694,315.07257,1.6683,1.6022,1.7904,5.379E5,2.853E4,9.475E3,5.379E5,0.0475,1.7593,1.6599,1,-0.0051,2,1
454,1.6683,1.6311,1.7554,323.1335,323.13275,323.13495,2.144E6,5.678E4,2.032E4,2.144E6,1,1,33,,,,,,,,,DETECTED,323.1335,323.13275,323.13495,1.6683,1.6311,1.7554,2.144E6,5.678E4,2.032E4,2.144E6,0.0229,1.2144,1.1465,1,-0.0068,3,1
455,1.6683,1.6022,1.7978,325.05544,325.05353,325.05676,3.062E5,2.572E4,1.413E4,3.062E5,1,1,33,,,,,,,,,DETECTED,325.05544,325.05353,325.05676,1.6683,1.6022,1.7978,3.062E5,2.572E4,1.413E4,3.062E5,0.0732,1.3298,2.5245,1,-0.0192,2,1
456,1.6683,1.5436,1.7978,391.02857,391.02545,391.0314,3.694E5,2.656E4,1.258E4,3.694E5,1,1,33,,,,,,,,,DETECTED,391.02857,391.02545,391.0314,1.6683,1.5436,1.7978,3.694E5,2.656E4,1.258E4,3.694E5,0.055,1.1641,1.658,1,-0.0175,4,1
457,1.6683,1.6435,1.7206,487.10768,487.10596,487.1084,5.493E5,1.525E4,3.779E4,5.493E5,1,1,,,,,,,,,,DETECTED,487.10768,487.10596,487.1084,1.6683,1.6435,1.7206,5.493E5,1.525E4,3.779E4,5.493E5,0.0255,2.4622,2.9857,1,0.009,3,1
458,1.6908,1.6683,1.7114,503.13601,503.13568,503.13792,5.029E4,1.042E3,1.325E4,5.029E4,0,1,,,,,,,,,,DETECTED,503.13601,503.13568,503.13792,1.6908,1.6683,1.7114,5.029E4,1.042E3,1.325E4,5.029E4,0.0194,0.9567,0.9134,,,2,1
463,1.7114,1.5436,1.9269,343.06523,343.06277,343.06754,1.588E5,2.872E4,2.173E4,1.588E5,0,1,,,,,,,,,,DETECTED,343.06523,343.06277,343.06754,1.7114,1.5436,1.9269,1.588E5,2.872E4,2.173E4,1.588E5,0.1547,1.1421,2.4431,,,2,1
464,1.7114,1.6807,1.7445,499.1435,499.1405,499.1478,1.297E5,3.09E3,1.257E4,1.297E5,0,1,,,,,,,,,,DETECTED,499.1435,499.1405,499.1478,1.7114,1.6807,1.7445,1.297E5,3.09E3,1.257E4,1.297E5,0.0224,0.963,1.1238,,,2,1
465,1.7281,1.6982,1.7738,331.10179,331.09961,331.10236,1.552E5,5.024E3,1.351E4,1.552E5,0,1,10,,,,,,,,,DETECTED,331.10179,331.09961,331.10236,1.7281,1.6982,1.7738,1.552E5,5.024E3,1.351E4,1.552E5,0.0302,1.311,1.091,,,2,1
466,1.7281,1.6807,1.7738,355.10177,355.10138,355.10272,1.407E5,6.898E3,3.287E4,1.407E5,0,1,10,,,,,,,,,DETECTED,355.10177,355.10138,355.10272,1.7281,1.6807,1.7738,1.407E5,6.898E3,3.287E4,1.407E5,0.0451,0.983,0.9661,,,3,1
467,1.7281,1.6982,1.7813,366.08164,366.08002,366.082,3.733E5,1.028E4,9.744E3,3.733E5,1,1,10,,,,,,,,,DETECTED,366.08164,366.08002,366.082,1.7281,1.6982,1.7813,3.733E5,1.028E4,9.744E3,3.733E5,0.0238,1.5283,1.5827,1,0.013,2,1
469,1.7445,1.7206,1.8085,218.10121,218.10092,218.10263,3.346E5,9.267E3,1.184E4,3.346E5,1,1,35,,,,,,,,,DETECTED,218.10121,218.10092,218.10263,1.7445,1.7206,1.8085,3.346E5,9.267E3,1.184E4,3.346E5,0.0229,1.4419,1.4975,1,0.0041,2,1
470,1.7445,1.7206,1.8192,401.10598,401.10318,401.10907,2.567E5,7.219E3,9.3E3,2.567E5,1,1,35,,,,,,,,,DETECTED,401.10598,401.10318,401.10907,1.7445,1.7206,1.8192,2.567E5,7.219E3,9.3E3,2.567E5,0.0243,1.553,2.0963,1,0.0074,3,1
471,1.7445,1.7206,1.7978,483.07553,483.07358,483.07849,1.163E5,4.806E3,1.871E4,1.163E5,0,1,35,,,,,,,,,DETECTED,483.07553,483.07358,483.07849,1.7445,1.7206,1.7978,1.163E5,4.806E3,1.871E4,1.163E5,0.0347,1.6138,2.2276,,,2,1
472,1.7554,1.7281,1.7978,279.1063,279.10577,279.10706,8.349E4,2.912E3,9.886E3,8.349E4,0,1,,,,,,,,,,DETECTED,279.1063,279.10577,279.10706,1.7554,1.7281,1.7978,8.349E4,2.912E3,9.886E3,8.349E4,0.0297,1.2755,2.0679,,,3,1
475,1.7647,1.7445,1.8085,291.10667,291.10574,291.10806,1.034E5,2.745E3,1.53E4,1.034E5,0,1,,,,,,,,,,DETECTED,291.10667,291.10574,291.10806,1.7647,1.7445,1.8085,1.034E5,2.745E3,1.53E4,1.034E5,0.0242,1.5852,1.8484,,,3,1
477,1.7813,1.6237,1.8931,301.05494,301.05341,301.05615,6.762E5,3.044E4,9.918E3,6.762E5,1,1,80,,,,,,,,,DETECTED,301.05494,301.05341,301.05615,1.7813,1.6237,1.8931,6.762E5,3.044E4,9.918E3,6.762E5,0.0348,1.6498,2.1296,1,-0.011,3,1
478,1.7813,1.6982,1.8709,309.11751,309.11618,309.11932,7.625E4,6.289E3,1.109E4,7.625E4,0,1,80,,,,,,,,,DETECTED,309.11751,309.11618,309.11932,1.7813,1.6982,1.8709,7.625E4,6.289E3,1.109E4,7.625E4,0.0769,1.0393,1.0786,,,2,1
479,1.7813,1.7114,1.8493,311.07595,311.07492,311.07776,1.186E5,8.926E3,1.149E4,1.186E5,0,1,80,,,,,,,,,DETECTED,311.07595,311.07492,311.07776,1.7813,1.7114,1.8493,1.186E5,8.926E3,1.149E4,1.186E5,0.0664,0.987,1.0861,,,3,1
481,1.7813,1.7554,1.8493,345.08113,345.07999,345.08252,6.867E4,2.898E3,8.372E3,6.867E4,0,1,80,,,,,,,,,DETECTED,345.08113,345.07999,345.08252,1.7813,1.7554,1.8493,6.867E4,2.898E3,8.372E3,6.867E4,0.0306,1.8145,2.6289,,,2,1
482,1.7904,1.7647,1.8341,367.06519,367.06372,367.06644,1.116E5,3.775E3,2.249E4,1.116E5,0,1,80,,,,,,,,,DETECTED,367.06519,367.06372,367.06644,1.7904,1.7647,1.8341,1.116E5,3.775E3,2.249E4,1.116E5,0.0299,1.3519,1.7038,,,2,1
483,1.7904,1.7281,1.8783,369.08086,369.07678,369.08191,3.027E5,1.138E4,9.817E3,3.027E5,1,1,80,,,,,,,,,DETECTED,369.08086,369.07678,369.08191,1.7904,1.7281,1.8783,3.027E5,1.138E4,9.817E3,3.027E5,0.0295,1.2841,1.7566,1,-0.0035,2,1
484,1.7978,1.7355,1.8618,473.12777,473.12567,473.12881,2.936E5,1.48E4,1.439E4,2.936E5,0,1,,,,,,,,,,DETECTED,473.12777,473.12567,473.12881,1.7978,1.7355,1.8618,2.936E5,1.48E4,1.439E4,2.936E5,0.0404,1.0168,1.5219,,,3,1
485,1.8085,1.7813,1.9398,176.03723,176.03648,176.03761,1.664E6,3.767E4,1.059E4,1.664E6,1,1,82,,,,,,,,,DETECTED,176.03723,176.03648,176.03761,1.8085,1.7813,1.9398,1.664E6,3.767E4,1.059E4,1.664E6,0.0194,1.4702,1.7722,1,-0.0035,4,1
486,1.8085,1.7904,1.9269,257.06466,257.06378,257.06561,1.457E6,3.394E4,1.568E4,1.457E6,1,1,,,,,,,,,,DETECTED,257.06466,257.06378,257.06561,1.8085,1.7904,1.9269,1.457E6,3.394E4,1.568E4,1.457E6,0.0225,1.5102,2.1801,1,0.0056,2,1
490,1.8085,1.7813,1.9505,515.13958,515.13617,515.14142,6.796E6,1.599E5,3.431E4,6.796E6,2,1,82,,,,,,,,,DETECTED,515.13958,515.13617,515.14142,1.8085,1.7813,1.9505,6.796E6,1.599E5,3.431E4,6.796E6,0.0214,1.4574,1.7251,2,-0.0051,4,1
492,1.8085,1.7904,1.8709,517.14155,517.13824,517.14404,2.286E5,5.284E3,9.728E3,2.286E5,0,1,,,,,,,,,,DETECTED,517.14155,517.13824,517.14404,1.8085,1.7904,1.8709,2.286E5,5.284E3,9.728E3,2.286E5,0.0202,2.3561,1.6453,,,4,1
495,1.8192,1.7813,1.8857,299.07536,299.07373,299.07611,8.718E4,4.284E3,1.049E4,8.718E4,0,1,,,,,,,,,,DETECTED,299.07536,299.07373,299.07611,1.8192,1.7813,1.8857,8.718E4,4.284E3,1.049E4,8.718E4,0.046,1.3752,1.8168,,,2,1
496,1.8266,1.7978,1.9148,279.10719,279.10553,279.10742,3.106E6,9.213E4,1.648E4,3.106E6,2,1,37,,,,,,,,,DETECTED,279.10719,279.10553,279.10742,1.8266,1.7978,1.9148,3.106E6,9.213E4,1.648E4,3.106E6,0.033,1.2269,1.7423,2,-0.0108,2,1
499,1.8266,1.7978,1.8618,621.21819,621.2157,621.22015,9.206E4,2.343E3,9.849E3,9.206E4,0,1,37,,,,,,,,,DETECTED,621.21819,621.2157,621.22015,1.8266,1.7978,1.8618,9.206E4,2.343E3,9.849E3,9.206E4,0.0259,1.1096,1.3838,,,2,1
504,1.8493,1.8266,1.9039,313.09142,313.09033,313.0925,7.797E4,2.444E3,9.44E3,7.797E4,0,1,,,,,,,,,,DETECTED,313.09142,313.09033,313.0925,1.8493,1.8266,1.9039,7.797E4,2.444E3,9.44E3,7.797E4,0.026,1.7029,2.9501,,,2,1
506,1.8618,1.8341,1.9039,315.1065,315.10468,315.10699,3.959E5,9.507E3,1.386E4,3.959E5,1,1,2,,,,,,,,,DETECTED,315.1065,315.10468,315.10699,1.8618,1.8341,1.9039,3.959E5,9.507E3,1.386E4,3.959E5,0.0206,1.3871,1.5067,1,0.0056,2,1
508,1.8618,1.8266,1.9269,369.17443,369.17191,369.1763,1.335E5,3.73E3,8.705E3,1.335E5,0,1,2,,,,,,,,,DETECTED,369.17443,369.17191,369.1763,1.8618,1.8266,1.9269,1.335E5,3.73E3,8.705E3,1.335E5,0.0175,1.5196,2.1123,,,2,1
509,1.8618,1.8341,1.9398,499.14478,499.14151,499.14532,4.052E6,8.021E4,2.001E4,4.052E6,1,1,2,,,,,,,,,DETECTED,499.14478,499.14151,499.14532,1.8618,1.8341,1.9398,4.052E6,8.021E4,2.001E4,4.052E6,0.016,1.227,1.1483,1,-0.0068,2,1
511,1.8618,1.8398,1.8857,567.12911,567.12579,567.13104,8.943E4,1.686E3,2.015E4,8.943E4,0,1,,,,,,,,,,DETECTED,567.12911,567.12579,567.13104,1.8618,1.8398,1.8857,8.943E4,1.686E3,2.015E4,8.943E4,0.0163,1.0425,1.085,,,2,1
514,1.8783,1.7904,2.0143,315.07084,315.06915,315.07196,8.962E5,3.63E4,1.299E4,8.962E5,1,1,,,,,,,,,,DETECTED,315.07084,315.06915,315.07196,1.8783,1.7904,2.0143,8.962E5,3.63E4,1.299E4,8.962E5,0.0259,1.1362,0.9707,1,-0.02,4,1
518,1.8931,1.8341,1.9269,359.09633,359.09512,359.09756,1.253E5,5.263E3,1.489E4,1.253E5,0,1,,,,,,,,,,DETECTED,359.09633,359.09512,359.09756,1.8931,1.8341,1.9269,1.253E5,5.263E3,1.489E4,1.253E5,0.0211,0.7862,0.3812,,,2,1
519,1.9039,1.8783,1.9505,293.12235,293.12051,293.12299,2.967E5,6.766E3,1.389E4,2.967E5,1,1,8,,,,,,,,,DETECTED,293.12235,293.12051,293.12299,1.9039,1.8783,1.9505,2.967E5,6.766E3,1.389E4,2.967E5,0.0199,1.5043,1.3612,1,0.0057,2,1
520,1.9039,1.8709,1.9505,309.11766,309.11633,309.11948,2.201E5,5.607E3,1.109E4,2.201E5,0,1,8,,,,,,,,,DETECTED,309.11766,309.11633,309.11948,1.9039,1.8709,1.9505,2.201E5,5.607E3,1.109E4,2.201E5,0.0218,0.8821,2.1032,,,3,1
521,1.9039,1.7904,2.0396,321.06032,321.05817,321.0618,1.125E5,6.905E3,8.451E3,1.125E5,0,1,8,,,,,,,,,DETECTED,321.06032,321.05817,321.0618,1.9039,1.7904,2.0396,1.125E5,6.905E3,8.451E3,1.125E5,0.0347,1.6119,1.3334,,,2,1
522,1.9039,1.8493,1.9505,373.11269,373.11057,373.11316,4.206E5,1.275E4,2.607E4,4.206E5,1,1,8,,,,,,,,,DETECTED,373.11269,373.11057,373.11316,1.9039,1.8493,1.9505,4.206E5,1.275E4,2.607E4,4.206E5,0.0236,0.9648,0.5677,1,-0.0052,3,1
525,1.9039,1.7978,2.0728,483.07681,483.07489,483.07849,3.113E6,1.045E5,2.871E4,3.113E6,2,1,8,,,,,,,,,DETECTED,483.07681,483.07489,483.07849,1.9039,1.7978,2.0728,3.113E6,1.045E5,2.871E4,3.113E6,0.0217,0.7593,0.4154,2,-0.0472,2,1
533,1.9269,1.9039,1.983,451.06259,451.06039,451.06354,1.357E5,4.403E3,1.516E4,1.357E5,0,1,5,,,,,,,,,DETECTED,451.06259,451.06039,451.06354,1.9269,1.9039,1.983,1.357E5,4.403E3,1.516E4,1.357E5,0.0288,1.7168,2.097,,,2,1
534,1.9269,1.9039,1.9978,453.01023,453.00711,453.01171,6.468E5,1.983E4,8.886E3,6.468E5,1,1,5,,,,,,,,,DETECTED,453.01023,453.00711,453.01171,1.9269,1.9039,1.9978,6.468E5,1.983E4,8.886E3,6.468E5,0.0274,1.4622,1.4716,1,0.0061,4,1
535,1.9269,1.9039,1.9613,454.01165,454.01141,454.01273,1.552E5,4.457E3,3.35E4,1.552E5,0,1,,,,,,,,,,DETECTED,454.01165,454.01141,454.01273,1.9269,1.9039,1.9613,1.552E5,4.457E3,3.35E4,1.552E5,0.0273,1.2457,1.4914,,,4,1
536,1.9398,1.8931,2.0053,351.07209,351.06958,351.07254,3.517E6,1.271E5,1.076E5,3.517E6,2,1,5,,,,,,,,,DETECTED,351.07209,351.06958,351.07254,1.9398,1.8931,2.0053,3.517E6,1.271E5,1.076E5,3.517E6,0.0301,1.1185,0.9871,2,-0.0193,4,1
537,1.9398,1.8857,1.9978,352.07574,352.07324,352.07642,4.596E5,1.753E4,1.314E4,4.596E5,1,1,5,,,,,,,,,DETECTED,352.07574,352.07324,352.07642,1.9398,1.8857,1.9978,4.596E5,1.753E4,1.314E4,4.596E5,0.0304,1.4563,1.2494,1,-0.0034,4,1
540,1.9398,1.7978,1.9978,353.08714,353.08386,353.08774,2.671E7,9.872E5,1.135E4,2.671E7,2,1,5,,,,,,,,,DETECTED,353.08714,353.08386,353.08774,1.9398,1.7978,1.9978,2.671E7,9.872E5,1.135E4,2.671E7,0.0304,1.1957,1.0883,2,-0.0318,2,1
542,1.9398,1.8783,1.9613,369.07999,369.07977,369.08212,1.845E5,7.224E3,2.07E4,1.845E5,0,1,,,,,,,,,,DETECTED,369.07999,369.07977,369.08212,1.9398,1.8783,1.9613,1.845E5,7.224E3,2.07E4,1.845E5,0.0364,0.6748,0.4373,,,2,1
543,1.9398,1.8931,1.9978,375.06774,375.06677,375.0683,8.795E5,3.027E4,1.755E4,8.795E5,1,1,5,,,,,,,,,DETECTED,375.06774,375.06677,375.0683,1.9398,1.8931,1.9978,8.795E5,3.027E4,1.755E4,8.795E5,0.0289,1.2106,1.0464,1,-0.016,2,1
545,1.9398,1.9039,1.992,419.0572,419.05386,419.06015,8.801E4,3.121E3,9.171E3,8.801E4,0,1,5,,,,,,,,,DETECTED,419.0572,419.05386,419.06015,1.9398,1.9039,1.992,8.801E4,3.121E3,9.171E3,8.801E4,0.0299,1.2279,1.234,,,4,1
549,1.9505,1.9269,1.992,325.14863,325.14755,325.14908,8.871E5,2.084E4,3.037E4,8.871E5,0,1,,,,,,,,,,DETECTED,325.14863,325.14755,325.14908,1.9505,1.9269,1.992,8.871E5,2.084E4,3.037E4,8.871E5,0.0207,1.2091,0.9556,,,3,1
550,1.9613,1.9148,2.109,279.10656,279.10553,279.10715,8.741E4,8.435E3,1.012E4,8.741E4,0,1,,,,,,,,,,DETECTED,279.10656,279.10553,279.10715,1.9613,1.9148,2.109,8.741E4,8.435E3,1.012E4,8.741E4,0.0886,2.088,4.0479,,,2,1
551,1.9613,1.9269,2.109,377.08441,377.08081,377.08649,9.681E4,9.754E3,2.845E4,9.681E4,0,1,,,,,,,,,,DETECTED,377.08441,377.08081,377.08649,1.9613,1.9269,2.109,9.681E4,9.754E3,2.845E4,9.681E4,0.0909,2.6502,4.3004,,,3,1
554,1.972,1.9398,2.0218,163.03679,163.03615,163.03696,4.707E5,1.19E4,1.202E4,4.707E5,1,1,93,,,,,,,,,DETECTED,163.03679,163.03615,163.03696,1.972,1.9398,2.0218,4.707E5,1.19E4,1.202E4,4.707E5,0.0312,1.3795,1.1443,1,-0.0051,5,1
555,1.972,1.9398,2.047,325.09165,325.0903,325.09335,3.127E5,8.56E3,9.36E3,3.127E5,1,1,93,8,[M-H]-,2,326.099,556;555,,,,DETECTED,325.09165,325.0903,325.09335,1.972,1.9398,2.047,3.127E5,8.56E3,9.36E3,3.127E5,0.0438,1.9075,1.4569,1,-0.0035,2,1
556,1.972,1.9398,2.1963,371.09727,371.09509,371.09793,5.948E6,1.778E5,3.557E4,5.948E6,1,1,93,8,[M+FA]-,2,326.099,555;556,,,,DETECTED,371.09727,371.09509,371.09793,1.972,1.9398,2.1963,5.948E6,1.778E5,3.557E4,5.948E6,0.0384,1.2753,1.1153,1,-0.0142,4,1
559,1.972,1.9505,2.0218,515.13718,515.1366,515.14142,2.279E5,6.948E3,2.955E4,2.279E5,1,1,93,,,,,,,,,DETECTED,515.13718,515.1366,515.14142,1.972,1.9505,2.0218,2.279E5,6.948E3,2.955E4,2.279E5,0.0384,1.6585,2.1982,1,0.0058,2,1
562,1.983,1.9505,2.0396,299.07539,299.07401,299.0762,1.449E5,5.04E3,9.829E3,1.449E5,0,1,100,,,,,,,,,DETECTED,299.07539,299.07401,299.0762,1.983,1.9505,2.0396,1.449E5,5.04E3,9.829E3,1.449E5,0.0303,1.422,1.8259,,,2,1
563,1.983,1.9398,2.0396,455.17406,455.17041,455.17584,9.893E4,4.108E3,9.723E3,9.893E4,0,1,,,,,,,,,,DETECTED,455.17406,455.17041,455.17584,1.983,1.9398,2.0396,9.893E4,4.108E3,9.723E3,9.893E4,0.0427,1.2176,1.1978,,,2,1
564,1.983,1.9505,2.0143,499.10604,499.10526,499.10754,9.384E4,2.446E3,9.658E3,9.384E4,0,1,100,9,[M-H]-,3,500.11322,567;565;564,,,,DETECTED,499.10604,499.10526,499.10754,1.983,1.9505,2.0143,9.384E4,2.446E3,9.658E3,9.384E4,0.0243,0.9837,1.1449,,,2,1
565,1.983,1.9505,2.035,535.08217,535.07953,535.08496,1.786E5,6.184E3,1.416E4,1.786E5,0,1,100,9,[M+Cl]-,3,500.11322,567;565;564,,,,DETECTED,535.08217,535.07953,535.08496,1.983,1.9505,2.035,1.786E5,6.184E3,1.416E4,1.786E5,0.032,2.4653,1.7121,,,4,1
567,1.983,1.9269,2.0396,545.11178,545.1076,545.1131,5.579E5,1.757E4,1.409E4,5.579E5,1,1,100,9,[M+FA]-,3,500.11322,567;565;564,,,,DETECTED,545.11178,545.1076,545.1131,1.983,1.9269,2.0396,5.579E5,1.757E4,1.409E4,5.579E5,0.0267,1.2293,1.4725,1,-0.0069,3,1
569,1.992,1.9613,2.035,437.10533,437.10306,437.10627,1.407E5,4.062E3,1.14E4,1.407E5,0,1,,,,,,,,,,DETECTED,437.10533,437.10306,437.10627,1.992,1.9613,2.035,1.407E5,4.062E3,1.14E4,1.407E5,0.0257,1.1317,1.6246,,,2,1
575,2.0143,1.983,2.0852,316.03126,316.03,316.03265,1.524E5,4.619E3,8.81E3,1.524E5,0,1,,,,,,,,,,DETECTED,316.03126,316.03,316.03265,2.0143,1.983,2.0852,1.524E5,4.619E3,8.81E3,1.524E5,0.0232,1.6457,1.3654,,,2,1
576,2.0143,1.992,2.109,325.14867,325.14771,325.15051,1.351E5,4.97E3,9.819E3,1.351E5,0,1,50,,,,,,,,,DETECTED,325.14867,325.14771,325.15051,2.0143,1.992,2.109,1.351E5,4.97E3,9.819E3,1.351E5,0.0241,2.4381,2.3471,,,2,1
579,2.0143,1.992,2.0654,499.1444,499.14178,499.14664,1.271E5,3.175E3,1.163E4,1.271E5,0,1,50,,,,,,,,,DETECTED,499.1444,499.14178,499.14664,2.0143,1.992,2.0654,1.271E5,3.175E3,1.163E4,1.271E5,0.0207,1.9671,2.0862,,,2,1
581,2.0218,1.972,2.0852,247.03295,247.03232,247.03358,1.763E5,8.778E3,2.187E4,1.763E5,0,1,50,,,,,,,,,DETECTED,247.03295,247.03232,247.03358,2.0218,1.972,2.0852,1.763E5,8.778E3,2.187E4,1.763E5,0.0286,1.1375,1.3979,,,2,1
582,2.0218,1.9978,2.1963,353.08621,353.08539,353.08652,1.945E6,1.696E5,1.63E5,1.945E6,3,1,50,,,,,,,,,DETECTED,353.08621,353.08539,353.08652,2.0218,1.9978,2.1963,1.945E6,1.696E5,1.63E5,1.945E6,0.0745,4.1403,6.9304,3,-0.0051,3,1
584,2.0218,1.9505,2.1214,391.02901,391.02621,391.03058,1.233E6,3.651E4,3.291E4,1.233E6,1,1,50,,,,,,,,,DETECTED,391.02901,391.02621,391.03058,2.0218,1.9505,2.1214,1.233E6,3.651E4,3.291E4,1.233E6,0.0244,1.1408,1.347,1,-0.0109,2,1
587,2.0218,1.992,2.0561,783.05708,783.05463,783.06091,1.407E5,3.83E3,1.331E4,1.407E5,0,1,50,,,,,,,,,DETECTED,783.05708,783.05463,783.06091,2.0218,1.992,2.0561,1.407E5,3.83E3,1.331E4,1.407E5,0.0236,1.1667,1.2561,,,3,1
590,2.0396,2.0053,2.109,285.0599,285.05838,285.0607,1.091E6,3.304E4,1.624E4,1.091E6,1,1,59,,,,,,,,,DETECTED,285.0599,285.05838,285.0607,2.0396,2.0053,2.109,1.091E6,3.304E4,1.624E4,1.091E6,0.0262,2.1025,2.262,1,0.0039,3,1
591,2.0396,1.992,2.096,341.08735,341.08539,341.08771,7.448E6,1.959E5,3.58E4,7.448E6,2,1,59,,,,,,,,,DETECTED,341.08735,341.08539,341.08771,2.0396,1.992,2.096,7.448E6,1.959E5,3.58E4,7.448E6,0.0225,2.1376,2.6755,2,-0.008,4,1
594,2.047,2.0143,2.109,315.0704,315.06921,315.07104,2.306E5,7.94E3,1.405E4,2.306E5,1,1,59,,,,,,,,,DETECTED,315.0704,315.06921,315.07104,2.047,2.0143,2.109,2.306E5,7.94E3,1.405E4,2.306E5,0.0275,1.4123,1.604,1,0.0056,2,1
596,2.047,1.992,2.096,342.08915,342.08615,342.09027,9.789E5,2.467E4,8.536E3,9.789E5,0,1,59,,,,,,,,,DETECTED,342.08915,342.08615,342.09027,2.047,1.992,2.096,9.789E5,2.467E4,8.536E3,9.789E5,0.0208,1.3727,1.2186,,,3,1
602,2.0561,2.0396,2.1214,475.03245,475.03116,475.03638,3.854E5,1.175E4,4.442E4,3.854E5,1,1,52,,,,,,,,,DETECTED,475.03245,475.03116,475.03638,2.0561,2.0396,2.1214,3.854E5,1.175E4,4.442E4,3.854E5,0.0234,2.4798,3.3966,1,0.0041,3,1
604,2.0654,2.0218,2.109,379.5412,379.53882,379.54242,8.118E4,2.644E3,9.309E3,8.118E4,0,1,52,,,,,,,,,DETECTED,379.5412,379.53882,379.54242,2.0654,2.0218,2.109,8.118E4,2.644E3,9.309E3,8.118E4,0.0258,0.9993,1.0285,,,3,1
605,2.0654,1.9613,2.1652,402.5431,402.54004,402.54675,1.637E5,7.422E3,1.049E4,1.637E5,0,1,52,,,,,,,,,DETECTED,402.5431,402.54004,402.54675,2.0654,1.9613,2.1652,1.637E5,7.422E3,1.049E4,1.637E5,0.0842,1.0087,0.5583,,,3,1
610,2.0852,2.0561,2.1872,143.0321,143.03185,143.03258,1.051E6,3.437E4,1.468E4,1.051E6,1,1,144,,,,,,,,,DETECTED,143.0321,143.03185,143.03258,2.0852,2.0561,2.1872,1.051E6,3.437E4,1.468E4,1.051E6,0.0273,2.5517,2.3226,1,-0.0035,3,1
613,2.0852,2.047,2.2269,345.08177,345.07867,345.08524,9.464E6,2.913E5,1.711E4,9.464E6,3,1,144,,,,,,,,,DETECTED,345.08177,345.07867,345.08524,2.0852,2.047,2.2269,9.464E6,2.913E5,1.711E4,9.464E6,0.0256,2.2913,2.9521,3,-0.0051,6,1
617,2.0852,2.047,2.109,529.1159,529.11432,529.11664,2.83E5,6.891E3,2.43E4,2.83E5,1,1,,,,,,,,,,DETECTED,529.1159,529.11432,529.11664,2.0852,2.047,2.109,2.83E5,6.891E3,2.43E4,2.83E5,0.0222,0.8767,0.8436,1,0.0057,3,1
620,2.0852,2.047,2.1214,577.13344,577.12988,577.13434,2.853E6,5.765E4,1.539E4,2.853E6,1,1,,,,,,,,,,DETECTED,577.13344,577.12988,577.13434,2.0852,2.047,2.1214,2.853E6,5.765E4,1.539E4,2.853E6,0.0171,1.1291,1.1843,1,-0.0068,4,1
624,2.096,2.0218,2.1725,515.1377,515.13562,515.14056,3.253E5,1.349E4,2.378E4,3.253E5,1,1,,,,,,,,,,DETECTED,515.1377,515.13562,515.14056,2.096,2.0218,2.1725,3.253E5,1.349E4,2.378E4,3.253E5,0.0974,2.4869,0.4669,1,0.0061,2,1
625,2.109,2.0852,2.2377,247.0331,247.03098,247.03363,9.434E5,3.176E4,1.088E4,9.434E5,1,1,44,,,,,,,,,DETECTED,247.0331,247.03098,247.03363,2.109,2.0852,2.2377,9.434E5,3.176E4,1.088E4,9.434E5,0.0265,2.962,3.8374,1,0.0073,2,1
626,2.109,2.035,2.3288,495.07789,495.07358,495.07858,1.172E7,3.947E5,2.357E4,1.172E7,2,1,44,,,,,,,,,DETECTED,495.07789,495.07358,495.07858,2.109,2.035,2.3288,1.172E7,3.947E5,2.357E4,1.172E7,0.0266,3.0387,3.6336,2,-0.0051,3,1
629,2.1214,2.0852,2.249,323.13313,323.13187,323.13434,1.931E6,4.407E4,9.905E3,1.931E6,1,1,137,,,,,,,,,DETECTED,323.13313,323.13187,323.13434,2.1214,2.0852,2.249,1.931E6,4.407E4,9.905E3,1.931E6,0.0169,2.5336,1.2668,1,0.0023,3,1
630,2.1214,2.096,2.1652,341.08654,341.08612,341.08673,1.304E6,4.065E4,1.475E5,1.304E6,1,1,137,,,,,,,,,DETECTED,341.08654,341.08612,341.08673,2.1214,2.096,2.1652,1.304E6,4.065E4,1.475E5,1.304E6,0.0257,1.3635,1.5367,1,0.0329,6,1
634,2.1214,2.047,2.1963,493.06241,493.05811,493.06561,1.16E6,3.965E4,9.384E3,1.16E6,1,1,44,,,,,,,,,DETECTED,493.06241,493.05811,493.06561,2.1214,2.047,2.1963,1.16E6,3.965E4,9.384E3,1.16E6,0.0614,1.5216,1.4176,1,-0.0068,2,1
637,2.1396,2.0561,2.2377,241.03285,241.03122,241.0331,5.762E5,1.95E4,8.743E3,5.762E5,1,2,75,,,,,,,,,DETECTED,241.03285,241.03122,241.0331,2.1396,2.0561,2.2377,5.762E5,1.95E4,8.743E3,5.762E5,0.0197,0.8386,0.7842,1,-0.0341,2,2
641,2.1396,2.109,2.1872,481.06213,481.05835,481.06555,8.454E4,2.291E3,1.261E4,8.454E4,0,1,75,,,,,,,,,DETECTED,481.06213,481.05835,481.06555,2.1396,2.109,2.1872,8.454E4,2.291E3,1.261E4,8.454E4,0.0212,1.2777,1.3491,,,2,1
642,2.1396,2.0728,2.249,483.07708,483.07498,483.07901,1.55E6,3.842E4,1.984E4,1.55E6,1,1,75,,,,,,,,,DETECTED,483.07708,483.07498,483.07901,2.1396,2.0728,2.249,1.55E6,3.842E4,1.984E4,1.55E6,0.0167,0.8764,0.658,1,-0.0051,3,1
644,2.1504,2.109,2.2269,315.07047,315.06891,315.07156,5.692E5,1.768E4,1.405E4,5.692E5,1,1,,,,,,,,,,DETECTED,315.07047,315.06891,315.07156,2.1504,2.109,2.2269,5.692E5,1.768E4,1.405E4,5.692E5,0.0286,1.7521,1.5926,1,-0.0035,4,1
646,2.1504,2.1288,2.1725,401.10619,401.10582,401.10648,2.015E5,3.692E3,3.338E4,2.015E5,0,1,,,,,,,,,,DETECTED,401.10619,401.10582,401.10648,2.1504,2.1288,2.1725,2.015E5,3.692E3,3.338E4,2.015E5,0.0176,1.0133,1.9021,,,3,1
648,2.1504,2.1288,2.1872,595.25581,595.25287,595.25867,2.557E5,4.348E3,1.483E4,2.557E5,0,1,,,,,,,,,,DETECTED,595.25581,595.25287,595.25867,2.1504,2.1288,2.1872,2.557E5,4.348E3,1.483E4,2.557E5,0.014,1.0227,1.6563,,,3,1
650,2.1578,2.1214,2.3001,577.13339,577.13007,577.13843,2.818E6,1.134E5,6.867E4,2.818E6,2,1,76,,,,,,,,,DETECTED,577.13339,577.13007,577.13843,2.1578,2.1214,2.3001,2.818E6,1.134E5,6.867E4,2.818E6,0.0308,1.6651,3.3934,2,-0.0125,4,1
651,2.1578,2.1214,2.2657,578.1342,578.13245,578.13531,6.904E5,2.9E4,4.07E4,6.904E5,0,1,76,,,,,,,,,DETECTED,578.1342,578.13245,578.13531,2.1578,2.1214,2.2657,6.904E5,2.9E4,4.07E4,6.904E5,0.0325,2.1797,1.3181,,,4,1
652,2.1652,2.1288,2.2377,357.08053,357.07861,357.08163,1.339E5,4.56E3,9.295E3,1.339E5,0,1,76,,,,,,,,,DETECTED,357.08053,357.07861,357.08163,2.1652,2.1288,2.2377,1.339E5,4.56E3,9.295E3,1.339E5,0.0284,1.6202,0.8549,,,4,1
656,2.1725,2.1504,2.2161,319.04466,319.04414,319.04529,5.926E4,1.328E3,7.785E3,5.926E4,0,1,34,,,,,,,,,DETECTED,319.04466,319.04414,319.04529,2.1725,2.1504,2.2161,5.926E4,1.328E3,7.785E3,5.926E4,0.0238,1.4865,3.9385,,,2,1
658,2.1725,2.1214,2.249,391.03012,391.02777,391.03128,7.094E5,2.618E4,3.291E4,7.094E5,1,1,34,,,,,,,,,DETECTED,391.03012,391.02777,391.03128,2.1725,2.1214,2.249,7.094E5,2.618E4,3.291E4,7.094E5,0.0266,1.2065,2.9741,1,0.0096,2,1
663,2.1725,2.1214,2.249,392.03802,392.03549,392.03845,1.701E7,5.222E5,1.573E5,1.701E7,2,1,34,,,,,,,,,DETECTED,392.03802,392.03549,392.03845,2.1725,2.1214,2.249,1.701E7,5.222E5,1.573E5,1.701E7,0.0236,2.0131,2.6796,2,-0.0107,3,1
667,2.1725,2.1396,2.249,403.02618,403.02252,403.02783,4.263E5,1.331E4,1.161E4,4.263E5,0,1,34,,,,,,,,,DETECTED,403.02618,403.02252,403.02783,2.1725,2.1396,2.249,4.263E5,1.331E4,1.161E4,4.263E5,0.0251,2.047,2.2807,,,2,1
670,2.1725,2.1214,2.249,441.49488,441.49326,441.49905,9.243E5,2.864E4,2.283E4,9.243E5,1,1,34,,,,,,,,,DETECTED,441.49488,441.49326,441.49905,2.1725,2.1214,2.249,9.243E5,2.864E4,2.283E4,9.243E5,0.0265,1.6007,2.1658,1,0.0062,6,1
672,2.1725,2.1578,2.2552,463.08612,463.08438,463.08679,7.461E5,2.102E4,5.295E4,7.461E5,1,1,,,,,,,,,,DETECTED,463.08612,463.08438,463.08679,2.1725,2.1578,2.2552,7.461E5,2.102E4,5.295E4,7.461E5,0.0288,3.1086,6.3686,1,0.0079,3,1
674,2.1725,2.1396,2.2053,745.24709,745.24072,745.24921,8.295E4,1.765E3,1.002E4,8.295E4,0,1,34,,,,,,,,,DETECTED,745.24709,745.24072,745.24921,2.1725,2.1396,2.2053,8.295E4,1.765E3,1.002E4,8.295E4,0.017,0.9993,0.8157,,,2,1
675,2.1725,2.1214,2.249,783.05723,783.05377,783.06421,1.631E5,4.88E3,8.359E3,1.631E5,0,1,34,,,,,,,,,DETECTED,783.05723,783.05377,783.06421,2.1725,2.1214,2.249,1.631E5,4.88E3,8.359E3,1.631E5,0.0208,1.9645,1.1478,,,2,1
676,2.1725,2.1504,2.1963,785.07911,785.07489,785.08026,2.816E6,5.557E4,3.926E5,2.816E6,1,1,,,,,,,,,,DETECTED,785.07911,785.07489,785.08026,2.1725,2.1504,2.1963,2.816E6,5.557E4,3.926E5,2.816E6,0.0204,1.0376,1.5576,1,0.0046,5,1
678,2.1725,2.1504,2.2377,787.07818,787.07465,787.08295,2.438E5,5.887E3,1.725E4,2.438E5,0,1,34,,,,,,,,,DETECTED,787.07818,787.07465,787.08295,2.1725,2.1504,2.2377,2.438E5,5.887E3,1.725E4,2.438E5,0.0211,1.9021,2.8481,,,5,1
680,2.1963,2.1652,2.2552,188.03199,188.0304,188.03238,1.79E5,7.535E3,2.072E4,1.79E5,0,1,,,,,,,,,,DETECTED,188.03199,188.0304,188.03238,2.1963,2.1652,2.2552,1.79E5,7.535E3,2.072E4,1.79E5,0.0356,1.4496,2.4479,,,2,1
681,2.2053,2.1725,2.2552,267.06163,267.06049,267.06232,1.004E5,4.649E3,3.688E4,1.004E5,0,1,45,,,,,,,,,DETECTED,267.06163,267.06049,267.06232,2.2053,2.1725,2.2552,1.004E5,4.649E3,3.688E4,1.004E5,0.0571,1.2586,1.5173,,,2,1
682,2.2053,2.1872,2.2552,327.10689,327.10583,327.10703,1.067E6,2.164E4,4.451E4,1.067E6,1,1,,,,,,,,,,DETECTED,327.10689,327.10583,327.10703,2.2053,2.1872,2.2552,1.067E6,2.164E4,4.451E4,1.067E6,0.0183,1.5787,2.7831,1,0.0073,3,1
683,2.2053,2.1725,2.249,451.2164,451.21399,451.21805,1.015E5,2.85E3,1.226E4,1.015E5,0,1,45,,,,,,,,,DETECTED,451.2164,451.21399,451.21805,2.2053,2.1725,2.249,1.015E5,2.85E3,1.226E4,1.015E5,0.0218,1.1652,1.0268,,,2,1
685,2.2161,2.1872,2.249,303.04831,303.04761,303.04905,1.06E5,2.671E3,9.321E3,1.06E5,0,1,103,,,,,,,,,DETECTED,303.04831,303.04761,303.04905,2.2161,2.1872,2.249,1.06E5,2.671E3,9.321E3,1.06E5,0.024,1.2322,1.731,,,2,1
686,2.2161,2.1652,2.2552,341.08653,341.08542,341.08688,4.337E6,1.436E5,1.475E5,4.337E6,1,1,103,,,,,,,,,DETECTED,341.08653,341.08542,341.08688,2.2161,2.1652,2.2552,4.337E6,1.436E5,1.475E5,4.337E6,0.0317,1.0258,1.8832,1,0.004,8,1
688,2.2161,2.1872,2.249,355.10142,355.10068,355.103,1.077E5,3.235E3,1.565E4,1.077E5,0,1,45,,,,,,,,,DETECTED,355.10142,355.10068,355.103,2.2161,2.1872,2.249,1.077E5,3.235E3,1.565E4,1.077E5,0.0258,1.0696,1.1391,,,2,1
689,2.2161,2.1963,2.2552,405.07727,405.07639,405.07864,9.346E4,2.718E3,3.596E4,9.346E4,0,1,,,,,,,,,,DETECTED,405.07727,405.07639,405.07864,2.2161,2.1963,2.2552,9.346E4,2.718E3,3.596E4,9.346E4,0.0218,1.4836,1.9673,,,3,1
691,2.2161,2.1872,2.249,465.1024,465.09918,465.10272,1.653E6,3.134E4,1.757E4,1.653E6,1,1,103,,,,,,,,,DETECTED,465.1024,465.09918,465.10272,2.2161,2.1872,2.249,1.653E6,3.134E4,1.757E4,1.653E6,0.0168,1.4934,2.0715,1,0.0056,3,1
692,2.2269,2.2053,2.2552,359.13305,359.13107,359.13339,7.02E5,1.475E4,5.626E4,7.02E5,1,1,,,,,,,,,,DETECTED,359.13305,359.13107,359.13339,2.2269,2.2053,2.2552,7.02E5,1.475E4,5.626E4,7.02E5,0.0266,1.769,2.157,1,0.0056,3,1
693,2.2269,2.1963,2.2657,445.13243,445.129,445.13336,2.652E5,7.514E3,1.044E4,2.652E5,1,1,,,,,,,,,,DETECTED,445.13243,445.129,445.13336,2.2269,2.1963,2.2657,2.652E5,7.514E3,1.044E4,2.652E5,0.0352,1.406,1.6143,1,0.0131,2,1
694,2.2377,2.2053,2.2657,299.07543,299.07388,299.07581,1.057E6,2.146E4,2.522E4,1.057E6,1,1,,,,,,,,,,DETECTED,299.07543,299.07388,299.07581,2.2377,2.2053,2.2657,1.057E6,2.146E4,2.522E4,1.057E6,0.019,1.1673,0.9281,1,-0.0035,3,1
697,2.249,2.2269,2.3478,289.03675,289.03558,289.03738,4.21E5,1.333E4,2.257E4,4.21E5,0,1,41,,,,,,,,,DETECTED,289.03675,289.03558,289.03738,2.249,2.2269,2.3478,4.21E5,1.333E4,2.257E4,4.21E5,0.0212,2.4874,5.5666,,,2,1
700,2.249,2.1872,2.3478,316.02969,316.02777,316.03195,7.306E5,1.877E4,9.284E3,7.306E5,1,1,41,,,,,,,,,DETECTED,316.02969,316.02777,316.03195,2.249,2.1872,2.3478,7.306E5,1.877E4,9.284E3,7.306E5,0.0178,1.6468,1.8677,1,-0.0057,2,1
701,2.249,2.2269,2.2765,325.0466,325.04608,325.04797,9.085E5,1.402E4,8.894E4,9.085E5,0,1,,,,,,,,,,DETECTED,325.0466,325.04608,325.04797,2.249,2.2269,2.2765,9.085E5,1.402E4,8.894E4,9.085E5,0.0124,0.9086,1.3531,,,3,1
702,2.249,2.2269,2.4103,335.07507,335.07401,335.07733,1.866E6,5.625E4,1.655E4,1.866E6,1,1,41,10,[M+FA]-,2,290.07734,702;711,,,,DETECTED,335.07507,335.07401,335.07733,2.249,2.2269,2.4103,1.866E6,5.625E4,1.655E4,1.866E6,0.0205,2.4356,4.1626,1,0.0101,2,1
703,2.249,2.1872,2.4692,337.09143,337.08929,337.09427,4.386E6,1.688E5,1.232E4,4.386E6,2,1,,,,,,,,,,DETECTED,337.09143,337.08929,337.09427,2.249,2.1872,2.4692,4.386E6,1.688E5,1.232E4,4.386E6,0.018,0.7847,0.3296,2,-0.0381,6,1
704,2.249,2.2269,2.4033,357.05648,357.0545,357.05902,1.291E6,3.45E4,1.991E4,1.291E6,1,1,41,,,,,,,,,DETECTED,357.05648,357.0545,357.05902,2.249,2.2269,2.4033,1.291E6,3.45E4,1.991E4,1.291E6,0.0148,2.6894,3.0998,1,-0.0023,3,1
706,2.249,2.2269,2.3478,433.99226,433.98932,433.9938,1.853E5,7.241E3,2.651E4,1.853E5,0,1,41,,,,,,,,,DETECTED,433.99226,433.98932,433.9938,2.249,2.2269,2.3478,1.853E5,7.241E3,2.651E4,1.853E5,0.0237,2.7309,4.3409,,,2,1
708,2.249,2.2053,2.3478,633.06492,633.06189,633.07166,7.16E5,1.885E4,1.243E4,7.16E5,0,1,41,,,,,,,,,DETECTED,633.06492,633.06189,633.07166,2.249,2.2053,2.3478,7.16E5,1.885E4,1.243E4,7.16E5,0.0205,1.6053,1.8642,,,2,1
709,2.2552,2.2053,2.391,191.0168,191.01653,191.017,9.061E5,8.409E4,1.674E5,9.061E5,2,,,,,,,,,,,DETECTED,191.0168,191.01653,191.017,2.2552,2.2053,2.391,9.061E5,8.409E4,1.674E5,9.061E5,0.1157,1.8626,2.7252,2,0.0283,,
710,2.2552,2.1725,2.4601,287.05506,287.05359,287.05582,9.549E5,4.18E4,1.009E4,9.549E5,1,1,41,,,,,,,,,DETECTED,287.05506,287.05359,287.05582,2.2552,2.1725,2.4601,9.549E5,4.18E4,1.009E4,9.549E5,0.0235,1.4399,1.5587,1,0.0489,2,1
711,2.2552,2.2053,2.5503,289.07054,289.06946,289.07098,6.536E7,2.07E6,1.255E4,6.536E7,4,1,41,10,[M-H]-,2,290.07734,702;711,,,,DETECTED,289.07054,289.06946,289.07098,2.2552,2.2053,2.5503,6.536E7,2.07E6,1.255E4,6.536E7,0.0212,2.2187,2.7055,4,0.0023,4,1
712,2.2552,2.2269,2.3478,289.09687,289.09537,289.09778,5.985E5,1.449E4,2.187E4,5.985E5,0,1,41,,,,,,,,,DETECTED,289.09687,289.09537,289.09778,2.2552,2.2269,2.3478,5.985E5,1.449E4,2.187E4,5.985E5,0.0189,1.9823,1.2552,,,2,1
713,2.2552,2.2269,2.3478,289.10382,289.10266,289.10455,5.373E5,1.435E4,2.663E4,5.373E5,0,1,41,,,,,,,,,DETECTED,289.10382,289.10266,289.10455,2.2552,2.2269,2.3478,5.373E5,1.435E4,2.663E4,5.373E5,0.0281,1.9265,2.5048,,,3,1
715,2.2552,2.2269,2.3785,407.0044,407.00247,407.00626,2.257E5,1.007E4,1.157E4,2.257E5,0,1,41,,,,,,,,,DETECTED,407.0044,407.00247,407.00626,2.2552,2.2269,2.3785,2.257E5,1.007E4,1.157E4,2.257E5,0.0302,2.4794,4.5944,,,2,1
716,2.2552,2.2377,2.4368,421.07161,421.07016,421.07294,9.879E5,5.794E4,1.863E4,9.879E5,1,1,0,,,,,,,,,DETECTED,421.07161,421.07016,421.07294,2.2552,2.2377,2.4368,9.879E5,5.794E4,1.863E4,9.879E5,0.0461,3.6916,5.3407,1,0.027,2,1
717,2.2552,2.2377,2.3074,641.14363,641.14166,641.14449,9.989E5,2.49E4,4.005E4,9.989E5,0,1,,,,,,,,,,DETECTED,641.14363,641.14166,641.14449,2.2552,2.2377,2.3074,9.989E5,2.49E4,4.005E4,9.989E5,0.0218,1.7365,1.9192,,,2,1
718,2.2552,2.2269,2.357,643.16059,643.15686,643.16467,3.074E6,6.572E4,1.612E4,3.074E6,1,1,41,,,,,,,,,DETECTED,643.16059,643.15686,643.16467,2.2552,2.2269,2.357,3.074E6,6.572E4,1.612E4,3.074E6,0.018,1.6149,2.3839,1,0.0084,3,1
719,2.2552,2.2377,2.3361,644.16171,644.15668,644.16479,9.43E5,1.986E4,9.981E3,9.43E5,0,1,,,,,,,,,,DETECTED,644.16171,644.15668,644.16479,2.2552,2.2377,2.3361,9.43E5,1.986E4,9.981E3,9.43E5,0.017,1.4776,1.7622,,,3,1
721,2.2552,2.1725,2.3288,865.18592,865.17938,865.19141,5.122E5,1.9E4,1.339E4,5.122E5,0,1,41,,,,,,,,,DETECTED,865.18592,865.17938,865.19141,2.2552,2.1725,2.3288,5.122E5,1.9E4,1.339E4,5.122E5,0.1591,0.9947,1.9568,,,3,1
722,2.2657,2.2269,2.391,191.05317,191.0529,191.05334,8.337E6,3.174E5,3.309E5,8.337E6,2,1,0,,,,,,,,,DETECTED,191.05317,191.0529,191.05334,2.2657,2.2269,2.391,8.337E6,3.174E5,3.309E5,8.337E6,0.0273,2.3411,2.7167,2,0.0023,3,1
723,2.2657,2.1963,2.5058,351.07173,351.069,351.07217,1.017E7,3.724E5,3.762E4,1.017E7,3,1,0,,,,,,,,,DETECTED,351.07173,351.069,351.07217,2.2657,2.1963,2.5058,1.017E7,3.724E5,3.762E4,1.017E7,0.0267,2.3105,6.014,3,-0.0039,2,1
724,2.2657,2.2377,2.4033,352.0752,352.07211,352.07605,1.292E6,4.99E4,2.637E4,1.292E6,1,1,0,,,,,,,,,DETECTED,352.0752,352.07211,352.07605,2.2657,2.2377,2.4033,1.292E6,4.99E4,2.637E4,1.292E6,0.0346,2.2628,3.4042,1,0.0148,2,1
727,2.2657,2.1963,2.535,353.08669,353.08551,353.08698,1.097E8,4.062E6,1.63E5,1.097E8,6,1,0,,,,,,,,,DETECTED,353.08669,353.08551,353.08698,2.2657,2.1963,2.535,1.097E8,4.062E6,1.63E5,1.097E8,0.0316,2.3565,4.4919,6,-0.0423,2,1
733,2.2657,2.2377,2.3661,451.06279,451.06184,451.06427,7.934E5,2.2E4,1.417E4,7.934E5,1,1,0,,,,,,,,,DETECTED,451.06279,451.06184,451.06427,2.2657,2.2377,2.3661,7.934E5,2.2E4,1.417E4,7.934E5,0.0238,2.9406,2.0993,1,0.0246,2,1
735,2.2657,2.2269,2.4033,453.01005,453.00534,453.01171,1.858E6,8.157E4,9.532E3,1.858E6,1,1,0,,,,,,,,,DETECTED,453.01005,453.00534,453.01171,2.2657,2.2269,2.4033,1.858E6,8.157E4,9.532E3,1.858E6,0.0438,2.2647,3.6584,1,0.0087,3,1
739,2.2657,2.249,2.357,705.16242,705.15674,705.16364,6.782E6,1.325E5,4.579E4,6.782E6,1,1,,,,,,,,,,DETECTED,705.16242,705.15674,705.16364,2.2657,2.249,2.357,6.782E6,1.325E5,4.579E4,6.782E6,0.0169,1.4007,1.3215,1,0.0053,2,1
740,2.2657,2.249,2.357,706.16312,706.1604,706.16534,2.149E6,4.405E4,1.588E4,2.149E6,1,1,,,,,,,,,,DETECTED,706.16312,706.1604,706.16534,2.2657,2.249,2.357,2.149E6,4.405E4,1.588E4,2.149E6,0.0182,1.4091,1.3282,1,0.007,2,1
741,2.2657,2.249,2.3074,707.18011,707.17432,707.18097,3.248E7,5.81E5,5.453E5,3.248E7,1,1,,,,,,,,,,DETECTED,707.18011,707.17432,707.18097,2.2657,2.249,2.3074,3.248E7,5.81E5,5.453E5,3.248E7,0.0157,1.1823,1.2536,1,-0.0052,5,1
745,2.2657,2.249,2.3074,723.1683,723.16486,723.17328,2.897E5,5.958E3,1.575E4,2.897E5,0,1,,,,,,,,,,DETECTED,723.1683,723.16486,723.17328,2.2657,2.249,2.3074,2.897E5,5.958E3,1.575E4,2.897E5,0.0194,1.6013,1.3034,,,2,1
747,2.2657,2.249,2.3001,760.08062,760.078,760.08392,2.058E5,4.553E3,2.375E4,2.058E5,0,1,,,,,,,,,,DETECTED,760.08062,760.078,760.08392,2.2657,2.249,2.3001,2.058E5,4.553E3,2.375E4,2.058E5,0.0226,1.5301,1.3584,,,2,1
748,2.2765,2.2377,2.391,353.05205,353.05139,353.05286,6.94E5,2.981E4,1.736E4,6.94E5,0,1,0,,,,,,,,,DETECTED,353.05205,353.05139,353.05286,2.2765,2.2377,2.391,6.94E5,2.981E4,1.736E4,6.94E5,0.0432,1.6084,1.3489,,,2,1
751,2.288,2.2377,2.391,691.17945,691.17676,691.18634,7.325E5,3.333E4,2.336E4,7.325E5,1,1,,,,,,,,,,DETECTED,691.17945,691.17676,691.18634,2.288,2.2377,2.391,7.325E5,3.333E4,2.336E4,7.325E5,0.0549,1.4971,1.9238,1,0.0073,6,1
752,2.3001,2.2765,2.3785,175.05851,175.05783,175.05865,6.191E6,2.147E5,2.02E5,6.191E6,2,1,,,,,,,,,,DETECTED,175.05851,175.05783,175.05865,2.3001,2.2765,2.3785,6.191E6,2.147E5,2.02E5,6.191E6,0.0283,1.9319,4.3371,2,-0.0064,4,1
753,2.3001,2.2765,2.357,389.14333,389.14236,389.14389,1.17E6,2.564E4,2.874E4,1.17E6,0,1,,,,,,,,,,DETECTED,389.14333,389.14236,389.14389,2.3001,2.2765,2.357,1.17E6,2.564E4,2.874E4,1.17E6,0.0176,1.3226,1.084,,,3,1
755,2.3074,2.2765,2.391,291.01254,291.01016,291.01364,6.61E5,2.444E4,3.189E4,6.61E5,1,1,,,,,,,,,,DETECTED,291.01254,291.01016,291.01364,2.3074,2.2765,2.391,6.61E5,2.444E4,3.189E4,6.61E5,0.0262,2.3259,3.103,1,0.0039,2,1
756,2.3197,2.2765,2.391,183.02713,183.02643,183.02737,2.171E6,7.461E4,3.649E4,2.171E6,1,1,68,,,,,,,,,DETECTED,183.02713,183.02643,183.02737,2.3197,2.2765,2.391,2.171E6,7.461E4,3.649E4,2.171E6,0.0295,1.5204,1.7647,1,-0.005,2,1
758,2.3197,2.249,2.4368,465.10168,465.09937,465.10419,5.873E5,2.162E4,1.087E4,5.873E5,0,1,68,,,,,,,,,DETECTED,465.10168,465.09937,465.10419,2.3197,2.249,2.4368,5.873E5,2.162E4,1.087E4,5.873E5,0.0215,1.0824,0.6258,,,2,1
759,2.3197,2.288,2.4368,499.14454,499.14041,499.1474,4.4E6,8.82E4,1.662E4,4.4E6,1,1,68,,,,,,,,,DETECTED,499.14454,499.14041,499.1474,2.3197,2.288,2.4368,4.4E6,8.82E4,1.662E4,4.4E6,0.0166,1.2635,1.2494,1,-0.0066,4,1
762,2.3197,2.3001,2.3478,599.06541,599.06488,599.0658,6.26E4,1.187E3,1.214E4,6.26E4,0,1,,,,,,,,,,DETECTED,599.06541,599.06488,599.0658,2.3197,2.3001,2.3478,6.26E4,1.187E3,1.214E4,6.26E4,0.0166,1.2181,1.0421,,,3,1
763,2.3288,2.3074,2.3661,595.25567,595.25323,595.26025,1.799E5,3.795E3,1.435E4,1.799E5,0,1,90,,,,,,,,,DETECTED,595.25567,595.25323,595.26025,2.3288,2.3074,2.3661,1.799E5,3.795E3,1.435E4,1.799E5,0.0192,1.2152,2.5946,,,2,1
765,2.3361,2.3074,2.3661,395.18948,395.18747,395.19153,3.867E5,7.997E3,3.156E4,3.867E5,1,1,90,,,,,,,,,DETECTED,395.18948,395.18747,395.19153,2.3361,2.3074,2.3661,3.867E5,7.997E3,3.156E4,3.867E5,0.0333,1.2077,1.2599,1,0.004,2,1
769,2.3478,2.288,2.4601,325.09168,325.09106,325.09296,1.8E7,6.434E5,1.615E4,1.8E7,2,1,94,,,,,,,,,DETECTED,325.09168,325.09106,325.09296,2.3478,2.288,2.4601,1.8E7,6.434E5,1.615E4,1.8E7,0.0311,2.3413,4.1995,2,-0.0063,4,1
772,2.3478,2.3288,2.391,401.17848,401.1752,401.17969,1.304E5,2.59E3,1.089E4,1.304E5,0,1,,,,,,,,,,DETECTED,401.17848,401.1752,401.17969,2.3478,2.3288,2.391,1.304E5,2.59E3,1.089E4,1.304E5,0.0164,1.4759,1.4464,,,2,1
775,2.3478,2.3197,2.4767,447.18481,447.18121,447.18787,5.677E5,1.583E4,1.349E4,5.677E5,0,1,94,,,,,,,,,DETECTED,447.18481,447.18121,447.18787,2.3478,2.3197,2.4767,5.677E5,1.583E4,1.349E4,5.677E5,0.017,3.1652,1.8302,,,2,1
782,2.357,2.3197,2.391,293.1229,293.12088,293.12311,4.416E6,1.002E5,9.964E3,4.416E6,1,1,,,,,,,,,,DETECTED,293.1229,293.12088,293.12311,2.357,2.3197,2.391,4.416E6,1.002E5,9.964E3,4.416E6,0.0208,1.3674,1.2396,1,0.0023,3,1
783,2.357,2.3361,2.4033,361.10907,361.10754,361.11054,1.096E5,2.495E3,9.049E3,1.096E5,0,1,,,,,,,,,,DETECTED,361.10907,361.10754,361.11054,2.357,2.3361,2.4033,1.096E5,2.495E3,9.049E3,1.096E5,0.0177,1.3913,1.5477,,,2,1
784,2.3661,2.3288,2.4692,163.03669,163.03627,163.037,4.177E5,1.292E4,1.552E4,4.177E5,1,1,65,,,,,,,,,DETECTED,163.03669,163.03627,163.037,2.3661,2.3288,2.4692,4.177E5,1.292E4,1.552E4,4.177E5,0.0214,2.1584,2.8146,1,0.0056,4,1
785,2.3661,2.3074,2.4033,303.04913,303.04803,303.04996,1.643E5,5.899E3,2.023E4,1.643E5,0,1,65,,,,,,,,,DETECTED,303.04913,303.04803,303.04996,2.3661,2.3074,2.4033,1.643E5,5.899E3,2.023E4,1.643E5,0.0273,0.817,0.6689,,,2,1
786,2.3661,2.3074,2.4033,357.11674,357.11572,357.11935,2.988E5,1.016E4,1.623E4,2.988E5,1,1,65,,,,,,,,,DETECTED,357.11674,357.11572,357.11935,2.3661,2.3074,2.4033,2.988E5,1.016E4,1.623E4,2.988E5,0.0627,1.4987,2.571,1,0.0073,2,1
789,2.3661,2.3288,2.4227,393.07885,393.07803,393.08008,2.873E5,1.014E4,2.127E4,2.873E5,1,1,65,,,,,,,,,DETECTED,393.07885,393.07803,393.08008,2.3661,2.3288,2.4227,2.873E5,1.014E4,2.127E4,2.873E5,0.035,1.3662,1.0737,1,0.009,2,1
790,2.3661,2.3288,2.4033,425.01268,425.01062,425.01508,1.059E5,2.902E3,1.596E4,1.059E5,0,1,65,,,,,,,,,DETECTED,425.01268,425.01062,425.01508,2.3661,2.3288,2.4033,1.059E5,2.902E3,1.596E4,1.059E5,0.021,0.9987,0.7874,,,3,1
791,2.3661,2.3074,2.4227,451.21639,451.21381,451.21924,1.167E6,3.086E4,1.874E4,1.167E6,1,1,65,,,,,,,,,DETECTED,451.21639,451.21381,451.21924,2.3661,2.3074,2.4227,1.167E6,3.086E4,1.874E4,1.167E6,0.0482,0.9179,1.295,1,-0.0212,3,1
793,2.3785,2.357,2.4492,317.03868,317.03766,317.04057,3.584E5,1.382E4,2.659E4,3.584E5,1,1,,,,,,,,,,DETECTED,317.03868,317.03766,317.04057,2.3785,2.357,2.4492,3.584E5,1.382E4,2.659E4,3.584E5,0.0297,3.2707,4.8953,1,0.009,2,1
794,2.3785,2.357,2.4767,635.083,635.08099,635.08533,3.925E5,2.109E4,1.589E4,3.925E5,1,1,61,,,,,,,,,DETECTED,635.083,635.08099,635.08533,2.3785,2.357,2.4767,3.925E5,2.109E4,1.589E4,3.925E5,0.0513,4.2687,6.0156,1,0.0074,4,1
796,2.391,2.357,2.4368,337.05488,337.05472,337.05579,9.279E4,3.531E3,1.289E4,9.279E4,0,1,61,11,[M-H]-,3,338.06214,796;797;799,,,,DETECTED,337.05488,337.05472,337.05579,2.391,2.357,2.4368,9.279E4,3.531E3,1.289E4,9.279E4,0.0331,1.1723,1.7486,,,2,1
797,2.391,2.2765,2.4492,373.03153,373.02969,373.03436,6.803E5,2.911E4,1.627E4,6.803E5,1,1,61,11,[M+Cl]-,3,338.06214,796;797;799,,,,DETECTED,373.03153,373.02969,373.03436,2.391,2.2765,2.4492,6.803E5,2.911E4,1.627E4,6.803E5,0.0353,1.0612,1.3972,1,-0.0069,4,1
799,2.391,2.3288,2.4601,383.06033,383.05869,383.06268,7.289E5,2.55E4,1.353E4,7.289E5,1,1,61,11,[M+FA]-,3,338.06214,796;797;799,,,,DETECTED,383.06033,383.05869,383.06268,2.391,2.3288,2.4601,7.289E5,2.55E4,1.353E4,7.289E5,0.0279,1.2606,1.8198,1,0.0073,3,1
801,2.4033,2.3661,2.5012,323.13324,323.13147,323.13443,1.731E6,4.399E4,1.09E4,1.731E6,1,1,,,,,,,,,,DETECTED,323.13324,323.13147,323.13443,2.4033,2.3661,2.5012,1.731E6,4.399E4,1.09E4,1.731E6,0.0206,1.4051,1.4266,1,-0.0066,3,1
803,2.4033,2.3785,2.5719,367.10166,367.10062,367.10294,1.616E6,5.92E4,9.669E3,1.616E6,1,1,,,,,,,,,,DETECTED,367.10166,367.10062,367.10294,2.4033,2.3785,2.5719,1.616E6,5.92E4,9.669E3,1.616E6,0.0221,1.8294,2.1927,1,-0.0033,4,1
806,2.4033,2.3197,2.4813,454.04548,454.04297,454.0481,7.208E5,3.536E4,1.343E4,7.208E5,2,1,48,,,,,,,,,DETECTED,454.04548,454.04297,454.0481,2.4033,2.3197,2.4813,7.208E5,3.536E4,1.343E4,7.208E5,0.0638,0.9783,1.996,2,-0.0407,3,1
807,2.4033,2.3074,2.4921,475.03334,475.03052,475.03842,5.831E5,2.872E4,1.774E4,5.831E5,1,1,48,,,,,,,,,DETECTED,475.03334,475.03052,475.03842,2.4033,2.3074,2.4921,5.831E5,2.872E4,1.774E4,5.831E5,0.0727,1.097,0.8762,1,0.0144,4,1
808,2.4033,2.2765,2.4767,476.04128,476.03827,476.04437,9.808E6,4.496E5,3.712E4,9.808E6,3,1,48,,,,,,,,,DETECTED,476.04128,476.03827,476.04437,2.4033,2.2765,2.4767,9.808E6,4.496E5,3.712E4,9.808E6,0.0644,0.8906,1.8926,3,-0.0601,4,1
811,2.4033,2.3785,2.515,502.49454,502.48944,502.49701,2.886E5,9.581E3,9.404E3,2.886E5,0,1,48,,,,,,,,,DETECTED,502.49454,502.48944,502.49701,2.4033,2.3785,2.515,2.886E5,9.581E3,9.404E3,2.886E5,0.0243,1.7844,1.8466,,,4,1
814,2.4033,2.3785,2.4368,712.13504,712.13428,712.1366,2.099E5,4.187E3,2.57E4,2.099E5,0,1,,,,,,,,,,DETECTED,712.13504,712.13428,712.1366,2.4033,2.3785,2.4368,2.099E5,4.187E3,2.57E4,2.099E5,0.016,1.1761,0.8126,,,4,1
815,2.4033,2.3074,2.4601,953.07755,953.07178,953.08246,5.527E5,2.247E4,1.215E4,5.527E5,0,1,48,,,,,,,,,DETECTED,953.07755,953.07178,953.08246,2.4033,2.3074,2.4601,5.527E5,2.247E4,1.215E4,5.527E5,0.0662,1.4395,3.89,,,4,1
818,2.4103,2.391,2.4492,433.20553,433.20352,433.20587,6.391E5,1.393E4,8.677E4,6.391E5,1,1,,,,,,,,,,DETECTED,433.20553,433.20352,433.20587,2.4103,2.391,2.4492,6.391E5,1.393E4,8.677E4,6.391E5,0.0192,1.5112,1.4367,1,0.0057,3,1
819,2.4103,2.391,2.4601,495.11524,495.11142,495.117,7.052E4,2.231E3,1.114E4,7.052E4,0,1,,,,,,,,,,DETECTED,495.11524,495.11142,495.117,2.4103,2.391,2.4601,7.052E4,2.231E3,1.114E4,7.052E4,0.0279,1.7917,2.2172,,,2,1
821,2.4227,2.3785,2.5611,175.05791,175.05745,175.05812,5.246E5,3.363E4,2.425E4,5.246E5,1,1,48,,,,,,,,,DETECTED,175.05791,175.05745,175.05812,2.4227,2.3785,2.5611,5.246E5,3.363E4,2.425E4,5.246E5,0.0522,1.9331,1.5627,1,-0.0034,3,1
823,2.4227,2.391,2.5845,293.1226,293.12164,293.12299,1.411E6,4.149E4,1.13E4,1.411E6,1,1,58,,,,,,,,,DETECTED,293.1226,293.12164,293.12299,2.4227,2.391,2.5845,1.411E6,4.149E4,1.13E4,1.411E6,0.0194,1.6755,1.0725,1,0.0095,3,1
824,2.4227,2.4033,2.4767,303.04972,303.04895,303.05011,6.492E4,2.137E3,9.658E3,6.492E4,0,1,58,,,,,,,,,DETECTED,303.04972,303.04895,303.05011,2.4227,2.4033,2.4767,6.492E4,2.137E3,9.658E3,6.492E4,0.0292,1.889,2.8529,,,2,1
825,2.4227,2.3785,2.5012,355.10155,355.10074,355.10349,6.128E5,2.796E4,3.266E4,6.128E5,0,1,48,,,,,,,,,DETECTED,355.10155,355.10074,355.10349,2.4227,2.3785,2.5012,6.128E5,2.796E4,3.266E4,6.128E5,0.0381,1.6438,1.2916,,,3,1
827,2.4227,2.3785,2.515,459.14825,459.1467,459.15158,4.571E5,1.649E4,1.045E4,4.571E5,1,1,58,,,,,,,,,DETECTED,459.14825,459.1467,459.15158,2.4227,2.3785,2.515,4.571E5,1.649E4,1.045E4,4.571E5,0.0239,1.4716,2.2212,1,0.0181,2,1
829,2.4368,2.391,2.4921,191.01691,191.01653,191.01706,6.946E5,4.011E4,1.246E5,6.946E5,1,1,48,,,,,,,,,DETECTED,191.01691,191.01653,191.01706,2.4368,2.391,2.4921,6.946E5,4.011E4,1.246E5,6.946E5,0.0618,1.1039,2.2441,1,-0.0029,2,1
830,2.4368,2.391,2.5458,291.0127,291.01114,291.0137,4.233E5,1.445E4,1.738E4,4.233E5,1,1,29,,,,,,,,,DETECTED,291.0127,291.01114,291.0137,2.4368,2.391,2.5458,4.233E5,1.445E4,1.738E4,4.233E5,0.0246,1.5532,1.39,1,0.0073,3,1
832,2.4368,2.3361,2.5845,391.02996,391.02576,391.03125,9.079E5,3.907E4,1.901E4,9.079E5,1,1,29,,,,,,,,,DETECTED,391.02996,391.02576,391.03125,2.4368,2.3361,2.5845,9.079E5,3.907E4,1.901E4,9.079E5,0.0257,1.1895,2.8344,1,0.0057,4,1
833,2.4368,2.4103,2.4767,392.01688,392.01587,392.01794,3.092E5,9.291E3,6.132E4,3.092E5,0,2,,,,,,,,,,DETECTED,392.01688,392.01587,392.01794,2.4368,2.4103,2.4767,3.092E5,9.291E3,6.132E4,3.092E5,0.0258,1.2538,1.5326,,,2,2
834,2.4368,2.3478,2.5719,392.03816,392.03537,392.0386,2.709E7,8.579E5,1.885E5,2.709E7,4,1,29,,,,,,,,,DETECTED,392.03816,392.03537,392.0386,2.4368,2.3478,2.5719,2.709E7,8.579E5,1.885E5,2.709E7,0.025,1.4655,1.5135,4,-0.0418,4,1
839,2.4368,2.4103,2.5275,403.02623,403.02356,403.02911,3.578E5,1.161E4,1.104E4,3.578E5,0,1,,,,,,,,,,DETECTED,403.02623,403.02356,403.02911,2.4368,2.4103,2.5275,3.578E5,1.161E4,1.104E4,3.578E5,0.0265,1.5788,1.5127,,,2,1
840,2.4368,2.288,2.5719,441.49461,441.4921,441.49857,1.043E6,3.7E4,9.651E3,1.043E6,1,1,29,,,,,,,,,DETECTED,441.49461,441.4921,441.49857,2.4368,2.288,2.5719,1.043E6,3.7E4,9.651E3,1.043E6,0.0259,1.5082,1.5326,1,0.0023,4,1
842,2.4368,2.391,2.4813,783.05877,783.05408,783.0611,2.079E5,5.973E3,1.791E4,2.079E5,0,1,29,,,,,,,,,DETECTED,783.05877,783.05408,783.0611,2.4368,2.391,2.4813,2.079E5,5.973E3,1.791E4,2.079E5,0.0215,1.2802,1.4573,,,2,1
843,2.4368,2.391,2.4921,785.07975,785.07379,785.08154,5.124E6,1.184E5,9.288E4,5.124E6,1,1,29,,,,,,,,,DETECTED,785.07975,785.07379,785.08154,2.4368,2.391,2.4921,5.124E6,1.184E5,9.288E4,5.124E6,0.019,1.1445,1.0264,1,-0.0062,4,1
846,2.4368,2.4103,2.4813,807.05154,807.04675,807.05487,6.95E4,2.121E3,9.583E3,6.95E4,0,1,,,,,,,,,,DETECTED,807.05154,807.04675,807.05487,2.4368,2.4103,2.4813,6.95E4,2.121E3,9.583E3,6.95E4,0.027,1.3396,10.3488,,,2,1
847,2.4492,2.4103,2.5969,179.03165,179.03081,179.03233,1.077E5,5.397E3,1.019E4,1.077E5,0,1,,,,,,,,,,DETECTED,179.03165,179.03081,179.03233,2.4492,2.4103,2.5969,1.077E5,5.397E3,1.019E4,1.077E5,0.037,3.1776,5.1532,,,3,1
849,2.4601,2.4368,2.4921,359.13334,359.13242,359.13486,7.152E4,1.586E3,1.535E4,7.152E4,0,1,,,,,,,,,,DETECTED,359.13334,359.13242,359.13486,2.4601,2.4368,2.4921,7.152E4,1.586E3,1.535E4,7.152E4,0.022,1.1879,1.3758,,,2,1
850,2.4601,2.3661,2.5503,466.02641,466.0242,466.03024,1.615E5,9.234E3,1.246E4,1.615E5,0,1,,,,,,,,,,DETECTED,466.02641,466.0242,466.03024,2.4601,2.3661,2.5503,1.615E5,9.234E3,1.246E4,1.615E5,0.0278,1.611,2.0571,,,2,1
851,2.4601,2.4368,2.4813,610.14483,610.14264,610.14679,3.003E5,5.98E3,4.504E4,3.003E5,0,1,,,,,,,,,,DETECTED,610.14483,610.14264,610.14679,2.4601,2.4368,2.4813,3.003E5,5.98E3,4.504E4,3.003E5,0.0182,0.9564,0.7765,,,4,1
853,2.4692,2.4492,2.5719,425.16385,425.1618,425.16745,3.012E5,1.058E4,1.337E4,3.012E5,0,1,,,,,,,,,,DETECTED,425.16385,425.1618,425.16745,2.4692,2.4492,2.5719,3.012E5,1.058E4,1.337E4,3.012E5,0.0237,2.4992,3.3955,,,3,1
856,2.4813,2.4601,2.515,325.0916,325.09106,325.09174,7.158E6,1.707E5,4.684E5,7.158E6,1,1,11,12,[M-H]-,3,326.09871,858;860;856,,,,DETECTED,325.0916,325.09106,325.09174,2.4813,2.4601,2.515,7.158E6,1.707E5,4.684E5,7.158E6,0.0235,1.2938,2.1254,1,-0.0173,4,1
858,2.4813,2.4601,2.5719,361.06809,361.06671,361.06857,6.456E5,2.055E4,3.599E4,6.456E5,1,1,11,12,[M+Cl]-,3,326.09871,858;856;860,,,,DETECTED,361.06809,361.06671,361.06857,2.4813,2.4601,2.5719,6.456E5,2.055E4,3.599E4,6.456E5,0.0216,2.3914,2.9144,1,0.0056,4,1
859,2.4813,2.4601,2.5611,363.06577,363.06509,363.06653,1.656E5,5.646E3,1.938E4,1.656E5,0,1,11,,,,,,,,,DETECTED,363.06577,363.06509,363.06653,2.4813,2.4601,2.5611,1.656E5,5.646E3,1.938E4,1.656E5,0.0244,2.3787,3.2237,,,4,1
860,2.4813,2.4601,2.5719,371.09678,371.09552,371.0972,1.621E6,3.793E4,5.54E4,1.621E6,1,1,11,12,[M+FA]-,3,326.09871,858;856;860,,,,DETECTED,371.09678,371.09552,371.0972,2.4813,2.4601,2.5719,1.621E6,3.793E4,5.54E4,1.621E6,0.0184,3.251,5.0193,1,0.004,4,1
862,2.4813,2.4601,2.5611,388.08739,388.0864,388.08862,1.397E5,4.337E3,1.323E4,1.397E5,0,1,11,,,,,,,,,DETECTED,388.08739,388.0864,388.08862,2.4813,2.4601,2.5611,1.397E5,4.337E3,1.323E4,1.397E5,0.0216,1.3879,2.6966,,,2,1
863,2.4813,2.4601,2.5845,393.07824,393.07736,393.07983,2.055E5,7.586E3,1.134E4,2.055E5,0,1,11,,,,,,,,,DETECTED,393.07824,393.07736,393.07983,2.4813,2.4601,2.5845,2.055E5,7.586E3,1.134E4,2.055E5,0.4863,2.6452,5.079,,,2,1
865,2.4813,2.4601,2.5611,425.01305,425.0101,425.0163,7.32E4,2.72E3,1.487E4,7.32E4,0,1,11,,,,,,,,,DETECTED,425.01305,425.0101,425.0163,2.4813,2.4601,2.5611,7.32E4,2.72E3,1.487E4,7.32E4,0.0248,2.3787,3.7574,,,4,1
866,2.4813,2.4601,2.5969,429.1373,429.13571,429.13928,4.26E5,1.47E4,2.225E4,4.26E5,1,1,11,,,,,,,,,DETECTED,429.1373,429.13571,429.13928,2.4813,2.4601,2.5969,4.26E5,1.47E4,2.225E4,4.26E5,0.0586,2.3958,3.0471,1,0.0073,3,1
868,2.4813,2.4601,2.535,515.13722,515.1358,515.1391,2.461E5,5.65E3,2.154E4,2.461E5,1,1,11,,,,,,,,,DETECTED,515.13722,515.1358,515.1391,2.4813,2.4601,2.535,2.461E5,5.65E3,2.154E4,2.461E5,0.0205,1.9529,3.0934,1,0.0148,2,1
871,2.4921,2.4227,2.7133,451.21664,451.21411,451.22079,5.765E5,3.577E4,1.874E4,5.765E5,1,1,,,,,,,,,,DETECTED,451.21664,451.21411,451.22079,2.4921,2.4227,2.7133,5.765E5,3.577E4,1.874E4,5.765E5,0.0465,2.8466,4.9061,1,0.0023,2,1
873,2.5012,2.4813,2.5611,297.05988,297.05951,297.06146,1.504E5,4.282E3,1.149E4,1.504E5,0,1,62,,,,,,,,,DETECTED,297.05988,297.05951,297.06146,2.5012,2.4813,2.5611,1.504E5,4.282E3,1.149E4,1.504E5,0.0214,1.799,2.4234,,,2,1
874,2.5012,2.4767,2.5719,449.10681,449.1048,449.10794,2.738E5,8.367E3,1.858E4,2.738E5,0,1,62,,,,,,,,,DETECTED,449.10681,449.1048,449.10794,2.5012,2.4767,2.5719,2.738E5,8.367E3,1.858E4,2.738E5,0.0218,2.0357,15.7356,,,3,1
877,2.5012,2.4767,2.5458,476.04073,476.03894,476.04288,9.175E5,2.364E4,1.012E5,9.175E5,1,1,62,,,,,,,,,DETECTED,476.04073,476.03894,476.04288,2.5012,2.4767,2.5458,9.175E5,2.364E4,1.012E5,9.175E5,0.0196,1.4099,1.4752,1,0.0161,6,1
879,2.5012,2.4601,2.535,729.13776,729.13385,729.14111,8.647E4,2.832E3,1.56E4,8.647E4,0,1,62,,,,,,,,,DETECTED,729.13776,729.13385,729.14111,2.5012,2.4601,2.535,8.647E4,2.832E3,1.56E4,8.647E4,0.0257,0.9099,0.7242,,,3,1
880,2.5058,2.4601,2.5845,467.08162,467.07913,467.08359,5.769E5,1.479E4,1.291E4,5.769E5,1,1,62,,,,,,,,,DETECTED,467.08162,467.07913,467.08359,2.5058,2.4601,2.5845,5.769E5,1.479E4,1.291E4,5.769E5,0.0295,1.6204,2.2032,1,0.0058,3,1
881,2.5058,2.4368,2.5458,468.04261,468.04047,468.04352,3.02E5,1.178E4,3.905E4,3.02E5,0,2,62,,,,,,,,,DETECTED,468.04261,468.04047,468.04352,2.5058,2.4368,2.5458,3.02E5,1.178E4,3.905E4,3.02E5,0.0247,0.7898,0.6374,,,2,2
883,2.515,2.4492,2.6389,317.03899,317.03766,317.03986,3.756E6,1.065E5,3.409E4,3.756E6,2,1,62,,,,,,,,,DETECTED,317.03899,317.03766,317.03986,2.515,2.4492,2.6389,3.756E6,1.065E5,3.409E4,3.756E6,0.0205,1.9641,3.9771,2,-0.0173,5,1
886,2.515,2.4921,2.5969,463.05024,463.04913,463.05365,3.384E5,8.728E3,1.868E4,3.384E5,1,,62,,,,,,,,,DETECTED,463.05024,463.04913,463.05365,2.515,2.4921,2.5969,3.384E5,8.728E3,1.868E4,3.384E5,0.0201,2.4335,2.9086,1,0.0057,,
887,2.515,2.4813,2.5611,465.06576,465.06342,465.06711,1.258E5,3.594E3,8.754E3,1.258E5,0,1,62,,,,,,,,,DETECTED,465.06576,465.06342,465.06711,2.515,2.4813,2.5611,1.258E5,3.594E3,8.754E3,1.258E5,0.0241,1.4829,1.6262,,,2,1
889,2.515,2.4767,2.5719,635.08536,635.08185,635.08759,1.533E6,3.258E4,1.589E4,1.533E6,1,1,62,,,,,,,,,DETECTED,635.08536,635.08185,635.08759,2.515,2.4767,2.5719,1.533E6,3.258E4,1.589E4,1.533E6,0.0166,1.2933,3.1277,1,0.004,3,1
890,2.515,2.4813,2.5719,636.08649,636.08118,636.0896,3.348E5,7.849E3,1.797E4,3.348E5,0,1,62,,,,,,,,,DETECTED,636.08649,636.08118,636.0896,2.515,2.4813,2.5719,3.348E5,7.849E3,1.797E4,3.348E5,0.0182,1.6475,2.0811,,,3,1
891,2.5275,2.5012,2.6605,319.13848,319.13593,319.13956,8.819E4,5.72E3,8.719E3,8.819E4,0,1,,,,,,,,,,DETECTED,319.13848,319.13593,319.13956,2.5275,2.5012,2.6605,8.819E4,5.72E3,8.719E3,8.819E4,0.0506,3.1467,6.4116,,,3,1
893,2.5275,2.5012,2.5719,355.10217,355.10074,355.10248,3.219E6,8.003E4,3.266E4,3.219E6,0,1,,,,,,,,,,DETECTED,355.10217,355.10074,355.10248,2.5275,2.5012,2.5719,3.219E6,8.003E4,3.266E4,3.219E6,0.0221,2.2813,3.0784,,,3,1
895,2.5458,2.515,2.5969,235.05881,235.05775,235.05928,1.018E5,4.16E3,1.208E4,1.018E5,0,1,67,,,,,,,,,DETECTED,235.05881,235.05775,235.05928,2.5458,2.515,2.5969,1.018E5,4.16E3,1.208E4,1.018E5,0.035,1.3321,1.5376,,,2,1
896,2.5458,2.515,2.5969,265.06971,265.06863,265.07022,1.463E5,5.631E3,2.222E4,1.463E5,0,1,67,,,,,,,,,DETECTED,265.06971,265.06863,265.07022,2.5458,2.515,2.5969,1.463E5,5.631E3,2.222E4,1.463E5,0.0333,1.3321,1.4402,,,2,1
898,2.5458,2.515,2.6605,315.10702,315.10529,315.10843,8.544E5,2.16E4,1.007E4,8.544E5,1,1,67,,,,,,,,,DETECTED,315.10702,315.10529,315.10843,2.5458,2.515,2.6605,8.544E5,2.16E4,1.007E4,8.544E5,0.02,2.1257,2.2201,1,0.0085,3,1
899,2.5458,2.4921,2.6605,675.18534,675.1806,675.19025,2.898E5,1.543E4,1.049E4,2.898E5,1,1,67,,,,,,,,,DETECTED,675.18534,675.1806,675.19025,2.5458,2.4921,2.6605,2.898E5,1.543E4,1.049E4,2.898E5,0.0297,1.9522,3.2316,1,-0.0035,3,1
900,2.5458,2.515,2.5719,743.23076,743.22772,743.23663,7.276E4,1.556E3,8.261E3,7.276E4,0,1,67,,,,,,,,,DETECTED,743.23076,743.22772,743.23663,2.5458,2.515,2.5719,7.276E4,1.556E3,8.261E3,7.276E4,0.0268,0.9255,0.9004,,,2,1
901,2.5503,2.515,2.5969,325.09137,325.0907,325.0921,2.537E6,9.83E4,1.822E5,2.537E6,1,1,67,,,,,,,,,DETECTED,325.09137,325.0907,325.0921,2.5503,2.515,2.5969,2.537E6,9.83E4,1.822E5,2.537E6,0.0336,1.1603,1.0766,1,-0.0188,3,1
902,2.5503,2.515,2.6514,341.08619,341.08508,341.08646,1.62E6,3.853E4,1.1E4,1.62E6,1,1,67,,,,,,,,,DETECTED,341.08619,341.08508,341.08646,2.5503,2.515,2.6514,1.62E6,3.853E4,1.1E4,1.62E6,0.0242,2.1994,1.4807,1,0.0023,6,1
903,2.5503,2.515,2.5845,529.17394,529.17188,529.17615,1.69E5,3.912E3,1.001E4,1.69E5,0,1,67,,,,,,,,,DETECTED,529.17394,529.17188,529.17615,2.5503,2.515,2.5845,1.69E5,3.912E3,1.001E4,1.69E5,0.0228,1.6016,0.0151,,,2,1
904,2.5611,2.535,2.6115,365.17978,365.1792,365.18048,1.602E5,4.469E3,2.729E4,1.602E5,0,1,148,,,,,,,,,DETECTED,365.17978,365.1792,365.18048,2.5611,2.535,2.6115,1.602E5,4.469E3,2.729E4,1.602E5,0.0575,1.464,1.546,,,2,1
905,2.5611,2.515,2.6297,385.11197,385.11127,385.1142,3.023E5,9.754E3,2.29E4,3.023E5,1,1,148,,,,,,,,,DETECTED,385.11197,385.11127,385.1142,2.5611,2.515,2.6297,3.023E5,9.754E3,2.29E4,3.023E5,0.0181,17.7432,0.8513,1,0.0073,3,1
906,2.5611,2.4103,2.6936,404.14677,404.14557,404.14899,4.993E5,5.158E4,1.058E4,4.993E5,2,1,132,,,,,,,,,DETECTED,404.14677,404.14557,404.14899,2.5611,2.4103,2.6936,4.993E5,5.158E4,1.058E4,4.993E5,0.1402,0.9038,0.8322,2,-0.037,3,1
908,2.5611,2.5458,2.5969,577.13116,577.13037,577.13211,3.414E5,9.213E3,2.426E4,3.414E5,1,1,,,,,,,,,,DETECTED,577.13116,577.13037,577.13211,2.5611,2.5458,2.5969,3.414E5,9.213E3,2.426E4,3.414E5,0.026,2.1223,3.425,1,0.0057,4,1
909,2.5719,2.5503,2.6297,191.05289,191.0527,191.05301,6.639E5,3.144E4,1.57E5,6.639E5,1,1,132,,,,,,,,,DETECTED,191.05289,191.0527,191.05301,2.5719,2.5503,2.6297,6.639E5,3.144E4,1.57E5,6.639E5,0.0478,1.8377,2.6753,1,0.0023,2,1
910,2.5719,2.5503,2.6878,289.06987,289.06918,289.07053,3.749E5,1.504E4,2.654E4,3.749E5,1,1,132,,,,,,,,,DETECTED,289.06987,289.06918,289.07053,2.5719,2.5503,2.6878,3.749E5,1.504E4,2.654E4,3.749E5,0.0266,3.497,4.6424,1,0.0039,2,1
911,2.5719,2.5058,2.8014,305.06869,305.0657,305.06906,4.66E6,2.375E5,1.018E4,4.66E6,2,1,132,,,,,,,,,DETECTED,305.06869,305.0657,305.06906,2.5719,2.5058,2.8014,4.66E6,2.375E5,1.018E4,4.66E6,0.0615,1.0148,0.8781,2,-0.0347,3,1
912,2.5719,2.4921,2.6605,323.03855,323.03558,323.03943,1.772E5,1.233E4,1.001E4,1.772E5,0,1,132,,,,,,,,,DETECTED,323.03855,323.03558,323.03943,2.5719,2.4921,2.6605,1.772E5,1.233E4,1.001E4,1.772E5,0.055,1.1711,0.7082,,,3,1
913,2.5719,2.5058,2.7133,351.07177,351.06931,351.07239,2.721E6,7.995E4,3.156E4,2.721E6,1,1,132,,,,,,,,,DETECTED,351.07177,351.06931,351.07239,2.5719,2.5058,2.7133,2.721E6,7.995E4,3.156E4,2.721E6,0.0206,1.228,1.6857,1,-0.0085,4,1
918,2.5719,2.535,2.7906,353.08694,353.08527,353.0874,2.114E7,6.892E5,8.445E4,2.114E7,2,1,132,,,,,,,,,DETECTED,353.08694,353.08527,353.0874,2.5719,2.535,2.7906,2.114E7,6.892E5,8.445E4,2.114E7,0.0233,1.9176,2.478,2,0.0148,2,1
920,2.5719,2.5503,2.6297,375.0678,375.0672,375.06824,4.193E5,9.488E3,1.943E4,4.193E5,1,1,,,,,,,,,,DETECTED,375.0678,375.0672,375.06824,2.5719,2.5503,2.6297,4.193E5,9.488E3,1.943E4,4.193E5,0.0182,1.7325,1.2571,1,0.0091,2,1
921,2.5719,2.5458,2.6115,419.05848,419.05753,419.05893,6.407E4,1.798E3,1.046E4,6.407E4,0,1,132,,,,,,,,,DETECTED,419.05848,419.05753,419.05893,2.5719,2.5458,2.6115,6.407E4,1.798E3,1.046E4,6.407E4,0.025,1.2565,1.6869,,,2,1
923,2.5719,2.5503,2.6297,453.01007,453.0083,453.01171,6.622E5,1.482E4,2.312E4,6.622E5,1,1,,,,,,,,,,DETECTED,453.01007,453.0083,453.01171,2.5719,2.5503,2.6297,6.622E5,1.482E4,2.312E4,6.622E5,0.018,1.4519,2.7992,1,0.0074,3,1
924,2.5719,2.5503,2.6115,705.15838,705.15662,705.16907,2.526E5,4.732E3,1.546E4,2.526E5,0,1,,,,,,,,,,DETECTED,705.15838,705.15662,705.16907,2.5719,2.5503,2.6115,2.526E5,4.732E3,1.546E4,2.526E5,0.0163,1.0888,2.0634,,,2,1
926,2.5845,2.5503,2.6605,466.02698,466.02524,466.03024,1.2E6,4.169E4,3.717E4,1.2E6,1,1,,,,,,,,,,DETECTED,466.02698,466.02524,466.03024,2.5845,2.5503,2.6605,1.2E6,4.169E4,3.717E4,1.2E6,0.0284,2.952,4.8274,1,0.009,3,1
927,2.5845,2.5611,2.6389,944.06972,944.06818,944.07458,3.292E5,8.343E3,3.2E4,3.292E5,0,1,,,,,,,,,,DETECTED,944.06972,944.06818,944.07458,2.5845,2.5611,2.6389,3.292E5,8.343E3,3.2E4,3.292E5,0.02,2.0069,1.8744,,,4,1
929,2.5969,2.5275,2.8335,337.09179,337.08957,337.09256,1.18E7,3.396E5,2.469E4,1.18E7,2,1,16,,,,,,,,,DETECTED,337.09179,337.08957,337.09256,2.5969,2.5275,2.8335,1.18E7,3.396E5,2.469E4,1.18E7,0.021,0.7446,3.6997,2,-0.0052,5,1
931,2.5969,2.5458,2.6605,395.18919,395.18808,395.19241,3.541E5,1.629E4,1.136E4,3.541E5,1,1,132,,,,,,,,,DETECTED,395.18919,395.18808,395.19241,2.5969,2.5458,2.6605,3.541E5,1.629E4,1.136E4,3.541E5,0.032,1.1032,0.9602,1,0.0111,2,1
932,2.5969,2.5719,2.6514,401.14215,401.14169,401.14316,4.064E5,1.076E4,2.076E4,4.064E5,1,1,,,,,,,,,,DETECTED,401.14215,401.14169,401.14316,2.5969,2.5719,2.6514,4.064E5,1.076E4,2.076E4,4.064E5,0.0239,1.3463,1.2325,1,0.0078,6,1
933,2.5969,2.5719,2.6731,405.0771,405.07629,405.07889,2.776E5,7.6E3,1.381E4,2.776E5,0,1,,,,,,,,,,DETECTED,405.0771,405.07629,405.07889,2.5969,2.5719,2.6731,2.776E5,7.6E3,1.381E4,2.776E5,0.0206,1.7689,3.4591,,,2,1
936,2.5969,2.5719,2.6878,447.1496,447.1467,447.15161,3.794E6,1.034E5,1.201E4,3.794E6,1,1,16,,,,,,,,,DETECTED,447.1496,447.1467,447.15161,2.5969,2.5719,2.6878,3.794E6,1.034E5,1.201E4,3.794E6,0.023,1.3165,1.2674,1,-0.0068,4,1
939,2.6115,2.5845,2.7133,327.10709,327.10669,327.10803,8.454E5,2.422E4,2.814E4,8.454E5,0,1,,,,,,,,,,DETECTED,327.10709,327.10669,327.10803,2.6115,2.5845,2.7133,8.454E5,2.422E4,2.814E4,8.454E5,0.0226,1.8129,1.398,,,3,1
940,2.6115,2.5845,2.6731,343.13774,343.13635,343.14044,4.496E5,1.073E4,1.231E4,4.496E5,1,1,,,,,,,,,,DETECTED,343.13774,343.13635,343.14044,2.6115,2.5845,2.6731,4.496E5,1.073E4,1.231E4,4.496E5,0.02,1.224,1.8703,1,0.0148,3,1
942,2.6115,2.5845,2.6878,397.13257,397.13062,397.13321,7.991E5,2.016E4,1.54E4,7.991E5,1,1,21,,,,,,,,,DETECTED,397.13257,397.13062,397.13321,2.6115,2.5845,2.6878,7.991E5,2.016E4,1.54E4,7.991E5,0.0213,1.3527,2.3867,1,0.0114,3,1
943,2.6115,2.5845,2.6878,497.09119,497.09066,497.09406,3.344E5,8.733E3,1.203E4,3.344E5,1,1,21,,,,,,,,,DETECTED,497.09119,497.09066,497.09406,2.6115,2.5845,2.6878,3.344E5,8.733E3,1.203E4,3.344E5,0.022,2.0547,2.0592,1,0.0206,4,1
944,2.6172,2.5969,2.6878,235.05858,235.05823,235.06058,7.666E4,3.183E3,1.208E4,7.666E4,0,1,21,,,,,,,,,DETECTED,235.05858,235.05823,235.06058,2.6172,2.5969,2.6878,7.666E4,3.183E3,1.208E4,7.666E4,0.0291,2.235,4.4633,,,2,1
945,2.6172,2.5969,2.6878,265.0697,265.06882,265.07031,1.156E5,3.595E3,1.271E4,1.156E5,0,1,21,,,,,,,,,DETECTED,265.0697,265.06882,265.07031,2.6172,2.5969,2.6878,1.156E5,3.595E3,1.271E4,1.156E5,0.0224,2.235,2.8609,,,2,1
946,2.6172,2.5969,2.7207,325.09131,325.09015,325.0921,6.896E5,2.426E4,3.003E4,6.896E5,1,1,21,,,,,,,,,DETECTED,325.09131,325.09015,325.0921,2.6172,2.5969,2.7207,6.896E5,2.426E4,3.003E4,6.896E5,0.0232,2.7883,2.6816,1,0.0073,2,1
948,2.6172,2.515,2.7133,387.16466,387.16235,387.16577,2.648E6,5.836E4,9.654E3,2.648E6,1,1,21,,,,,,,,,DETECTED,387.16466,387.16235,387.16577,2.6172,2.515,2.7133,2.648E6,5.836E4,9.654E3,2.648E6,0.0149,0.7218,1.1815,1,0.004,3,1
949,2.6172,2.5969,2.6731,421.16004,421.15894,421.16208,2.826E5,5.72E3,9.564E3,2.826E5,1,1,,,,,,,,,,DETECTED,421.16004,421.15894,421.16208,2.6172,2.5969,2.6731,2.826E5,5.72E3,9.564E3,2.826E5,0.0148,1.3599,1.4784,1,0.0165,4,1
950,2.6172,2.5845,2.6878,431.191,431.18884,431.19135,7.363E6,1.643E5,2.614E4,7.363E6,1,1,21,,,,,,,,,DETECTED,431.191,431.18884,431.19135,2.6172,2.5845,2.6878,7.363E6,1.643E5,2.614E4,7.363E6,0.0173,1.4018,1.6561,1,0.0023,4,1
952,2.6172,2.5969,2.6514,503.12016,503.11802,503.12155,8.922E4,1.854E3,1.966E4,8.922E4,0,1,,,,,,,,,,DETECTED,503.12016,503.11802,503.12155,2.6172,2.5969,2.6514,8.922E4,1.854E3,1.966E4,8.922E4,0.016,1.3406,1.6813,,,2,1
954,2.6297,2.6115,2.6878,355.10168,355.10126,355.10236,6.971E5,2.055E4,3.04E4,6.971E5,0,1,,,,,,,,,,DETECTED,355.10168,355.10126,355.10236,2.6297,2.6115,2.6878,6.971E5,2.055E4,3.04E4,6.971E5,0.0264,1.9212,2.2504,,,3,1
956,2.6297,2.5969,2.6731,373.14882,373.14783,373.14999,2.085E5,4.686E3,1.136E4,2.085E5,0,1,53,13,[M-H]-,2,374.15567,957;956,,,,DETECTED,373.14882,373.14783,373.14999,2.6297,2.5969,2.6731,2.085E5,4.686E3,1.136E4,2.085E5,0.0198,1.368,1.2793,,,2,1
957,2.6297,2.5969,2.6731,419.15345,419.15045,419.15494,1.632E5,3.769E3,1.367E4,1.632E5,0,1,53,13,[M+FA]-,2,374.15567,957;956,,,,DETECTED,419.15345,419.15045,419.15494,2.6297,2.5969,2.6731,1.632E5,3.769E3,1.367E4,1.632E5,0.0195,1.4793,1.5459,,,2,1
958,2.6297,2.5969,2.6878,449.10751,449.10648,449.11127,1.557E5,4.925E3,1.341E4,1.557E5,0,1,53,,,,,,,,,DETECTED,449.10751,449.10648,449.11127,2.6297,2.5969,2.6878,1.557E5,4.925E3,1.341E4,1.557E5,0.0284,1.2775,2.0993,,,2,1
966,2.6514,2.6297,2.6878,525.19299,525.19208,525.19501,1.287E5,2.7E3,1.778E4,1.287E5,0,1,,,,,,,,,,DETECTED,525.19299,525.19208,525.19501,2.6514,2.6297,2.6878,1.287E5,2.7E3,1.778E4,1.287E5,0.0182,1.3379,1.0516,,,2,1
967,2.6514,2.6297,2.6878,571.20287,571.20087,571.20386,6.673E4,1.859E3,1.539E4,6.673E4,0,1,,,,,,,,,,DETECTED,571.20287,571.20087,571.20386,2.6514,2.6297,2.6878,6.673E4,1.859E3,1.539E4,6.673E4,0.0291,1.3379,1.6759,,,2,1
968,2.6514,2.5845,2.6878,709.07055,709.06555,709.07269,5.065E5,1.479E4,3.701E4,5.065E5,1,1,,,,,,,,,,DETECTED,709.07055,709.06555,709.07269,2.6514,2.5845,2.6878,5.065E5,1.479E4,3.701E4,5.065E5,0.0267,0.6897,0.519,1,-0.0051,2,1
970,2.6605,2.6172,2.7011,261.13237,261.13199,261.1326,1.93E5,6.285E3,1.88E4,1.93E5,0,1,14,,,,,,,,,DETECTED,261.13237,261.13199,261.1326,2.6605,2.6172,2.7011,1.93E5,6.285E3,1.88E4,1.93E5,0.0257,0.9646,0.7553,,,2,1
971,2.6605,2.6389,2.7408,317.03901,317.03864,317.04057,5.209E5,1.268E4,1.142E4,5.209E5,1,1,14,,,,,,,,,DETECTED,317.03901,317.03864,317.04057,2.6605,2.6389,2.7408,5.209E5,1.268E4,1.142E4,5.209E5,0.0192,1.6636,3.996,1,0.0076,2,1
974,2.6605,2.5719,2.7408,392.03727,392.03503,392.03787,4.02E6,1.252E5,8.009E4,4.02E6,2,1,14,,,,,,,,,DETECTED,392.03727,392.03503,392.03787,2.6605,2.5719,2.7408,4.02E6,1.252E5,8.009E4,4.02E6,0.0387,1.079,1.2175,2,-0.0177,3,1
976,2.6605,2.5969,2.6936,635.08349,635.08185,635.08636,1.685E5,6.104E3,1.862E4,1.685E5,0,1,14,,,,,,,,,DETECTED,635.08349,635.08185,635.08636,2.6605,2.5969,2.6936,1.685E5,6.104E3,1.862E4,1.685E5,0.0858,0.76,1.2211,,,6,1
977,2.6605,2.6115,2.772,944.57004,944.56049,944.57605,4.333E5,1.35E4,2.252E4,4.333E5,0,1,14,,,,,,,,,DETECTED,944.57004,944.56049,944.57605,2.6605,2.6115,2.772,4.333E5,1.35E4,2.252E4,4.333E5,0.0206,1.3306,0.5657,,,3,1
978,2.6731,2.6389,2.8232,157.04765,157.0472,157.04787,9.092E5,2.644E4,1.106E4,9.092E5,1,1,14,,,,,,,,,DETECTED,157.04765,157.0472,157.04787,2.6731,2.6389,2.8232,9.092E5,2.644E4,1.106E4,9.092E5,0.0217,2.5051,1.4047,1,-0.0034,5,1
979,2.6731,2.5458,2.7133,191.01686,191.01669,191.01704,5.641E5,4.615E4,1.237E5,5.641E5,2,1,14,,,,,,,,,DETECTED,191.01686,191.01669,191.01704,2.6731,2.5458,2.7133,5.641E5,4.615E4,1.237E5,5.641E5,0.1146,0.6579,0.3158,2,-0.0593,2,1
981,2.6731,2.6115,2.783,307.08436,307.08151,307.08456,3.87E6,1.1E5,1.152E4,3.87E6,2,1,14,,,,,,,,,DETECTED,307.08436,307.08151,307.08456,2.6731,2.6115,2.783,3.87E6,1.1E5,1.152E4,3.87E6,0.0341,0.8563,1.2077,2,-0.0161,3,1
983,2.6731,2.6514,2.7207,371.09692,371.09641,371.09744,1.546E6,3.31E4,5.063E4,1.546E6,1,1,14,,,,,,,,,DETECTED,371.09692,371.09641,371.09744,2.6731,2.6514,2.7207,1.546E6,3.31E4,5.063E4,1.546E6,0.0175,1.5689,2.1474,1,0.0095,3,1
985,2.6731,2.6389,2.759,437.19916,437.1962,437.20206,2.463E5,7.088E3,9.707E3,2.463E5,0,1,14,,,,,,,,,DETECTED,437.19916,437.1962,437.20206,2.6731,2.6389,2.759,2.463E5,7.088E3,9.707E3,2.463E5,0.0684,2.5035,3.6379,,,4,1
987,2.6731,2.6514,2.772,563.23307,563.22913,563.23724,2.223E6,7.076E4,1.253E4,2.223E6,1,1,,,,,,,,,,DETECTED,563.23307,563.22913,563.23724,2.6731,2.6514,2.772,2.223E6,7.076E4,1.253E4,2.223E6,0.028,2.7957,3.923,1,0.0078,3,1
995,2.6731,2.6389,2.7133,871.05813,871.04999,871.06451,1.375E5,3.911E3,7.701E3,1.375E5,0,1,14,,,,,,,,,DETECTED,871.05813,871.04999,871.06451,2.6731,2.6389,2.7133,1.375E5,3.911E3,7.701E3,1.375E5,0.0324,1.4125,2.1133,,,4,1
997,2.6731,2.6514,2.7011,887.02381,887.02057,887.02631,8.076E4,2.005E3,1.962E4,8.076E4,0,1,,,,,,,,,,DETECTED,887.02381,887.02057,887.02631,2.6731,2.6514,2.7011,8.076E4,2.005E3,1.962E4,8.076E4,0.0272,1.1448,1.2896,,,2,1
998,2.6878,2.6389,2.7133,433.20555,433.203,433.20615,1.765E6,4E4,6.464E4,1.765E6,0,1,,,,,,,,,,DETECTED,433.20555,433.203,433.20615,2.6878,2.6389,2.7133,1.765E6,4E4,6.464E4,1.765E6,0.0201,0.5892,1.6961,,,4,1
1000,2.6936,2.6731,2.759,275.11176,275.11108,275.11197,1.416E5,3.861E3,8.944E3,1.416E5,0,1,,,,,,,,,,DETECTED,275.11176,275.11108,275.11197,2.6936,2.6731,2.759,1.416E5,3.861E3,8.944E3,1.416E5,0.02,1.9223,2.3881,,,2,1
1001,2.6936,2.6172,2.7906,467.03523,467.03137,467.03741,5.141E6,1.796E5,7.005E4,5.141E6,2,1,126,,,,,,,,,DETECTED,467.03523,467.03137,467.03741,2.6936,2.6172,2.7906,5.141E6,1.796E5,7.005E4,5.141E6,0.0246,1.9269,2.0601,2,0.0023,3,1
1005,2.6936,2.6731,2.783,729.13866,729.13409,729.14038,8.304E5,2.357E4,2.322E4,8.304E5,1,1,,,,,,,,,,DETECTED,729.13866,729.13409,729.14038,2.6936,2.6731,2.783,8.304E5,2.357E4,2.322E4,8.304E5,0.0197,2.2881,3.0635,1,0.0098,7,1
1007,2.6936,2.6605,2.806,935.06528,935.05847,935.06824,1.569E5,7.867E3,1.288E4,1.569E5,0,1,126,,,,,,,,,DETECTED,935.06528,935.05847,935.06824,2.6936,2.6605,2.806,1.569E5,7.867E3,1.288E4,1.569E5,0.0351,3.1321,4.9298,,,4,1
1009,2.7011,2.6731,2.7207,443.11837,443.11727,443.11862,7.173E4,1.419E3,1.296E4,7.173E4,0,1,,,,,,,,,,DETECTED,443.11837,443.11727,443.11862,2.7011,2.6731,2.7207,7.173E4,1.419E3,1.296E4,7.173E4,0.0194,0.8519,1.3507,,,2,1
1011,2.7133,2.6878,2.8232,355.1016,355.10077,355.10266,1.312E6,4.005E4,1.432E4,1.312E6,1,1,110,,,,,,,,,DETECTED,355.1016,355.10077,355.10266,2.7133,2.6878,2.8232,1.312E6,4.005E4,1.432E4,1.312E6,0.0251,2.2281,2.331,1,-0.0032,3,1
1013,2.7133,2.6731,2.8232,421.16238,421.15979,421.16647,1.944E6,5.43E4,1.024E4,1.944E6,1,1,110,14,[M+Cl]-,2,386.1932,1015;1013,,,,DETECTED,421.16238,421.15979,421.16647,2.7133,2.6731,2.8232,1.944E6,5.43E4,1.024E4,1.944E6,0.0233,1.5111,1.6708,1,-0.0049,5,1
1015,2.7133,2.6878,2.896,431.19163,431.18832,431.19208,1.918E7,5.855E5,4.301E4,1.918E7,3,1,110,14,[M+FA]-,2,386.1932,1015;1013,,,,DETECTED,431.19163,431.18832,431.19208,2.7133,2.6878,2.896,1.918E7,5.855E5,4.301E4,1.918E7,0.0231,1.4842,1.5904,3,-0.0065,3,1
1019,2.7133,2.6936,2.8164,499.17608,499.17422,499.17838,3.106E5,9.308E3,1.197E4,3.106E5,0,1,,,,,,,,,,DETECTED,499.17608,499.17422,499.17838,2.7133,2.6936,2.8164,3.106E5,9.308E3,1.197E4,3.106E5,0.1504,2.9697,1.3618,,,2,1
1020,2.7133,2.6936,2.7906,503.12006,503.11802,503.12152,3.323E5,9.744E3,1.633E4,3.323E5,1,1,,,,,,,,,,DETECTED,503.12006,503.11802,503.12152,2.7133,2.6936,2.7906,3.323E5,9.744E3,1.633E4,3.323E5,0.0245,2.2614,1.4366,1,0.0114,3,1
1021,2.7207,2.6878,2.783,231.08505,231.08493,231.0854,2.587E5,9.585E3,9.38E3,2.587E5,0,1,4,,,,,,,,,DETECTED,231.08505,231.08493,231.0854,2.7207,2.6878,2.783,2.587E5,9.585E3,9.38E3,2.587E5,0.0346,1.421,1.39,,,2,1
1022,2.7207,2.6936,2.8436,393.04386,393.04224,393.0444,6.585E5,2.741E4,5.893E4,6.585E5,0,1,,,,,,,,,,DETECTED,393.04386,393.04224,393.0444,2.7207,2.6936,2.8436,6.585E5,2.741E4,5.893E4,6.585E5,0.0888,2.7621,1.6308,,,4,1
1023,2.7207,2.6936,2.759,401.10566,401.1044,401.1095,2.129E5,6.803E3,1.081E4,2.129E5,0,1,4,,,,,,,,,DETECTED,401.10566,401.1044,401.1095,2.7207,2.6936,2.759,2.129E5,6.803E3,1.081E4,2.129E5,0.0309,1.2052,1.5151,,,2,1
1026,2.7333,2.6731,2.759,172.09459,172.09439,172.09491,1.786E5,6.456E3,1.124E4,1.786E5,0,1,4,,,,,,,,,DETECTED,172.09459,172.09439,172.09491,2.7333,2.6731,2.759,1.786E5,6.456E3,1.124E4,1.786E5,0.0325,0.7722,0.4997,,,3,1
1028,2.7333,2.7133,2.806,191.01691,191.01669,191.01701,6.648E5,3.565E4,2.514E5,6.648E5,2,1,39,,,,,,,,,DETECTED,191.01691,191.01669,191.01701,2.7333,2.7133,2.806,6.648E5,3.565E4,2.514E5,6.648E5,0.0585,2.3207,3.6415,2,0.004,2,1
1033,2.7333,2.6936,2.783,389.17991,389.17841,389.18152,9.819E5,1.939E4,1.808E4,9.819E5,1,1,118,,,,,,,,,DETECTED,389.17991,389.17841,389.18152,2.7333,2.6936,2.783,9.819E5,1.939E4,1.808E4,9.819E5,0.0183,1.0689,0.8081,1,-0.0069,3,1
1035,2.7333,2.7133,2.806,477.10224,477.1008,477.10388,3.066E5,7.434E3,9.754E3,3.066E5,0,1,,,,,,,,,,DETECTED,477.10224,477.1008,477.10388,2.7333,2.7133,2.806,3.066E5,7.434E3,9.754E3,3.066E5,0.0135,2.0713,1.8726,,,2,1
1040,2.7333,2.7133,2.7906,578.13364,578.1319,578.13885,2.724E5,5.916E3,1.046E4,2.724E5,0,1,,,,,,,,,,DETECTED,578.13364,578.1319,578.13885,2.7333,2.7133,2.7906,2.724E5,5.916E3,1.046E4,2.724E5,0.0168,1.4891,2.0631,,,3,1
1041,2.7333,2.6878,2.7906,625.13644,625.13043,625.13776,6.183E5,1.592E4,1.037E4,6.183E5,1,1,118,,,,,,,,,DETECTED,625.13644,625.13043,625.13776,2.7333,2.6878,2.7906,6.183E5,1.592E4,1.037E4,6.183E5,0.0329,1.0095,0.9158,1,-0.0052,3,1
1049,2.7333,2.7133,2.772,871.05591,871.05402,871.05823,2.496E5,6.449E3,2.962E4,2.496E5,0,1,39,,,,,,,,,DETECTED,871.05591,871.05402,871.05823,2.7333,2.7133,2.772,2.496E5,6.449E3,2.962E4,2.496E5,0.0223,1.4697,1.9394,,,6,1
1050,2.7333,2.7133,2.772,886.52105,886.51971,886.53015,1.12E5,3.005E3,2.09E4,1.12E5,0,1,39,,,,,,,,,DETECTED,886.52105,886.51971,886.53015,2.7333,2.7133,2.772,1.12E5,3.005E3,2.09E4,1.12E5,0.027,1.4697,1.9394,,,3,1
1051,2.7333,2.7011,2.806,887.02401,887.01764,887.02521,1.268E5,3.991E3,1.424E4,1.268E5,0,1,39,,,,,,,,,DETECTED,887.02401,887.01764,887.02521,2.7333,2.7011,2.806,1.268E5,3.991E3,1.424E4,1.268E5,0.0169,1.628,1.8511,,,5,1
1052,2.7408,2.6731,2.8164,271.08032,271.07935,271.08118,6.476E4,5.351E3,1.624E4,6.476E4,0,1,,,,,,,,,,DETECTED,271.08032,271.07935,271.08118,2.7408,2.6731,2.8164,6.476E4,5.351E3,1.624E4,6.476E4,0.0857,1.0589,1.1178,,,2,1
1053,2.7499,2.6878,3.1269,153.01625,153.01483,153.01689,4.073E5,4.692E4,1.236E4,4.073E5,1,1,150,,,,,,,,,DETECTED,153.01625,153.01483,153.01689,2.7499,2.6878,3.1269,4.073E5,4.692E4,1.236E4,4.073E5,0.0689,3.5093,4.8924,1,-0.0052,2,1
1054,2.7499,2.7333,2.783,313.05525,313.055,313.05548,1.395E5,3.413E3,2.956E4,1.395E5,0,1,,,,,,,,,,DETECTED,313.05525,313.055,313.05548,2.7499,2.7333,2.783,1.395E5,3.413E3,2.956E4,1.395E5,0.0234,1.4938,1.9876,,,2,1
1055,2.7499,2.7207,2.8014,371.09657,371.09525,371.09775,3.903E5,1.197E4,2.461E4,3.903E5,0,1,150,,,,,,,,,DETECTED,371.09657,371.09525,371.09775,2.7499,2.7207,2.8014,3.903E5,1.197E4,2.461E4,3.903E5,0.0218,1.2695,1.2009,,,3,1
1057,2.7499,2.7333,2.783,727.23527,727.23425,727.23853,8.335E4,1.812E3,1.172E4,8.335E4,0,1,,,,,,,,,,DETECTED,727.23527,727.23425,727.23853,2.7499,2.7333,2.783,8.335E4,1.812E3,1.172E4,8.335E4,0.0302,1.4938,1.3752,,,3,1
1058,2.759,2.7408,2.7906,321.15388,321.15286,321.15411,9.6E4,1.854E3,9.59E3,9.6E4,0,1,,,,,,,,,,DETECTED,321.15388,321.15286,321.15411,2.759,2.7408,2.7906,9.6E4,1.854E3,9.59E3,9.6E4,0.0177,1.2763,1.311,,,2,1
1059,2.759,2.7408,2.7906,353.17974,353.17926,353.18097,5.907E4,1.258E3,9.254E3,5.907E4,0,1,,,,,,,,,,DETECTED,353.17974,353.17926,353.18097,2.759,2.7408,2.7906,5.907E4,1.258E3,9.254E3,5.907E4,0.0206,1.3634,3.2414,,,2,1
1060,2.759,2.7207,2.8164,403.15757,403.15509,403.16019,1.573E5,4.61E3,1.17E4,1.573E5,0,1,,,,,,,,,,DETECTED,403.15757,403.15509,403.16019,2.759,2.7207,2.8164,1.573E5,4.61E3,1.17E4,1.573E5,0.0238,1.568,1.4841,,,2,1
1061,2.759,2.7333,2.8164,465.10303,465.10193,465.10666,2.255E5,5.714E3,9.512E3,2.255E5,0,1,72,,,,,,,,,DETECTED,465.10303,465.10193,465.10666,2.759,2.7333,2.8164,2.255E5,5.714E3,9.512E3,2.255E5,0.0248,2.0043,2.6955,,,2,1
1063,2.759,2.6878,2.8014,581.20399,581.20013,581.20654,2.998E5,7.854E3,1.783E4,2.998E5,0,1,72,,,,,,,,,DETECTED,581.20399,581.20013,581.20654,2.759,2.6878,2.8014,2.998E5,7.854E3,1.783E4,2.998E5,0.0169,0.8604,0.6405,,,3,1
1064,2.772,2.7499,2.8232,261.13228,261.13184,261.13284,1.156E5,2.849E3,9.51E3,1.156E5,0,1,,,,,,,,,,DETECTED,261.13228,261.13184,261.13284,2.772,2.7499,2.8232,1.156E5,2.849E3,9.51E3,1.156E5,0.02,1.8451,1.2941,,,2,1
1065,2.772,2.7499,2.8232,331.04454,331.04404,331.04474,9.879E4,2.847E3,1.667E4,9.879E4,0,1,15,,,,,,,,,DETECTED,331.04454,331.04404,331.04474,2.772,2.7499,2.8232,9.879E4,2.847E3,1.667E4,9.879E4,0.0242,1.6598,3.3182,,,2,1
1066,2.772,2.7207,2.8524,351.12789,351.12616,351.12881,4.533E5,1.579E4,2.135E4,4.533E5,1,1,15,,,,,,,,,DETECTED,351.12789,351.12616,351.12881,2.772,2.7207,2.8524,4.533E5,1.579E4,2.135E4,4.533E5,0.0537,1.1913,3.5331,1,0.0058,3,1
1067,2.772,2.7499,2.8232,389.10709,389.10602,389.10797,3.501E5,8.023E3,1.453E4,3.501E5,0,1,15,,,,,,,,,DETECTED,389.10709,389.10602,389.10797,2.772,2.7499,2.8232,3.501E5,8.023E3,1.453E4,3.501E5,0.0198,1.4704,2.4372,,,5,1
1068,2.772,2.7408,2.8436,441.08092,441.07687,441.08139,2.276E6,5.298E4,1.701E4,2.276E6,1,1,15,,,,,,,,,DETECTED,441.08092,441.07687,441.08139,2.772,2.7408,2.8436,2.276E6,5.298E4,1.701E4,2.276E6,0.0199,1.622,2.0737,1,-0.0052,3,1
1072,2.772,2.7499,2.8164,703.16655,703.16144,703.16724,4.541E5,9.212E3,2.45E4,4.541E5,1,1,15,,,,,,,,,DETECTED,703.16655,703.16144,703.16724,2.772,2.7499,2.8164,4.541E5,9.212E3,2.45E4,4.541E5,0.0182,1.7902,2.0594,1,0.0042,3,1
1073,2.772,2.7207,2.8164,933.05027,933.0473,933.05505,9.031E4,3.491E3,1.489E4,9.031E4,0,1,15,,,,,,,,,DETECTED,933.05027,933.0473,933.05505,2.772,2.7207,2.8164,9.031E4,3.491E3,1.489E4,9.031E4,0.0277,0.933,1.0364,,,3,1
1078,2.783,2.7333,2.8232,466.02767,466.0239,466.0282,2.111E6,6.269E4,7.505E4,2.111E6,0,1,15,,,,,,,,,DETECTED,466.02767,466.0239,466.0282,2.783,2.7333,2.8232,2.111E6,6.269E4,7.505E4,2.111E6,0.0245,0.8816,0.8181,,,3,1
1081,2.7906,2.7499,2.8164,709.06903,709.06464,709.07239,1.904E5,5.029E3,1.415E4,1.904E5,0,1,,,,,,,,,,DETECTED,709.06903,709.06464,709.07239,2.7906,2.7499,2.8164,1.904E5,5.029E3,1.415E4,1.904E5,0.0345,0.7344,1.4074,,,4,1
1083,2.8014,2.7499,2.896,367.10199,367.09937,367.10519,2.62E6,8.283E4,1.111E4,2.62E6,2,1,28,,,,,,,,,DETECTED,367.10199,367.09937,367.10519,2.8014,2.7499,2.896,2.62E6,8.283E4,1.111E4,2.62E6,0.0269,1.411,1.6513,2,-0.0143,4,1
1084,2.8014,2.7133,2.8335,433.03949,433.03738,433.04333,2.616E6,6.461E4,1.848E4,2.616E6,1,1,28,,,,,,,,,DETECTED,433.03949,433.03738,433.04333,2.8014,2.7133,2.8335,2.616E6,6.461E4,1.848E4,2.616E6,0.0207,1.3754,1.8876,1,-0.0052,3,1
1086,2.8014,2.772,2.8436,435.22029,435.21805,435.22598,5.131E5,1.252E4,3.915E4,5.131E5,1,1,28,,,,,,,,,DETECTED,435.22029,435.21805,435.22598,2.8014,2.772,2.8436,5.131E5,1.252E4,3.915E4,5.131E5,0.02,1.2162,1.82,1,0.0069,3,1
1087,2.8014,2.772,2.8335,463.08681,463.08493,463.08813,1.604E5,3.833E3,1.481E4,1.604E5,0,1,28,,,,,,,,,DETECTED,463.08681,463.08493,463.08813,2.8014,2.772,2.8335,1.604E5,3.833E3,1.481E4,1.604E5,0.0224,1.3176,1.3007,,,3,1
1088,2.8014,2.7499,2.8436,525.19472,525.19305,525.19543,5.977E5,1.577E4,1.858E4,5.977E5,1,1,28,,,,,,,,,DETECTED,525.19472,525.19305,525.19543,2.8014,2.7499,2.8436,5.977E5,1.577E4,1.858E4,5.977E5,0.0215,0.9939,0.3696,1,-0.0035,3,1
1090,2.806,2.772,2.8436,321.05948,321.0582,321.06033,8.146E4,2.715E3,2.244E4,8.146E4,0,1,28,15,[M-H]-,2,322.06717,1091;1090,,,,DETECTED,321.05948,321.0582,321.06033,2.806,2.772,2.8436,8.146E4,2.715E3,2.244E4,8.146E4,0.0284,1.0533,1.1065,,,2,1
1091,2.806,2.759,2.8335,357.03698,357.03543,357.03891,8.272E4,2.475E3,9.007E3,8.272E4,0,1,28,15,[M+Cl]-,2,322.06717,1091;1090,,,,DETECTED,357.03698,357.03543,357.03891,2.806,2.759,2.8335,8.272E4,2.475E3,9.007E3,8.272E4,0.0267,0.7927,0.7971,,,3,1
1092,2.806,2.783,2.8436,427.17853,427.17612,427.17941,2.589E5,6.986E3,3.733E4,2.589E5,0,1,152,,,,,,,,,DETECTED,427.17853,427.17612,427.17941,2.806,2.783,2.8436,2.589E5,6.986E3,3.733E4,2.589E5,0.024,1.317,1.8644,,,2,1
1093,2.806,2.783,2.8335,451.08496,451.0834,451.08679,6.393E4,1.313E3,8.814E3,6.393E4,0,1,28,,,,,,,,,DETECTED,451.08496,451.0834,451.08679,2.806,2.783,2.8335,6.393E4,1.313E3,8.814E3,6.393E4,0.0199,1.0973,1.7116,,,2,1
1094,2.8164,2.783,2.861,175.09418,175.09363,175.09438,3.923E5,9.486E3,1.839E4,3.923E5,0,1,12,,,,,,,,,DETECTED,175.09418,175.09363,175.09438,2.8164,2.783,2.861,3.923E5,9.486E3,1.839E4,3.923E5,0.0167,1.229,1.3706,,,2,1
1095,2.8164,2.806,2.896,191.01667,191.01646,191.01695,6.336E5,4.097E4,2.534E5,6.336E5,1,1,,,,,,,,,,DETECTED,191.01667,191.01646,191.01695,2.8164,2.806,2.896,6.336E5,4.097E4,2.534E5,6.336E5,0.0927,4.3185,7.6369,1,0.0382,2,1
1096,2.8164,2.783,2.8904,217.10575,217.10497,217.10605,7.885E5,2.267E4,1.121E4,7.885E5,1,1,152,,,,,,,,,DETECTED,217.10575,217.10497,217.10605,2.8164,2.783,2.8904,7.885E5,2.267E4,1.121E4,7.885E5,0.0251,1.2091,1.0451,1,-0.0065,2,1
1098,2.8164,2.8014,2.8653,353.17927,353.1788,353.1821,2.397E5,5.366E3,1.466E4,2.397E5,0,1,12,,,,,,,,,DETECTED,353.17927,353.1788,353.1821,2.8164,2.8014,2.8653,2.397E5,5.366E3,1.466E4,2.397E5,0.0199,2.095,2.4995,,,2,1
1099,2.8164,2.783,2.896,530.04876,530.04504,530.04999,6.507E5,1.632E4,1.476E4,6.507E5,1,1,12,,,,,,,,,DETECTED,530.04876,530.04504,530.04999,2.8164,2.783,2.896,6.507E5,1.632E4,1.476E4,6.507E5,0.0211,2.5172,3.0384,1,0.0126,2,1
1101,2.8164,2.8014,2.8436,552.04852,552.04639,552.04974,1.802E7,3.728E5,1.883E6,1.802E7,1,1,,,,,,,,,,DETECTED,552.04852,552.04639,552.04974,2.8164,2.8014,2.8436,1.802E7,3.728E5,1.883E6,1.802E7,0.0205,1.4076,2.595,1,-0.0048,3,1
1105,2.8164,2.7906,2.8653,563.03296,563.03156,563.03546,7.309E5,1.561E4,3.215E4,7.309E5,1,1,12,,,,,,,,,DETECTED,563.03296,563.03156,563.03546,2.8164,2.7906,2.8653,7.309E5,1.561E4,3.215E4,7.309E5,0.0185,2.5241,2.4637,1,0.011,6,1
1106,2.8164,2.7499,2.861,578.49804,578.49493,578.50159,4.193E5,9.933E3,1.037E4,4.193E5,0,1,12,,,,,,,,,DETECTED,578.49804,578.49493,578.50159,2.8164,2.7499,2.861,4.193E5,9.933E3,1.037E4,4.193E5,0.0198,1.4599,2.045,,,3,1
1107,2.8164,2.7906,2.8904,1105.08922,1105.08044,1105.09387,9.135E5,2.194E4,1.414E4,9.135E5,1,1,12,,,,,,,,,DETECTED,1105.08922,1105.08044,1105.09387,2.8164,2.7906,2.8904,9.135E5,2.194E4,1.414E4,9.135E5,0.021,2.5313,3.3617,1,0.0092,5,1
1108,2.8164,2.8014,2.8778,1106.08865,1106.08203,1106.08997,4.922E5,1.15E4,1.222E4,4.922E5,0,1,12,,,,,,,,,DETECTED,1106.08865,1106.08203,1106.08997,2.8164,2.8014,2.8778,4.922E5,1.15E4,1.222E4,4.922E5,0.0204,2.7892,3.4043,,,5,1
1111,2.8232,2.8014,2.8904,551.03793,551.03448,551.03961,5.033E5,1.432E4,3.017E4,5.033E5,1,1,12,,,,,,,,,DETECTED,551.03793,551.03448,551.03961,2.8232,2.8014,2.8904,5.033E5,1.432E4,3.017E4,5.033E5,0.0226,1.8401,2.3335,1,0.0075,2,1
1112,2.8232,2.7906,2.9176,1020.0736,1020.06525,1020.08197,4.008E5,1.381E4,1.352E4,4.008E5,0,1,12,,,,,,,,,DETECTED,1020.0736,1020.06525,1020.08197,2.8232,2.7906,2.9176,4.008E5,1.381E4,1.352E4,4.008E5,0.0354,1.713,2.5115,,,4,1
1113,2.8232,2.7906,2.9592,1020.57702,1020.56958,1020.58551,4.317E5,1.38E4,9.897E3,4.317E5,1,1,12,,,,,,,,,DETECTED,1020.57702,1020.56958,1020.58551,2.8232,2.7906,2.9592,4.317E5,1.38E4,9.897E3,4.317E5,0.0277,2.0688,3.0607,1,0.0126,2,1
1114,2.8335,2.806,2.8778,202.04819,202.04752,202.04912,1.755E5,5.061E3,1.455E4,1.755E5,0,1,117,,,,,,,,,DETECTED,202.04819,202.04752,202.04912,2.8335,2.806,2.8778,1.755E5,5.061E3,1.455E4,1.755E5,0.0292,1.179,1.0182,,,2,1
1116,2.8335,2.806,2.8904,262.07004,262.0697,262.07169,3.046E5,9.2E3,1.394E4,3.046E5,0,1,117,,,,,,,,,DETECTED,262.07004,262.0697,262.07169,2.8335,2.806,2.8904,3.046E5,9.2E3,1.394E4,3.046E5,0.0297,1.263,1.1139,,,2,1
1120,2.8335,2.7906,2.8778,467.03688,467.03326,467.03836,1.318E6,5.372E4,1.642E5,1.318E6,1,1,66,,,,,,,,,DETECTED,467.03688,467.03326,467.03836,2.8335,2.7906,2.8778,1.318E6,5.372E4,1.642E5,1.318E6,0.0389,1.0166,1.386,1,0.0409,5,1
1121,2.8335,2.806,2.9987,935.066,935.06097,935.07599,2.908E5,2.468E4,1.508E4,2.908E5,0,1,,,,,,,,,,DETECTED,935.066,935.06097,935.07599,2.8335,2.806,2.9987,2.908E5,2.468E4,1.508E4,2.908E5,0.122,3.5039,9.1909,,,3,1
1125,2.8436,2.7011,2.9285,468.04392,468.0405,468.04449,3.581E7,1.234E6,2.045E5,3.581E7,2,1,66,,,,,,,,,DETECTED,468.04392,468.0405,468.04449,2.8436,2.7011,2.9285,3.581E7,1.234E6,2.045E5,3.581E7,0.0397,1.9001,2.1309,2,-0.0303,5,1
1128,2.8436,2.7333,2.9285,479.03173,479.02725,479.03506,1.316E6,5.198E4,1.145E4,1.316E6,1,1,66,,,,,,,,,DETECTED,479.03173,479.02725,479.03506,2.8436,2.7333,2.9285,1.316E6,5.198E4,1.145E4,1.316E6,0.0464,2.2409,2.2069,1,-0.0026,4,1
1129,2.8436,2.8014,2.9664,517.49819,517.49628,517.50067,7.525E5,2.74E4,9.822E3,7.525E5,1,1,66,,,,,,,,,DETECTED,517.49819,517.49628,517.50067,2.8436,2.8014,2.9664,7.525E5,2.74E4,9.822E3,7.525E5,0.0366,1.7441,2.1586,1,0.0044,4,1
1130,2.8436,2.759,2.896,938.08654,938.0816,938.09192,1.225E6,3.239E4,1.154E4,1.225E6,0,1,66,,,,,,,,,DETECTED,938.08654,938.0816,938.09192,2.8436,2.759,2.896,1.225E6,3.239E4,1.154E4,1.225E6,0.0274,1.4326,1.1379,,,4,1
1131,2.8436,2.8232,2.8904,959.05953,959.05493,959.06177,7.491E4,2.108E3,1.304E4,7.491E4,0,1,,,,,,,,,,DETECTED,959.05953,959.05493,959.06177,2.8436,2.8232,2.8904,7.491E4,2.108E3,1.304E4,7.491E4,0.0332,1.6488,2.0192,,,2,1
1133,2.861,2.8335,3.0595,433.03918,433.03699,433.03976,6.343E6,1.617E5,4.174E4,6.343E6,2,1,,,,,,,,,,DETECTED,433.03918,433.03699,433.03976,2.861,2.8335,3.0595,6.343E6,1.617E5,4.174E4,6.343E6,0.0151,2.6482,1.6215,2,-0.0047,3,1
1137,2.8778,2.8436,2.9664,319.04395,319.04306,319.04453,8.382E5,2.345E4,1.744E4,8.382E5,1,1,,,,,,,,,,DETECTED,319.04395,319.04306,319.04453,2.8778,2.8436,2.9664,8.382E5,2.345E4,1.744E4,8.382E5,0.0233,1.8949,0.7796,1,-0.0052,4,1
1139,2.8778,2.8436,3.1269,393.04478,393.04276,393.04684,5.146E6,3.084E5,2.308E4,5.146E6,3,1,,,,,,,,,,DETECTED,393.04478,393.04276,393.04684,2.8778,2.8436,3.1269,5.146E6,3.084E5,2.308E4,5.146E6,0.0882,3.2211,6.1079,3,0.0023,3,1
1145,2.8904,2.8524,3.0893,337.09178,337.08975,337.09219,1.317E7,4.677E5,1.524E4,1.317E7,2,1,92,,,,,,,,,DETECTED,337.09178,337.08975,337.09219,2.8904,2.8524,3.0893,1.317E7,4.677E5,1.524E4,1.317E7,0.0254,1.7631,2.5115,2,0.0079,4,1
1148,2.8904,2.8653,2.9176,359.07219,359.06934,359.07426,7.357E4,1.693E3,1.749E4,7.357E4,0,1,,,,,,,,,,DETECTED,359.07219,359.06934,359.07426,2.8904,2.8653,2.9176,7.357E4,1.693E3,1.749E4,7.357E4,0.0218,1.0447,1.0894,,,2,1
1149,2.8904,2.8653,2.9592,371.09615,371.09454,371.09805,2.416E5,7.716E3,1.177E4,2.416E5,0,1,92,,,,,,,,,DETECTED,371.09615,371.09454,371.09805,2.8904,2.8653,2.9592,2.416E5,7.716E3,1.177E4,2.416E5,0.0309,1.6602,1.9022,,,2,1
1150,2.8904,2.8653,2.9285,405.0779,405.07645,405.07886,2.244E5,5.583E3,2.249E4,2.244E5,0,1,92,,,,,,,,,DETECTED,405.0779,405.07645,405.07886,2.8904,2.8653,2.9285,2.244E5,5.583E3,2.249E4,2.244E5,0.0226,1.2613,1.0898,,,2,1
1151,2.8904,2.861,2.9393,427.17903,427.17862,427.18073,4.067E5,1.254E4,1.199E4,4.067E5,1,1,92,,,,,,,,,DETECTED,427.17903,427.17862,427.18073,2.8904,2.861,2.9393,4.067E5,1.254E4,1.199E4,4.067E5,0.0278,1.2107,1.0558,1,-0.0052,3,1
1154,2.8904,2.8524,2.9285,675.1861,675.18292,675.19183,7.529E5,1.475E4,1.771E4,7.529E5,1,1,92,,,,,,,,,DETECTED,675.1861,675.18292,675.19183,2.8904,2.8524,2.9285,7.529E5,1.475E4,1.771E4,7.529E5,0.0164,0.7621,0.1867,1,0.0097,4,1
1155,2.896,2.861,2.9861,163.03672,163.03627,163.03716,1.476E5,7.058E3,1.603E4,1.476E5,0,1,92,,,,,,,,,DETECTED,163.03672,163.03627,163.03716,2.896,2.861,2.9861,1.476E5,7.058E3,1.603E4,1.476E5,0.1649,1.7859,2.2553,,,2,1
1156,2.896,2.8653,2.9664,246.0434,246.04216,246.0439,6.573E5,1.582E4,9.196E3,6.573E5,1,1,92,,,,,,,,,DETECTED,246.0434,246.04216,246.0439,2.896,2.8653,2.9664,6.573E5,1.582E4,9.196E3,6.573E5,0.0297,1.2984,1.2359,1,0.0057,2,1
1157,2.896,2.8653,2.9393,321.15378,321.15201,321.15417,2.22E5,5.233E3,1.402E4,2.22E5,0,1,92,,,,,,,,,DETECTED,321.15378,321.15201,321.15417,2.896,2.8653,2.9393,2.22E5,5.233E3,1.402E4,2.22E5,0.0287,1.5198,1.5399,,,2,1
1158,2.896,2.8653,2.9285,451.086,451.08478,451.08643,7.476E4,1.877E3,1.502E4,7.476E4,0,1,92,,,,,,,,,DETECTED,451.086,451.08478,451.08643,2.896,2.8653,2.9285,7.476E4,1.877E3,1.502E4,7.476E4,0.0209,1.029,1.0581,,,2,1
1159,2.896,2.8436,2.9393,461.16616,461.16412,461.16739,8.832E5,3.564E4,2.137E4,8.832E5,1,1,92,,,,,,,,,DETECTED,461.16616,461.16412,461.16739,2.896,2.8436,2.9393,8.832E5,3.564E4,2.137E4,8.832E5,0.0349,0.8539,0.5278,1,-0.025,3,1
1161,2.896,2.8524,3.064,493.09803,493.09409,493.09912,6.969E6,1.924E5,1.238E4,6.969E6,2,,92,,,,,,,,,DETECTED,493.09803,493.09409,493.09912,2.896,2.8524,3.064,6.969E6,1.924E5,1.238E4,6.969E6,0.0246,1.8729,2.3978,2,-0.0033,,
1163,2.9085,2.8778,2.9592,467.03549,467.03256,467.03598,4.394E6,1.07E5,1.609E5,4.394E6,1,1,,,,,,,,,,DETECTED,467.03549,467.03256,467.03598,2.9085,2.8778,2.9592,4.394E6,1.07E5,1.609E5,4.394E6,0.0277,0.8322,0.5986,1,0.0223,4,1
1166,2.9176,2.8436,3.0091,435.22121,435.21771,435.22598,2.597E6,7.352E4,3.915E4,2.597E6,1,1,154,,,,,,,,,DETECTED,435.22121,435.21771,435.22598,2.9176,2.8436,3.0091,2.597E6,7.352E4,3.915E4,2.597E6,0.0206,0.9086,0.5671,1,-0.0126,2,1
1167,2.9176,2.8653,2.9484,477.04881,477.048,477.05008,2.171E5,6.452E3,2.813E4,2.171E5,1,2,154,,,,,,,,,DETECTED,477.04881,477.048,477.05008,2.9176,2.8653,2.9484,2.171E5,6.452E3,2.813E4,2.171E5,0.0268,0.7943,0.4026,1,0.0074,2,2
1169,2.9176,2.896,2.9752,597.23511,597.23145,597.23907,5.759E4,2.253E3,1.348E4,5.759E4,0,1,,,,,,,,,,DETECTED,597.23511,597.23145,597.23907,2.9176,2.896,2.9752,5.759E4,2.253E3,1.348E4,5.759E4,0.0439,1.8314,2.6628,,,2,1
1170,2.9285,2.896,3.0362,191.01681,191.01646,191.01697,5.732E5,5.51E4,2.016E5,5.732E5,2,1,104,,,,,,,,,DETECTED,191.01681,191.01646,191.01697,2.9285,2.896,3.0362,5.732E5,5.51E4,2.016E5,5.732E5,0.0803,2.158,3.316,2,-0.0069,2,1
1171,2.9285,2.8436,2.9987,247.06215,247.06032,247.06261,4.549E5,2.02E4,1.309E4,4.549E5,1,1,,,,,,,,,,DETECTED,247.06215,247.06032,247.06261,2.9285,2.8436,2.9987,4.549E5,2.02E4,1.309E4,4.549E5,0.0213,1.2322,19.4855,1,-0.0467,3,1
1177,2.9285,2.9085,2.9592,787.09478,787.09125,787.09644,2.586E6,5.64E4,6.169E5,2.586E6,1,1,,,,,,,,,,DETECTED,787.09478,787.09125,787.09644,2.9285,2.9085,2.9592,2.586E6,5.64E4,6.169E5,2.586E6,0.0207,1.2683,1.5367,1,0.0148,4,1
1184,2.9393,2.8778,3.0237,465.10205,465.09964,465.1037,7.957E5,2.72E4,1.208E4,7.957E5,0,1,,,,,,,,,,DETECTED,465.10205,465.09964,465.1037,2.9393,2.8778,3.0237,7.957E5,2.72E4,1.208E4,7.957E5,0.0398,0.8843,0.515,,,3,1
1190,2.9393,2.896,3.0237,947.06023,947.05701,947.06573,1.563E5,7.215E3,1.057E4,1.563E5,0,1,104,,,,,,,,,DETECTED,947.06023,947.05701,947.06573,2.9393,2.896,3.0237,1.563E5,7.215E3,1.057E4,1.563E5,0.0548,1.6906,2.1054,,,8,1
1192,2.9393,2.896,2.9592,963.53301,963.52814,963.53619,6.663E4,1.876E3,1.28E4,6.663E4,0,1,,,,,,,,,,DETECTED,963.53301,963.52814,963.53619,2.9393,2.896,2.9592,6.663E4,1.876E3,1.28E4,6.663E4,0.0286,0.7307,0.5921,,,2,1
1193,2.9484,2.9285,3.0091,423.17637,423.17465,423.1785,9.164E4,2.879E3,1.784E4,9.164E4,0,1,85,16,[M+Cl]-,2,388.20725,1193;1201,,,,DETECTED,423.17637,423.17465,423.1785,2.9484,2.9285,3.0091,9.164E4,2.879E3,1.784E4,9.164E4,0.0204,2.0199,5.9131,,,3,1
1195,2.9484,2.8778,2.9861,615.09715,615.09344,615.09894,3.568E6,8.909E4,9.333E4,3.568E6,2,1,85,,,,,,,,,DETECTED,615.09715,615.09344,615.09894,2.9484,2.8778,2.9861,3.568E6,8.909E4,9.333E4,3.568E6,0.0199,1.1643,0.3734,2,-0.0376,4,1
1197,2.9592,2.9285,3.0595,161.07888,161.07812,161.07899,8.025E5,2.17E4,8.126E3,8.025E5,1,1,85,,,,,,,,,DETECTED,161.07888,161.07812,161.07899,2.9592,2.9285,3.0595,8.025E5,2.17E4,8.126E3,8.025E5,0.0213,1.8812,2.6336,1,-0.0035,2,1
1199,2.9592,2.9285,3.0595,325.09126,325.09015,325.0921,3.452E6,8.965E4,1.289E4,3.452E6,1,1,85,,,,,,,,,DETECTED,325.09126,325.09015,325.0921,2.9592,2.9285,3.0595,3.452E6,8.965E4,1.289E4,3.452E6,0.027,1.4711,1.3874,1,-0.0051,3,1
1201,2.9592,2.8335,3.0729,433.20573,433.20233,433.20642,2.476E6,1.011E5,3.005E4,2.476E6,2,1,85,16,[M+FA]-,2,388.20725,1193;1201,,,,DETECTED,433.20573,433.20233,433.20642,2.9592,2.8335,3.0729,2.476E6,1.011E5,3.005E4,2.476E6,0.0228,1.139,1.0402,2,-0.0142,2,1
1202,2.9664,2.9393,3.0237,203.08975,203.0892,203.09029,1.605E5,4.475E3,1.398E4,1.605E5,0,1,,,,,,,,,,DETECTED,203.08975,203.0892,203.09029,2.9664,2.9393,3.0237,1.605E5,4.475E3,1.398E4,1.605E5,0.0237,1.6317,1.8287,,,2,1
1207,2.9752,2.8904,3.0772,300.99767,300.99524,300.99799,8.844E6,3.485E5,3.47E4,8.844E6,3,1,23,,,,,,,,,DETECTED,300.99767,300.99524,300.99799,2.9752,2.8904,3.0772,8.844E6,3.485E5,3.47E4,8.844E6,0.0293,1.4344,2.1546,3,-0.0427,6,1
1211,2.9752,2.9484,3.0237,415.15744,415.1568,415.15991,3.021E5,7.921E3,1.296E4,3.021E5,1,1,23,,,,,,,,,DETECTED,415.15744,415.1568,415.15991,2.9752,2.9484,3.0237,3.021E5,7.921E3,1.296E4,3.021E5,0.0221,1.1111,0.8948,1,-0.0048,2,1
1213,2.9752,2.9484,2.9987,453.13423,453.13278,453.13678,6.362E4,1.421E3,1.623E4,6.362E4,0,1,,,,,,,,,,DETECTED,453.13423,453.13278,453.13678,2.9752,2.9484,2.9987,6.362E4,1.421E3,1.623E4,6.362E4,0.0208,0.9372,0.8744,,,4,1
1214,2.9752,2.9393,3.0772,461.16585,461.1636,461.16986,9.6E6,2.435E5,1.159E4,9.6E6,2,1,23,,,,,,,,,DETECTED,461.16585,461.1636,461.16986,2.9752,2.9393,3.0772,9.6E6,2.435E5,1.159E4,9.6E6,0.0218,1.0921,0.9811,2,-0.0119,4,1
1215,2.9861,2.9664,3.0237,367.15836,367.15775,367.15887,2.157E5,5.044E3,2.623E4,2.157E5,0,1,,,,,,,,,,DETECTED,367.15836,367.15775,367.15887,2.9861,2.9664,3.0237,2.157E5,5.044E3,2.623E4,2.157E5,0.0308,1.4516,2.1402,,,2,1
1217,2.9861,2.9393,3.0091,479.24662,479.24487,479.24881,5.73E4,2.257E3,9.916E3,5.73E4,0,1,23,,,,,,,,,DETECTED,479.24662,479.24487,479.24881,2.9861,2.9393,3.0091,5.73E4,2.257E3,9.916E3,5.73E4,0.0387,0.745,0.5825,,,2,1
1222,2.9987,2.9752,3.0729,206.07976,206.07959,206.08044,3.521E5,9.463E3,1.662E4,3.521E5,1,1,,,,,,,,,,DETECTED,206.07976,206.07959,206.08044,2.9987,2.9752,3.0729,3.521E5,9.463E3,1.662E4,3.521E5,0.0194,2.0474,1.9436,1,0.0165,2,1
1223,2.9987,2.9664,3.0362,441.08016,441.07794,441.08057,7.209E5,1.708E4,2.52E4,7.209E5,1,1,113,,,,,,,,,DETECTED,441.08016,441.07794,441.08057,2.9987,2.9664,3.0362,7.209E5,1.708E4,2.52E4,7.209E5,0.0192,1.3184,1.2124,1,-0.0069,4,1
1224,2.9987,2.9484,3.0772,509.22139,509.21884,509.22409,6.448E4,3.18E3,1.006E4,6.448E4,0,1,113,,,,,,,,,DETECTED,509.22139,509.21884,509.22409,2.9987,2.9484,3.0772,6.448E4,3.18E3,1.006E4,6.448E4,0.0574,1.2816,1.1141,,,2,1
1225,2.9987,2.9752,3.0595,521.18515,521.18335,521.18835,4.006E5,8.243E3,1.844E4,4.006E5,1,1,,,,,,,,,,DETECTED,521.18515,521.18335,521.18835,2.9987,2.9752,3.0595,4.006E5,8.243E3,1.844E4,4.006E5,0.0159,1.5811,1.7695,1,0.0149,3,1
1226,2.9987,2.9752,3.0772,609.14637,609.14087,609.15131,8.967E6,2.107E5,2.813E4,8.967E6,1,1,,,,,,,,,,DETECTED,609.14637,609.14087,609.15131,2.9987,2.9752,3.0772,8.967E6,2.107E5,2.813E4,8.967E6,0.0295,1.9362,2.1677,1,0.0053,5,1
1228,2.9987,2.9752,3.0595,611.14633,611.1449,611.15106,4.026E5,1.001E4,8.936E3,4.026E5,0,1,,,,,,,,,,DETECTED,611.14633,611.1449,611.15106,2.9987,2.9752,3.0595,4.026E5,1.001E4,8.936E3,4.026E5,0.0341,2.0685,2.1867,,,5,1
1229,3.0091,2.9861,3.0729,335.03809,335.03644,335.03925,1.229E5,4.67E3,2.403E4,1.229E5,0,1,,,,,,,,,,DETECTED,335.03809,335.03644,335.03925,3.0091,2.9861,3.0729,1.229E5,4.67E3,2.403E4,1.229E5,0.0312,1.8898,5.4265,,,2,1
1230,3.0091,2.9664,3.0893,367.10194,367.1008,367.10275,2.006E6,4.368E4,1.435E4,2.006E6,1,1,,,,,,,,,,DETECTED,367.10194,367.1008,367.10275,3.0091,2.9664,3.0893,2.006E6,4.368E4,1.435E4,2.006E6,0.0177,1.4118,1.5665,1,-0.0035,3,1
1232,3.0237,2.9987,3.0893,329.12244,329.1207,329.12283,5.081E5,1.338E4,1.431E4,5.081E5,1,1,,,,,,,,,,DETECTED,329.12244,329.1207,329.12283,3.0237,2.9987,3.0893,5.081E5,1.338E4,1.431E4,5.081E5,0.0221,1.4007,1.2521,1,0.0073,3,1
1234,3.0237,2.9664,3.0595,477.04878,477.0484,477.0506,6.807E5,2.158E4,7.479E4,6.807E5,1,1,,,,,,,,,,DETECTED,477.04878,477.0484,477.0506,3.0237,2.9664,3.0595,6.807E5,2.158E4,7.479E4,6.807E5,0.0265,0.8116,0.6959,1,0.0057,2,1
1236,3.0362,3.0091,3.0729,319.1375,319.1373,319.13824,7.315E4,1.655E3,9.616E3,7.315E4,0,1,,,,,,,,,,DETECTED,319.1375,319.1373,319.13824,3.0362,3.0091,3.0729,7.315E4,1.655E3,9.616E3,7.315E4,0.0189,1.1773,0.905,,,2,1
1237,3.0362,3.0091,3.0893,339.10645,339.10522,339.10669,8.457E5,1.735E4,1.935E4,8.457E5,1,1,,,,,,,,,,DETECTED,339.10645,339.10522,339.10669,3.0362,3.0091,3.0893,8.457E5,1.735E4,1.935E4,8.457E5,0.0169,1.0248,0.8229,1,-0.0035,3,1
1238,3.0362,3.0091,3.1269,385.1124,385.1106,385.11493,3.169E5,9.602E3,1.327E4,3.169E5,1,1,,,,,,,,,,DETECTED,385.1124,385.1106,385.11493,3.0362,3.0091,3.1269,3.169E5,9.602E3,1.327E4,3.169E5,0.0258,3.496,3.3888,1,0.009,3,1
1239,3.0487,2.9592,3.0729,393.17484,393.17371,393.17596,3.107E5,1.47E4,1.395E4,3.107E5,1,1,96,,,,,,,,,DETECTED,393.17484,393.17371,393.17596,3.0487,2.9592,3.0729,3.107E5,1.47E4,1.395E4,3.107E5,0.0225,0.6495,0.2385,1,-0.0301,3,1
1241,3.0487,2.9861,3.1269,439.18046,439.17822,439.18243,3.576E6,7.41E4,1.049E4,3.576E6,1,,,,,,,,,,,DETECTED,439.18046,439.17822,439.18243,3.0487,2.9861,3.1269,3.576E6,7.41E4,1.049E4,3.576E6,0.0172,0.5359,0.0278,1,-0.0052,,
1243,3.0487,2.9592,3.064,477.10288,477.09845,477.1044,3.121E5,1.625E4,1.544E4,3.121E5,1,1,,,,,,,,,,DETECTED,477.10288,477.09845,477.1044,3.0487,2.9592,3.064,3.121E5,1.625E4,1.544E4,3.121E5,0.0776,0.586,0.1721,1,-0.0318,3,1
1244,3.0487,2.9393,3.0729,544.54728,544.54382,544.5506,4.656E5,2.337E4,1.326E4,4.656E5,0,1,64,,,,,,,,,DETECTED,544.54728,544.54382,544.5506,3.0487,2.9393,3.0729,4.656E5,2.337E4,1.326E4,4.656E5,0.0595,0.6359,0.3097,,,3,1
1245,3.0487,3.0237,3.0893,555.2048,555.20172,555.20685,1.259E5,3.194E3,2.997E4,1.259E5,0,1,,,,,,,,,,DETECTED,555.2048,555.20172,555.20685,3.0487,3.0237,3.0893,1.259E5,3.194E3,2.997E4,1.259E5,0.0179,1.3163,1.6325,,,2,1
1246,3.0487,3.0091,3.0893,628.04569,628.04254,628.05255,1.878E5,7.525E3,2.204E4,1.878E5,0,1,96,,,,,,,,,DETECTED,628.04569,628.04254,628.05255,3.0487,3.0091,3.0893,1.878E5,7.525E3,2.204E4,1.878E5,0.04,1.014,0.7512,,,2,1
1249,3.0595,2.9285,3.1269,377.18024,377.17734,377.18069,2.502E6,8.689E4,1.263E4,2.502E6,1,1,64,,,,,,,,,DETECTED,377.18024,377.17734,377.18069,3.0595,2.9285,3.1269,2.502E6,8.689E4,1.263E4,2.502E6,0.0302,0.7653,0.9689,1,-0.0177,3,1
1250,3.0595,3.0362,3.0893,459.15074,459.14703,459.15173,1.005E5,2.262E3,2.282E4,1.005E5,0,1,,,,,,,,,,DETECTED,459.15074,459.14703,459.15173,3.0595,3.0362,3.0893,1.005E5,2.262E3,2.282E4,1.005E5,0.0212,1.1404,1.2807,,,2,1
1251,3.0595,2.9592,3.109,467.03515,467.03113,467.0358,2.261E6,1.02E5,1.115E5,2.261E6,1,1,64,,,,,,,,,DETECTED,467.03515,467.03113,467.0358,3.0595,2.9592,3.109,2.261E6,1.02E5,1.115E5,2.261E6,0.0351,0.7735,0.0153,1,-0.0085,5,1
1252,3.0595,2.9987,3.0893,935.06392,935.05994,935.06635,2.185E5,8.301E3,4.051E4,2.185E5,0,1,64,,,,,,,,,DETECTED,935.06392,935.05994,935.06635,3.0595,2.9987,3.0893,2.185E5,8.301E3,4.051E4,2.185E5,0.0646,0.7453,0.4905,,,2,1
1254,3.0729,2.9861,3.1454,431.18878,431.18781,431.19247,5.691E5,2.104E4,2.221E4,5.691E5,1,1,,,,,,,,,,DETECTED,431.18878,431.18781,431.19247,3.0729,2.9861,3.1454,5.691E5,2.104E4,2.221E4,5.691E5,0.0233,0.8732,2.3272,1,-0.0032,2,1
1255,3.0772,2.9285,3.2165,299.01504,299.01343,299.01648,2.964E5,2.479E4,3.956E4,2.964E5,0,1,47,,,,,,,,,DETECTED,299.01504,299.01343,299.01648,3.0772,2.9285,3.2165,2.964E5,2.479E4,3.956E4,2.964E5,0.0283,0.9687,0.9607,,,2,1
1257,3.0772,3.0487,3.1269,475.05306,475.05032,475.05408,1.247E6,3.539E4,2.685E4,1.247E6,1,1,47,,,,,,,,,DETECTED,475.05306,475.05032,475.05408,3.0772,3.0487,3.1269,1.247E6,3.539E4,2.685E4,1.247E6,0.0255,1.7582,2.3843,1,0.0041,2,1
1261,3.0772,3.0487,3.2165,477.06709,477.06421,477.07202,3.92E7,1.238E6,1.685E5,3.92E7,3,1,47,,,,,,,,,DETECTED,477.06709,477.06421,477.07202,3.0772,3.0487,3.2165,3.92E7,1.238E6,1.685E5,3.92E7,0.0266,2.1625,2.459,3,-0.0108,4,1
1263,3.0772,3.0487,3.1529,479.06954,479.06879,479.07352,1.311E6,4.031E4,3.89E4,1.311E6,0,1,47,,,,,,,,,DETECTED,479.06954,479.06879,479.07352,3.0772,3.0487,3.1529,1.311E6,4.031E4,3.89E4,1.311E6,0.0261,2.2461,2.3801,,,4,1
1264,3.0772,3.0595,3.109,499.0465,499.04458,499.0484,5.574E5,1.476E4,1.421E5,5.574E5,1,1,47,,,,,,,,,DETECTED,499.0465,499.04458,499.0484,3.0772,3.0595,3.109,5.574E5,1.476E4,1.421E5,5.574E5,0.0261,1.4003,1.8006,1,0.0075,2,1
1266,3.0772,3.0487,3.1269,761.14706,761.14282,761.15082,7.084E5,1.79E4,2.188E4,7.084E5,1,1,47,,,,,,,,,DETECTED,761.14706,761.14282,761.15082,3.0772,3.0487,3.1269,7.084E5,1.79E4,2.188E4,7.084E5,0.0252,1.5576,1.8579,1,0.0058,4,1
1267,3.0772,3.0595,3.0964,955.13298,955.12799,955.13446,1.299E6,2.213E4,5.524E4,1.299E6,1,1,,,,,,,,,,DETECTED,955.13298,955.12799,955.13446,3.0772,3.0595,3.0964,1.299E6,2.213E4,5.524E4,1.299E6,0.0192,1.237,1.5449,1,0.0024,4,1
1269,3.0893,3.064,3.1695,315.04879,315.04807,315.05103,6.435E5,1.697E4,1.213E4,6.435E5,1,1,60,,,,,,,,,DETECTED,315.04879,315.04807,315.05103,3.0893,3.064,3.1695,6.435E5,1.697E4,1.213E4,6.435E5,0.0194,1.7081,1.4529,1,0.0094,2,1
1270,3.0893,3.0729,3.1161,377.12328,377.12268,377.12448,9.443E4,1.615E3,1.288E4,9.443E4,0,1,,,,,,,,,,DETECTED,377.12328,377.12268,377.12448,3.0893,3.0729,3.1161,9.443E4,1.615E3,1.288E4,9.443E4,0.0141,1.3151,1.5866,,,2,1
1271,3.0893,3.0362,3.1161,441.07921,441.07733,441.07993,7.384E5,2.535E4,5.361E4,7.384E5,1,1,60,,,,,,,,,DETECTED,441.07921,441.07733,441.07993,3.0893,3.0362,3.1161,7.384E5,2.535E4,5.361E4,7.384E5,0.0584,0.8194,0.6625,1,-0.0213,3,1
1278,3.0964,3.0237,3.3169,463.08847,463.08432,463.08981,2.601E7,8.906E5,2.697E4,2.601E7,2,1,124,,,,,,,,,DETECTED,463.08847,463.08432,463.08981,3.0964,3.0237,3.3169,2.601E7,8.906E5,2.697E4,2.601E7,0.0252,1.7725,1.1756,2,-0.0404,4,1
1282,3.0964,3.0362,3.1695,531.07098,531.06622,531.0741,3.381E5,1.233E4,1.69E4,3.381E5,1,1,124,,,,,,,,,DETECTED,531.07098,531.06622,531.0741,3.0964,3.0362,3.1695,3.381E5,1.233E4,1.69E4,3.381E5,0.0261,2.1159,0.9846,1,0.0166,2,1
1284,3.0964,3.0772,3.1269,563.00717,563.00568,563.01215,1.003E5,2.521E3,3.078E4,1.003E5,0,1,,,,,,,,,,DETECTED,563.00717,563.00568,563.01215,3.0964,3.0772,3.1269,1.003E5,2.521E3,3.078E4,1.003E5,0.024,1.2926,1.5851,,,4,1
1286,3.0964,3.0772,3.1695,581.01824,581.0144,581.02435,3.024E5,8.029E3,1.381E4,3.024E5,0,1,,,,,,,,,,DETECTED,581.01824,581.0144,581.02435,3.0964,3.0772,3.1695,3.024E5,8.029E3,1.381E4,3.024E5,0.0223,3.5683,1.5938,,,3,1
1287,3.0964,3.0772,3.1269,927.16878,927.16735,927.17004,6.647E5,1.214E4,9.464E4,6.647E5,1,1,,,,,,,,,,DETECTED,927.16878,927.16735,927.17004,3.0964,3.0772,3.1269,6.647E5,1.214E4,9.464E4,6.647E5,0.019,1.2926,2.7776,1,0.0058,4,1
1288,3.0964,3.0487,3.1161,941.15082,941.14435,941.15808,6.558E5,1.564E4,1.847E4,6.558E5,1,1,60,,,,,,,,,DETECTED,941.15082,941.14435,941.15808,3.0964,3.0487,3.1161,6.558E5,1.564E4,1.847E4,6.558E5,0.0671,0.7768,0.6053,1,0.0041,3,1
1289,3.0964,3.0595,3.1269,942.14928,942.14551,942.15686,3.056E5,7.317E3,3.018E4,3.056E5,0,1,60,,,,,,,,,DETECTED,942.14928,942.14551,942.15686,3.0964,3.0595,3.1269,3.056E5,7.317E3,3.018E4,3.056E5,0.0311,0.7979,0.6,,,3,1
1292,3.1161,3.0893,3.1454,357.11634,357.11356,357.11896,2.25E5,5.624E3,1.882E4,2.25E5,0,1,,,,,,,,,,DETECTED,357.11634,357.11356,357.11896,3.1161,3.0893,3.1454,2.25E5,5.624E3,1.882E4,2.25E5,0.0251,1.218,1.2689,,,2,1
1293,3.1161,3.0893,3.2955,493.09614,493.09384,493.0993,6.594E5,2.249E4,9.304E3,6.594E5,1,1,134,,,,,,,,,DETECTED,493.09614,493.09384,493.0993,3.1161,3.0893,3.2955,6.594E5,2.249E4,9.304E3,6.594E5,0.0242,2.7465,8.1089,1,0.0131,3,1
1294,3.1161,3.0893,3.3061,607.22135,607.21759,607.22528,1.53E6,6.861E4,1.149E4,1.53E6,1,1,,,,,,,,,,DETECTED,607.22135,607.21759,607.22528,3.1161,3.0893,3.3061,1.53E6,6.861E4,1.149E4,1.53E6,0.0255,2.0962,3.9288,1,0.0081,3,1
1295,3.1269,3.0362,3.2165,191.01661,191.01634,191.01691,6.223E5,6.94E4,1.563E5,6.223E5,3,1,,,,,,,,,,DETECTED,191.01661,191.01634,191.01691,3.1269,3.0362,3.2165,6.223E5,6.94E4,1.563E5,6.223E5,0.1037,0.9945,0.989,3,-0.0867,2,1
1296,3.1269,3.0964,3.1941,297.0957,297.09482,297.09631,4.039E5,1.204E4,1.68E4,4.039E5,1,1,134,,,,,,,,,DETECTED,297.0957,297.09482,297.09631,3.1269,3.0964,3.1941,4.039E5,1.204E4,1.68E4,4.039E5,0.0271,1.3308,2.1834,1,0.014,2,1
1297,3.1269,3.0772,3.2274,300.9964,300.99542,300.99789,2.982E5,2.436E4,8.734E4,2.982E5,0,1,40,,,,,,,,,DETECTED,300.9964,300.99542,300.99789,3.1269,3.0772,3.2274,2.982E5,2.436E4,8.734E4,2.982E5,0.0642,1.512,2.024,,,2,1
1301,3.1269,3.0964,3.3641,469.05171,469.04797,469.05237,3.956E7,1.293E6,1.687E5,3.956E7,4,1,40,,,,,,,,,DETECTED,469.05171,469.04797,469.05237,3.1269,3.0964,3.3641,3.956E7,1.293E6,1.687E5,3.956E7,0.0255,2.6195,2.9599,4,-0.0044,4,1
1307,3.1269,3.0964,3.2165,615.09756,615.0929,615.09869,1.344E7,2.93E5,3.749E4,1.344E7,1,1,134,,,,,,,,,DETECTED,615.09756,615.0929,615.09869,3.1269,3.0964,3.2165,1.344E7,2.93E5,3.749E4,1.344E7,0.0218,1.3573,1.1235,1,-0.0057,4,1
1310,3.1269,3.0964,3.1695,939.10551,939.09918,939.1084,4.782E6,9.401E4,4.521E4,4.782E6,1,1,40,,,,,,,,,DETECTED,939.10551,939.09918,939.1084,3.1269,3.0964,3.1695,4.782E6,9.401E4,4.521E4,4.782E6,0.0178,2.6477,2.3336,1,0.0041,5,1
1314,3.1385,3.109,3.2017,449.14449,449.14329,449.1467,2.298E5,6.223E3,1.436E4,2.298E5,0,1,25,,,,,,,,,DETECTED,449.14449,449.14329,449.1467,3.1385,3.109,3.2017,2.298E5,6.223E3,1.436E4,2.298E5,0.0209,1.8419,2.0993,,,2,1
1315,3.1385,3.109,3.2955,468.04409,468.03992,468.04584,6.952E5,4.295E4,6.308E4,6.952E5,1,1,40,,,,,,,,,DETECTED,468.04409,468.03992,468.04584,3.1385,3.109,3.2955,6.952E5,4.295E4,6.308E4,6.952E5,0.0448,3.5067,4.7701,1,-0.0042,4,1
1316,3.1385,3.0964,3.1941,480.0395,480.03738,480.04117,1.203E6,4.297E4,1.073E4,1.203E6,1,1,40,,,,,,,,,DETECTED,480.0395,480.03738,480.04117,3.1385,3.0964,3.1941,1.203E6,4.297E4,1.073E4,1.203E6,0.032,1.4183,1.1705,1,-0.0059,5,1
1318,3.1385,3.109,3.2165,518.5059,518.50055,518.50781,5.444E5,1.848E4,1.975E4,5.444E5,1,1,40,,,,,,,,,DETECTED,518.5059,518.50055,518.50781,3.1385,3.109,3.2165,5.444E5,1.848E4,1.975E4,5.444E5,0.0291,1.2101,1.0444,1,-0.0025,3,1
1319,3.1385,3.109,3.1801,519.00597,519.005,519.01031,2.24E5,7.513E3,2.775E4,2.24E5,0,1,40,,,,,,,,,DETECTED,519.00597,519.005,519.01031,3.1385,3.109,3.1801,2.24E5,7.513E3,2.775E4,2.24E5,0.0317,1.205,1.1058,,,4,1
1320,3.1454,3.1161,3.1801,383.13276,383.13232,383.13376,8.577E4,2.257E3,1.233E4,8.577E4,0,1,25,,,,,,,,,DETECTED,383.13276,383.13232,383.13376,3.1454,3.1161,3.1801,8.577E4,2.257E3,1.233E4,8.577E4,0.0216,1.0907,0.9138,,,2,1
1321,3.1454,3.1161,3.2165,441.08031,441.07816,441.08105,2.441E6,6.086E4,4.319E4,2.441E6,1,1,25,,,,,,,,,DETECTED,441.08031,441.07816,441.08105,3.1454,3.1161,3.2165,2.441E6,6.086E4,4.319E4,2.441E6,0.027,1.1244,1.2361,1,0.0023,2,1
1323,3.1571,3.1269,3.1801,475.21729,475.21654,475.21747,1.171E5,2.661E3,2.517E4,1.171E5,0,1,,,,,,,,,,DETECTED,475.21729,475.21654,475.21747,3.1571,3.1269,3.1801,1.171E5,2.661E3,2.517E4,1.171E5,0.0219,0.8807,0.7613,,,2,1
1325,3.1695,3.0964,3.2274,301.03353,301.03125,301.03384,2.643E6,6.305E4,4.731E4,2.643E6,1,1,46,,,,,,,,,DETECTED,301.03353,301.03125,301.03384,3.1695,3.0964,3.2274,2.643E6,6.305E4,4.731E4,2.643E6,0.0189,0.6946,2.2392,1,-0.0034,2,1
1326,3.1695,3.1454,3.2459,303.04929,303.0484,303.05042,9.336E4,3.234E3,8.645E3,9.336E4,0,1,46,,,,,,,,,DETECTED,303.04929,303.0484,303.05042,3.1695,3.1454,3.2459,9.336E4,3.234E3,8.645E3,9.336E4,0.0284,1.5765,3.3336,,,3,1
1327,3.1695,3.1385,3.2863,314.03388,314.03268,314.03589,3.588E6,8.403E4,1.401E4,3.588E6,1,1,46,,,,,,,,,DETECTED,314.03388,314.03268,314.03589,3.1695,3.1385,3.2863,3.588E6,8.403E4,1.401E4,3.588E6,0.02,1.7789,2.2796,1,-0.0051,3,1
1329,3.1695,3.1529,3.2384,325.02501,325.02444,325.02808,4.479E5,1.038E4,9.655E3,4.479E5,0,1,,,,,,,,,,DETECTED,325.02501,325.02444,325.02808,3.1695,3.1529,3.2384,4.479E5,1.038E4,9.655E3,4.479E5,0.0193,1.8245,2.0583,,,5,1
1330,3.1695,3.1454,3.268,327.03398,327.03223,327.03506,2.628E6,5.725E4,1.206E4,2.628E6,1,1,46,,,,,,,,,DETECTED,327.03398,327.03223,327.03506,3.1695,3.1454,3.268,2.628E6,5.725E4,1.206E4,2.628E6,0.0182,1.7605,2.0047,1,0.0023,5,1
1331,3.1695,3.1529,3.2091,363.49189,363.48959,363.49344,9.647E4,2.4E3,1.113E4,9.647E4,0,1,,,,,,,,,,DETECTED,363.49189,363.48959,363.49344,3.1695,3.1529,3.2091,9.647E4,2.4E3,1.113E4,9.647E4,0.0225,1.693,1.9909,,,3,1
1332,3.1695,3.1529,3.2091,363.99559,363.99384,363.9964,7.841E4,1.927E3,9.933E3,7.841E4,0,1,,,,,,,,,,DETECTED,363.99559,363.99384,363.9964,3.1695,3.1529,3.2091,7.841E4,1.927E3,9.933E3,7.841E4,0.0227,1.693,2.4725,,,2,1
1334,3.1695,3.1454,3.2091,629.07689,629.07208,629.078,4.753E6,9.975E4,9.019E4,4.753E6,1,1,46,,,,,,,,,DETECTED,629.07689,629.07208,629.078,3.1695,3.1454,3.2091,4.753E6,9.975E4,9.019E4,4.753E6,0.019,1.5371,1.9328,1,-0.0067,4,1
1336,3.1695,3.1529,3.2017,631.07727,631.07593,631.08093,2.189E5,5.082E3,3.37E4,2.189E5,0,1,,,,,,,,,,DETECTED,631.07727,631.07593,631.08093,3.1695,3.1529,3.2017,2.189E5,5.082E3,3.37E4,2.189E5,0.0244,1.4684,1.5666,,,4,1
1338,3.1801,3.1269,3.2551,449.19986,449.19473,449.20303,5.176E5,1.757E4,1.325E4,5.176E5,1,1,46,,,,,,,,,DETECTED,449.19986,449.19473,449.20303,3.1801,3.1269,3.2551,5.176E5,1.757E4,1.325E4,5.176E5,0.0227,0.9213,1.2033,1,0.009,2,1
1339,3.1801,3.1571,3.2274,543.04147,543.0387,543.04218,6.877E6,1.779E5,3.355E5,6.877E6,1,1,,,,,,,,,,DETECTED,543.04147,543.0387,543.04218,3.1801,3.1571,3.2274,6.877E6,1.779E5,3.355E5,6.877E6,0.0243,1.4111,1.4924,1,-0.005,3,1
1340,3.1801,3.1571,3.2274,554.0295,554.02484,554.03448,1.949E5,5.807E3,1.791E4,1.949E5,0,1,,,,,,,,,,DETECTED,554.0295,554.02484,554.03448,3.1801,3.1571,3.2274,1.949E5,5.807E3,1.791E4,1.949E5,0.0254,1.5274,2.0548,,,3,1
1341,3.1801,3.1529,3.2165,1087.07542,1087.06885,1087.07727,3.793E5,9.273E3,1.203E4,3.793E5,1,1,46,,,,,,,,,DETECTED,1087.07542,1087.06885,1087.07727,3.1801,3.1529,3.2165,3.793E5,9.273E3,1.203E4,3.793E5,0.023,1.3176,1.5576,1,0.0163,4,1
1342,3.1941,3.1695,3.2551,321.09603,321.09451,321.09698,1.896E5,4.727E3,1.027E4,1.896E5,0,1,,,,,,,,,,DETECTED,321.09603,321.09451,321.09698,3.1941,3.1695,3.2551,1.896E5,4.727E3,1.027E4,1.896E5,0.0205,1.5908,2.2385,,,2,1
1343,3.1941,3.1695,3.2551,335.1694,335.16818,335.17029,9.873E5,1.808E4,2.625E4,9.873E5,1,1,,,,,,,,,,DETECTED,335.1694,335.16818,335.17029,3.1941,3.1695,3.2551,9.873E5,1.808E4,2.625E4,9.873E5,0.0147,1.0902,1.4515,1,0.0116,3,1
1344,3.1941,3.1695,3.2551,339.10625,339.10501,339.10678,3.212E5,7.149E3,1.283E4,3.212E5,0,1,,,,,,,,,,DETECTED,339.10625,339.10501,339.10678,3.1941,3.1695,3.2551,3.212E5,7.149E3,1.283E4,3.212E5,0.0193,2.785,2.119,,,2,1
1345,3.1941,3.1529,3.3678,477.10266,477.10175,477.10458,7.98E6,3.639E5,3.594E4,7.98E6,2,1,,,,,,,,,,DETECTED,477.10266,477.10175,477.10458,3.1941,3.1529,3.3678,7.98E6,3.639E5,3.594E4,7.98E6,0.0821,2.1382,2.5812,2,-0.0066,4,1
1348,3.1941,3.1161,3.2789,577.21051,577.20667,577.21179,1.469E5,8.698E3,1.622E4,1.469E5,0,1,,,,,,,,,,DETECTED,577.21051,577.20667,577.21179,3.1941,3.1161,3.2789,1.469E5,8.698E3,1.622E4,1.469E5,0.0458,1.0437,0.9929,,,2,1
1350,3.2017,3.1269,3.3641,377.17983,377.17822,377.18161,8.168E5,4.427E4,1.319E4,8.168E5,1,1,,,,,,,,,,DETECTED,377.17983,377.17822,377.18161,3.2017,3.1269,3.3641,8.168E5,4.427E4,1.319E4,8.168E5,0.0867,1.0271,1.4256,1,0.0483,2,1
1351,3.2017,3.1801,3.268,433.07583,433.07428,433.07684,3.677E6,1.051E5,2.809E5,3.677E6,2,1,,,,,,,,,,DETECTED,433.07583,433.07428,433.07684,3.2017,3.1801,3.268,3.677E6,1.051E5,2.809E5,3.677E6,0.0205,2.8687,1.189,2,0.0023,2,1
1352,3.2091,3.0729,3.2955,433.20433,433.20261,433.20795,2.149E5,2.192E4,1.456E4,2.149E5,0,1,,,,,,,,,,DETECTED,433.20433,433.20261,433.20795,3.2091,3.0729,3.2955,2.149E5,2.192E4,1.456E4,2.149E5,0.1604,0.8172,0.6706,,,2,1
1353,3.2091,3.109,3.268,467.03563,467.03189,467.03793,8.048E5,3.685E4,9.723E4,8.048E5,2,1,,,,,,,,,,DETECTED,467.03563,467.03189,467.03793,3.2091,3.109,3.268,8.048E5,3.685E4,9.723E4,8.048E5,0.0195,0.7944,0.4301,2,-0.0357,2,1
1354,3.2165,3.2017,3.268,415.19432,415.19348,415.19485,3.457E5,9.19E3,2.716E4,3.457E5,1,1,106,,,,,,,,,DETECTED,415.19432,415.19348,415.19485,3.2165,3.2017,3.268,3.457E5,9.19E3,2.716E4,3.457E5,0.0236,1.9192,2.4035,1,0.0058,3,1
1356,3.2274,3.1801,3.2863,505.09642,505.09525,505.09732,3.211E5,9.101E3,1.3E4,3.211E5,1,1,106,,,,,,,,,DETECTED,505.09642,505.09525,505.09732,3.2274,3.1801,3.2863,3.211E5,9.101E3,1.3E4,3.211E5,0.028,0.6763,1.137,1,0.0074,2,1
1358,3.2274,3.2017,3.2863,549.08573,549.08398,549.08832,6.086E5,1.573E4,1.321E4,6.086E5,1,1,106,,,,,,,,,DETECTED,549.08573,549.08398,549.08832,3.2274,3.2017,3.2863,6.086E5,1.573E4,1.321E4,6.086E5,0.0301,1.2748,1.4447,1,-0.0068,3,1
1359,3.2384,3.1941,3.2789,241.1057,241.10481,241.10614,8.083E4,2.134E3,9.332E3,8.083E4,0,1,,,,,,,,,,DETECTED,241.1057,241.10481,241.10614,3.2384,3.1941,3.2789,8.083E4,2.134E3,9.332E3,8.083E4,0.0173,0.9576,1.4269,,,2,1
1360,3.2384,3.2165,3.2789,319.13796,319.1376,319.13818,1.307E5,3.104E3,1.386E4,1.307E5,0,1,,,,,,,,,,DETECTED,319.13796,319.1376,319.13818,3.2384,3.2165,3.2789,1.307E5,3.104E3,1.386E4,1.307E5,0.0205,1.4292,1.3878,,,2,1
1362,3.2384,3.2165,3.2863,509.22074,509.21957,509.22214,2.24E5,4.671E3,9.429E3,2.24E5,0,1,,,,,,,,,,DETECTED,509.22074,509.21957,509.22214,3.2384,3.2165,3.2863,2.24E5,4.671E3,9.429E3,2.24E5,0.0211,1.3498,2.3767,,,3,1
1363,3.2384,3.2091,3.3382,593.15075,593.14606,593.15143,4.193E6,1.018E5,9.363E3,4.193E6,1,1,,,,,,,,,,DETECTED,593.15075,593.14606,593.15143,3.2384,3.2091,3.3382,4.193E6,1.018E5,9.363E3,4.193E6,0.0439,1.1597,0.8137,1,-0.0052,4,1
1367,3.2459,3.1529,3.2863,477.2321,477.22867,477.23441,9.911E4,3.749E3,9.742E3,9.911E4,0,1,,,,,,,,,,DETECTED,477.2321,477.22867,477.23441,3.2459,3.1529,3.2863,9.911E4,3.749E3,9.742E3,9.911E4,0.0239,0.7053,0.7319,,,2,1
1369,3.2459,3.2274,3.3678,543.04011,543.03766,543.04169,8.475E5,4.041E4,2.511E4,8.475E5,2,1,,,,,,,,,,DETECTED,543.04011,543.03766,543.04169,3.2459,3.2274,3.3678,8.475E5,4.041E4,2.511E4,8.475E5,0.0482,3.5882,4.5738,2,-0.0162,2,1
1370,3.2459,3.2274,3.3292,599.10118,599.09613,599.10333,6.886E5,1.657E4,1.089E4,6.886E5,1,1,,,,,,,,,,DETECTED,599.10118,599.09613,599.10333,3.2459,3.2274,3.3292,6.886E5,1.657E4,1.089E4,6.886E5,0.0208,1.6009,1.5433,1,-0.0035,3,1
1371,3.2551,3.0964,3.3641,171.06288,171.06215,171.06329,2.794E5,2.54E4,1.379E4,2.794E5,1,1,111,,,,,,,,,DETECTED,171.06288,171.06215,171.06329,3.2551,3.0964,3.3641,2.794E5,2.54E4,1.379E4,2.794E5,0.08,0.8923,0.7197,1,0.0078,2,1
1373,3.2551,3.2165,3.2863,471.18524,471.18408,471.18713,6.617E4,1.646E3,8.222E3,6.617E4,0,1,111,,,,,,,,,DETECTED,471.18524,471.18408,471.18713,3.2551,3.2165,3.2863,6.617E4,1.646E3,8.222E3,6.617E4,0.0208,0.9044,0.7814,,,2,1
1374,3.2551,3.2091,3.3061,551.26778,551.26355,551.27191,9.096E4,4.305E3,2.514E4,9.096E4,0,1,111,,,,,,,,,DETECTED,551.26778,551.26355,551.27191,3.2551,3.2091,3.3061,9.096E4,4.305E3,2.514E4,9.096E4,0.045,1.0538,1.1076,,,2,1
1376,3.268,3.1941,3.3061,385.04739,385.04517,385.05106,1.261E5,3.455E3,9.507E3,1.261E5,0,1,,,,,,,,,,DETECTED,385.04739,385.04517,385.05106,3.268,3.1941,3.3061,1.261E5,3.455E3,9.507E3,1.261E5,0.0187,0.7109,1.225,,,4,1
1377,3.268,3.2459,3.2955,433.1697,433.16943,433.17255,1.56E5,2.928E3,1.039E4,1.56E5,0,1,,,,,,,,,,DETECTED,433.1697,433.16943,433.17255,3.268,3.2459,3.2955,1.56E5,2.928E3,1.039E4,1.56E5,0.0174,0.9269,0.7699,,,2,1
1379,3.268,3.2459,3.3292,629.11092,629.10944,629.11481,4.213E5,9.626E3,1.253E4,4.213E5,0,1,,,,,,,,,,DETECTED,629.11092,629.10944,629.11481,3.268,3.2459,3.3292,4.213E5,9.626E3,1.253E4,4.213E5,0.0195,1.6319,1.1254,,,4,1
1382,3.2789,3.2459,3.3382,327.10677,327.10593,327.1077,2.767E5,8.082E3,1.051E4,2.767E5,0,1,86,,,,,,,,,DETECTED,327.10677,327.10593,327.1077,3.2789,3.2459,3.3382,2.767E5,8.082E3,1.051E4,2.767E5,0.0716,1.4588,1.1771,,,2,1
1383,3.2789,3.1941,3.3382,466.02735,466.02484,466.03085,8.868E5,2.582E4,2.247E4,8.868E5,1,1,86,,,,,,,,,DETECTED,466.02735,466.02484,466.03085,3.2789,3.1941,3.3382,8.868E5,2.582E4,2.247E4,8.868E5,0.0327,0.8601,0.9432,1,-0.0052,3,1
1384,3.2789,3.2551,3.3061,661.13694,661.1358,661.13745,5.84E4,1.398E3,1.934E4,5.84E4,0,1,,,,,,,,,,DETECTED,661.13694,661.1358,661.13745,3.2789,3.2551,3.3061,5.84E4,1.398E3,1.934E4,5.84E4,0.0222,1.0714,1.1428,,,2,1
1385,3.2789,3.2459,3.3061,933.05021,933.04724,933.05603,9.383E4,2.525E3,9.292E3,9.383E4,0,1,86,,,,,,,,,DETECTED,933.05021,933.04724,933.05603,3.2789,3.2459,3.3061,9.383E4,2.525E3,9.292E3,9.383E4,0.0403,1.0514,1.1437,,,5,1
1386,3.2863,3.268,3.3292,383.13238,383.13077,383.13425,5.368E4,1.325E3,9.537E3,5.368E4,0,1,,,,,,,,,,DETECTED,383.13238,383.13077,383.13425,3.2863,3.268,3.3292,5.368E4,1.325E3,9.537E3,5.368E4,0.0212,1.6762,2.0148,,,2,1
1388,3.2863,3.2459,3.3292,456.07798,456.07602,456.08093,3.686E5,8.848E3,1.104E4,3.686E5,1,1,130,,,,,,,,,DETECTED,456.07798,456.07602,456.08093,3.2863,3.2459,3.3292,3.686E5,8.848E3,1.104E4,3.686E5,0.0538,1.1607,1.4365,1,0.0058,2,1
1390,3.2863,3.2551,3.3524,745.15476,745.14874,745.15601,1.145E6,2.571E4,1.046E4,1.145E6,1,1,130,,,,,,,,,DETECTED,745.15476,745.14874,745.15601,3.2863,3.2551,3.3524,1.145E6,2.571E4,1.046E4,1.145E6,0.0226,1.3806,1.4838,1,0.0024,3,1
1393,3.2955,3.268,3.3678,433.07676,433.07468,433.07724,1.731E7,4.826E5,1.509E5,1.731E7,1,1,115,,,,,,,,,DETECTED,433.07676,433.07468,433.07724,3.2955,3.268,3.3678,1.731E7,4.826E5,1.509E5,1.731E7,0.0268,1.9816,2.0597,1,0.0237,2,1
1394,3.2955,3.2384,3.3641,435.07925,435.0777,435.08276,4.909E5,1.357E4,9.041E3,4.909E5,0,1,115,,,,,,,,,DETECTED,435.07925,435.0777,435.08276,3.2955,3.2384,3.3641,4.909E5,1.357E4,9.041E3,4.909E5,0.0245,1.1291,2.0503,,,3,1
1395,3.2955,3.2789,3.3292,447.05571,447.05536,447.05627,1.115E5,2.619E3,2.481E4,1.115E5,0,1,,,,,,,,,,DETECTED,447.05571,447.05536,447.05627,3.2955,3.2789,3.3292,1.115E5,2.619E3,2.481E4,1.115E5,0.0249,1.5134,2.0268,,,2,1
1397,3.2955,3.1801,3.3641,501.06319,501.06134,501.0661,3.506E5,1.221E4,8.736E3,3.506E5,1,1,115,,,,,,,,,DETECTED,501.06319,501.06134,501.0661,3.2955,3.1801,3.3641,3.506E5,1.221E4,8.736E3,3.506E5,0.0266,1.7238,2.0926,1,0.0129,3,1
1399,3.2955,3.2789,3.3292,867.1518,867.14966,867.15338,3.702E5,6.657E3,2.226E4,3.702E5,0,1,,,,,,,,,,DETECTED,867.1518,867.14966,867.15338,3.2955,3.2789,3.3292,3.702E5,6.657E3,2.226E4,3.702E5,0.0162,1.152,1.2059,,,4,1
1401,3.3061,3.2789,3.3641,431.06234,431.05862,431.06366,9.597E4,3.326E3,9.426E3,9.597E4,0,1,101,,,,,,,,,DETECTED,431.06234,431.05862,431.06366,3.3061,3.2789,3.3641,9.597E4,3.326E3,9.426E3,9.597E4,0.0305,1.3737,1.6424,,,2,1
1403,3.3061,3.2789,3.3641,509.20071,509.19638,509.20111,2.236E6,4.557E4,2.675E4,2.236E6,1,1,101,,,,,,,,,DETECTED,509.20071,509.19638,509.20111,3.3061,3.2789,3.3641,2.236E6,4.557E4,2.675E4,2.236E6,0.0177,1.123,1.1876,1,-0.0048,4,1
1406,3.3061,3.2863,3.3382,577.1866,577.18518,577.19061,5.702E4,1.488E3,2.183E4,5.702E4,0,1,,,,,,,,,,DETECTED,577.1866,577.18518,577.19061,3.3061,3.2863,3.3382,5.702E4,1.488E3,2.183E4,5.702E4,0.0232,1.3148,1.6296,,,2,1
1410,3.3169,3.2459,3.3641,449.14262,449.14105,449.14545,2.996E5,1.136E4,1.607E4,2.996E5,1,1,,,,,,,,,,DETECTED,449.14262,449.14105,449.14545,3.3169,3.2459,3.3641,2.996E5,1.136E4,1.607E4,2.996E5,0.0328,0.8056,0.5869,1,0.0072,3,1
1411,3.3169,3.2955,3.3791,507.11228,507.11038,507.11346,1.726E6,4.462E4,3.906E4,1.726E6,1,1,,,,,,,,,,DETECTED,507.11228,507.11038,507.11346,3.3169,3.2955,3.3791,1.726E6,4.462E4,3.906E4,1.726E6,0.0207,1.5332,1.6685,1,-0.0052,3,1
1412,3.3169,3.2459,3.5682,545.05594,545.05219,545.05817,2.331E6,1.713E5,3.817E4,2.331E6,3,1,,,,,,,,,,DETECTED,545.05594,545.05219,545.05817,3.3169,3.2459,3.5682,2.331E6,1.713E5,3.817E4,2.331E6,0.0599,1.6982,1.5176,3,-0.0556,3,1
1414,3.3292,3.2091,3.3678,431.18995,431.18808,431.19211,4.375E5,1.726E4,3.094E4,4.375E5,1,1,,,,,,,,,,DETECTED,431.18995,431.18808,431.19211,3.3292,3.2091,3.3678,4.375E5,1.726E4,3.094E4,4.375E5,0.0238,0.7014,0.4381,1,0.0055,2,1
1415,3.3292,3.3061,3.3791,461.07154,461.06998,461.07458,5.86E6,1.272E5,5.64E4,5.86E6,1,1,,,,,,,,,,DETECTED,461.07154,461.06998,461.07458,3.3292,3.3061,3.3791,5.86E6,1.272E5,5.64E4,5.86E6,0.021,1.1969,1.9209,1,-0.0068,4,1
1417,3.3292,3.3061,3.3641,776.08301,776.07788,776.08795,5.638E4,1.295E3,1.196E4,5.638E4,0,1,,,,,,,,,,DETECTED,776.08301,776.07788,776.08795,3.3292,3.3061,3.3641,5.638E4,1.295E3,1.196E4,5.638E4,0.0158,1.2516,1.5031,,,2,1
1419,3.3524,3.1571,3.4227,335.03838,335.03592,335.04004,6.502E5,2.091E4,1.426E4,6.502E5,1,1,74,,,,,,,,,DETECTED,335.03838,335.03592,335.04004,3.3524,3.1571,3.4227,6.502E5,2.091E4,1.426E4,6.502E5,0.0207,0.8544,1.3049,1,0.0023,3,1
1420,3.3524,3.3382,3.4574,390.03713,390.03488,390.03952,2.924E5,9.654E3,1.897E4,2.924E5,1,1,,,,,,,,,,DETECTED,390.03713,390.03488,390.03952,3.3524,3.3382,3.4574,2.924E5,9.654E3,1.897E4,2.924E5,0.0184,3.5778,5.2182,1,0.0074,3,1
1421,3.3524,3.2955,3.3791,767.10125,767.09613,767.11005,4.993E5,1.123E4,1.241E4,4.993E5,1,1,74,,,,,,,,,DETECTED,767.10125,767.09613,767.11005,3.3524,3.2955,3.3791,4.993E5,1.123E4,1.241E4,4.993E5,0.0201,0.607,0.08,1,0.004,4,1
1422,3.3641,3.2165,3.4884,191.01664,191.01633,191.01701,3.342E5,4.7E4,4.737E4,3.342E5,2,1,,,,,,,,,,DETECTED,191.01664,191.01633,191.01701,3.3641,3.2165,3.4884,3.342E5,4.7E4,4.737E4,3.342E5,0.1549,0.9212,0.6696,2,-0.0541,2,1
1423,3.3641,3.3292,3.5636,547.19917,547.1947,547.2027,2.202E6,6.881E4,8.509E3,2.202E6,2,1,,,,,,,,,,DETECTED,547.19917,547.1947,547.2027,3.3641,3.3292,3.5636,2.202E6,6.881E4,8.509E3,2.202E6,0.0565,4.4144,1.7939,2,-0.006,3,1
1424,3.3641,3.3478,3.532,599.10052,599.09625,599.1051,3.143E6,9.714E4,1.167E4,3.143E6,1,1,30,,,,,,,,,DETECTED,599.10052,599.09625,599.1051,3.3641,3.3478,3.532,3.143E6,9.714E4,1.167E4,3.143E6,0.0276,2.8946,3.435,1,0.0076,4,1
1425,3.3641,3.3382,3.4227,781.07866,781.07312,781.0863,2.395E5,6.392E3,1.367E4,2.395E5,0,1,,,,,,,,,,DETECTED,781.07866,781.07312,781.0863,3.3641,3.3382,3.4227,2.395E5,6.392E3,1.367E4,2.395E5,0.0229,1.9756,2.1724,,,2,1
1431,3.3791,3.3061,4.0032,447.09286,447.08899,447.0936,9.608E7,4.148E6,2.738E4,9.608E7,10,1,30,,,,,,,,,DETECTED,447.09286,447.08899,447.0936,3.3791,3.3061,4.0032,9.608E7,4.148E6,2.738E4,9.608E7,0.189,1.1512,1.3328,10,-0.046,6,1
1434,3.3791,3.3169,3.4358,449.09427,449.09332,449.09744,2.931E6,1.16E5,1.536E5,2.931E6,0,1,30,,,,,,,,,DETECTED,449.09427,449.09332,449.09744,3.3791,3.3169,3.4358,2.931E6,1.16E5,1.536E5,2.931E6,0.0696,0.969,1.1656,,,6,1
1435,3.3791,3.3169,3.5504,565.02368,565.01935,565.02704,7.515E5,3.632E4,1.227E4,7.515E5,1,1,30,,,,,,,,,DETECTED,565.02368,565.01935,565.02704,3.3791,3.3169,3.5504,7.515E5,3.632E4,1.227E4,7.515E5,0.0442,1.4847,1.0474,1,-0.004,2,1
1437,3.3791,3.3524,3.4012,895.19176,895.1889,895.19275,1.423E7,3.216E5,5.049E6,1.423E7,1,1,,,,,,,,,,DETECTED,895.19176,895.1889,895.19275,3.3791,3.3524,3.4012,1.423E7,3.216E5,5.049E6,1.423E7,0.0211,0.9145,0.8289,1,-0.0089,6,1
1439,3.3791,3.3524,3.4118,897.18707,897.18164,897.18909,1.56E6,3.731E4,8.855E4,1.56E6,0,1,30,,,,,,,,,DETECTED,897.18707,897.18164,897.18909,3.3791,3.3524,3.4118,1.56E6,3.731E4,8.855E4,1.56E6,0.0217,0.9192,0.7688,,,6,1
1440,3.3791,3.3524,3.4012,917.16109,917.15533,917.16589,1.108E5,2.913E3,5.786E4,1.108E5,0,1,,,,,,,,,,DETECTED,917.16109,917.15533,917.16589,3.3791,3.3524,3.4012,1.108E5,2.913E3,5.786E4,1.108E5,0.0258,0.9145,0.8289,,,2,1
1442,3.3888,3.3478,3.5459,445.07743,445.07504,445.07861,6.438E5,2.92E4,1.597E4,6.438E5,1,1,30,,,,,,,,,DETECTED,445.07743,445.07504,445.07861,3.3888,3.3478,3.5459,6.438E5,2.92E4,1.597E4,6.438E5,0.0336,2.1613,3.5158,1,-0.0074,2,1
1446,3.3888,3.3478,3.6282,483.06738,483.06348,483.07153,1.576E6,8.929E4,1.028E4,1.576E6,1,1,30,,,,,,,,,DETECTED,483.06738,483.06348,483.07153,3.3888,3.3478,3.6282,1.576E6,8.929E4,1.028E4,1.576E6,0.0504,2.0213,1.6662,1,-0.0154,4,1
1449,3.3888,3.3169,3.532,515.07634,515.07532,515.07867,1.055E6,5.72E4,2.529E4,1.055E6,1,1,30,,,,,,,,,DETECTED,515.07634,515.07532,515.07867,3.3888,3.3169,3.532,1.055E6,5.72E4,2.529E4,1.055E6,0.0445,1.0403,0.9161,1,0.0147,3,1
1453,3.3888,3.3678,3.4574,585.08183,585.07904,585.08514,6.261E5,1.38E4,1.387E4,6.261E5,1,1,,,,,,,,,,DETECTED,585.08183,585.07904,585.08514,3.3888,3.3678,3.4574,6.261E5,1.38E4,1.387E4,6.261E5,0.0181,1.2829,1.198,1,0.0057,3,1
1454,3.4012,3.3791,3.4759,355.10104,355.09912,355.10303,1.627E5,4.523E3,9.466E3,1.627E5,0,1,,,,,,,,,,DETECTED,355.10104,355.09912,355.10303,3.4012,3.3791,3.4759,1.627E5,4.523E3,9.466E3,1.627E5,0.0294,1.9742,4.5165,,,2,1
1456,3.4012,3.3678,3.4466,607.21887,607.21857,607.22003,5.044E5,1.477E4,3.938E4,5.044E5,0,1,,,,,,,,,,DETECTED,607.21887,607.21857,607.22003,3.4012,3.3678,3.4466,5.044E5,1.477E4,3.938E4,5.044E5,0.0248,1.0685,0.9597,,,2,1
1457,3.4118,3.3888,3.465,415.12116,415.11981,415.1221,4.281E5,1.152E4,2.678E4,4.281E5,1,1,,,,,,,,,,DETECTED,415.12116,415.11981,415.1221,3.4118,3.3888,3.465,4.281E5,1.152E4,2.678E4,4.281E5,4.7178,1.5168,1.8358,1,0.0058,2,1
1458,3.4118,3.3478,3.4759,419.22535,419.22363,419.22693,1.956E6,8.183E4,1.634E4,1.956E6,1,1,,,,,,,,,,DETECTED,419.22535,419.22363,419.22693,3.4118,3.3478,3.4759,1.956E6,8.183E4,1.634E4,1.956E6,0.0403,0.7953,0.4788,1,0.0263,2,1
1459,3.4118,3.3791,3.5459,477.10211,477.10107,477.10382,1.307E6,4.294E4,1.558E4,1.307E6,2,1,,,,,,,,,,DETECTED,477.10211,477.10107,477.10382,3.4118,3.3791,3.5459,1.307E6,4.294E4,1.558E4,1.307E6,0.0194,2.4183,3.5714,2,-0.0049,3,1
1460,3.4118,3.3888,3.4574,497.1071,497.10648,497.11047,1.674E5,3.427E3,8.725E3,1.674E5,0,1,,,,,,,,,,DETECTED,497.1071,497.10648,497.11047,3.4118,3.3888,3.4574,1.674E5,3.427E3,8.725E3,1.674E5,0.0164,1.2682,1.0375,,,3,1
1461,3.4118,3.3888,3.4574,509.22158,509.22104,509.22263,9.541E4,2.277E3,1.911E4,9.541E4,0,1,,,,,,,,,,DETECTED,509.22158,509.22104,509.22263,3.4118,3.3888,3.4574,9.541E4,2.277E3,1.911E4,9.541E4,0.0159,1.492,1.984,,,2,1
1463,3.4227,3.4012,3.5082,314.05148,314.05078,314.05325,1.222E5,4.433E3,8.703E3,1.222E5,0,1,87,,,,,,,,,DETECTED,314.05148,314.05078,314.05325,3.4227,3.4012,3.5082,1.222E5,4.433E3,8.703E3,1.222E5,0.0276,2.7702,10.2643,,,2,1
1465,3.4358,3.4118,3.5137,131.06842,131.06779,131.06856,8.571E5,2.322E4,1.04E4,8.571E5,1,1,,,,,,,,,,DETECTED,131.06842,131.06779,131.06856,3.4358,3.4118,3.5137,8.571E5,2.322E4,1.04E4,8.571E5,0.0242,2.2627,2.6969,1,0.0056,2,1
1466,3.4358,3.3888,3.5211,173.07871,173.07845,173.07904,4.233E5,1.326E4,8.828E3,4.233E5,1,1,128,,,,,,,,,DETECTED,173.07871,173.07845,173.07904,3.4358,3.3888,3.5211,4.233E5,1.326E4,8.828E3,4.233E5,0.0251,1.384,3.3718,1,0.0148,2,1
1467,3.4358,3.4118,3.493,441.19669,441.19434,441.19904,5.418E5,1.178E4,9.035E3,5.418E5,1,1,,,,,,,,,,DETECTED,441.19669,441.19434,441.19904,3.4358,3.4118,3.493,5.418E5,1.178E4,9.035E3,5.418E5,0.0196,1.1173,1.6279,1,0.0073,3,1
1468,3.4358,3.3888,3.5137,461.05255,461.05149,461.05713,6.346E5,2.884E4,1.788E4,6.346E5,1,1,87,,,,,,,,,DETECTED,461.05255,461.05149,461.05713,3.4358,3.3888,3.5137,6.346E5,2.884E4,1.788E4,6.346E5,0.0477,1.0976,0.8122,1,-0.0199,2,1
1469,3.4358,3.4012,3.4759,521.20033,521.19849,521.2027,1.071E5,2.677E3,9.127E3,1.071E5,0,1,87,,,,,,,,,DETECTED,521.20033,521.19849,521.2027,3.4358,3.4012,3.4759,1.071E5,2.677E3,9.127E3,1.071E5,0.0203,0.9874,1.0403,,,2,1
1471,3.4358,3.4012,3.5082,613.08049,613.07635,613.0816,1.36E6,4.266E4,3.279E4,1.36E6,1,1,87,,,,,,,,,DETECTED,613.08049,613.07635,613.0816,3.4358,3.4012,3.5082,1.36E6,4.266E4,3.279E4,1.36E6,0.0274,1.0851,0.911,1,-0.0069,4,1
1472,3.4358,3.4012,3.532,629.10968,629.10645,629.11414,4.339E5,2.049E4,2.387E4,4.339E5,1,1,87,,,,,,,,,DETECTED,629.10968,629.10645,629.11414,3.4358,3.4012,3.532,4.339E5,2.049E4,2.387E4,4.339E5,0.0358,1.8586,2.2092,1,-0.0052,3,1
1477,3.4466,3.4227,3.5504,419.19012,419.1886,419.1907,6.702E5,1.809E4,1.287E4,6.702E5,1,1,,,,,,,,,,DETECTED,419.19012,419.1886,419.1907,3.4466,3.4227,3.5504,6.702E5,1.809E4,1.287E4,6.702E5,0.0165,1.7534,1.7389,1,0.0056,4,1
1478,3.4466,3.4118,3.465,477.06382,477.06302,477.06427,5.804E4,2.331E3,1.89E4,5.804E4,0,1,128,,,,,,,,,DETECTED,477.06382,477.06302,477.06427,3.4466,3.4118,3.465,5.804E4,2.331E3,1.89E4,5.804E4,0.0627,0.7638,0.5276,,,3,1
1482,3.465,3.4466,3.5082,503.1173,503.11539,503.11802,3.329E5,9.261E3,2.111E4,3.329E5,1,1,18,,,,,,,,,DETECTED,503.1173,503.11539,503.11802,3.465,3.4466,3.5082,3.329E5,9.261E3,2.111E4,3.329E5,0.0249,1.5389,1.8769,1,0.0058,3,1
1483,3.465,3.4012,3.5211,523.21467,523.20984,523.21545,3.153E5,1.288E4,8.671E3,3.153E5,0,1,18,,,,,,,,,DETECTED,523.21467,523.20984,523.21545,3.465,3.4012,3.5211,3.153E5,1.288E4,8.671E3,3.153E5,0.0222,0.7637,1.3617,,,3,1
1484,3.465,3.4227,3.5137,593.08937,593.08392,593.09143,6.287E4,2.44E3,9.783E3,6.287E4,0,1,18,,,,,,,,,DETECTED,593.08937,593.08392,593.09143,3.465,3.4227,3.5137,6.287E4,2.44E3,9.783E3,6.287E4,0.0316,1.0755,0.9022,,,2,1
1485,3.465,3.4466,3.5005,597.21285,597.21161,597.21411,5.886E4,1.397E3,1.032E4,5.886E4,0,1,,,,,,,,,,DETECTED,597.21285,597.21161,597.21411,3.465,3.4466,3.5005,5.886E4,1.397E3,1.032E4,5.886E4,0.0217,1.4668,5.3273,,,2,1
1486,3.4759,3.4466,3.532,375.05207,375.05106,375.05341,3.282E5,8.066E3,1.214E4,3.282E5,1,1,18,,,,,,,,,DETECTED,375.05207,375.05106,375.05341,3.4759,3.4466,3.532,3.282E5,8.066E3,1.214E4,3.282E5,0.0234,1.2135,1.3757,1,0.0073,3,1
1487,3.4759,3.4466,3.5459,385.12708,385.12589,385.1283,3.284E5,9.729E3,7.285E3,3.284E5,1,1,18,,,,,,,,,DETECTED,385.12708,385.12589,385.1283,3.4759,3.4466,3.5459,3.284E5,9.729E3,7.285E3,3.284E5,0.0251,1.2464,0.8312,1,-0.0035,3,1
1488,3.4759,3.3791,3.5807,415.19454,415.19174,415.19611,7.068E5,2.528E4,1.487E4,7.068E5,1,1,18,,,,,,,,,DETECTED,415.19454,415.19174,415.19611,3.4759,3.3791,3.5807,7.068E5,2.528E4,1.487E4,7.068E5,0.0291,0.8356,0.5492,1,-0.0069,5,1
1489,3.4759,3.4574,3.532,433.11185,433.11074,433.11279,1.658E5,3.795E3,1.482E4,1.658E5,0,1,,,,,,,,,,DETECTED,433.11185,433.11074,433.11279,3.4759,3.4574,3.532,1.658E5,3.795E3,1.482E4,1.658E5,0.0183,1.9249,2.3321,,,2,1
1491,3.4759,3.3888,3.5916,467.03514,467.03098,467.03882,2.037E6,5.21E4,1.652E4,2.037E6,1,1,18,,,,,,,,,DETECTED,467.03514,467.03098,467.03882,3.4759,3.3888,3.5916,2.037E6,5.21E4,1.652E4,2.037E6,0.024,1.2278,1.2272,1,-0.0144,3,1
1496,3.4759,3.4012,3.6236,621.05613,621.05103,621.06097,2.501E5,2.383E4,2.603E4,2.501E5,1,1,,,,,,,,,,DETECTED,621.05613,621.05103,621.06097,3.4759,3.4012,3.6236,2.501E5,2.383E4,2.603E4,2.501E5,0.0561,1.4884,2.4108,1,0.009,3,1
1499,3.4884,3.4227,3.532,417.08076,417.07889,417.08142,1.702E6,4.285E4,5.079E4,1.702E6,1,1,,,,,,,,,,DETECTED,417.08076,417.07889,417.08142,3.4884,3.4227,3.532,1.702E6,4.285E4,5.079E4,1.702E6,0.0206,1.0583,0.5795,1,-0.0068,3,1
1502,3.493,3.4759,3.5579,567.20591,567.20276,567.20685,9.858E5,2.044E4,1.143E4,9.858E5,1,1,,,,,,,,,,DETECTED,567.20591,567.20276,567.20685,3.493,3.4759,3.5579,9.858E5,2.044E4,1.143E4,9.858E5,0.0169,1.5435,1.5704,1,0.0023,4,1
1503,3.493,3.4759,3.5459,568.20736,568.20319,568.20868,2.384E5,5.193E3,1.045E4,2.384E5,0,1,,,,,,,,,,DETECTED,568.20736,568.20319,568.20868,3.493,3.4759,3.5459,2.384E5,5.193E3,1.045E4,2.384E5,0.0176,1.6474,1.625,,,4,1
1506,3.5082,3.4759,3.5916,533.0908,533.08838,533.09222,3.608E5,1.014E4,7.685E3,3.608E5,1,1,,,,,,,,,,DETECTED,533.0908,533.08838,533.09222,3.5082,3.4759,3.5916,3.608E5,1.014E4,7.685E3,3.608E5,0.0235,1.0727,1.2581,1,-0.0035,3,1
1507,3.5137,3.4759,3.5504,615.09402,615.09259,615.0968,6.244E4,2.204E3,9.77E3,6.244E4,0,1,,,,,,,,,,DETECTED,615.09402,615.09259,615.0968,3.5137,3.4759,3.5504,6.244E4,2.204E3,9.77E3,6.244E4,0.0413,0.9873,0.9316,,,2,1
1508,3.5211,3.5005,3.5807,371.13297,371.1304,371.13373,3.732E5,9.003E3,1.456E4,3.732E5,1,1,88,,,,,,,,,DETECTED,371.13297,371.1304,371.13373,3.5211,3.5005,3.5807,3.732E5,9.003E3,1.456E4,3.732E5,0.0213,1.5458,2.1981,1,0.0058,3,1
1509,3.5211,3.493,3.6373,377.17989,377.17926,377.18179,2.774E5,1.524E4,1.598E4,2.774E5,0,1,,,,,,,,,,DETECTED,377.17989,377.17926,377.18179,3.5211,3.493,3.6373,2.774E5,1.524E4,1.598E4,2.774E5,0.027,3.431,5.2876,,,2,1
1510,3.5211,3.5005,3.6037,459.05508,459.05428,459.0574,3.908E5,1.021E4,1.065E4,3.908E5,1,1,88,,,,,,,,,DETECTED,459.05508,459.05428,459.0574,3.5211,3.5005,3.6037,3.908E5,1.021E4,1.065E4,3.908E5,0.0208,2.6394,3.1065,1,0.0041,3,1
1511,3.5211,3.5005,3.5636,461.14376,461.14102,461.14462,1.344E5,3.27E3,1.031E4,1.344E5,0,1,88,,,,,,,,,DETECTED,461.14376,461.14102,461.14462,3.5211,3.5005,3.5636,1.344E5,3.27E3,1.031E4,1.344E5,0.0218,1.9909,2.4967,,,3,1
1514,3.532,3.3888,3.5579,429.17378,429.17279,429.17654,4.854E5,1.901E4,1.075E4,4.854E5,1,1,88,,,,,,,,,DETECTED,429.17378,429.17279,429.17654,3.532,3.3888,3.5579,4.854E5,1.901E4,1.075E4,4.854E5,0.0328,0.5992,0.1686,1,-0.0144,2,1
1515,3.532,3.5082,3.6037,507.11164,507.10974,507.11517,1.195E5,4.15E3,8.29E3,1.195E5,0,1,,,,,,,,,,DETECTED,507.11164,507.10974,507.11517,3.532,3.5082,3.6037,1.195E5,4.15E3,8.29E3,1.195E5,0.0288,2.0148,2.4663,,,4,1
1516,3.5504,3.5137,3.6773,131.06858,131.06783,131.06873,1.801E6,4.815E4,1.04E4,1.801E6,1,1,43,,,,,,,,,DETECTED,131.06858,131.06783,131.06873,3.5504,3.5137,3.6773,1.801E6,4.815E4,1.04E4,1.801E6,0.0233,1.6115,1.7554,1,-0.0097,2,1
1517,3.5504,3.5211,3.6576,173.07886,173.07811,173.07898,9.739E5,2.735E4,8.828E3,9.739E5,1,1,43,,,,,,,,,DETECTED,173.07886,173.07811,173.07898,3.5504,3.5211,3.6576,9.739E5,2.735E4,8.828E3,9.739E5,0.0234,1.6425,1.7867,1,0.004,2,1
1522,3.5504,3.5366,3.5807,635.15511,635.15344,635.15747,7.488E4,1.472E3,1.846E4,7.488E4,0,1,,,,,,,,,,DETECTED,635.15511,635.15344,635.15747,3.5504,3.5366,3.5807,7.488E4,1.472E3,1.846E4,7.488E4,0.0172,1.591,2.1819,,,2,1
1523,3.5504,3.5211,3.5916,665.16316,665.16138,665.16644,5.864E4,1.542E3,7.479E3,5.864E4,0,1,43,,,,,,,,,DETECTED,665.16316,665.16138,665.16644,3.5504,3.5211,3.5916,5.864E4,1.542E3,7.479E3,5.864E4,0.0228,1.2015,1.6975,,,2,1
1525,3.5579,3.532,3.8431,417.08138,417.07764,417.08267,7.33E6,1.921E5,2.287E4,7.33E6,1,1,43,,,,,,,,,DETECTED,417.08138,417.07764,417.08267,3.5579,3.532,3.8431,7.33E6,1.921E5,2.287E4,7.33E6,0.0208,1.4476,1.22,1,-0.0051,3,1
1528,3.5579,3.532,3.6127,485.0673,485.06219,485.06882,2.09E5,5.756E3,1.641E4,2.09E5,0,1,43,,,,,,,,,DETECTED,485.0673,485.06219,485.06882,3.5579,3.532,3.6127,2.09E5,5.756E3,1.641E4,2.09E5,0.0212,1.8054,1.7334,,,3,1
1531,3.5682,3.5504,3.646,314.05199,314.05084,314.05334,2.16E5,7.019E3,1.016E4,2.16E5,1,1,6,,,,,,,,,DETECTED,314.05199,314.05084,314.05334,3.5682,3.5504,3.646,2.16E5,7.019E3,1.016E4,2.16E5,0.027,2.422,4.951,1,0.009,2,1
1532,3.5682,3.5504,3.6576,435.22047,435.21844,435.22269,3.531E5,1.068E4,9.555E3,3.531E5,1,1,6,,,,,,,,,DETECTED,435.22047,435.21844,435.22269,3.5682,3.5504,3.6576,3.531E5,1.068E4,9.555E3,3.531E5,0.0235,2.6953,3.4313,1,0.0057,2,1
1533,3.5682,3.5137,3.6576,487.12265,487.12036,487.12488,2.517E5,1.118E4,2.16E4,2.517E5,1,1,6,,,,,,,,,DETECTED,487.12265,487.12036,487.12488,3.5682,3.5137,3.6576,2.517E5,1.118E4,2.16E4,2.517E5,0.0921,0.9892,0.8491,1,0.0074,2,1
1534,3.5682,3.5504,3.6282,551.21067,551.20734,551.21509,9.222E5,1.807E4,9.734E3,9.222E5,1,1,6,,,,,,,,,DETECTED,551.21067,551.20734,551.21509,3.5682,3.5504,3.6282,9.222E5,1.807E4,9.734E3,9.222E5,0.0177,1.3784,1.3102,1,0.0023,5,1
1536,3.5807,3.5504,3.6373,385.12701,385.12421,385.12854,3.462E5,7.67E3,8.765E3,3.462E5,1,1,,,,,,,,,,DETECTED,385.12701,385.12421,385.12854,3.5807,3.5504,3.6373,3.462E5,7.67E3,8.765E3,3.462E5,0.0199,2.6952,1.3098,1,0.0058,2,1
1540,3.5916,3.5579,3.6886,417.21083,417.20804,417.21133,1.443E6,4.925E4,9.544E3,1.443E6,1,1,,,,,,,,,,DETECTED,417.21083,417.20804,417.21133,3.5916,3.5579,3.6886,1.443E6,4.925E4,9.544E3,1.443E6,0.0334,1.7781,3.3664,1,-0.0068,3,1
1541,3.5991,3.5807,3.6373,581.2192,581.21472,581.22095,9.335E4,2.146E3,8.15E3,9.335E4,0,1,1,,,,,,,,,DETECTED,581.2192,581.21472,581.22095,3.5991,3.5807,3.6373,9.335E4,2.146E3,8.15E3,9.335E4,0.0203,1.3931,1.5016,,,2,1
1542,3.6037,3.5579,3.6576,187.09442,187.09387,187.09486,2.371E5,7.387E3,1.037E4,2.371E5,0,1,1,,,,,,,,,DETECTED,187.09442,187.09387,187.09486,3.6037,3.5579,3.6576,2.371E5,7.387E3,1.037E4,2.371E5,0.0256,0.944,3.5344,,,2,1
1543,3.6037,3.5807,3.6576,451.10167,451.09961,451.10349,2.857E5,7.297E3,1.903E4,2.857E5,1,1,1,,,,,,,,,DETECTED,451.10167,451.09961,451.10349,3.6037,3.5807,3.6576,2.857E5,7.297E3,1.903E4,2.857E5,0.0246,1.5789,1.3894,1,0.013,6,1
1544,3.6037,3.5807,3.6282,495.15992,495.15753,495.1604,1.503E5,2.859E3,1.84E4,1.503E5,0,1,1,,,,,,,,,DETECTED,495.15992,495.15753,495.1604,3.6037,3.5807,3.6282,1.503E5,2.859E3,1.84E4,1.503E5,0.0187,1.0324,1.6068,,,4,1
1546,3.6127,3.5807,3.7334,147.04224,147.04167,147.04236,1.922E6,6.071E4,8.367E3,1.922E6,1,1,31,,,,,,,,,DETECTED,147.04224,147.04167,147.04236,3.6127,3.5807,3.7334,1.922E6,6.071E4,8.367E3,1.922E6,0.0263,1.9436,2.4335,1,-0.0035,3,1
1547,3.6127,3.5807,3.7425,165.05292,165.05193,165.05313,2.347E6,7.433E4,8.026E3,2.347E6,1,1,31,,,,,,,,,DETECTED,165.05292,165.05193,165.05313,3.6127,3.5807,3.7425,2.347E6,7.433E4,8.026E3,2.347E6,0.0267,1.9306,2.4688,1,-0.0051,3,1
1548,3.6127,3.5807,3.7425,207.06385,207.06322,207.064,2.781E6,8.68E4,8.32E3,2.781E6,2,1,31,,,,,,,,,DETECTED,207.06385,207.06322,207.064,3.6127,3.5807,3.7425,2.781E6,8.68E4,8.32E3,2.781E6,0.0245,1.9361,2.698,2,-0.0068,3,1
1549,3.6127,3.5916,3.646,229.04566,229.04533,229.04611,7.079E4,1.985E3,1.709E4,7.079E4,0,1,31,,,,,,,,,DETECTED,229.04566,229.04533,229.04611,3.6127,3.5916,3.646,7.079E4,1.985E3,1.709E4,7.079E4,0.0274,1.2877,1.5754,,,2,1
1550,3.6127,3.5916,3.646,273.03642,273.03595,273.03662,1.155E5,3.014E3,2.19E4,1.155E5,0,1,31,,,,,,,,,DETECTED,273.03642,273.03595,273.03662,3.6127,3.5916,3.646,1.155E5,3.014E3,2.19E4,1.155E5,0.0256,1.2877,1.3035,,,2,1
1555,3.6127,3.5807,3.646,497.16536,497.16339,497.16635,1.442E5,3.598E3,1.32E4,1.442E5,0,1,31,,,,,,,,,DETECTED,497.16536,497.16339,497.16635,3.6127,3.5807,3.646,1.442E5,3.598E3,1.32E4,1.442E5,0.023,1.2483,1.2302,,,4,1
1556,3.6127,3.5807,3.6576,751.1056,751.10345,751.10785,3.166E5,8.417E3,1.246E4,3.166E5,1,1,31,,,,,,,,,DETECTED,751.1056,751.10345,751.10785,3.6127,3.5807,3.6576,3.166E5,8.417E3,1.246E4,3.166E5,0.0251,1.5764,2.2529,1,0.0057,3,1
1557,3.6236,3.5991,3.6576,471.12773,471.12384,471.12851,3.817E5,7.859E3,9.577E3,3.817E5,1,1,71,,,,,,,,,DETECTED,471.12773,471.12384,471.12851,3.6236,3.5991,3.6576,3.817E5,7.859E3,9.577E3,3.817E5,0.0183,1.3824,1.2884,1,0.0085,3,1
1558,3.6236,3.5636,3.6576,543.03975,543.03717,543.04169,6.978E5,1.523E4,2.121E4,6.978E5,1,1,71,,,,,,,,,DETECTED,543.03975,543.03717,543.04169,3.6236,3.5636,3.6576,6.978E5,1.523E4,2.121E4,6.978E5,0.0188,0.9355,0.3075,1,-0.0035,2,1
1560,3.6282,3.6037,3.6576,299.04646,299.04605,299.04825,1.868E5,3.71E3,9.04E3,1.868E5,0,1,136,,,,,,,,,DETECTED,299.04646,299.04605,299.04825,3.6282,3.6037,3.6576,1.868E5,3.71E3,9.04E3,1.868E5,0.0209,1.4531,1.2592,,,2,1
1561,3.6282,3.6037,3.6576,382.04162,382.04123,382.04251,2.489E5,5.544E3,1.208E4,2.489E5,1,1,136,,,,,,,,,DETECTED,382.04162,382.04123,382.04251,3.6282,3.6037,3.6576,2.489E5,5.544E3,1.208E4,2.489E5,0.0201,1.4532,2.0336,1,0.0056,3,1
1564,3.646,3.5807,3.7874,415.19457,415.19324,415.19672,9.153E5,2.432E4,7.753E3,9.153E5,0,1,102,,,,,,,,,DETECTED,415.19457,415.19324,415.19672,3.646,3.5807,3.7874,9.153E5,2.432E4,7.753E3,9.153E5,0.0186,1.5811,0.3634,,,2,1
1567,3.646,3.6127,3.6886,461.10602,461.104,461.10867,3.299E5,9.42E3,1.421E4,3.299E5,1,1,102,,,,,,,,,DETECTED,461.10602,461.104,461.10867,3.646,3.6127,3.6886,3.299E5,9.42E3,1.421E4,3.299E5,0.0261,0.9742,1.0559,1,0.004,2,1
1573,3.6576,3.6127,3.9722,431.09815,431.09406,431.09903,6.361E7,2.018E6,1.794E4,6.361E7,4,1,20,,,,,,,,,DETECTED,431.09815,431.09406,431.09903,3.6576,3.6127,3.9722,6.361E7,2.018E6,1.794E4,6.361E7,0.0428,1.6918,1.8437,4,-0.0163,3,1
1578,3.6576,3.6282,3.7501,467.07252,467.07074,467.07419,9.763E5,3.003E4,1.546E4,9.763E5,1,1,20,17,[M+Cl]-,2,432.10329,1579;1578,,,,DETECTED,467.07252,467.07074,467.07419,3.6576,3.6282,3.7501,9.763E5,3.003E4,1.546E4,9.763E5,0.0502,1.7094,1.6135,1,-0.0025,4,1
1579,3.6576,3.6037,3.7782,477.10167,477.10107,477.10458,2.361E6,7.138E4,1.014E4,2.361E6,1,1,20,17,[M+FA]-,2,432.10329,1579;1578,,,,DETECTED,477.10167,477.10107,477.10458,3.6576,3.6037,3.7782,2.361E6,7.138E4,1.014E4,2.361E6,0.0644,6.3601,1.4061,1,-0.0059,3,1
1582,3.6576,3.6282,3.8431,499.0829,499.07983,499.08548,1.413E6,5.048E4,8.567E3,1.413E6,1,1,20,,,,,,,,,DETECTED,499.0829,499.07983,499.08548,3.6576,3.6282,3.8431,1.413E6,5.048E4,8.567E3,1.413E6,0.0333,1.4156,2.1862,1,-0.0042,3,1
1583,3.6576,3.5807,3.7288,547.19906,547.1955,547.20325,8.569E5,2.084E4,7.202E3,8.569E5,1,1,20,,,,,,,,,DETECTED,547.19906,547.1955,547.20325,3.6576,3.5807,3.7288,8.569E5,2.084E4,7.202E3,8.569E5,0.0189,0.96,0.4299,1,0.0057,3,1
1584,3.6576,3.6282,3.7425,549.0288,549.02374,549.03271,4.411E5,1.503E4,1.38E4,4.411E5,0,1,20,,,,,,,,,DETECTED,549.0288,549.02374,549.03271,3.6576,3.6282,3.7425,4.411E5,1.503E4,1.38E4,4.411E5,0.0291,1.5211,2.1358,,,3,1
1587,3.6576,3.6282,3.7172,576.01371,576.01208,576.01764,1.184E5,4.191E3,8.218E3,1.184E5,0,1,20,,,,,,,,,DETECTED,576.01371,576.01208,576.01764,3.6576,3.6282,3.7172,1.184E5,4.191E3,8.218E3,1.184E5,0.0468,1.509,2.3058,,,2,1
1588,3.6576,3.6282,3.7069,863.19222,863.18591,863.19873,1.157E6,2.306E4,8.357E3,1.157E6,1,1,20,,,,,,,,,DETECTED,863.19222,863.18591,863.19873,3.6576,3.6282,3.7069,1.157E6,2.306E4,8.357E3,1.157E6,0.0203,0.9882,0.8663,1,0.004,4,1
1592,3.6701,3.646,3.7069,469.16801,469.16733,469.16885,1.585E5,3.196E3,1.005E4,1.585E5,0,1,,,,,,,,,,DETECTED,469.16801,469.16733,469.16885,3.6701,3.646,3.7069,1.585E5,3.196E3,1.005E4,1.585E5,0.0166,1.0784,0.7917,,,2,1
1593,3.6701,3.646,3.7634,491.11739,491.11374,491.12088,8.736E5,2.017E4,1.223E4,8.736E5,1,1,,,,,,,,,,DETECTED,491.11739,491.11374,491.12088,3.6701,3.646,3.7634,8.736E5,2.017E4,1.223E4,8.736E5,0.0153,1.5765,3.3618,1,0.0117,2,1
1595,3.6701,3.646,3.7069,570.08783,570.08405,570.0904,1.828E5,3.789E3,1.479E4,1.828E5,0,1,,,,,,,,,,DETECTED,570.08783,570.08405,570.0904,3.6701,3.646,3.7069,1.828E5,3.789E3,1.479E4,1.828E5,0.0163,1.0887,1.0223,,,3,1
1596,3.6701,3.6127,3.723,599.10024,599.09869,599.10175,5.589E5,2.217E4,4.085E4,5.589E5,1,1,,,,,,,,,,DETECTED,599.10024,599.09869,599.10175,3.6701,3.6127,3.723,5.589E5,2.217E4,4.085E4,5.589E5,0.0259,1.035,1.5103,1,-0.0051,4,1
1597,3.6886,3.6373,3.8933,137.02154,137.02081,137.0217,1.672E6,7.697E4,1.541E4,1.672E6,2,1,,,,,,,,,,DETECTED,137.02154,137.02081,137.0217,3.6886,3.6373,3.8933,1.672E6,7.697E4,1.541E4,1.672E6,0.0337,1.9715,2.1277,2,-0.0052,4,1
1600,3.6961,3.6773,3.7425,245.13716,245.13673,245.13763,2.059E5,4.858E3,1.558E4,2.059E5,0,1,,,,,,,,,,DETECTED,245.13716,245.13673,245.13763,3.6961,3.6773,3.7425,2.059E5,4.858E3,1.558E4,2.059E5,0.0212,1.8735,1.6058,,,2,1
1601,3.7069,3.6576,3.8035,453.05566,453.05176,453.05972,8.679E5,2.25E4,1.218E4,8.679E5,1,1,22,,,,,,,,,DETECTED,453.05566,453.05176,453.05972,3.7069,3.6576,3.8035,8.679E5,2.25E4,1.218E4,8.679E5,0.0205,1.9252,2.0131,1,-0.0035,3,1
1603,3.7127,3.6773,3.8093,435.10611,435.10367,435.10773,9.103E5,2.984E4,1.295E4,9.103E5,1,1,22,,,,,,,,,DETECTED,435.10611,435.10367,435.10773,3.7127,3.6773,3.8093,9.103E5,2.984E4,1.295E4,9.103E5,0.0214,1.7746,2.316,1,-0.0109,6,1
1604,3.7127,3.6886,3.8208,461.10785,461.10641,461.11084,2.451E5,6.64E3,7.382E3,2.451E5,0,1,22,,,,,,,,,DETECTED,461.10785,461.10641,461.11084,3.7127,3.6886,3.8208,2.451E5,6.64E3,7.382E3,2.451E5,0.0202,1.3875,4.5848,,,2,1
1605,3.7127,3.646,3.8208,461.23756,461.23447,461.23944,8.123E5,3.371E4,1.191E4,8.123E5,1,1,22,,,,,,,,,DETECTED,461.23756,461.23447,461.23944,3.7127,3.646,3.8208,8.123E5,3.371E4,1.191E4,8.123E5,0.0306,1.0929,1.0277,1,-0.02,3,1
1606,3.723,3.6961,3.7501,405.11601,405.11536,405.11694,5.547E4,1.481E3,8.882E3,5.547E4,0,1,,,,,,,,,,DETECTED,405.11601,405.11536,405.11694,3.723,3.6961,3.7501,5.547E4,1.481E3,8.882E3,5.547E4,0.0257,1.0026,0.7706,,,2,1
1607,3.7288,3.6886,3.7634,417.2101,417.20892,417.21082,3.23E5,1.259E4,2.469E4,3.23E5,1,1,,,,,,,,,,DETECTED,417.2101,417.20892,417.21082,3.7288,3.6886,3.7634,3.23E5,1.259E4,2.469E4,3.23E5,0.0367,0.93,0.8816,1,-0.0092,2,1
1609,3.7334,3.7127,3.9528,487.12291,487.11893,487.12451,7.142E5,4.492E4,1.047E4,7.142E5,2,1,19,,,,,,,,,DETECTED,487.12291,487.11893,487.12451,3.7334,3.7127,3.9528,7.142E5,4.492E4,1.047E4,7.142E5,0.0375,5.449,7.8299,2,0.0023,4,1
1610,3.7425,3.7172,3.7932,419.18918,419.18701,419.19025,1.464E5,4.228E3,1.122E4,1.464E5,0,1,,,,,,,,,,DETECTED,419.18918,419.18701,419.19025,3.7425,3.7172,3.7932,1.464E5,4.228E3,1.122E4,1.464E5,0.0218,1.6686,2.3054,,,4,1
1611,3.7425,3.6961,3.8208,467.21104,467.20868,467.21228,1.624E5,5.62E3,1.126E4,1.624E5,0,1,,,,,,,,,,DETECTED,467.21104,467.20868,467.21228,3.7425,3.6961,3.8208,1.624E5,5.62E3,1.126E4,1.624E5,0.0638,1.523,3.4478,,,2,1
1613,3.7501,3.7069,3.8208,481.11223,481.10977,481.11392,3.592E5,1.199E4,8.681E3,3.592E5,0,1,19,,,,,,,,,DETECTED,481.11223,481.10977,481.11392,3.7501,3.7069,3.8208,3.592E5,1.199E4,8.681E3,3.592E5,0.0287,1.1607,1.0479,,,5,1
1614,3.7558,3.7334,3.8253,433.11027,433.10733,433.11118,1.048E5,4.415E3,7.272E3,1.048E5,0,1,,,,,,,,,,DETECTED,433.11027,433.10733,433.11118,3.7558,3.7334,3.8253,1.048E5,4.415E3,7.272E3,1.048E5,0.0257,1.9785,2.7806,,,4,1
1616,3.7634,3.7425,3.8208,521.12688,521.1236,521.12897,1.587E5,4.295E3,8.068E3,1.587E5,0,1,,,,,,,,,,DETECTED,521.12688,521.1236,521.12897,3.7634,3.7425,3.8208,1.587E5,4.295E3,8.068E3,1.587E5,0.0262,1.7415,2.2621,,,2,1
1620,3.7874,3.7634,3.8531,463.25396,463.25055,463.25424,3.185E6,6.25E4,1.118E4,3.185E6,1,1,140,,,,,,,,,DETECTED,463.25396,463.25055,463.25424,3.7874,3.7634,3.8531,3.185E6,6.25E4,1.118E4,3.185E6,0.0193,1.3342,1.4612,1,-0.0069,3,1
1622,3.7874,3.7634,3.8634,491.11752,491.11386,491.12088,4.1E5,9.656E3,7.262E3,4.1E5,1,1,140,,,,,,,,,DETECTED,491.11752,491.11386,491.12088,3.7874,3.7634,3.8634,4.1E5,9.656E3,7.262E3,4.1E5,0.021,1.609,1.562,1,-0.0035,6,1
1623,3.8035,3.7782,3.8356,553.22544,553.22296,553.22821,1.826E5,3.536E3,1.136E4,1.826E5,0,1,,,,,,,,,,DETECTED,553.22544,553.22296,553.22821,3.8035,3.7782,3.8356,1.826E5,3.536E3,1.136E4,1.826E5,0.0163,1.1365,1.2647,,,5,1
1624,3.8035,3.7874,3.9425,555.21962,555.21558,555.22168,8.829E4,5.933E3,1.18E4,8.829E4,0,1,,,,,,,,,,DETECTED,555.21962,555.21558,555.22168,3.8035,3.7874,3.9425,8.829E4,5.933E3,1.18E4,8.829E4,0.0893,4.8174,1.5453,,,5,1
1627,3.8311,3.8035,3.8978,405.11649,405.11301,405.11966,8.184E5,1.644E4,7.442E3,8.184E5,1,1,56,18,[M-H]-,2,406.12412,1627;1628,,,,DETECTED,405.11649,405.11301,405.11966,3.8311,3.8035,3.8978,8.184E5,1.644E4,7.442E3,8.184E5,0.0167,1.4535,1.4305,1,-0.0035,3,1
1628,3.8311,3.815,3.8766,451.12267,451.1217,451.12439,2.218E5,4.296E3,7.886E3,2.218E5,0,1,56,18,[M+FA]-,2,406.12412,1627;1628,,,,DETECTED,451.12267,451.1217,451.12439,3.8311,3.815,3.8766,2.218E5,4.296E3,7.886E3,2.218E5,0.0171,1.5135,1.5652,,,3,1
1631,3.8709,3.8531,3.8978,413.21453,413.21191,413.21729,6.821E4,1.337E3,8.321E3,6.821E4,0,1,,,,,,,,,,DETECTED,413.21453,413.21191,413.21729,3.8709,3.8531,3.8978,6.821E4,1.337E3,8.321E3,6.821E4,0.0191,1.2594,2.0714,,,2,1
1634,3.8812,3.8589,3.9367,471.12718,471.12631,471.1293,3.448E5,8.839E3,7.194E3,3.448E5,1,1,,,,,,,,,,DETECTED,471.12718,471.12631,471.1293,3.8812,3.8589,3.9367,3.448E5,8.839E3,7.194E3,3.448E5,0.0219,1.7921,2.0275,1,0.0023,3,1
1637,3.8933,3.8766,3.923,349.18468,349.18329,349.18561,5.207E4,1.079E3,7.17E3,5.207E4,0,1,26,,,,,,,,,DETECTED,349.18468,349.18329,349.18561,3.8933,3.8766,3.923,5.207E4,1.079E3,7.17E3,5.207E4,0.022,1.3917,2.0392,,,2,1
1638,3.8933,3.8356,3.9837,466.06302,466.05951,466.06525,4.211E5,1.09E4,6.579E3,4.211E5,1,1,26,,,,,,,,,DETECTED,466.06302,466.05951,466.06525,3.8933,3.8356,3.9837,4.211E5,1.09E4,6.579E3,4.211E5,0.0202,1.4986,1.418,1,-0.008,3,1
1639,3.9024,3.8356,3.9619,419.18979,419.18741,419.19052,9.103E4,5.218E3,9.334E3,9.103E4,0,1,,,,,,,,,,DETECTED,419.18979,419.18741,419.19052,3.9024,3.8356,3.9619,9.103E4,5.218E3,9.334E3,9.103E4,0.0601,0.9459,0.9972,,,2,1
1641,3.9069,3.8887,3.9367,355.10117,355.09998,355.10284,5.629E4,1.417E3,7.507E3,5.629E4,0,1,,,,,,,,,,DETECTED,355.10117,355.09998,355.10284,3.9069,3.8887,3.9367,5.629E4,1.417E3,7.507E3,5.629E4,0.0236,1.3181,1.4667,,,2,1
1644,3.923,3.9024,3.9677,477.23128,477.22742,477.23486,8.379E4,2.347E3,9.339E3,8.379E4,0,1,,,,,,,,,,DETECTED,477.23128,477.22742,477.23486,3.923,3.9024,3.9677,8.379E4,2.347E3,9.339E3,8.379E4,0.0251,1.5841,1.9874,,,2,1
1645,3.9322,3.9127,4.009,209.11579,209.11536,209.11615,4.229E5,9.313E3,7.241E3,4.229E5,1,1,89,,,,,,,,,DETECTED,209.11579,209.11536,209.11615,3.9322,3.9127,4.009,4.229E5,9.313E3,7.241E3,4.229E5,0.0177,1.7406,1.8033,1,0.0068,2,1
1646,3.9322,3.9069,4.1266,227.12656,227.12564,227.12704,1.342E6,3.076E4,6.924E3,1.342E6,1,1,89,,,,,,,,,DETECTED,227.12656,227.12564,227.12704,3.9322,3.9069,4.1266,1.342E6,3.076E4,6.924E3,1.342E6,0.0192,1.6429,1.7918,1,-0.0035,3,1
1648,3.9322,3.9069,3.9722,445.0751,445.07242,445.07675,8.298E4,2.341E3,8.248E3,8.298E4,0,1,89,,,,,,,,,DETECTED,445.0751,445.07242,445.07675,3.9322,3.9069,3.9722,8.298E4,2.341E3,8.248E3,8.298E4,0.0237,1.3044,1.6845,,,2,1
1649,3.9322,3.8531,3.9928,459.22143,459.21805,459.22385,1.515E5,5.723E3,1.068E4,1.515E5,0,1,89,,,,,,,,,DETECTED,459.22143,459.21805,459.22385,3.9322,3.8531,3.9928,1.515E5,5.723E3,1.068E4,1.515E5,0.0241,0.8912,1.4857,,,2,1
1650,3.9322,3.9069,3.9619,711.38801,711.3847,711.39148,5.075E4,1.783E3,1.229E4,5.075E4,0,1,,,,,,,,,,DETECTED,711.38801,711.3847,711.39148,3.9322,3.9069,3.9619,5.075E4,1.783E3,1.229E4,5.075E4,0.0379,1.0893,1.1785,,,2,1
1651,3.947,3.6282,4.1626,291.00564,291.00375,291.00647,1.77E5,6.304E4,5.271E4,1.77E5,0,1,,,,,,,,,,DETECTED,291.00564,291.00375,291.00647,3.947,3.6282,4.1626,1.77E5,6.304E4,5.271E4,1.77E5,0.4761,0.8381,0.6762,,,15,1
1652,3.947,3.923,3.9986,387.14258,387.14108,387.14395,5.4E4,1.687E3,8.672E3,5.4E4,0,1,63,,,,,,,,,DETECTED,387.14258,387.14108,387.14395,3.947,3.923,3.9986,5.4E4,1.687E3,8.672E3,5.4E4,0.0236,1.573,2.1099,,,2,1
1653,3.947,3.923,3.9986,549.19419,549.19257,549.19666,3.403E5,6.676E3,7.963E3,3.403E5,0,1,63,,,,,,,,,DETECTED,549.19419,549.19257,549.19666,3.947,3.923,3.9986,3.403E5,6.676E3,7.963E3,3.403E5,0.0163,1.1713,1.2399,,,2,1
1655,3.947,3.9322,3.9722,655.27512,655.27179,655.28003,6.973E4,1.255E3,7.687E3,6.973E4,0,1,63,,,,,,,,,DETECTED,655.27512,655.27179,655.28003,3.947,3.9322,3.9722,6.973E4,1.255E3,7.687E3,6.973E4,0.02,1.3482,1.7248,,,2,1
1656,3.9574,3.9322,4.0219,301.03299,301.03162,301.03381,6.19E4,2.159E3,8.12E3,6.19E4,0,1,,,,,,,,,,DETECTED,301.03299,301.03162,301.03381,3.9574,3.9322,4.0219,6.19E4,2.159E3,8.12E3,6.19E4,0.0277,1.7802,2.2076,,,2,1
1657,3.9574,3.9425,3.9837,463.25136,463.24973,463.25433,5.682E4,1.281E3,1.465E4,5.682E4,0,1,77,,,,,,,,,DETECTED,463.25136,463.24973,463.25433,3.9574,3.9425,3.9837,5.682E4,1.281E3,1.465E4,5.682E4,0.0336,1.384,1.768,,,4,1
1658,3.9574,3.9127,4.0219,551.21021,551.20667,551.2146,4.558E5,1.369E4,9.349E3,4.558E5,0,1,77,,,,,,,,,DETECTED,551.21021,551.20667,551.2146,3.9574,3.9127,4.0219,4.558E5,1.369E4,9.349E3,4.558E5,0.0225,1.0565,0.8446,,,3,1
1659,3.9722,3.9528,4.0032,445.11137,445.11072,445.11249,8.824E4,1.918E3,1.157E4,8.824E4,0,1,109,,,,,,,,,DETECTED,445.11137,445.11072,445.11249,3.9722,3.9528,4.0032,8.824E4,1.918E3,1.157E4,8.824E4,0.0193,1.2974,1.1032,,,2,1
1660,3.9722,3.947,4.0032,455.21138,455.21085,455.21466,1.208E5,2.651E3,1.044E4,1.208E5,0,1,109,,,,,,,,,DETECTED,455.21138,455.21085,455.21466,3.9722,3.947,4.0032,1.208E5,2.651E3,1.044E4,1.208E5,0.0193,1.1401,1.2082,,,2,1
1663,3.9837,3.9677,4.0339,569.08934,569.08514,569.09149,7.16E4,1.956E3,8.865E3,7.16E4,0,1,155,,,,,,,,,DETECTED,569.08934,569.08514,569.09149,3.9837,3.9677,4.0339,7.16E4,1.956E3,8.865E3,7.16E4,0.0294,2.0637,6.481,,,2,1
1664,3.9883,3.9677,4.0145,583.1056,583.10327,583.1084,6.252E4,1.544E3,8.787E3,6.252E4,0,1,155,,,,,,,,,DETECTED,583.1056,583.10327,583.1084,3.9883,3.9677,4.0145,6.252E4,1.544E3,8.787E3,6.252E4,0.0296,1.1359,1.1786,,,2,1
1665,3.9986,3.978,4.0533,459.25837,459.25565,459.26025,3.263E5,5.319E3,7.766E3,3.263E5,1,1,81,,,,,,,,,DETECTED,459.25837,459.25565,459.26025,3.9986,3.978,4.0533,3.263E5,5.319E3,7.766E3,3.263E5,0.0118,1.3907,1.1331,1,0.0069,3,1
1666,3.9986,3.9837,4.0145,463.21637,463.21576,463.21713,1.731E5,2.284E3,3.416E4,1.731E5,0,1,81,,,,,,,,,DETECTED,463.21637,463.21576,463.21713,3.9986,3.9837,4.0145,1.731E5,2.284E3,3.416E4,1.731E5,0.0111,1.0315,1.3341,,,4,1
1667,3.9986,3.9677,4.0219,467.212,467.21086,467.21436,5.347E4,1.216E3,8.168E3,5.347E4,0,1,,,,,,,,,,DETECTED,467.212,467.21086,467.21436,3.9986,3.9677,4.0219,5.347E4,1.216E3,8.168E3,5.347E4,0.0178,0.8761,0.7977,,,4,1
1670,3.9986,3.978,4.0396,506.26519,506.2616,506.26752,1.691E5,2.788E3,1.147E4,1.691E5,0,1,81,,,,,,,,,DETECTED,506.26519,506.2616,506.26752,3.9986,3.978,4.0396,1.691E5,2.788E3,1.147E4,1.691E5,0.0111,2.5157,1.361,,,2,1
1671,4.0219,4.0032,4.0487,417.24662,417.24579,417.24783,1.26E5,2.626E3,1.307E4,1.26E5,0,1,143,,,,,,,,,DETECTED,417.24662,417.24579,417.24783,4.0219,4.0032,4.0487,1.26E5,2.626E3,1.307E4,1.26E5,0.0203,1.217,1.2011,,,2,1
1673,4.0219,3.9928,4.0682,463.25385,463.25055,463.25479,3.786E6,7.523E4,1.972E4,3.786E6,1,1,143,,,,,,,,,DETECTED,463.25385,463.25055,463.25479,4.0219,3.9928,4.0682,3.786E6,7.523E4,1.972E4,3.786E6,0.0184,1.2779,1.474,1,-0.0051,4,1
1675,4.0339,4.0032,4.1266,471.12803,471.12509,471.12848,1.754E6,5.469E4,1.259E4,1.754E6,1,1,119,,,,,,,,,DETECTED,471.12803,471.12509,471.12848,4.0339,4.0032,4.1266,1.754E6,5.469E4,1.259E4,1.754E6,0.0218,2.5297,1.5831,1,-0.0051,4,1
1676,4.0339,3.9883,4.0578,493.22738,493.22574,493.23087,7.662E4,2.775E3,1.288E4,7.662E4,0,1,119,,,,,,,,,DETECTED,493.22738,493.22574,493.23087,4.0339,3.9883,4.0578,7.662E4,2.775E3,1.288E4,7.662E4,0.0314,0.7627,1.1626,,,2,1
1678,4.0487,4.0264,4.0801,413.14204,413.1412,413.1438,9.125E4,2.113E3,1.131E4,9.125E4,0,1,,,,,,,,,,DETECTED,413.14204,413.1412,413.1438,4.0487,4.0264,4.0801,9.125E4,2.113E3,1.131E4,9.125E4,0.0206,1.2048,1.8497,,,2,1
1680,4.0578,4.0145,4.0938,391.19512,391.1937,391.19705,8.536E4,2.984E3,9.778E3,8.536E4,0,1,135,,,,,,,,,DETECTED,391.19512,391.1937,391.19705,4.0578,4.0145,4.0938,8.536E4,2.984E3,9.778E3,8.536E4,0.0303,0.9146,0.6526,,,2,1
1681,4.0578,4.0339,4.106,461.23687,461.23553,461.23938,1.337E5,3.807E3,1.906E4,1.337E5,0,1,135,,,,,,,,,DETECTED,461.23687,461.23553,461.23938,4.0578,4.0339,4.106,1.337E5,3.807E3,1.906E4,1.337E5,0.02,1.5046,2.5166,,,2,1
1682,4.0624,4.0396,4.1163,466.06304,466.06097,466.06735,2.85E5,6.677E3,1.386E4,2.85E5,1,1,,,,,,,,,,DETECTED,466.06304,466.06097,466.06735,4.0624,4.0396,4.1163,2.85E5,6.677E3,1.386E4,2.85E5,0.0187,1.8359,1.7985,1,0.0023,2,1
1683,4.0727,4.0487,4.1341,461.10729,461.10651,461.10916,3.713E5,9.155E3,1.035E4,3.713E5,1,1,,,,,,,,,,DETECTED,461.10729,461.10651,461.10916,4.0727,4.0487,4.1341,3.713E5,9.155E3,1.035E4,3.713E5,0.0209,1.5436,1.9734,1,0.004,3,1
1684,4.0801,4.0533,4.1772,301.03287,301.03128,301.03418,5.719E4,2.668E3,6.884E3,5.719E4,0,1,,,,,,,,,,DETECTED,301.03287,301.03128,301.03418,4.0801,4.0533,4.1772,5.719E4,2.668E3,6.884E3,5.719E4,0.0344,2.3075,3.1134,,,2,1
1685,4.0847,4.0682,4.1386,463.25321,463.25131,463.25452,9.461E5,2.267E4,2.829E4,9.461E5,1,1,153,,,,,,,,,DETECTED,463.25321,463.25131,463.25452,4.0847,4.0682,4.1386,9.461E5,2.267E4,2.829E4,9.461E5,0.0207,1.7812,2.4593,1,0.004,3,1
1686,4.0938,4.0682,4.1489,615.23944,615.23315,615.24475,1.016E5,2.929E3,9.766E3,1.016E5,0,1,153,,,,,,,,,DETECTED,615.23944,615.23315,615.24475,4.0938,4.0682,4.1489,1.016E5,2.929E3,9.766E3,1.016E5,0.0221,1.7415,2.1364,,,3,1
1687,4.106,4.0801,4.1672,263.1269,263.12656,263.12738,2.751E5,7.171E3,7.112E3,2.751E5,1,1,,,,,,,,,,DETECTED,263.1269,263.12656,263.12738,4.106,4.0801,4.1672,2.751E5,7.171E3,7.112E3,2.751E5,0.0217,1.5554,1.4048,1,0.0023,2,1
1690,4.1163,4.0938,4.1626,569.31469,569.31146,569.31592,4.348E5,1.048E4,1.256E4,4.348E5,0,1,,,,,,,,,,DETECTED,569.31469,569.31146,569.31592,4.1163,4.0938,4.1626,4.348E5,1.048E4,1.256E4,4.348E5,0.0163,2.1333,3.9233,,,3,1
1693,4.1341,4.106,4.183,585.23136,585.22723,585.2326,8.65E5,2.166E4,1.013E4,8.65E5,1,1,,,,,,,,,,DETECTED,585.23136,585.22723,585.2326,4.1341,4.106,4.183,8.65E5,2.166E4,1.013E4,8.65E5,0.021,1.8286,2.387,1,-0.0035,3,1
1695,4.1444,4.1163,4.1772,501.13796,501.13687,501.1412,1.636E5,4.431E3,1.78E4,1.636E5,0,1,107,,,,,,,,,DETECTED,501.13796,501.13687,501.1412,4.1444,4.1163,4.1772,1.636E5,4.431E3,1.78E4,1.636E5,0.0235,1.0844,1.3429,,,2,1
1696,4.1444,4.1266,4.1888,567.16854,567.16595,567.17395,2.936E5,6.05E3,1.278E4,2.936E5,1,1,107,,,,,,,,,DETECTED,567.16854,567.16595,567.17395,4.1444,4.1266,4.1888,2.936E5,6.05E3,1.278E4,2.936E5,0.0175,1.5461,1.5392,1,0.0069,3,1
1697,4.1489,4.1266,4.2695,471.12743,471.12445,471.12933,4.238E5,1.507E4,1.412E4,4.238E5,1,1,,,,,,,,,,DETECTED,471.12743,471.12445,471.12933,4.1489,4.1266,4.2695,4.238E5,1.507E4,1.412E4,4.238E5,0.022,2.6652,4.0674,1,0.004,3,1
1698,4.1489,4.1221,4.1933,493.22698,493.22476,493.23032,6.187E4,1.967E3,8.435E3,6.187E4,0,1,107,,,,,,,,,DETECTED,493.22698,493.22476,493.23032,4.1489,4.1221,4.1933,6.187E4,1.967E3,8.435E3,6.187E4,0.0185,1.3259,1.7904,,,2,1
1699,4.1717,4.106,4.2561,461.23742,461.23444,461.24121,8.555E4,3.076E3,7.262E3,8.555E4,0,1,,,,,,,,,,DETECTED,461.23742,461.23444,461.24121,4.1717,4.106,4.2561,8.555E4,3.076E3,7.262E3,8.555E4,0.0205,0.7395,1.5505,,,2,1
1700,4.1772,4.1581,4.2219,535.25198,535.24982,535.25452,6.894E4,1.811E3,7.911E3,6.894E4,0,1,,,,,,,,,,DETECTED,535.25198,535.24982,535.25452,4.1772,4.1581,4.2219,6.894E4,1.811E3,7.911E3,6.894E4,0.025,1.6651,2.2045,,,2,1
1701,4.183,4.1672,4.2099,453.22392,453.22012,453.22534,6.708E4,1.4E3,1.333E4,6.708E4,0,1,151,19,[M+Cl]-,2,418.25514,1701;1705,,,,DETECTED,453.22392,453.22012,453.22534,4.183,4.1672,4.2099,6.708E4,1.4E3,1.333E4,6.708E4,0.0179,1.3485,1.6472,,,3,1
1703,4.1888,4.0396,4.7533,323.0123,323.01102,323.01364,1.195E5,5.839E4,3.683E4,1.195E5,0,1,,,,,,,,,,DETECTED,323.0123,323.01102,323.01364,4.1888,4.0396,4.7533,1.195E5,5.839E4,3.683E4,1.195E5,0.6434,2.3928,3.7855,,,6,1
1705,4.1888,4.1386,4.2561,463.25396,463.25064,463.2543,4.227E6,8.937E4,2.437E4,4.227E6,1,1,151,19,[M+FA]-,2,418.25514,1701;1705,,,,DETECTED,463.25396,463.25064,463.2543,4.1888,4.1386,4.2561,4.227E6,8.937E4,2.437E4,4.227E6,0.0178,1.1515,0.9503,1,-0.0092,4,1
1707,4.1933,4.1772,4.2695,569.31435,569.31055,569.31573,3.301E5,1.05E4,7.951E3,3.301E5,0,1,,,,,,,,,,DETECTED,569.31435,569.31055,569.31573,4.1933,4.1772,4.2695,3.301E5,1.05E4,7.951E3,3.301E5,0.0207,2.2826,3.1615,,,3,1
1711,4.2413,4.2219,4.2752,383.13299,383.13147,383.13474,6.363E4,1.676E3,6.302E3,6.363E4,0,1,,,,,,,,,,DETECTED,383.13299,383.13147,383.13474,4.2413,4.2219,4.2752,6.363E4,1.676E3,6.302E3,6.363E4,0.0252,1.3247,1.451,,,2,1
1713,4.2458,4.1717,4.3061,447.22037,447.21649,447.22421,2.051E5,6.755E3,7.997E3,2.051E5,0,1,,,,,,,,,,DETECTED,447.22037,447.21649,447.22421,4.2458,4.1717,4.3061,2.051E5,6.755E3,7.997E3,2.051E5,0.0203,0.8845,0.9609,,,3,1
1715,4.2458,4.1933,4.3243,493.22829,493.22543,493.22867,3.65E6,1.453E5,1.158E4,3.65E6,1,1,,,,,,,,,,DETECTED,493.22829,493.22543,493.22867,4.2458,4.1933,4.3243,3.65E6,1.453E5,1.158E4,3.65E6,0.0218,1.042,0.8125,1,-0.0336,4,1
1718,4.2516,4.0145,4.5195,308.99643,308.9957,308.99747,1.221E5,4.139E4,3.267E4,1.221E5,0,1,,,,,,,,,,DETECTED,308.99643,308.9957,308.99747,4.2516,4.0145,4.5195,1.221E5,4.139E4,3.267E4,1.221E5,0.2986,1.065,1.13,,,12,1
1719,4.2516,4.231,4.3152,585.23049,585.22687,585.23236,3.867E5,1.089E4,2.639E4,3.867E5,1,1,,,,,,,,,,DETECTED,585.23049,585.22687,585.23236,4.2516,4.231,4.3152,3.867E5,1.089E4,2.639E4,3.867E5,0.0206,2.7715,3.1466,1,0.0087,3,1
1722,4.2637,4.2458,4.3004,445.14749,445.14487,445.15042,1.291E5,2.722E3,7.881E3,1.291E5,0,1,,,,,,,,,,DETECTED,445.14749,445.14487,445.15042,4.2637,4.2458,4.3004,1.291E5,2.722E3,7.881E3,1.291E5,0.0192,1.2567,2.2853,,,2,1
1724,4.2798,4.2561,4.3107,207.10009,207.09967,207.10036,9.525E4,2.356E3,1.197E4,9.525E4,0,1,146,,,,,,,,,DETECTED,207.10009,207.09967,207.10036,4.2798,4.2561,4.3107,9.525E4,2.356E3,1.197E4,9.525E4,0.0221,1.1526,1.2513,,,2,1
1725,4.2798,4.2458,4.395,225.11082,225.11041,225.11156,2.652E5,8.419E3,8.527E3,2.652E5,1,1,146,,,,,,,,,DETECTED,225.11082,225.11041,225.11156,4.2798,4.2458,4.395,2.652E5,8.419E3,8.527E3,2.652E5,0.0237,2.8539,1.844,1,0.0023,2,1
1726,4.2855,4.2695,4.3152,445.05747,445.05551,445.05829,6.519E4,1.333E3,7.547E3,6.519E4,0,1,,,,,,,,,,DETECTED,445.05747,445.05551,445.05829,4.2855,4.2695,4.3152,6.519E4,1.333E3,7.547E3,6.519E4,0.0185,1.4257,2.3296,,,2,1
1729,4.3347,4.3152,4.3859,471.12798,471.1257,471.12997,5.712E4,1.669E3,7.435E3,5.712E4,0,1,,,,,,,,,,DETECTED,471.12798,471.1257,471.12997,4.3347,4.3152,4.3859,5.712E4,1.669E3,7.435E3,5.712E4,0.0238,1.8209,2.623,,,2,1
1731,4.3505,4.3243,4.3905,493.22659,493.22409,493.23062,2.172E5,5.938E3,1.555E4,2.172E5,0,1,,,,,,,,,,DETECTED,493.22659,493.22409,493.23062,4.3505,4.3243,4.3905,2.172E5,5.938E3,1.555E4,2.172E5,0.0232,1.7972,1.2649,,,3,1
1733,4.3653,4.3505,4.395,469.22702,469.22391,469.22891,6.984E4,1.53E3,9.496E3,6.984E4,0,1,54,,,,,,,,,DETECTED,469.22702,469.22391,469.22891,4.3653,4.3505,4.395,6.984E4,1.53E3,9.496E3,6.984E4,0.0217,1.5007,1.7968,,,2,1
1734,4.3653,4.3505,4.3905,507.20499,507.20309,507.20618,5.475E4,1.007E3,8.683E3,5.475E4,0,1,54,,,,,,,,,DETECTED,507.20499,507.20309,507.20618,4.3653,4.3505,4.3905,5.475E4,1.007E3,8.683E3,5.475E4,0.222,1.3475,1.528,,,2,1
1736,4.3744,4.355,4.4588,449.27288,449.27121,449.27579,4.266E5,1.244E4,8.007E3,4.266E5,1,1,,,,,,,,,,DETECTED,449.27288,449.27121,449.27579,4.3744,4.355,4.4588,4.266E5,1.244E4,8.007E3,4.266E5,0.0589,2.9394,1.5535,1,0.0023,3,1
1737,4.3996,4.3802,4.4394,679.36305,679.36053,679.36646,1.041E5,2.43E3,7.798E3,1.041E5,0,1,,,,,,,,,,DETECTED,679.36305,679.36053,679.36646,4.3996,4.3802,4.4394,1.041E5,2.43E3,7.798E3,1.041E5,0.0221,1.525,2.0735,,,3,1
1738,4.4099,4.3905,4.4588,493.22704,493.22516,493.23062,6.341E5,1.47E4,1.555E4,6.341E5,1,1,121,,,,,,,,,DETECTED,493.22704,493.22516,493.23062,4.4099,4.3905,4.4588,6.341E5,1.47E4,1.555E4,6.341E5,0.0194,1.9056,2.2028,1,0.004,3,1
1739,4.4099,4.3744,4.4588,643.23431,643.22986,643.23792,2.589E5,7.769E3,1.259E4,2.589E5,1,1,121,,,,,,,,,DETECTED,643.23431,643.22986,643.23792,4.4099,4.3744,4.4588,2.589E5,7.769E3,1.259E4,2.589E5,0.0245,1.366,1.6203,1,0.0057,3,1
1740,4.4531,4.2053,4.8579,246.99868,246.99825,246.99902,1.367E5,5.496E4,3.117E4,1.367E5,0,1,,,,,,,,,,DETECTED,246.99868,246.99825,246.99902,4.4531,4.2053,4.8579,1.367E5,5.496E4,3.117E4,1.367E5,0.3752,1.317,1.6339,,,13,1
1741,4.4634,4.4337,4.5029,613.22518,613.22278,613.22772,3.78E5,9.204E3,7.536E3,3.78E5,0,1,133,,,,,,,,,DETECTED,613.22518,613.22278,613.22772,4.4634,4.4337,4.5029,3.78E5,9.204E3,7.536E3,3.78E5,0.0232,1.5104,1.3637,,,3,1
1742,4.4634,4.4394,4.5029,709.37368,709.37054,709.37726,1.727E5,4.003E3,1.163E4,1.727E5,0,1,133,,,,,,,,,DETECTED,709.37368,709.37054,709.37726,4.4634,4.4394,4.5029,1.727E5,4.003E3,1.163E4,1.727E5,0.0237,1.1743,1.1463,,,3,1
1743,4.4754,4.4394,4.5149,469.22694,469.22369,469.22903,1.662E5,3.787E3,8.866E3,1.662E5,0,1,,,,,,,,,,DETECTED,469.22694,469.22369,469.22903,4.4754,4.4394,4.5149,1.662E5,3.787E3,8.866E3,1.662E5,0.0185,1.0764,1.1406,,,2,1
1744,4.4799,4.4588,4.5195,449.27241,449.27112,449.2746,8.309E4,2.088E3,7.07E3,8.309E4,0,1,138,,,,,,,,,DETECTED,449.27241,449.27112,449.2746,4.4799,4.4588,4.5195,8.309E4,2.088E3,7.07E3,8.309E4,0.0205,1.4339,1.9313,,,2,1
1745,4.4799,4.4634,4.5029,519.25749,519.25653,519.2583,7.452E4,1.657E3,2.043E4,7.452E4,0,1,138,,,,,,,,,DETECTED,519.25749,519.25653,519.2583,4.4799,4.4634,4.5029,7.452E4,1.657E3,2.043E4,7.452E4,0.0222,1.1917,1.3834,,,2,1
1746,4.489,4.4708,4.5686,835.38752,835.38025,835.3927,4.26E5,9.804E3,1.014E4,4.26E5,1,1,70,20,[M-H]-,2,836.39485,1746;1747,,,,DETECTED,835.38752,835.38025,835.3927,4.489,4.4708,4.5686,4.26E5,9.804E3,1.014E4,4.26E5,0.0192,2.0618,2.1085,1,0.0041,4,1
1747,4.489,4.4634,4.5252,881.3931,881.38696,881.39569,4.576E5,9.876E3,9.041E3,4.576E5,1,1,70,20,[M+FA]-,2,836.39485,1746;1747,,,,DETECTED,881.3931,881.38696,881.39569,4.489,4.4634,4.5252,4.576E5,9.876E3,9.041E3,4.576E5,0.019,1.4621,1.9621,1,0.0024,4,1
1751,4.5343,4.5195,4.5629,643.23324,643.22833,643.23572,5.266E4,1.205E3,1.19E4,5.266E4,0,1,,,,,,,,,,DETECTED,643.23324,643.22833,643.23572,4.5343,4.5195,4.5629,5.266E4,1.205E3,1.19E4,5.266E4,0.0222,1.4599,1.9199,,,2,1
1752,4.5629,4.5343,4.616,839.30145,839.2984,839.30859,1.186E5,2.849E3,6.682E3,1.186E5,0,1,,,,,,,,,,DETECTED,839.30145,839.2984,839.30859,4.5629,4.5343,4.616,1.186E5,2.849E3,6.682E3,1.186E5,0.0219,1.3326,1.6941,,,2,1
1754,4.5732,4.5298,4.6114,481.22667,481.22342,481.23105,1.224E5,2.969E3,1.054E4,1.224E5,0,1,,,,,,,,,,DETECTED,481.22667,481.22342,481.23105,4.5732,4.5298,4.6114,1.224E5,2.969E3,1.054E4,1.224E5,0.0189,1.0508,0.6784,,,3,1
1755,4.5935,4.5686,4.6366,403.19459,403.19272,403.19516,2.595E5,6.347E3,1.475E4,2.595E5,0,1,,,,,,,,,,DETECTED,403.19459,403.19272,403.19516,4.5935,4.5686,4.6366,2.595E5,6.347E3,1.475E4,2.595E5,0.0204,1.4998,1.4384,,,3,1
1761,4.6548,4.6038,4.7236,553.35608,553.35266,553.35999,1.011E5,3.28E3,7.304E3,1.011E5,0,1,95,,,,,,,,,DETECTED,553.35608,553.35266,553.35999,4.6548,4.6038,4.7236,1.011E5,3.28E3,7.304E3,1.011E5,0.0165,1.0239,2.12,,,2,1
1762,4.6548,4.632,4.6978,583.21561,583.20984,583.22052,9.804E4,2.338E3,6.814E3,9.804E4,0,1,95,,,,,,,,,DETECTED,583.21561,583.20984,583.22052,4.6548,4.632,4.6978,9.804E4,2.338E3,6.814E3,9.804E4,0.0195,1.5685,1.2179,,,2,1
1763,4.6548,4.632,4.7385,833.37086,833.36444,833.37708,1.439E5,4.604E3,1.062E4,1.439E5,0,1,95,,,,,,,,,DETECTED,833.37086,833.36444,833.37708,4.6548,4.632,4.7385,1.439E5,4.604E3,1.062E4,1.439E5,0.0223,1.8805,3.3951,,,3,1
1764,4.6548,4.632,4.7115,851.38318,851.3775,851.38477,6.233E5,1.553E4,1.346E4,6.233E5,0,1,95,,,,,,,,,DETECTED,851.38318,851.3775,851.38477,4.6548,4.632,4.7115,6.233E5,1.553E4,1.346E4,6.233E5,0.0199,1.8095,2.5896,,,4,1
1768,4.6548,4.6411,4.6933,898.38578,898.37848,898.38873,6.382E4,1.395E3,1.001E4,6.382E4,0,1,95,,,,,,,,,DETECTED,898.38578,898.37848,898.38873,4.6548,4.6411,4.6933,6.382E4,1.395E3,1.001E4,6.382E4,0.018,1.9103,3.605,,,3,1
1769,4.6709,4.6457,4.7024,839.3018,839.29602,839.30682,6.046E4,1.686E3,8.842E3,6.046E4,0,1,,,,,,,,,,DETECTED,839.3018,839.29602,839.30682,4.6709,4.6457,4.7024,6.046E4,1.686E3,8.842E3,6.046E4,0.0258,1.1236,1.3589,,,3,1
1771,4.6784,4.6606,4.7069,695.39454,695.39172,695.39771,9.309E4,2.054E3,1.21E4,9.309E4,0,1,,,,,,,,,,DETECTED,695.39454,695.39172,695.39771,4.6784,4.6606,4.7069,9.309E4,2.054E3,1.21E4,9.309E4,0.0207,1.2993,1.4142,,,3,1
1773,4.716,4.6663,4.7579,809.29372,809.28894,809.29846,3.45E5,8.963E3,7.713E3,3.45E5,0,1,125,,,,,,,,,DETECTED,809.29372,809.28894,809.29846,4.716,4.6663,4.7579,3.45E5,8.963E3,7.713E3,3.45E5,0.0225,1.2345,2.5215,,,4,1
1774,4.7236,4.6978,4.8005,223.09518,223.0945,223.09579,1.038E5,3.374E3,7.302E3,1.038E5,0,1,125,,,,,,,,,DETECTED,223.09518,223.0945,223.09579,4.7236,4.6978,4.8005,1.038E5,3.374E3,7.302E3,1.038E5,0.0254,1.8923,2.1261,,,2,1
1775,4.7294,4.7115,4.7782,349.18457,349.18356,349.18631,1.414E5,3.405E3,7.105E3,1.414E5,0,1,,,,,,,,,,DETECTED,349.18457,349.18356,349.18631,4.7294,4.7115,4.7782,1.414E5,3.405E3,7.105E3,1.414E5,0.0239,1.7708,1.491,,,2,1
1776,4.7442,4.6933,4.8096,327.21574,327.21402,327.21857,7.114E4,2.646E3,7.245E3,7.114E4,0,1,,,,,,,,,,DETECTED,327.21574,327.21402,327.21857,4.7442,4.6933,4.8096,7.114E4,2.646E3,7.245E3,7.114E4,0.0228,1.1417,1.28,,,2,1
1777,4.7488,4.6263,4.9886,279.00543,279.00485,279.00626,1.68E5,2.408E4,2.261E4,1.68E5,0,1,,,,,,,,,,DETECTED,279.00543,279.00485,279.00626,4.7488,4.6263,4.9886,1.68E5,2.408E4,2.261E4,1.68E5,0.1044,1.4783,1.8147,,,15,1
1778,4.7782,4.7533,4.8172,695.3939,695.38995,695.39703,1.38E5,3.433E3,1.153E4,1.38E5,0,1,,,,,,,,,,DETECTED,695.3939,695.38995,695.39703,4.7782,4.7533,4.8172,1.38E5,3.433E3,1.153E4,1.38E5,0.0231,1.4245,1.58,,,3,1
1779,4.7857,4.7679,4.8383,357.18931,357.18768,357.19122,6.2E4,1.578E3,8.265E3,6.2E4,0,1,36,21,[M-H]-,2,358.19676,1779;1780,,,,DETECTED,357.18931,357.18768,357.19122,4.7857,4.7679,4.8383,6.2E4,1.578E3,8.265E3,6.2E4,0.0195,1.9845,2.6745,,,3,1
1780,4.7902,4.7634,4.9319,403.19514,403.19208,403.19687,1.653E6,5.084E4,6.711E3,1.653E6,1,1,36,21,[M+FA]-,2,358.19676,1779;1780,,,,DETECTED,403.19514,403.19208,403.19687,4.7902,4.7634,4.9319,1.653E6,5.084E4,6.711E3,1.653E6,0.0231,1.6304,2.0664,1,-0.0097,3,1
1781,4.7902,4.7679,4.8383,469.16671,469.16425,469.16943,5.485E4,1.833E3,1.177E4,5.485E4,0,1,36,,,,,,,,,DETECTED,469.16671,469.16425,469.16943,4.7902,4.7679,4.8383,5.485E4,1.833E3,1.177E4,5.485E4,0.0256,1.5792,2.1585,,,2,1
1785,4.8172,4.7902,4.8476,673.34111,673.33698,673.34277,1.367E6,3.149E4,4.104E4,1.367E6,1,1,9,22,[M-H]-,2,674.34773,1788;1785,,,,DETECTED,673.34111,673.33698,673.34277,4.8172,4.7902,4.8476,1.367E6,3.149E4,4.104E4,1.367E6,0.0215,1.2542,1.3306,1,-0.0052,4,1
1787,4.8172,4.796,4.8533,709.31132,709.3092,709.31464,9.686E4,2.492E3,7.501E3,9.686E4,0,1,9,,,,,,,,,DETECTED,709.31132,709.3092,709.31464,4.8172,4.796,4.8533,9.686E4,2.492E3,7.501E3,9.686E4,0.0246,1.2632,1.6326,,,3,1
1788,4.8172,4.796,4.8579,719.34527,719.34015,719.34662,1.216E6,3.061E4,8.097E4,1.216E6,1,1,9,22,[M+FA]-,2,674.34773,1788;1785,,,,DETECTED,719.34527,719.34015,719.34662,4.8172,4.796,4.8579,1.216E6,3.061E4,8.097E4,1.216E6,0.0223,1.4479,1.6478,1,-0.0035,3,1
1790,4.8172,4.796,4.8533,787.326,787.32422,787.3288,7.082E4,1.962E3,9.035E3,7.082E4,0,1,9,,,,,,,,,DETECTED,787.326,787.32422,787.3288,4.8172,4.796,4.8533,7.082E4,1.962E3,9.035E3,7.082E4,0.0254,1.3522,1.9298,,,2,1
1791,4.8217,4.3301,4.9691,341.00243,341.00156,341.00378,1.234E5,4.48E4,3.531E4,1.234E5,0,1,,,,,,,,,,DETECTED,341.00243,341.00156,341.00378,4.8217,4.3301,4.9691,1.234E5,4.48E4,3.531E4,1.234E5,0.4053,0.6499,0.2998,,,3,1
1794,4.8263,4.8005,4.867,867.37607,867.37085,867.38184,2.195E5,4.901E3,6.871E3,2.195E5,0,1,147,,,,,,,,,DETECTED,867.37607,867.37085,867.38184,4.8263,4.8005,4.867,2.195E5,4.901E3,6.871E3,2.195E5,0.0194,1.4507,1.461,,,3,1
1795,4.8263,4.7442,4.8624,879.37326,879.36633,879.38098,6.933E4,3.839E3,6.673E3,6.933E4,0,1,9,,,,,,,,,DETECTED,879.37326,879.36633,879.38098,4.8263,4.7442,4.8624,6.933E4,3.839E3,6.673E3,6.933E4,0.0465,0.6823,0.3267,,,2,1
1798,4.8308,4.8051,4.8715,809.29306,809.28937,809.30292,7.313E4,1.877E3,7.406E3,7.313E4,0,1,147,,,,,,,,,DETECTED,809.29306,809.28937,809.30292,4.8308,4.8051,4.8715,7.313E4,1.877E3,7.406E3,7.313E4,0.0219,1.2902,1.5966,,,2,1
1799,4.8383,4.8217,4.8715,242.17375,242.17336,242.17429,6.338E4,1.598E3,1.127E4,6.338E4,0,1,3,,,,,,,,,DETECTED,242.17375,242.17336,242.17429,4.8383,4.8217,4.8715,6.338E4,1.598E3,1.127E4,6.338E4,0.0237,1.4992,2.0613,,,2,1
1800,4.8476,4.8263,4.8979,483.24291,483.24188,483.2442,3.981E5,9.13E3,7.649E3,3.981E5,1,1,3,,,,,,,,,DETECTED,483.24291,483.24188,483.2442,4.8476,4.8263,4.8979,3.981E5,9.13E3,7.649E3,3.981E5,0.0255,1.2837,1.2551,1,-0.0035,4,1
1803,4.8818,4.8533,4.9828,227.12668,227.12538,227.12772,1.545E6,3.808E4,7.064E3,1.545E6,1,1,,,,,,,,,,DETECTED,227.12668,227.12538,227.12772,4.8818,4.8533,4.9828,1.545E6,3.808E4,7.064E3,1.545E6,0.0221,1.6393,1.4488,1,-0.008,3,1
1806,4.9543,4.9364,4.9828,437.23565,437.23383,437.23685,7.573E4,1.334E3,7.936E3,7.573E4,0,1,78,,,,,,,,,DETECTED,437.23565,437.23383,437.23685,4.9543,4.9364,4.9828,7.573E4,1.334E3,7.936E3,7.573E4,0.0158,1.2975,1.8204,,,2,1
1807,4.9543,4.8979,5.0303,483.24282,483.23944,483.24704,9.13E5,1.913E4,7.649E3,9.13E5,1,1,78,,,,,,,,,DETECTED,483.24282,483.23944,483.24704,4.9543,4.8979,5.0303,9.13E5,1.913E4,7.649E3,9.13E5,0.0151,1.3236,0.6156,1,-0.0035,3,1
1810,5.0023,4.9782,5.0612,213.14718,213.14592,213.14743,2.071E5,4.744E3,6.947E3,2.071E5,0,1,32,,,,,,,,,DETECTED,213.14718,213.14592,213.14743,5.0023,4.9782,5.0612,2.071E5,4.744E3,6.947E3,2.071E5,0.0197,1.7071,2.0281,,,2,1
1815,5.0023,4.9467,5.3371,264.98985,264.98895,264.99023,4.062E5,4.251E4,2.08E4,4.062E5,2,1,,,,,,,,,,DETECTED,264.98985,264.98895,264.99023,5.0023,4.9467,5.3371,4.062E5,4.251E4,2.08E4,4.062E5,0.0767,3.2714,3.9409,2,-0.0172,13,1
1818,5.0023,4.7024,5.1415,373.00907,373.00754,373.01056,1.221E5,2.596E4,2.978E4,1.221E5,0,1,32,,,,,,,,,DETECTED,373.00907,373.00754,373.01056,5.0023,4.7024,5.1415,1.221E5,2.596E4,2.978E4,1.221E5,0.1308,0.732,0.464,,,3,1
1822,5.0023,4.941,5.0451,671.32356,671.3186,671.32684,7.923E5,1.803E4,9.893E3,7.923E5,1,1,32,,,,,,,,,DETECTED,671.32356,671.3186,671.32684,5.0023,4.941,5.0451,7.923E5,1.803E4,9.893E3,7.923E5,0.0178,2.2268,1.3442,1,-0.0035,3,1
1823,5.0023,4.9737,5.0348,689.33651,689.33173,689.33795,3.241E6,6.174E4,4.916E4,3.241E6,1,1,32,,,,,,,,,DETECTED,689.33651,689.33173,689.33795,5.0023,4.9737,5.0348,3.241E6,6.174E4,4.916E4,3.241E6,0.0161,1.238,1.1016,1,-0.0069,4,1
1826,5.0023,4.9543,5.0554,717.3254,717.32214,717.3299,1.285E5,4.307E3,8.699E3,1.285E5,0,1,32,,,,,,,,,DETECTED,717.3254,717.32214,717.3299,5.0023,4.9543,5.0554,1.285E5,4.307E3,8.699E3,1.285E5,0.021,1.0994,1.2012,,,2,1
1828,5.0023,4.9737,5.0806,735.33553,735.33026,735.34137,4.162E5,9.288E3,7.978E3,4.162E5,0,1,32,,,,,,,,,DETECTED,735.33553,735.33026,735.34137,5.0023,4.9737,5.0806,4.162E5,9.288E3,7.978E3,4.162E5,0.0167,1.4875,2.8961,,,3,1
1829,5.0023,4.9828,5.0303,803.32034,803.31647,803.32361,7.648E4,1.691E3,8.492E3,7.648E4,0,1,32,,,,,,,,,DETECTED,803.32034,803.31647,803.32361,5.0023,4.9828,5.0303,7.648E4,1.691E3,8.492E3,7.648E4,0.0219,1.2166,1.2212,,,2,1
1831,5.1209,5.0703,5.2624,296.99622,296.99597,296.99667,2.758E5,2.178E4,1.714E4,2.758E5,1,1,,,,,,,,,,DETECTED,296.99622,296.99597,296.99667,5.1209,5.0703,5.2624,2.758E5,2.178E4,1.714E4,2.758E5,0.0508,1.8777,3.9481,1,-0.008,14,1
1834,5.1839,5.1597,5.2124,651.29527,651.29272,651.29822,5.298E4,1.151E3,6.714E3,5.298E4,0,1,84,,,,,,,,,DETECTED,651.29527,651.29272,651.29822,5.1839,5.1597,5.2124,5.298E4,1.151E3,6.714E3,5.298E4,0.0177,1.0892,0.8841,,,2,1
1836,5.1839,5.076,5.2124,671.32152,671.31879,671.32611,1.174E5,7.36E3,2.7E4,1.174E5,0,1,97,23,[M-H]-,2,672.32853,1840;1836,,,,DETECTED,671.32152,671.31879,671.32611,5.1839,5.076,5.2124,1.174E5,7.36E3,2.7E4,1.174E5,0.0376,0.6322,0.2643,,,2,1
1837,5.1839,5.1266,5.3028,687.31772,687.31354,687.3208,7.01E5,2.098E4,1.551E4,7.01E5,1,1,84,,,,,,,,,DETECTED,687.31772,687.31354,687.3208,5.1839,5.1266,5.3028,7.01E5,2.098E4,1.551E4,7.01E5,0.0184,2.7171,1.4331,1,-0.0052,4,1
1838,5.1839,5.1551,5.2432,705.32745,705.32324,705.33038,5.445E5,1.315E4,1.697E4,5.445E5,0,1,84,,,,,,,,,DETECTED,705.32745,705.32324,705.33038,5.1839,5.1551,5.2432,5.445E5,1.315E4,1.697E4,5.445E5,0.0183,1.3268,1.1934,,,3,1
1839,5.1839,5.1088,5.2329,733.32005,733.31281,733.32336,2.198E5,6.715E3,8.747E3,2.198E5,0,1,84,,,,,,,,,DETECTED,733.32005,733.31281,733.32336,5.1839,5.1088,5.2329,2.198E5,6.715E3,8.747E3,2.198E5,0.0187,0.9663,1.9985,,,4,1
1840,5.1987,5.0554,5.2569,717.32647,717.32227,717.33038,2.491E5,1.764E4,1.09E4,2.491E5,0,1,97,23,[M+FA]-,2,672.32853,1840;1836,,,,DETECTED,717.32647,717.32227,717.33038,5.1987,5.0554,5.2569,2.491E5,1.764E4,1.09E4,2.491E5,0.0472,0.6741,0.795,,,3,1
1844,5.2983,5.1745,5.3529,865.39535,865.39105,865.40009,8.302E4,4.702E3,7.49E3,8.302E4,0,1,,,,,,,,,,DETECTED,865.39535,865.39105,865.40009,5.2983,5.1745,5.3529,8.302E4,4.702E3,7.49E3,8.302E4,0.0423,0.7399,0.4045,,,3,1
1845,5.3165,4.9691,5.6097,287.01115,287.01038,287.01202,7.364E4,3.139E4,1.804E4,7.364E4,0,1,,,,,,,,,,DETECTED,287.01115,287.01038,287.01202,5.3165,4.9691,5.6097,7.364E4,3.139E4,1.804E4,7.364E4,0.5648,0.922,0.844,,,14,1
1846,5.3575,5.3211,5.4703,240.98834,240.9875,240.98875,1.832E5,1.095E4,2.478E4,1.832E5,0,1,123,,,,,,,,,DETECTED,240.98834,240.9875,240.98875,5.3575,5.3211,5.4703,1.832E5,1.095E4,2.478E4,1.832E5,0.0455,2.0497,1.9779,,,11,1
1847,5.3575,5.2983,5.4202,789.41702,789.41266,789.42188,6.31E4,3.658E3,8.968E3,6.31E4,0,1,,,,,,,,,,DETECTED,789.41702,789.41266,789.42188,5.3575,5.2983,5.4202,6.31E4,3.658E3,8.968E3,6.31E4,0.0538,1.0304,1.0757,,,2,1
1848,5.3666,5.3165,5.4463,251.09017,251.08911,251.0909,6.711E4,2.907E3,6.91E3,6.711E4,0,1,123,,,,,,,,,DETECTED,251.09017,251.08911,251.0909,5.3666,5.3165,5.4463,6.711E4,2.907E3,6.91E3,6.711E4,0.033,1.2966,1.6451,,,2,1
1849,5.3802,5.3028,5.4054,687.31651,687.31451,687.31903,2.468E5,9.619E3,4.295E4,2.468E5,0,1,,,,,,,,,,DETECTED,687.31651,687.31451,687.31903,5.3802,5.3028,5.4054,2.468E5,9.619E3,4.295E4,2.468E5,0.0241,0.6625,0.296,,,2,1
1851,5.4202,5.3757,5.6867,193.08433,193.08321,193.08459,1.244E6,4.474E4,7.667E3,1.244E6,1,1,120,,,,,,,,,DETECTED,193.08433,193.08321,193.08459,5.4202,5.3757,5.6867,1.244E6,4.474E4,7.667E3,1.244E6,0.0246,1.9818,1.7048,1,-0.008,3,1
1854,5.4202,5.3996,5.4611,377.21621,377.21524,377.21753,1.291E5,2.657E3,1.02E4,1.291E5,0,1,120,,,,,,,,,DETECTED,377.21621,377.21524,377.21753,5.4202,5.3996,5.4611,1.291E5,2.657E3,1.02E4,1.291E5,0.0171,2.2874,1.7794,,,2,1
1856,5.4202,5.3371,5.522,835.38588,835.38098,835.39575,8.136E4,6.775E3,8.607E3,8.136E4,0,1,141,,,,,,,,,DETECTED,835.38588,835.38098,835.39575,5.4202,5.3371,5.522,8.136E4,6.775E3,8.607E3,8.136E4,0.0785,1.1126,1.2701,,,3,1
1857,5.4554,5.3417,5.5175,817.3749,817.36902,817.38074,5.479E4,4.862E3,9.606E3,5.479E4,0,1,141,,,,,,,,,DETECTED,817.3749,817.36902,817.38074,5.4554,5.3417,5.5175,5.479E4,4.862E3,9.606E3,5.479E4,0.0897,0.7729,0.3156,,,3,1
1859,5.5175,5.4748,5.6188,256.98349,256.98273,256.98419,3.21E5,1.417E4,1.146E4,3.21E5,1,1,,,,,,,,,,DETECTED,256.98349,256.98273,256.98419,5.5175,5.4748,5.6188,3.21E5,1.417E4,1.146E4,3.21E5,0.0339,1.7029,2.6178,1,-0.0035,12,1
1861,5.5608,5.5357,5.6336,177.08877,177.08833,177.08928,5.91E4,2.296E3,6.071E3,5.91E4,0,1,145,,,,,,,,,DETECTED,177.08877,177.08833,177.08928,5.5608,5.5357,5.6336,5.91E4,2.296E3,6.071E3,5.91E4,0.0327,1.9478,2.7267,,,2,1
1862,5.5608,5.5357,5.6564,253.14222,253.14149,253.14279,8.34E4,3.234E3,6.833E3,8.34E4,0,1,145,,,,,,,,,DETECTED,253.14222,253.14149,253.14279,5.5608,5.5357,5.6564,8.34E4,3.234E3,6.833E3,8.34E4,0.0297,1.9155,3.777,,,2,1
1863,5.5711,5.3996,5.6427,305.00179,305.00089,305.00259,1.231E5,1.516E4,2.669E4,1.231E5,0,1,,,,,,,,,,DETECTED,305.00179,305.00089,305.00259,5.5711,5.3996,5.6427,1.231E5,1.516E4,2.669E4,1.231E5,0.0991,0.7088,0.4175,,,15,1
1865,5.6746,5.2181,5.7977,356.99594,356.99438,356.99789,7.874E4,2.737E4,2.415E4,7.874E4,0,1,,,,,,,,,,DETECTED,356.99594,356.99438,356.99789,5.6746,5.2181,5.7977,7.874E4,2.737E4,2.415E4,7.874E4,0.2214,0.6348,0.2696,,,4,1
1866,5.6821,5.6427,5.8068,320.99621,320.99521,320.99713,8.977E4,8.586E3,2.73E4,8.977E4,0,1,,,,,,,,,,DETECTED,320.99621,320.99521,320.99713,5.6821,5.6427,5.8068,8.977E4,8.586E3,2.73E4,8.977E4,0.0714,2.0818,3.1635,,,13,1
1869,5.6912,5.6655,5.784,657.34331,657.34021,657.34747,7.504E4,4.956E3,1.717E4,7.504E4,0,1,112,24,[M-H]-,2,658.35018,1870;1869,,,,DETECTED,657.34331,657.34021,657.34747,5.6912,5.6655,5.784,7.504E4,4.956E3,1.717E4,7.504E4,0.0788,2.302,3.604,,,3,1
1870,5.6912,5.6097,5.8113,703.34799,703.34247,703.35132,2.882E5,1.671E4,9.205E3,2.882E5,0,1,112,24,[M+FA]-,2,658.35018,1870;1869,,,,DETECTED,703.34799,703.34247,703.35132,5.6912,5.6097,5.8113,2.882E5,1.671E4,9.205E3,2.882E5,0.0304,1.1725,1.9456,,,3,1
1872,5.7318,5.6912,5.9267,314.98708,314.98608,314.98792,1.527E5,8.192E3,8.927E3,1.527E5,0,1,,,,,,,,,,DETECTED,314.98708,314.98608,314.98792,5.7318,5.6912,5.9267,1.527E5,8.192E3,8.927E3,1.527E5,0.0352,2.3244,2.5208,,,17,1
1874,5.8113,5.7886,5.8773,715.34756,715.34491,715.34924,1.214E5,5.011E3,9.376E3,1.214E5,0,1,,,,,,,,,,DETECTED,715.34756,715.34491,715.34924,5.8113,5.7886,5.8773,1.214E5,5.011E3,9.376E3,1.214E5,0.0355,2.2059,3.2224,,,5,1
1875,5.8204,5.7977,5.8546,503.33426,503.33185,503.33807,5.378E4,1.53E3,9.713E3,5.378E4,0,1,,,,,,,,,,DETECTED,503.33426,503.33185,503.33807,5.8204,5.7977,5.8546,5.378E4,1.53E3,9.713E3,5.378E4,0.0257,1.2498,2.6461,,,2,1
1877,5.8819,5.8546,5.9167,503.33571,503.33322,503.33847,6.293E4,1.745E3,7.054E3,6.293E4,0,1,,,,,,,,,,DETECTED,503.33571,503.33322,503.33847,5.8819,5.8546,5.9167,6.293E4,1.745E3,7.054E3,6.293E4,0.0254,1.1366,1.0063,,,2,1
1878,5.8819,5.7977,5.9449,673.33838,673.33643,673.34039,2.714E5,2.216E4,4.861E4,2.714E5,1,1,129,25,[M-H]-,2,674.34497,1878;1879,,,,DETECTED,673.33838,673.33643,673.34039,5.8819,5.7977,5.9449,2.714E5,2.216E4,4.861E4,2.714E5,0.0811,0.8743,0.7876,1,0.0069,3,1
1879,5.8819,5.8159,5.9449,719.34249,719.33954,719.34479,2.408E5,1.674E4,4.873E4,2.408E5,0,1,129,25,[M+FA]-,2,674.34497,1878;1879,,,,DETECTED,719.34249,719.33954,719.34479,5.8819,5.8159,5.9449,2.408E5,1.674E4,4.873E4,2.408E5,0.0719,0.9776,0.9551,,,3,1
1880,5.8864,5.8637,5.961,331.24721,331.24448,331.24921,9.964E4,3.02E3,6.628E3,9.964E4,0,1,,,,,,,,,,DETECTED,331.24721,331.24448,331.24921,5.8864,5.8637,5.961,9.964E4,3.02E3,6.628E3,9.964E4,0.024,2.2908,3.7307,,,2,1
1881,5.8984,5.7546,5.9928,655.32734,655.32367,655.3324,1.307E5,1.241E4,1.143E4,1.307E5,0,1,129,,,,,,,,,DETECTED,655.32734,655.32367,655.3324,5.8984,5.7546,5.9928,1.307E5,1.241E4,1.143E4,1.307E5,0.0831,0.8328,0.747,,,3,1
1882,5.9655,5.9313,6.0724,293.17421,293.17313,293.17471,5.836E5,1.756E4,1.053E4,5.836E5,1,1,,,,,,,,,,DETECTED,293.17421,293.17313,293.17471,5.9655,5.9313,6.0724,5.836E5,1.756E4,1.053E4,5.836E5,0.0232,1.7594,1.2636,1,-0.008,3,1
1884,6.0906,6.0587,6.2538,309.16893,309.16727,309.17093,2.583E5,9.995E3,6.625E3,2.583E5,1,1,,,,,,,,,,DETECTED,309.16893,309.16727,309.17093,6.0906,6.0587,6.2538,2.583E5,9.995E3,6.625E3,2.583E5,0.0262,2.9599,3.0335,1,0.0041,2,1
1886,6.181,6.1482,6.2493,239.12653,239.12576,239.12706,8.232E4,3.154E3,6.732E3,8.232E4,0,1,,,,,,,,,,DETECTED,239.12653,239.12576,239.12706,6.181,6.1482,6.2493,8.232E4,3.154E3,6.732E3,8.232E4,0.0316,1.5783,1.6481,,,2,1
1888,6.3243,6.2593,6.4333,487.34105,487.3392,487.34631,4.706E5,2.206E4,8.028E3,4.706E5,1,1,91,26,[M-H]-,2,488.34767,1888;1889,,,,DETECTED,487.34105,487.3392,487.34631,6.3243,6.2593,6.4333,4.706E5,2.206E4,8.028E3,4.706E5,0.0324,1.1723,1.0633,1,-0.0035,3,1
1889,6.3243,6.2639,6.3856,533.34521,533.34326,533.3512,1.141E5,5.458E3,7.521E3,1.141E5,0,1,91,26,[M+FA]-,2,488.34767,1888;1889,,,,DETECTED,533.34521,533.34326,533.3512,6.3243,6.2639,6.3856,1.141E5,5.458E3,7.521E3,1.141E5,0.035,1.0415,1.0775,,,3,1
1891,6.4038,6.3617,6.7992,194.07983,194.07877,194.08005,4.161E6,1.779E5,1.11E4,4.161E6,2,1,,,,,,,,,,DETECTED,194.07983,194.07877,194.08005,6.4038,6.3617,6.7992,4.161E6,1.779E5,1.11E4,4.161E6,0.0324,1.7813,1.7554,2,-0.0217,3,1
1892,6.4233,6.3856,6.7196,293.17434,293.17319,293.17493,1.202E6,4.885E4,8.218E3,1.202E6,1,1,,,,,,,,,,DETECTED,293.17434,293.17319,293.17493,6.4233,6.3856,6.7196,1.202E6,4.885E4,8.218E3,1.202E6,0.0302,2.0286,7.4777,1,-0.0126,3,1
1893,6.4391,6.3799,6.4709,771.40757,771.40448,771.41217,1.921E5,8.679E3,6.871E3,1.921E5,0,1,116,27,[M-H]-,2,772.41444,1894;1893,,,,DETECTED,771.40757,771.40448,771.41217,6.4391,6.3799,6.4709,1.921E5,8.679E3,6.871E3,1.921E5,0.0495,0.7273,0.7377,,,4,1
1894,6.4391,6.3902,6.5402,817.41224,817.40448,817.41962,8.765E4,4.979E3,6.449E3,8.765E4,0,1,116,27,[M+FA]-,2,772.41444,1894;1893,,,,DETECTED,817.41224,817.40448,817.41962,6.4391,6.3902,6.5402,8.765E4,4.979E3,6.449E3,8.765E4,0.0696,1.5728,2.365,,,3,1
1895,6.4937,6.4709,6.5629,771.40767,771.40277,771.40991,1.183E5,5.47E3,1.278E4,1.183E5,0,1,,,,,,,,,,DETECTED,771.40767,771.40277,771.40991,6.4937,6.4709,6.5629,1.183E5,5.47E3,1.278E4,1.183E5,0.0629,2.0213,2.6869,,,3,1
1896,6.5356,6.4982,6.6968,263.16342,263.16168,263.16397,1.572E5,8.303E3,6.196E3,1.572E5,0,1,,,,,,,,,,DETECTED,263.16342,263.16168,263.16397,6.5356,6.4982,6.6968,1.572E5,8.303E3,6.196E3,1.572E5,0.0371,2.4954,3.7886,,,2,1
1897,6.572,6.5402,6.6686,266.1015,266.09958,266.10281,1.631E5,5.89E3,5.739E3,1.631E5,0,1,139,,,,,,,,,DETECTED,266.1015,266.09958,266.10281,6.572,6.5402,6.6686,1.631E5,5.89E3,5.739E3,1.631E5,0.0275,2.0165,2.2595,,,2,1
1900,6.572,6.5402,6.6185,815.39825,815.39398,815.40472,5.471E4,2.197E3,7.458E3,5.471E4,0,1,139,,,,,,,,,DETECTED,815.39825,815.39398,815.40472,6.572,6.5402,6.6185,5.471E4,2.197E3,7.458E3,5.471E4,0.0441,1.2289,1.3887,,,2,1
1904,6.664,6.6094,6.715,799.40262,799.39813,799.40643,6.018E4,2.907E3,6.543E3,6.018E4,0,1,,,,,,,,,,DETECTED,799.40262,799.39813,799.40643,6.664,6.6094,6.715,6.018E4,2.907E3,6.543E3,6.018E4,0.0452,0.9671,1.0958,,,3,1
1905,6.6731,6.6412,6.6968,687.35459,687.34833,687.35791,7.314E4,1.946E3,5.874E3,7.314E4,0,1,,,,,,,,,,DETECTED,687.35459,687.34833,687.35791,6.6731,6.6412,6.6968,7.314E4,1.946E3,5.874E3,7.314E4,0.0288,0.9055,0.9108,,,3,1
1906,6.7706,6.7423,6.8593,721.35968,721.35516,721.3631,5.111E5,1.465E4,7.222E3,5.111E5,1,1,,,,,,,,,,DETECTED,721.35968,721.35516,721.3631,6.7706,6.7423,6.8593,5.111E5,1.465E4,7.222E3,5.111E5,0.024,1.8487,2.4684,1,0.0024,3,1
1907,6.8037,6.7706,6.8639,815.39764,815.3916,815.40216,5.922E4,2.996E3,1.2E4,5.922E4,0,1,,,,,,,,,,DETECTED,815.39764,815.3916,815.40216,6.8037,6.7706,6.8639,5.922E4,2.996E3,1.2E4,5.922E4,0.099,1.407,1.8141,,,3,1
1908,6.923,6.9003,6.9649,328.24738,328.24582,328.24893,6.422E4,1.841E3,7.192E3,6.422E4,0,1,,,,,,,,,,DETECTED,328.24738,328.24582,328.24893,6.923,6.9003,6.9649,6.422E4,1.841E3,7.192E3,6.422E4,0.0228,1.4208,2.2116,,,2,1
1910,7.0569,7.016,7.1671,277.14233,277.14124,277.1434,5.464E4,3.55E3,6.939E3,5.464E4,0,1,,,,,,,,,,DETECTED,277.14233,277.14124,277.1434,7.0569,7.016,7.1671,5.464E4,3.55E3,6.939E3,5.464E4,0.0578,1.8449,3.9937,,,2,1
1912,7.3578,7.3238,7.4589,559.30933,559.30566,559.31097,4.656E5,1.402E4,6.304E3,4.656E5,0,1,,,,,,,,,,DETECTED,559.30933,559.30566,559.31097,7.3578,7.3238,7.4589,4.656E5,1.402E4,6.304E3,4.656E5,0.0268,2.067,1.1699,,,3,1
1913,7.3851,7.3475,7.6031,233.15218,233.15137,233.15292,1.14E5,9.11E3,1.395E4,1.14E5,0,1,,,,,,,,,,DETECTED,233.15218,233.15137,233.15292,7.3851,7.3475,7.6031,1.14E5,9.11E3,1.395E4,1.14E5,0.0387,3.3945,4.3745,,,2,1
1914,7.4125,7.3715,7.4783,471.34557,471.34344,471.34677,5.571E4,2.508E3,5.719E3,5.571E4,0,1,,,,,,,,,,DETECTED,471.34557,471.34344,471.34677,7.4125,7.3715,7.4783,5.571E4,2.508E3,5.719E3,5.571E4,0.0403,1.304,1.7125,,,2,1
1915,7.4829,7.4407,7.6769,221.15238,221.1512,221.15294,9.866E5,3.262E4,5.854E3,9.866E5,1,1,,,,,,,,,,DETECTED,221.15238,221.1512,221.15294,7.4829,7.4407,7.6769,9.866E5,3.262E4,5.854E3,9.866E5,0.0269,1.6507,1.9623,1,-0.008,3,1
1917,7.635,7.5658,7.7826,297.15078,297.15009,297.15225,5.271E4,5.27E3,7.652E3,5.271E4,0,1,,,,,,,,,,DETECTED,297.15078,297.15009,297.15225,7.635,7.5658,7.7826,5.271E4,5.27E3,7.652E3,5.271E4,0.0866,1.5657,2.0489,,,2,1
1918,7.6815,7.6578,7.7179,885.47468,885.46771,885.47913,6.267E4,1.727E3,7.312E3,6.267E4,0,1,57,28,[M-H]-,2,886.48244,1918;1919,,,,DETECTED,885.47468,885.46771,885.47913,7.6815,7.6578,7.7179,6.267E4,1.727E3,7.312E3,6.267E4,0.0432,1.2677,1.4355,,,3,1
1919,7.6815,7.6486,7.7042,931.48112,931.4743,931.4826,2.592E5,6.573E3,8.663E3,2.592E5,0,1,57,28,[M+FA]-,2,886.48244,1918;1919,,,,DETECTED,931.48112,931.4743,931.4826,7.6815,7.6486,7.7042,2.592E5,6.573E3,8.663E3,2.592E5,0.0296,0.9331,0.9946,,,4,1
1920,7.7689,7.7406,7.8129,931.48188,931.47467,931.48383,2.44E5,7.036E3,1.519E4,2.44E5,0,1,,,,,,,,,,DETECTED,931.48188,931.47467,931.48383,7.7689,7.7406,7.8129,2.44E5,7.036E3,1.519E4,2.44E5,0.0247,1.366,1.9779,,,4,1
1922,7.7871,7.7543,7.8129,883.4616,883.45776,883.47211,3.33E5,8.737E3,9.372E3,3.33E5,1,1,122,,,,,,,,,DETECTED,883.4616,883.45776,883.47211,7.7871,7.7543,7.8129,3.33E5,8.737E3,9.372E3,3.33E5,0.0255,0.9968,1.0038,1,0.0069,5,1
1923,7.7871,7.7598,7.8129,901.47164,901.46637,901.47339,2.272E5,6.204E3,2.717E4,2.272E5,0,1,122,,,,,,,,,DETECTED,901.47164,901.46637,901.47339,7.7871,7.7598,7.8129,2.272E5,6.204E3,2.717E4,2.272E5,0.0263,0.9729,0.9748,,,4,1
1928,7.8776,7.8457,7.9345,883.46295,883.45758,883.466,3.542E5,1.053E4,2.536E4,3.542E5,0,1,131,,,,,,,,,DETECTED,883.46295,883.45758,883.466,7.8776,7.8457,7.9345,3.542E5,1.053E4,2.536E4,3.542E5,0.0483,1.3856,1.6963,,,4,1
1929,7.8776,7.8402,7.9199,901.4714,901.46735,901.47552,2.431E5,7.503E3,2.041E4,2.431E5,0,1,131,29,[M-H]-,2,902.47834,1931;1929,,,,DETECTED,901.4714,901.46735,901.47552,7.8776,7.8402,7.9199,2.431E5,7.503E3,2.041E4,2.431E5,0.0278,0.9343,1.3685,,,3,1
1931,7.8776,7.8548,7.9345,947.47621,947.47284,947.4809,2.865E5,8.136E3,1.913E4,2.865E5,0,1,131,29,[M+FA]-,2,902.47834,1931;1929,,,,DETECTED,947.47621,947.47284,947.4809,7.8776,7.8548,7.9345,2.865E5,8.136E3,1.913E4,2.865E5,0.0267,1.7388,1.5546,,,3,1
1932,8.0629,8.0264,8.1698,250.14249,250.14133,250.14294,1.509E5,5.921E3,6.595E3,1.509E5,0,1,,,,,,,,,,DETECTED,250.14249,250.14133,250.14294,8.0629,8.0264,8.1698,1.509E5,5.921E3,6.595E3,1.509E5,0.0273,1.9604,2.346,,,2,1
1933,8.072,7.8731,8.1243,311.16645,311.16544,311.1687,1.015E5,9.277E3,8.162E3,1.015E5,0,1,,,,,,,,,,DETECTED,311.16645,311.16544,311.1687,8.072,7.8731,8.1243,1.015E5,9.277E3,8.162E3,1.015E5,0.0818,0.6315,0.2552,,,2,1
1934,8.0811,8.0219,8.1334,883.46135,883.45605,883.47131,6.356E4,2.311E3,8.032E3,6.356E4,0,1,73,30,[M-H]-,2,884.46807,1934;1935,,,,DETECTED,883.46135,883.45605,883.47131,8.0811,8.0219,8.1334,6.356E4,2.311E3,8.032E3,6.356E4,0.0236,0.9421,1.1017,,,2,1
1935,8.0811,8.031,8.1106,929.46571,929.46088,929.46826,3.052E5,8.704E3,2.786E4,3.052E5,0,1,73,30,[M+FA]-,2,884.46807,1934;1935,,,,DETECTED,929.46571,929.46088,929.46826,8.0811,8.031,8.1106,3.052E5,8.704E3,2.786E4,3.052E5,0.0218,0.7777,0.8767,,,3,1
1937,8.1844,8.1197,8.3278,491.29882,491.29526,491.30203,1.796E5,9.581E3,5.855E3,1.796E5,0,1,,,,,,,,,,DETECTED,491.29882,491.29526,491.30203,8.1844,8.1197,8.3278,1.796E5,9.581E3,5.855E3,1.796E5,0.0599,1.3991,1.3128,,,3,1
1938,8.2208,8.1243,8.356,311.16648,311.16544,311.16733,9.622E4,1.268E4,1.89E4,9.622E4,0,1,,,,,,,,,,DETECTED,311.16648,311.16544,311.16733,8.2208,8.1243,8.356,9.622E4,1.268E4,1.89E4,9.622E4,0.1434,1.2,1.3999,,,3,1
1939,8.2299,8.1981,8.3083,249.14718,249.14616,249.14772,7.75E4,2.935E3,6.317E3,7.75E4,0,1,,,,,,,,,,DETECTED,249.14718,249.14616,249.14772,8.2299,8.1981,8.3083,7.75E4,2.935E3,6.317E3,7.75E4,0.0316,1.6786,2.1156,,,2,1
1941,8.3187,8.2855,8.356,769.43296,769.42889,769.44135,8.729E5,2.71E4,8.833E3,8.729E5,1,1,,,,,,,,,,DETECTED,769.43296,769.42889,769.44135,8.3187,8.2855,8.356,8.729E5,2.71E4,8.833E3,8.729E5,0.0283,1.3343,1.8418,1,-0.0035,4,1
1944,8.3891,8.356,8.476,769.43288,769.42755,769.43488,1.108E6,3.23E4,4.365E4,1.108E6,1,1,,,,,,,,,,DETECTED,769.43288,769.42755,769.43488,8.3891,8.356,8.476,1.108E6,3.23E4,4.365E4,1.108E6,0.0216,1.6143,1.0951,1,-0.0126,4,1
1946,8.4162,8.3515,8.4445,721.41205,721.40552,721.41376,5.627E5,1.893E4,7.043E3,5.627E5,1,1,105,,,,,,,,,DETECTED,721.41205,721.40552,721.41376,8.4162,8.3515,8.4445,5.627E5,1.893E4,7.043E3,5.627E5,0.0276,0.9653,1.0543,1,-0.0052,4,1
1947,8.4162,8.38,8.4445,739.42144,739.41809,739.42297,4.22E5,1.317E4,1.002E4,4.22E5,1,1,105,,,,,,,,,DETECTED,739.42144,739.41809,739.42297,8.4162,8.38,8.4445,4.22E5,1.317E4,1.002E4,4.22E5,0.0264,1.0156,1.0914,1,-0.0035,4,1
1948,8.4162,8.3742,8.4445,767.41401,767.41052,767.42053,8.382E4,2.966E3,6.281E3,8.382E4,0,1,105,,,,,,,,,DETECTED,767.41401,767.41052,767.42053,8.4162,8.3742,8.4445,8.382E4,2.966E3,6.281E3,8.382E4,0.0396,0.852,0.8891,,,2,1
1949,8.4208,8.3891,8.449,775.39422,775.38605,775.39728,6.356E4,2.067E3,1.115E4,6.356E4,0,1,105,,,,,,,,,DETECTED,775.39422,775.38605,775.39728,8.4208,8.3891,8.449,6.356E4,2.067E3,1.115E4,6.356E4,0.0351,0.9471,0.9189,,,4,1
1951,8.4208,8.3742,8.4445,786.42947,786.42432,786.43073,5.951E5,1.832E4,9.923E3,5.951E5,0,1,105,,,,,,,,,DETECTED,786.42947,786.42432,786.43073,8.4208,8.3742,8.4445,5.951E5,1.832E4,9.923E3,5.951E5,0.0262,0.8443,0.7652,,,4,1
1952,8.4208,8.3891,8.449,853.40884,853.40137,853.41382,6.353E4,2.024E3,9.543E3,6.353E4,0,1,105,,,,,,,,,DETECTED,853.40884,853.40137,853.41382,8.4208,8.3891,8.449,6.353E4,2.024E3,9.543E3,6.353E4,0.0353,0.9471,0.9225,,,3,1
1953,8.4399,8.356,8.6646,311.16641,311.16559,311.16739,1.126E5,1.257E4,9.903E3,1.126E5,0,1,,,,,,,,,,DETECTED,311.16641,311.16559,311.16739,8.4399,8.356,8.6646,1.126E5,1.257E4,9.903E3,1.126E5,0.0578,1.8389,3.1532,,,2,1
1954,8.4685,8.4445,8.6418,721.41125,721.40729,721.41412,4.812E5,1.977E4,1.145E4,4.812E5,1,1,17,,,,,,,,,DETECTED,721.41125,721.40729,721.41412,8.4685,8.4445,8.6418,4.812E5,1.977E4,1.145E4,4.812E5,0.0298,2.7018,3.4186,1,0.0041,4,1
1955,8.4685,8.4445,8.6054,739.42097,739.41516,739.42847,4.969E5,1.797E4,5.974E3,4.969E5,1,1,17,,,,,,,,,DETECTED,739.42097,739.41516,739.42847,8.4685,8.4445,8.6054,4.969E5,1.797E4,5.974E3,4.969E5,0.0285,2.2148,2.5795,1,0.0024,3,1
1958,8.4685,8.4445,8.5963,786.42874,786.42285,786.43616,4.798E5,1.803E4,7.271E3,4.798E5,0,1,17,,,,,,,,,DETECTED,786.42874,786.42285,786.43616,8.4685,8.4445,8.5963,4.798E5,1.803E4,7.271E3,4.798E5,0.0298,2.5053,2.402,,,4,1
1962,8.6509,8.6327,8.6883,750.44899,750.44653,750.45239,6.384E4,1.834E3,1.432E4,6.384E4,0,1,,,,,,,,,,DETECTED,750.44899,750.44653,750.45239,8.6509,8.6327,8.6883,6.384E4,1.834E3,1.432E4,6.384E4,0.0278,1.5257,2.0514,,,3,1
1964,8.7019,8.6418,8.8131,417.26108,417.25961,417.26532,2.598E5,1.373E4,5.095E3,2.598E5,1,1,,,,,,,,,,DETECTED,417.26108,417.25961,417.26532,8.7019,8.6418,8.8131,2.598E5,1.373E4,5.095E3,2.598E5,0.0636,1.191,0.8645,1,0.0069,3,1
1965,8.7186,8.6418,8.8504,721.41057,721.40607,721.41315,1.946E5,1.363E4,9.87E3,1.946E5,0,1,83,31,[M-H]-,2,722.41775,1965;1966,,,,DETECTED,721.41057,721.40607,721.41315,8.7186,8.6418,8.8504,1.946E5,1.363E4,9.87E3,1.946E5,0.0554,1.4636,1.9035,,,3,1
1966,8.7186,8.5362,8.8823,767.41587,767.40924,767.41852,6.745E5,4.877E4,1.47E4,6.745E5,1,1,83,31,[M+FA]-,2,722.41775,1965;1966,,,,DETECTED,767.41587,767.40924,767.41852,8.7186,8.5362,8.8823,6.745E5,4.877E4,1.47E4,6.745E5,0.054,1.0387,1.6709,1,0.05,3,1
1969,8.7186,8.6883,8.7471,879.48542,879.48352,879.49072,9.786E4,2.963E3,1.55E4,9.786E4,0,1,,,,,,,,,,DETECTED,879.48542,879.48352,879.49072,8.7186,8.6883,8.7471,9.786E4,2.963E3,1.55E4,9.786E4,0.0281,0.9695,1.0346,,,3,1
1972,8.9834,8.8959,9.072,325.18192,325.18118,325.18256,6.998E4,7.254E3,1.571E4,6.998E4,0,1,,,,,,,,,,DETECTED,325.18192,325.18118,325.18256,8.9834,8.8959,9.072,6.998E4,7.254E3,1.571E4,6.998E4,0.1186,1.0069,1.0138,,,2,1
1973,9.0207,8.956,9.072,907.48229,907.47424,907.48761,9.979E4,3.726E3,5.61E3,9.979E4,0,1,,,,,,,,,,DETECTED,907.48229,907.47424,907.48761,9.0207,8.956,9.072,9.979E4,3.726E3,5.61E3,9.979E4,0.0345,0.9786,0.9844,,,3,1
1974,9.0344,9.0061,9.1093,739.42102,739.41711,739.42529,6.556E4,3.744E3,7.976E3,6.556E4,0,1,,,,,,,,,,DETECTED,739.42102,739.41711,739.42529,9.0344,9.0061,9.1093,6.556E4,3.744E3,7.976E3,6.556E4,0.0378,1.8264,3.3957,,,2,1
1975,9.299,9.1639,9.3263,753.43657,753.43079,753.44427,2.331E5,1.139E4,5.794E3,2.331E5,0,1,,,,,,,,,,DETECTED,753.43657,753.43079,753.44427,9.299,9.1639,9.3263,2.331E5,1.139E4,5.794E3,2.331E5,0.0492,0.6343,0.4667,,,3,1
1979,9.3412,9.3127,9.3903,144.92055,144.92038,144.92065,1.307E6,4.604E4,1.406E5,1.307E6,2,1,,,,,,,,,,DETECTED,144.92055,144.92038,144.92065,9.3412,9.3127,9.3903,1.307E6,4.604E4,1.406E5,1.307E6,0.0331,1.3609,1.5191,2,-0.0126,6,1
1982,9.3412,9.072,9.3663,325.18202,325.18094,325.18295,6.715E4,9.884E3,1.63E4,6.715E4,0,1,,,,,,,,,,DETECTED,325.18202,325.18094,325.18295,9.3412,9.072,9.3663,6.715E4,9.884E3,1.63E4,6.715E4,0.2641,0.5466,0.0933,,,2,1
1983,9.3514,9.0765,9.4413,707.43163,707.42639,707.43475,3.095E5,2.937E4,5.751E3,3.095E5,1,1,149,,,,,,,,,DETECTED,707.43163,707.42639,707.43475,9.3514,9.0765,9.4413,3.095E5,2.937E4,5.751E3,3.095E5,0.0678,0.7735,0.4631,1,0.0069,3,1
1984,9.3514,9.2808,9.3948,785.42632,785.42273,785.4325,6.46E4,3.429E3,6.237E3,6.46E4,0,1,,,,,,,,,,DETECTED,785.42632,785.42273,785.4325,9.3514,9.2808,9.3948,6.46E4,3.429E3,6.237E3,6.46E4,0.0733,0.8122,0.5815,,,3,1
1985,9.3618,9.3127,9.4176,765.43522,765.43182,765.43854,1.101E5,5.395E3,7.049E3,1.101E5,0,1,149,,,,,,,,,DETECTED,765.43522,765.43182,765.43854,9.3618,9.3127,9.4176,1.101E5,5.395E3,7.049E3,1.101E5,0.0494,1.1147,1.2393,,,5,1
1986,9.4516,9.4176,9.5618,619.2521,619.24719,619.25629,3.245E5,1.315E4,9.013E3,3.245E5,0,1,,,,,,,,,,DETECTED,619.2521,619.24719,619.25629,9.4516,9.4176,9.5618,3.245E5,1.315E4,9.013E3,3.245E5,0.0328,2.2438,2.3671,,,3,1
1988,9.5709,9.5017,9.6323,867.50243,867.49738,867.50549,1.229E5,6.143E3,6.189E3,1.229E5,0,1,,,,,,,,,,DETECTED,867.50243,867.49738,867.50549,9.5709,9.5017,9.6323,1.229E5,6.143E3,6.189E3,1.229E5,0.0496,0.9745,2.1715,,,3,1
1989,9.6186,9.58,9.7889,591.258,591.25507,591.26221,5.201E5,1.855E4,5.37E3,5.201E5,1,1,,,,,,,,,,DETECTED,591.258,591.25507,591.26221,9.6186,9.58,9.7889,5.201E5,1.855E4,5.37E3,5.201E5,0.0256,2.0523,2.1915,1,-0.0035,3,1
1991,9.6596,9.6323,9.7288,867.50283,867.49744,867.51233,6.657E4,3.654E3,8.548E3,6.657E4,0,1,,,,,,,,,,DETECTED,867.50283,867.49744,867.51233,9.6596,9.6323,9.7288,6.657E4,3.654E3,8.548E3,6.657E4,0.0495,1.7667,2.5664,,,3,1
1992,10.0706,10.0059,10.1307,851.50779,851.50195,851.5116,1.609E5,8.384E3,1.119E4,1.609E5,0,1,,,,,,,,,,DETECTED,851.50779,851.50195,851.5116,10.0706,10.0059,10.1307,1.609E5,8.384E3,1.119E4,1.609E5,0.0435,0.916,0.8855,,,3,1
1993,10.3126,10.2749,10.3863,605.27423,605.27008,605.27527,8.407E5,2.013E4,1.045E4,8.407E5,0,1,98,,,,,,,,,DETECTED,605.27423,605.27008,605.27527,10.3126,10.2749,10.3863,8.407E5,2.013E4,1.045E4,8.407E5,0.0186,0.9979,1.1581,,,4,1
1994,10.3126,10.284,10.3399,607.27827,607.27643,607.28156,6.825E4,1.493E3,5.812E3,6.825E4,0,1,98,,,,,,,,,DETECTED,607.27827,607.27643,607.28156,10.3126,10.284,10.3399,6.825E4,1.493E3,5.812E3,6.825E4,0.0198,0.8442,0.8694,,,4,1
1995,10.5681,10.3954,10.7338,581.52243,581.51959,581.52686,1.105E5,1.38E4,5.445E3,1.105E5,0,1,,,,,,,,,,DETECTED,581.52243,581.51959,581.52686,10.5681,10.3954,10.7338,1.105E5,1.38E4,5.445E3,1.105E5,0.1061,1.0406,0.5428,,,3,1
1996,10.8435,10.7985,10.9208,981.57818,981.57245,981.58093,7.471E5,3.595E4,6.204E4,7.471E5,1,1,,,,,,,,,,DETECTED,981.57818,981.57245,981.58093,10.8435,10.7985,10.9208,7.471E5,3.595E4,6.204E4,7.471E5,0.0361,1.4071,1.5187,1,-0.0272,5,1
2000,11.2001,11.1761,11.3389,821.52476,821.51746,821.52985,1.716E5,9.416E3,5.041E3,1.716E5,0,1,,,,,,,,,,DETECTED,821.52476,821.51746,821.52985,11.2001,11.1761,11.3389,1.716E5,9.416E3,5.041E3,1.716E5,0.0357,2.9506,4.7187,,,7,1
2001,11.3592,11.3207,11.4196,758.53554,758.5321,758.5376,1.966E5,6.577E3,4.816E3,1.966E5,0,1,,,,,,,,,,DETECTED,758.53554,758.5321,758.5376,11.3592,11.3207,11.4196,1.966E5,6.577E3,4.816E3,1.966E5,0.0266,1.5742,1.5846,,,3,1
2002,11.4569,11.4196,11.5774,758.53496,758.53082,758.53931,1.843E5,7.982E3,8.435E3,1.843E5,0,1,,,,,,,,,,DETECTED,758.53496,758.53082,758.53931,11.4569,11.4196,11.5774,1.843E5,7.982E3,8.435E3,1.843E5,0.0331,2.088,1.9003,,,4,1
2003,11.5728,11.5364,11.5865,821.53562,821.53381,821.53693,1.573E5,3.818E3,6.834E3,1.573E5,0,1,,,,,,,,,,DETECTED,821.53562,821.53381,821.53693,11.5728,11.5364,11.5865,1.573E5,3.818E3,6.834E3,1.573E5,0.0228,0.717,0.494,,,4,1
