id,rt,rt_range:min,rt_range:max,mz,mz_range:min,mz_range:max,height,area,intensity_range:min,intensity_range:max,fragment_scans,charge,feature_group,ion_identities:iin_id,ion_identities:ion_identities,ion_identities:list_size,ion_identities:neutral_mass,ion_identities:partner_row_ids,ion_identities:iin_relationship,ion_identities:consensus_formulas,ion_identities:simple_formulas,datafile:202406251802_PMA_dbgi_003185_01_01.mzML:feature_state,datafile:202406251802_PMA_dbgi_003185_01_01.mzML:mz,datafile:202406251802_PMA_dbgi_003185_01_01.mzML:mz_range:min,datafile:202406251802_PMA_dbgi_003185_01_01.mzML:mz_range:max,datafile:202406251802_PMA_dbgi_003185_01_01.mzML:rt,datafile:202406251802_PMA_dbgi_003185_01_01.mzML:rt_range:min,datafile:202406251802_PMA_dbgi_003185_01_01.mzML:rt_range:max,datafile:202406251802_PMA_dbgi_003185_01_01.mzML:height,datafile:202406251802_PMA_dbgi_003185_01_01.mzML:area,datafile:202406251802_PMA_dbgi_003185_01_01.mzML:intensity_range:min,datafile:202406251802_PMA_dbgi_003185_01_01.mzML:intensity_range:max,datafile:202406251802_PMA_dbgi_003185_01_01.mzML:fwhm,datafile:202406251802_PMA_dbgi_003185_01_01.mzML:tailing_factor,datafile:202406251802_PMA_dbgi_003185_01_01.mzML:asymmetry_factor,datafile:202406251802_PMA_dbgi_003185_01_01.mzML:fragment_scans,datafile:202406251802_PMA_dbgi_003185_01_01.mzML:rt_ms2_apex_distance,datafile:202406251802_PMA_dbgi_003185_01_01.mzML:isotopes,datafile:202406251802_PMA_dbgi_003185_01_01.mzML:charge
1,0.4785,0.4447,0.5921,226.96348,226.963,226.9641,5.098E5,3.438E4,8.258E3,5.098E5,1,1,,,,,,,,,,DETECTED,226.96348,226.963,226.9641,0.4785,0.4447,0.5921,5.098E5,3.438E4,8.258E3,5.098E5,0.0555,3.0589,5.9949,1,0.0039,2,1
6,0.4785,0.4505,0.5703,275.90373,275.90313,275.90466,6.036E5,3.023E4,9.482E3,6.036E5,1,1,6,,,,,,,,,DETECTED,275.90373,275.90313,275.90466,0.4785,0.4505,0.5703,6.036E5,3.023E4,9.482E3,6.036E5,0.0551,2.4763,4.1855,1,-0.005,4,1
8,0.4902,0.3039,0.5589,173.92317,173.92294,173.92345,6.933E5,8.32E4,2.381E4,6.933E5,4,,6,,,,,,,,,DETECTED,173.92317,173.92294,173.92345,0.4902,0.3039,0.5589,6.933E5,8.32E4,2.381E4,6.933E5,0.0627,0.6842,0.3189,4,-0.1709,,
23,0.5016,0.462,0.5703,386.93736,386.93466,386.94,1.294E6,5.085E4,2.615E4,1.294E6,1,1,55,,,,,,,,,DETECTED,386.93736,386.93466,386.94,0.5016,0.462,0.5703,1.294E6,5.085E4,2.615E4,1.294E6,0.0426,1.3526,1.603,1,-0.0074,5,1
26,0.5016,0.462,0.5359,389.88478,389.88263,389.88596,1.634E5,6.315E3,3.615E4,1.634E5,0,1,6,,,,,,,,,DETECTED,389.88478,389.88263,389.88596,0.5016,0.462,0.5359,1.634E5,6.315E3,3.615E4,1.634E5,0.0405,0.9327,0.8654,,,3,1
27,0.5016,0.462,0.5814,402.91467,402.9126,402.91501,3.399E6,1.329E5,2.488E4,3.399E6,2,1,55,,,,,,,,,DETECTED,402.91467,402.9126,402.91501,0.5016,0.462,0.5814,3.399E6,1.329E5,2.488E4,3.399E6,0.046,1.4528,1.9609,2,-0.0142,6,1
30,0.5016,0.462,0.5471,405.86087,405.85916,405.86227,1.987E5,8.159E3,2.744E4,1.987E5,0,1,6,,,,,,,,,DETECTED,405.86087,405.85916,405.86227,0.5016,0.462,0.5471,1.987E5,8.159E3,2.744E4,1.987E5,0.0413,1.074,1.0403,,,3,1
31,0.5016,0.4695,0.5471,406.90839,406.90607,406.90985,1.221E5,4.291E3,1.974E4,1.221E5,0,1,55,,,,,,,,,DETECTED,406.90839,406.90607,406.90985,0.5016,0.4695,0.5471,1.221E5,4.291E3,1.974E4,1.221E5,0.0399,1.208,1.8077,,,6,1
32,0.5016,0.4695,0.5814,418.89147,418.88904,418.89218,1.582E6,6.421E4,2.354E4,1.582E6,1,1,55,,,,,,,,,DETECTED,418.89147,418.88904,418.89218,0.5016,0.4695,0.5814,1.582E6,6.421E4,2.354E4,1.582E6,0.0538,1.3729,2.1,1,-0.0058,5,1
34,0.5016,0.462,0.5589,434.86748,434.86334,434.8696,3.177E5,1.375E4,1.287E4,3.177E5,1,1,55,,,,,,,,,DETECTED,434.86748,434.86334,434.8696,0.5016,0.462,0.5589,3.177E5,1.375E4,1.287E4,3.177E5,0.0508,1.4116,2.1708,1,0.0187,2,1
37,0.5016,0.4695,0.5589,470.90094,470.8992,470.90192,1.923E5,9.203E3,4.01E4,1.923E5,0,1,55,,,,,,,,,DETECTED,470.90094,470.8992,470.90192,0.5016,0.4695,0.5589,1.923E5,9.203E3,4.01E4,1.923E5,0.0491,1.3908,1.7816,,,3,1
40,0.5016,0.4695,0.5471,516.89378,516.89166,516.89594,5.162E5,1.639E4,4.333E4,5.162E5,1,1,55,,,,,,,,,DETECTED,516.89378,516.89166,516.89594,0.5016,0.4695,0.5471,5.162E5,1.639E4,4.333E4,5.162E5,0.0306,1.4464,1.559,1,0.0073,5,1
42,0.5016,0.4695,0.5471,532.87027,532.86804,532.87311,4.491E5,1.483E4,3.967E4,4.491E5,0,1,55,,,,,,,,,DETECTED,532.87027,532.86804,532.87311,0.5016,0.4695,0.5471,4.491E5,1.483E4,3.967E4,4.491E5,0.036,1.437,1.5718,,,5,1
43,0.5016,0.4695,0.5471,534.86995,534.86725,534.87439,1.563E5,5.19E3,1.345E4,1.563E5,0,1,55,,,,,,,,,DETECTED,534.86995,534.86725,534.87439,0.5016,0.4695,0.5471,1.563E5,5.19E3,1.345E4,1.563E5,0.0307,1.4341,1.6853,,,5,1
47,0.5245,0.4562,0.6034,146.95819,146.95776,146.95839,8.097E5,6.601E4,1.812E4,8.097E5,2,,55,,,,,,,,,DETECTED,146.95819,146.95776,146.95839,0.5245,0.4562,0.6034,8.097E5,6.601E4,1.812E4,8.097E5,0.0866,1.0794,1.0873,2,-0.0387,,
50,0.5245,0.4447,0.6454,158.97603,158.97485,158.9761,1.884E7,1.69E6,9.073E4,1.884E7,3,1,55,,,,,,,,,DETECTED,158.97603,158.97485,158.9761,0.5245,0.4447,0.6454,1.884E7,1.69E6,9.073E4,1.884E7,0.0943,1.118,1.0976,3,-0.0585,5,1
52,0.5245,0.4505,0.6256,160.97304,160.97226,160.97322,2.074E6,1.89E5,1.031E4,2.074E6,0,1,55,,,,,,,,,DETECTED,160.97304,160.97226,160.97322,0.5245,0.4505,0.6256,2.074E6,1.89E5,1.031E4,2.074E6,0.1003,1.1249,1.1282,,,5,1
53,0.5245,0.3039,0.6145,174.95371,174.95277,174.95392,1.908E7,1.673E6,3.537E5,1.908E7,5,1,55,,,,,,,,,DETECTED,174.95371,174.95277,174.95392,0.5245,0.3039,0.6145,1.908E7,1.673E6,3.537E5,1.908E7,0.0865,1.1252,1.124,5,-0.1702,5,1
55,0.5245,0.415,0.5921,175.95584,175.95563,175.9567,3.888E5,3.099E4,9.823E3,3.888E5,1,1,55,,,,,,,,,DETECTED,175.95584,175.95563,175.9567,0.5245,0.415,0.5921,3.888E5,3.099E4,9.823E3,3.888E5,0.087,1.0421,1.0444,1,-0.0253,5,1
56,0.5245,0.3039,0.5589,178.97468,178.9742,178.97488,1.179E6,1.203E5,1.282E5,1.179E6,5,1,55,,,,,,,,,DETECTED,178.97468,178.9742,178.97488,0.5245,0.3039,0.5589,1.179E6,1.203E5,1.282E5,1.179E6,0.0301,0.5779,0.1558,5,-0.2183,3,1
60,0.5245,0.4785,0.5589,231.92922,231.92834,231.92972,6.805E5,3.003E4,3.783E4,6.805E5,1,1,55,,,,,,,,,DETECTED,231.92922,231.92834,231.92972,0.5245,0.4785,0.5589,6.805E5,3.003E4,3.783E4,6.805E5,0.0444,0.8739,0.7478,1,-0.0173,6,1
61,0.5245,0.462,0.5814,244.96129,244.95935,244.96178,6.449E5,3.352E4,1.931E4,6.449E5,1,1,55,,,,,,,,,DETECTED,244.96129,244.95935,244.96178,0.5245,0.462,0.5814,6.449E5,3.352E4,1.931E4,6.449E5,0.0521,0.9332,0.6927,1,-0.027,4,1
65,0.5245,0.4562,0.6145,272.95818,272.95636,272.95837,1.778E7,9.26E5,7.99E3,1.778E7,2,1,55,,,,,,,,,DETECTED,272.95818,272.95636,272.95837,0.5245,0.4562,0.6145,1.778E7,9.26E5,7.99E3,1.778E7,0.0533,0.9011,0.7083,2,-0.0493,5,1
70,0.5245,0.462,0.5703,275.9556,275.95465,275.95657,4.627E5,2.448E4,1.332E4,4.627E5,1,1,55,,,,,,,,,DETECTED,275.9556,275.95465,275.95657,0.5245,0.462,0.5703,4.627E5,2.448E4,1.332E4,4.627E5,0.0536,0.9258,0.6856,1,-0.0059,5,1
72,0.5245,0.4562,0.6145,288.93565,288.93484,288.93643,1.274E7,7.625E5,9.642E3,1.274E7,2,1,55,,,,,,,,,DETECTED,288.93565,288.93484,288.93643,0.5245,0.4562,0.6145,1.274E7,7.625E5,9.642E3,1.274E7,0.0632,0.929,0.8219,2,-0.0437,5,1
75,0.5245,0.462,0.5921,290.93276,290.93231,290.93332,1.336E6,7.839E4,3.925E4,1.336E6,0,1,55,,,,,,,,,DETECTED,290.93276,290.93231,290.93332,0.5245,0.462,0.5921,1.336E6,7.839E4,3.925E4,1.336E6,0.0588,0.9324,0.812,,,5,1
76,0.5245,0.4695,0.5703,292.92684,292.92606,292.92822,1.508E5,9.32E3,3.029E4,1.508E5,0,1,55,,,,,,,,,DETECTED,292.92684,292.92606,292.92822,0.5245,0.4695,0.5703,1.508E5,9.32E3,3.029E4,1.508E5,0.0707,0.9166,0.8332,,,2,1
78,0.5245,0.462,0.5921,304.91249,304.90973,304.91302,2.845E6,1.684E5,7.899E4,2.845E6,2,1,55,,,,,,,,,DETECTED,304.91249,304.90973,304.91302,0.5245,0.462,0.5921,2.845E6,1.684E5,7.899E4,2.845E6,0.0606,0.9748,0.8454,2,-0.0404,5,1
79,0.5245,0.462,0.5814,356.92066,356.91733,356.92279,3.299E5,2.325E4,3.597E4,3.299E5,0,1,55,,,,,,,,,DETECTED,356.92066,356.91733,356.92279,0.5245,0.462,0.5814,3.299E5,2.325E4,3.597E4,3.299E5,0.0761,0.9555,0.8301,,,3,1
80,0.5245,0.4785,0.5703,486.87683,486.87512,486.87872,5.339E5,1.939E4,5.475E4,5.339E5,1,1,55,,,,,,,,,DETECTED,486.87683,486.87512,486.87872,0.5245,0.4785,0.5703,5.339E5,1.939E4,5.475E4,5.339E5,0.0325,0.9984,0.8734,1,-0.0025,3,1
92,0.5471,0.5016,0.6145,242.93833,242.93765,242.94037,3.283E6,1.187E5,4.554E4,3.283E6,1,1,46,,,,,,,,,DETECTED,242.93833,242.93765,242.94037,0.5471,0.5016,0.6145,3.283E6,1.187E5,4.554E4,3.283E6,0.0309,1.133,1.119,1,-0.0171,4,1
94,0.5471,0.5016,0.5921,244.9352,244.93488,244.93584,4.3E5,1.661E4,2.504E4,4.3E5,0,1,46,,,,,,,,,DETECTED,244.9352,244.93488,244.93584,0.5471,0.5016,0.5921,4.3E5,1.661E4,2.504E4,4.3E5,0.0346,1.156,1.1866,,,4,1
95,0.5471,0.5016,0.6034,258.91546,258.91419,258.91565,1.128E6,4.379E4,5.872E4,1.128E6,1,1,46,,,,,,,,,DETECTED,258.91546,258.91419,258.91565,0.5471,0.5016,0.6034,1.128E6,4.379E4,5.872E4,1.128E6,0.0328,1.1775,1.3218,1,-0.0027,3,1
98,0.5471,0.5132,0.6034,326.90041,326.89944,326.90152,1.44E6,4.852E4,5.803E4,1.44E6,1,1,46,,,,,,,,,DETECTED,326.90041,326.89944,326.90152,0.5471,0.5132,0.6034,1.44E6,4.852E4,5.803E4,1.44E6,0.0298,1.144,1.4984,1,0.0056,5,1
102,0.5471,0.4902,0.5921,372.89659,372.89606,372.89859,6.301E5,2.883E4,4.232E4,6.301E5,1,1,46,,,,,,,,,DETECTED,372.89659,372.89606,372.89859,0.5471,0.4902,0.5921,6.301E5,2.883E4,4.232E4,6.301E5,0.0408,0.8174,0.6047,1,-0.0137,3,1
105,0.5471,0.5016,0.5921,440.8793,440.87793,440.88046,9.078E5,2.798E4,4.615E4,9.078E5,1,1,46,,,,,,,,,DETECTED,440.8793,440.87793,440.88046,0.5471,0.5016,0.5921,9.078E5,2.798E4,4.615E4,9.078E5,0.028,1.006,0.7733,1,-0.0044,5,1
107,0.5471,0.5016,0.5921,456.85708,456.85526,456.86026,8.154E5,2.667E4,2.876E4,8.154E5,1,1,46,,,,,,,,,DETECTED,456.85708,456.85526,456.86026,0.5471,0.5016,0.5921,8.154E5,2.667E4,2.876E4,8.154E5,0.0303,1.025,0.9959,1,0.009,4,1
112,0.5471,0.5245,0.5814,608.79871,608.79401,608.80219,9.349E4,2.406E3,2.455E4,9.349E4,0,1,,,,,,,,,,DETECTED,608.79871,608.79401,608.80219,0.5471,0.5245,0.5814,9.349E4,2.406E3,2.455E4,9.349E4,0.0247,1.2579,1.5159,,,3,1
113,0.5589,0.5132,0.6145,128.95658,128.9561,128.95699,1.932E6,6.389E4,6.45E4,1.932E6,1,1,81,,,,,,,,,DETECTED,128.95658,128.9561,128.95699,0.5589,0.5132,0.6145,1.932E6,6.389E4,6.45E4,1.932E6,0.03,1.1099,1.171,1,-0.0045,3,1
116,0.5589,0.5132,0.7803,225.05972,225.05917,225.05997,1.155E7,1.123E6,5.554E5,1.155E7,4,1,,,,,,,,,,DETECTED,225.05972,225.05917,225.05997,0.5589,0.5132,0.7803,1.155E7,1.123E6,5.554E5,1.155E7,0.0752,4.0447,4.9195,4,-0.0272,3,1
117,0.5589,0.5245,0.5921,296.88056,296.88004,296.88086,4.01E5,1.232E4,5.861E4,4.01E5,0,1,81,,,,,,,,,DETECTED,296.88056,296.88004,296.88086,0.5589,0.5245,0.5921,4.01E5,1.232E4,5.861E4,4.01E5,0.0297,0.9837,1.3689,,,4,1
121,0.5589,0.5245,0.5921,410.85968,410.85898,410.86118,8.038E5,2.396E4,8.805E4,8.038E5,1,1,46,,,,,,,,,DETECTED,410.85968,410.85898,410.86118,0.5589,0.5245,0.5921,8.038E5,2.396E4,8.805E4,8.038E5,0.0281,0.9837,0.6654,1,0.004,5,1
126,0.5814,0.5245,0.8674,143.03197,143.03149,143.03294,1.196E6,1.108E5,2.89E4,1.196E6,1,1,15,,,,,,,,,DETECTED,143.03197,143.03149,143.03294,0.5814,0.5245,0.8674,1.196E6,1.108E5,2.89E4,1.196E6,0.0636,3.2631,3.609,1,-0.0137,2,1
134,0.5921,0.5245,0.8436,161.04223,161.04184,161.04277,1.141E6,1.259E5,6.974E4,1.141E6,1,1,15,,,,,,,,,DETECTED,161.04223,161.04184,161.04277,0.5921,0.5245,0.8436,1.141E6,1.259E5,6.974E4,1.141E6,0.0894,2.7321,3.2009,1,-0.0179,4,1
139,0.5921,0.5471,0.8368,471.07384,471.07004,471.07526,2.133E6,1.221E5,5.903E4,2.133E6,1,1,15,0,[M+FA]-,2,426.07524,163;139,,,,DETECTED,471.07384,471.07004,471.07526,0.5921,0.5471,0.8368,2.133E6,1.221E5,5.903E4,2.133E6,0.0388,3.2809,2.8239,1,-0.0067,3,1
142,0.6034,0.5245,0.8251,146.04283,146.04254,146.04317,1.726E6,1.507E5,6.302E4,1.726E6,1,1,15,,,,,,,,,DETECTED,146.04283,146.04254,146.04317,0.6034,0.5245,0.8251,1.726E6,1.507E5,6.302E4,1.726E6,0.0569,2.1397,5.8011,1,-0.015,3,1
143,0.6034,0.5359,0.8436,165.03746,165.03674,165.03789,8.693E6,5.907E5,6.712E4,8.693E6,3,1,15,2,[M-H]-,2,166.04411,172;143,,,,DETECTED,165.03746,165.03674,165.03789,0.6034,0.5359,0.8436,8.693E6,5.907E5,6.712E4,8.693E6,0.0494,1.8459,2.5797,3,-0.0262,4,1
144,0.6034,0.5359,0.8436,195.04846,195.04701,195.04869,7.378E6,5.954E5,8.764E4,7.378E6,4,1,15,,,,,,,,,DETECTED,195.04846,195.04701,195.04869,0.6034,0.5359,0.8436,7.378E6,5.954E5,8.764E4,7.378E6,0.0735,1.7513,2.3984,4,-0.0373,6,1
145,0.6034,0.5245,0.7803,215.0307,215.02991,215.03105,3.491E7,1.594E6,2.935E4,3.491E7,2,1,15,,,,,,,,,DETECTED,215.0307,215.02991,215.03105,0.6034,0.5245,0.7803,3.491E7,1.594E6,2.935E4,3.491E7,0.0371,1.2101,1.4628,2,-0.0389,5,1
148,0.6034,0.5359,0.6671,217.02766,217.02739,217.02788,1.145E7,4.506E5,6.256E4,1.145E7,0,1,15,,,,,,,,,DETECTED,217.02766,217.02739,217.02788,0.6034,0.5359,0.6671,1.145E7,4.506E5,6.256E4,1.145E7,0.0325,1.285,1.1949,,,5,1
150,0.6034,0.5471,0.701,245.04073,245.03908,245.04263,8.577E5,3.785E4,3.604E4,8.577E5,0,1,15,,,,,,,,,DETECTED,245.04073,245.03908,245.04263,0.6034,0.5471,0.701,8.577E5,3.785E4,3.604E4,8.577E5,0.0357,1.6079,2.265,,,3,1
154,0.6034,0.5245,0.8784,341.10743,341.10541,341.10791,9.926E6,7.862E5,3.307E4,9.926E6,5,1,15,1,[M-H]-,3,342.11521,172;154;158,,,,DETECTED,341.10743,341.10541,341.10791,0.6034,0.5245,0.8784,9.926E6,7.862E5,3.307E4,9.926E6,0.0468,3.1151,5.4659,5,-0.0246,3,1
158,0.6034,0.5245,0.8784,387.11336,387.1124,387.11417,3.499E7,3.241E6,1.066E5,3.499E7,5,1,15,1,[M+FA]-,3,342.11521,172;154;158,,,,DETECTED,387.11336,387.1124,387.11417,0.6034,0.5245,0.8784,3.499E7,3.241E6,1.066E5,3.499E7,0.0598,3.0446,5.394,5,-0.0279,4,1
160,0.6034,0.5703,0.815,447.1333,447.12958,447.13693,3.325E6,1.838E5,2.901E4,3.325E6,2,1,15,,,,,,,,,DETECTED,447.1333,447.12958,447.13693,0.6034,0.5703,0.815,3.325E6,1.838E5,2.901E4,3.325E6,0.0397,3.6245,5.2974,2,-0.004,3,1
161,0.6034,0.5589,0.701,451.01526,451.01334,451.01776,1.056E6,4.967E4,2.553E4,1.056E6,1,1,15,,,,,,,,,DETECTED,451.01526,451.01334,451.01776,0.6034,0.5589,0.701,1.056E6,4.967E4,2.553E4,1.056E6,0.0422,1.8686,2.8005,1,0.004,5,1
163,0.6034,0.5589,0.7686,461.04424,461.04117,461.04913,1.534E6,7.346E4,2.559E4,1.534E6,1,1,15,0,[M+Cl]-,2,426.07524,139;163,,,,DETECTED,461.04424,461.04117,461.04913,0.6034,0.5589,0.7686,1.534E6,7.346E4,2.559E4,1.534E6,0.0351,1.4853,2.5626,1,-0.0073,3,1
164,0.6034,0.5703,0.6772,477.14287,477.13968,477.14505,8.152E5,3.312E4,5.705E4,8.152E5,0,1,15,,,,,,,,,DETECTED,477.14287,477.13968,477.14505,0.6034,0.5703,0.6772,8.152E5,3.312E4,5.705E4,8.152E5,0.0314,2.1292,3.2657,,,2,1
165,0.6145,0.5471,0.8034,135.02669,135.02637,135.02695,1.912E6,1.177E5,3.95E4,1.912E6,1,1,15,,,,,,,,,DETECTED,135.02669,135.02637,135.02695,0.6145,0.5471,0.8034,1.912E6,1.177E5,3.95E4,1.912E6,0.0443,1.6434,1.7275,1,-0.0168,4,1
166,0.6145,0.5589,0.7559,191.05328,191.05179,191.05363,5.49E6,4.086E5,2.385E5,5.49E6,3,1,15,3,[M-H]-,2,192.06062,166;168,,,,DETECTED,191.05328,191.05179,191.05363,0.6145,0.5589,0.7559,5.49E6,4.086E5,2.385E5,5.49E6,0.0537,2.226,2.908,3,-0.0245,5,1
168,0.6145,0.5471,0.9139,237.05889,237.05786,237.05968,1.092E6,1.058E5,2.447E4,1.092E6,2,1,15,3,[M+FA]-,2,192.06062,166;168,,,,DETECTED,237.05889,237.05786,237.05968,0.6145,0.5471,0.9139,1.092E6,1.058E5,2.447E4,1.092E6,0.0758,1.8249,2.3223,2,-0.0022,2,1
172,0.6145,0.5471,0.8784,377.08516,377.08276,377.08597,5.774E7,3.546E6,3.614E4,5.774E7,4,1,15,1,[M+Cl]-,3,342.11521,154;172;158,,,,DETECTED,377.08516,377.08276,377.08597,0.6145,0.5471,0.8784,5.774E7,3.546E6,3.614E4,5.774E7,0.0505,1.7065,2.3489,4,-0.0278,6,1
174,0.6145,0.5589,0.7233,380.08443,380.08127,380.08633,1.626E6,9.31E4,3.451E4,1.626E6,1,1,15,,,,,,,,,DETECTED,380.08443,380.08127,380.08633,0.6145,0.5589,0.7233,1.626E6,9.31E4,3.451E4,1.626E6,0.0465,1.7467,2.5148,1,-0.0134,6,1
176,0.6145,0.5703,0.701,507.1535,507.15189,507.15475,8.911E5,5.493E4,6.642E4,8.911E5,1,1,15,,,,,,,,,DETECTED,507.1535,507.15189,507.15475,0.6145,0.5703,0.701,8.911E5,5.493E4,6.642E4,8.911E5,0.0573,1.7768,2.5691,1,0.004,2,1
177,0.6145,0.5703,0.7559,533.16949,533.16693,533.17535,1.009E6,6.207E4,3.246E4,1.009E6,1,1,15,,,,,,,,,DETECTED,533.16949,533.16693,533.17535,0.6145,0.5703,0.7559,1.009E6,6.207E4,3.246E4,1.009E6,0.0894,2.2292,2.6838,1,0.0023,4,1
182,0.6256,0.5921,0.9262,227.99685,227.99532,227.99734,1.076E6,7.248E4,1.874E4,1.076E6,1,1,15,,,,,,,,,DETECTED,227.99685,227.99532,227.99734,0.6256,0.5921,0.9262,1.076E6,7.248E4,1.874E4,1.076E6,0.0489,3.4153,4.8794,1,0.0378,5,1
184,0.6256,0.5921,0.8368,297.04453,297.04254,297.04578,1.063E6,7.558E4,2.481E4,1.063E6,1,1,15,,,,,,,,,DETECTED,297.04453,297.04254,297.04578,0.6256,0.5921,0.8368,1.063E6,7.558E4,2.481E4,1.063E6,0.065,4.3867,6.6244,1,0.0078,2,1
187,0.6256,0.5814,0.7686,521.16926,521.16638,521.17126,8.987E5,6.062E4,3.241E4,8.987E5,0,1,15,,,,,,,,,DETECTED,521.16926,521.16638,521.17126,0.6256,0.5814,0.7686,8.987E5,6.062E4,3.241E4,8.987E5,0.0452,1.8296,2.9874,,,2,1
188,0.6256,0.5814,0.6772,537.16288,537.16077,537.16736,3.518E5,2.076E4,1.29E5,3.518E5,0,1,15,,,,,,,,,DETECTED,537.16288,537.16077,537.16736,0.6256,0.5814,0.6772,3.518E5,2.076E4,1.29E5,3.518E5,0.0669,1.0851,1.1701,,,2,1
190,0.6256,0.5814,0.7233,719.19083,719.18817,719.19562,4.037E5,2.592E4,3.687E4,4.037E5,0,1,15,,,,,,,,,DETECTED,719.19083,719.18817,719.19562,0.6256,0.5814,0.7233,4.037E5,2.592E4,3.687E4,4.037E5,0.0615,1.5686,1.9291,,,3,1
191,0.6355,0.5703,1.2579,129.01616,129.01595,129.01654,6.115E5,1.515E5,3.288E4,6.115E5,3,1,15,,,,,,,,,DETECTED,129.01616,129.01595,129.01654,0.6355,0.5703,1.2579,6.115E5,1.515E5,3.288E4,6.115E5,0.2553,6.0952,9.7367,3,0.0526,4,1
193,0.6355,0.5814,1.2448,142.99569,142.99548,142.99597,3.326E6,6.132E5,9.694E4,3.326E6,7,1,15,,,,,,,,,DETECTED,142.99569,142.99548,142.99597,0.6355,0.5814,1.2448,3.326E6,6.132E5,9.694E4,3.326E6,0.1804,6.1414,7.8962,7,-0.0153,2,1
194,0.6355,0.5359,0.9384,149.04243,149.04219,149.04311,1.234E6,1.36E5,3.635E4,1.234E6,3,,15,,,,,,,,,DETECTED,149.04243,149.04219,149.04311,0.6355,0.5359,0.9384,1.234E6,1.36E5,3.635E4,1.234E6,0.1253,1.6725,2.1185,3,-0.012,,
195,0.6355,0.5814,0.7803,173.00608,173.00568,173.00647,3.346E6,3.942E5,7.485E4,3.346E6,3,1,15,4,[M-H]-,2,174.01383,201;195,,,,DETECTED,173.00608,173.00568,173.00647,0.6355,0.5814,0.7803,3.346E6,3.942E5,7.485E4,3.346E6,0.1588,2.2565,4.2217,3,-0.0136,2,1
196,0.6355,0.5132,0.8784,179.05368,179.05247,179.05391,1.935E7,2.283E6,9.781E4,1.935E7,6,1,15,,,,,,,,,DETECTED,179.05368,179.05247,179.05391,0.6355,0.5132,0.8784,1.935E7,2.283E6,9.781E4,1.935E7,0.1184,1.3306,1.2008,6,-0.0944,3,1
201,0.6355,0.5814,1.23,219.0125,219.01111,219.013,1.13E6,2.773E5,5.957E4,1.13E6,3,1,15,4,[M+FA]-,2,174.01383,201;195,,,,DETECTED,219.0125,219.01111,219.013,0.6355,0.5814,1.23,1.13E6,2.773E5,5.957E4,1.13E6,0.2263,7.7384,10.7112,3,0.0169,2,1
202,0.6355,0.5814,0.9139,226.99458,226.99307,226.99478,2.693E7,1.762E6,1.939E5,2.693E7,6,1,15,,,,,,,,,DETECTED,226.99458,226.99307,226.99478,0.6355,0.5814,0.9139,2.693E7,1.762E6,1.939E5,2.693E7,0.048,2.708,2.9434,6,-0.0264,5,1
205,0.6355,0.5814,0.9019,228.99116,228.99017,228.99156,7.631E6,4.546E5,6.068E4,7.631E6,2,1,15,,,,,,,,,DETECTED,228.99116,228.99017,228.99156,0.6355,0.5814,0.9019,7.631E6,4.546E5,6.068E4,7.631E6,0.0432,3.1461,2.6831,2,0.0048,5,1
215,0.6561,0.6145,1.2861,133.01186,133.01079,133.01201,1.028E8,1.279E7,2.455E5,1.028E8,12,1,15,,,,,,,,,DETECTED,133.01186,133.01079,133.01201,0.6561,0.6145,1.2861,1.028E8,1.279E7,2.455E5,1.028E8,0.1161,3.1014,5.3831,12,-0.0258,5,1
216,0.6561,0.6145,1.0101,134.01441,134.01387,134.0148,3.517E6,4.141E5,5.776E4,3.517E6,3,1,15,,,,,,,,,DETECTED,134.01441,134.01387,134.0148,0.6561,0.6145,1.0101,3.517E6,4.141E5,5.776E4,3.517E6,0.1185,2.8329,5.244,3,-0.0054,6,1
217,0.6561,0.6145,0.8784,135.01545,135.01463,135.01572,5.83E5,6.183E4,2.311E4,5.83E5,2,1,15,,,,,,,,,DETECTED,135.01545,135.01463,135.01572,0.6561,0.6145,0.8784,5.83E5,6.183E4,2.311E4,5.83E5,0.1076,2.921,8.0229,2,0.019,6,1
220,0.6561,0.5589,0.8251,439.08055,439.07718,439.08432,5.753E6,5.503E5,2.3E4,5.753E6,3,1,15,,,,,,,,,DETECTED,439.08055,439.07718,439.08432,0.6561,0.5589,0.8251,5.753E6,5.503E5,2.3E4,5.753E6,0.0843,1.4883,2.0983,3,-0.0454,3,1
221,0.6561,0.5921,0.8251,459.0418,459.0386,459.04434,5.25E5,6.191E4,4.785E4,5.25E5,1,1,15,,,,,,,,,DETECTED,459.0418,459.0386,459.04434,0.6561,0.5921,0.8251,5.25E5,6.191E4,4.785E4,5.25E5,0.1155,1.7846,2.4655,1,0.0304,3,1
227,0.6772,0.6355,0.8251,304.99026,304.98857,304.99124,8.35E5,7.601E4,3.332E4,8.35E5,2,1,15,,,,,,,,,DETECTED,304.99026,304.98857,304.99124,0.6772,0.6355,0.8251,8.35E5,7.601E4,3.332E4,8.35E5,0.0914,2.1149,2.9462,2,-0.0122,2,1
229,0.6772,0.6145,0.8436,475.12862,475.12717,475.12958,3.613E6,3.033E5,3.174E4,3.613E6,3,1,15,,,,,,,,,DETECTED,475.12862,475.12717,475.12958,0.6772,0.6145,0.8436,3.613E6,3.033E5,3.174E4,3.613E6,0.1204,1.4664,1.9354,3,-0.0339,3,1
234,0.7123,0.6256,1.1534,157.01116,157.01028,157.01199,3.965E5,6.332E4,9.998E3,3.965E5,1,,15,,,,,,,,,DETECTED,157.01116,157.01028,157.01199,0.7123,0.6256,1.1534,3.965E5,6.332E4,9.998E3,3.965E5,0.155,2.3113,2.0012,1,0.0199,,
235,0.7123,0.6454,0.8368,289.01614,289.01498,289.01773,4.591E5,4.569E4,2.472E4,4.591E5,1,1,15,,,,,,,,,DETECTED,289.01614,289.01498,289.01773,0.7123,0.6454,0.8368,4.591E5,4.569E4,2.472E4,4.591E5,0.1061,1.3593,1.4871,1,0.0085,2,1
237,0.7233,0.6256,1.0101,331.94677,331.94412,331.94894,2.646E6,3.003E5,1.242E4,2.646E6,3,1,15,,,,,,,,,DETECTED,331.94677,331.94412,331.94894,0.7233,0.6256,1.0101,2.646E6,3.003E5,1.242E4,2.646E6,0.1132,1.1688,1.1647,3,-0.0616,3,1
243,0.7686,0.6671,0.8784,377.95173,377.94879,377.95239,2.738E5,3.036E4,4.175E4,2.738E5,0,1,,,,,,,,,,DETECTED,377.95173,377.94879,377.95239,0.7686,0.6671,0.8784,2.738E5,3.036E4,4.175E4,2.738E5,0.1045,1.0412,1.1789,,,2,1
250,0.8034,0.6903,0.9139,389.95094,389.94983,389.95251,2.197E5,2.184E4,1.638E4,2.197E5,0,1,110,,,,,,,,,DETECTED,389.95094,389.94983,389.95251,0.8034,0.6903,0.9139,2.197E5,2.184E4,1.638E4,2.197E5,0.0826,0.9559,0.7886,,,2,1
251,0.815,0.6671,0.9139,147.02684,147.02628,147.02722,4.886E5,5.498E4,8.148E4,4.886E5,1,1,110,,,,,,,,,DETECTED,147.02684,147.02628,147.02722,0.815,0.6671,0.9139,4.886E5,5.498E4,8.148E4,4.886E5,0.1505,0.8347,0.6694,1,-0.0141,3,1
255,0.8251,0.6034,1.3422,191.0178,191.01671,191.01802,4.398E7,5.814E6,2.81E5,4.398E7,13,1,110,,,,,,,,,DETECTED,191.0178,191.01671,191.01802,0.8251,0.6034,1.3422,4.398E7,5.814E6,2.81E5,4.398E7,0.0889,1.0273,1.0103,13,-0.1934,3,1
258,0.8251,0.6034,1.31,192.0201,192.0188,192.02045,2.634E6,2.87E5,1.971E4,2.634E6,1,1,110,,,,,,,,,DETECTED,192.0201,192.0188,192.02045,0.8251,0.6034,1.31,2.634E6,2.87E5,1.971E4,2.634E6,0.0762,0.9973,0.9301,1,-0.0945,4,1
259,0.8251,0.6454,1.4264,203.01725,203.01534,203.01805,7.458E5,1.42E5,1.297E4,7.458E5,3,1,110,,,,,,,,,DETECTED,203.01725,203.01534,203.01805,0.8251,0.6454,1.4264,7.458E5,1.42E5,1.297E4,7.458E5,0.1573,1.7477,1.6055,3,-0.0259,3,1
260,0.8251,0.6903,1.3853,289.93529,289.93399,289.93674,8.06E5,1.404E5,4.024E4,8.06E5,3,1,110,,,,,,,,,DETECTED,289.93529,289.93399,289.93674,0.8251,0.6903,1.3853,8.06E5,1.404E5,4.024E4,8.06E5,0.0914,2.7127,3.9059,3,-0.0376,3,1
262,0.8368,0.6903,1.0682,235.04333,235.0425,235.04407,5.705E5,6.181E4,1.734E4,5.705E5,1,,110,,,,,,,,,DETECTED,235.04333,235.0425,235.04407,0.8368,0.6903,1.0682,5.705E5,6.181E4,1.734E4,5.705E5,0.0726,1.1859,0.8319,1,-0.0162,,
267,0.8368,0.701,0.9508,435.95525,435.95425,435.95883,2.733E5,2.387E4,1.261E4,2.733E5,0,1,110,,,,,,,,,DETECTED,435.95525,435.95425,435.95883,0.8368,0.701,0.9508,2.733E5,2.387E4,1.261E4,2.733E5,0.0665,0.8216,0.4118,,,2,1
270,0.852,0.7346,1.0196,481.06005,481.05664,481.06427,1.008E5,1.394E4,1.153E4,1.008E5,0,1,110,,,,,,,,,DETECTED,481.06005,481.05664,481.06427,0.852,0.7346,1.0196,1.008E5,1.394E4,1.153E4,1.008E5,0.1485,1.2134,1.2016,,,2,1
271,0.8588,0.7919,1.0756,178.04056,178.04002,178.04201,3.42E5,3.644E4,1.038E4,3.42E5,1,1,110,,,,,,,,,DETECTED,178.04056,178.04002,178.04201,0.8588,0.7919,1.0756,3.42E5,3.644E4,1.038E4,3.42E5,0.0841,1.8871,2.1055,1,0.0399,4,1
275,0.8588,0.6561,1.2579,217.03325,217.03152,217.03369,2.961E6,5.062E5,3.52E4,2.961E6,5,1,110,,,,,,,,,DETECTED,217.03325,217.03152,217.03369,0.8588,0.6561,1.2579,2.961E6,5.062E5,3.52E4,2.961E6,0.1386,0.9035,0.6595,5,-0.1602,3,1
280,0.8674,0.7686,1.3853,177.03803,177.03693,177.03825,8.629E6,9.356E5,4.389E4,8.629E6,5,1,110,,,,,,,,,DETECTED,177.03803,177.03693,177.03825,0.8674,0.7686,1.3853,8.629E6,9.356E5,4.389E4,8.629E6,0.0951,1.5192,1.91,5,-0.0585,4,1
281,0.8898,0.7803,1.1312,159.02727,159.02666,159.02744,7.23E6,8.399E5,5.155E4,7.23E6,5,1,110,,,,,,,,,DETECTED,159.02727,159.02666,159.02744,0.8898,0.7803,1.1312,7.23E6,8.399E5,5.155E4,7.23E6,0.1095,1.3451,1.4249,5,-0.0792,4,1
284,0.8898,0.8034,1.4264,182.99124,182.98982,182.9915,8.718E6,1.26E6,9.06E4,8.718E6,9,1,110,,,,,,,,,DETECTED,182.99124,182.98982,182.9915,0.8898,0.8034,1.4264,8.718E6,1.26E6,9.06E4,8.718E6,0.1388,2.7691,3.0834,9,-0.0591,3,1
289,0.8898,0.7803,1.0196,241.00955,241.00905,241.01001,4.407E5,5.221E4,2.713E4,4.407E5,1,1,110,,,,,,,,,DETECTED,241.00955,241.00905,241.01001,0.8898,0.7803,1.0196,4.407E5,5.221E4,2.713E4,4.407E5,0.1073,1.0923,1.2229,1,-0.0271,3,1
295,0.8898,0.815,1.2671,282.91683,282.91449,282.9183,4.82E5,5.619E4,9.593E3,4.82E5,1,1,110,,,,,,,,,DETECTED,282.91683,282.91449,282.9183,0.8898,0.815,1.2671,4.82E5,5.619E4,9.593E3,4.82E5,0.0942,2.4583,2.6356,1,-0.0045,2,1
300,0.8898,0.7919,1.1015,351.05531,351.05267,351.05652,2.056E5,2.409E4,8.959E3,2.056E5,0,1,110,,,,,,,,,DETECTED,351.05531,351.05267,351.05652,0.8898,0.7919,1.1015,2.056E5,2.409E4,8.959E3,2.056E5,0.1547,1.4771,1.6144,,,2,1
302,0.8898,0.815,0.9903,365.07096,365.06696,365.073,1.516E5,1.189E4,1.206E4,1.516E5,0,1,110,,,,,,,,,DETECTED,365.07096,365.06696,365.073,0.8898,0.815,0.9903,1.516E5,1.189E4,1.206E4,1.516E5,0.0743,3.2375,1.1564,,,2,1
303,0.8898,0.8436,1.0756,366.99276,366.99088,366.9946,6.528E5,5.823E4,1.3E4,6.528E5,1,1,110,,,,,,,,,DETECTED,366.99276,366.99088,366.9946,0.8898,0.8436,1.0756,6.528E5,5.823E4,1.3E4,6.528E5,0.0717,2.0224,2.5695,1,-0.0028,2,1
304,0.8898,0.8034,1.1254,375.01924,375.01807,375.02045,4.848E5,5.101E4,1.511E4,4.848E5,1,1,110,,,,,,,,,DETECTED,375.01924,375.01807,375.02045,0.8898,0.8034,1.1254,4.848E5,5.101E4,1.511E4,4.848E5,0.1082,1.6742,1.9358,1,0.0435,2,1
310,0.9019,0.815,1.1665,139.0008,139.00003,139.00099,8.238E5,1.129E5,4.69E4,8.238E5,2,1,110,,,,,,,,,DETECTED,139.0008,139.00003,139.00099,0.9019,0.815,1.1665,8.238E5,1.129E5,4.69E4,8.238E5,0.1263,1.956,2.9415,2,-0.0182,4,1
313,0.9262,0.815,1.3762,250.97866,250.97777,250.98003,3.101E5,5.919E4,1.427E4,3.101E5,2,1,110,,,,,,,,,DETECTED,250.97866,250.97777,250.98003,0.9262,0.815,1.3762,3.101E5,5.919E4,1.427E4,3.101E5,0.1561,2.4629,3.5429,2,-0.0155,2,1
317,0.9508,0.8436,1.2168,187.02167,187.02068,187.0222,3.139E5,4.08E4,9.179E3,3.139E5,2,1,110,,,,,,,,,DETECTED,187.02167,187.02068,187.0222,0.9508,0.8436,1.2168,3.139E5,4.08E4,9.179E3,3.139E5,0.121,1.3838,1.3704,2,-0.028,5,1
322,0.9903,0.9139,1.3026,147.02707,147.02652,147.02722,1.543E6,1.693E5,3.481E4,1.543E6,3,1,127,,,,,,,,,DETECTED,147.02707,147.02652,147.02722,0.9903,0.9139,1.3026,1.543E6,1.693E5,3.481E4,1.543E6,0.1011,1.7224,2.1171,3,-0.0339,3,1
323,0.9903,0.7803,1.2168,215.03073,215.03029,215.0314,2.548E5,7.281E4,8.752E4,2.548E5,2,1,127,,,,,,,,,DETECTED,215.03073,215.03029,215.0314,0.9903,0.7803,1.2168,2.548E5,7.281E4,8.752E4,2.548E5,0.3207,1.0393,1.0785,2,0.0056,4,1
325,0.9903,0.8784,1.239,387.11328,387.11264,387.11368,2.23E6,5.362E5,8.616E5,2.23E6,7,1,127,5,[M+FA]-,3,342.11488,327;325,,,,DETECTED,387.11328,387.11264,387.11368,0.9903,0.8784,1.239,2.23E6,5.362E5,8.616E5,2.23E6,0.3204,1.6113,2.2227,7,-0.1096,3,1
327,1.0196,0.8784,1.1832,341.10761,341.10675,341.10861,4.664E5,1.085E5,2.492E5,4.664E5,5,1,127,5,[M-H]-,3,342.11488,331;327;325,,,,DETECTED,341.10761,341.10675,341.10861,1.0196,0.8784,1.1832,4.664E5,1.085E5,2.492E5,4.664E5,0.3407,1.0792,1.1583,5,-0.1225,2,1
328,1.0303,0.8898,1.2448,379.08121,379.07944,379.08398,7.789E4,1.588E4,2.389E4,7.789E4,0,1,127,,,,,,,,,DETECTED,379.08121,379.07944,379.08398,1.0303,0.8898,1.2448,7.789E4,1.588E4,2.389E4,7.789E4,0.1849,1.2635,1.5271,,,4,1
330,1.0682,0.9508,1.2522,312.09395,312.09238,312.09512,1.8E5,2.596E4,1.377E4,1.8E5,0,1,127,,,,,,,,,DETECTED,312.09395,312.09238,312.09512,1.0682,0.9508,1.2522,1.8E5,2.596E4,1.377E4,1.8E5,0.1426,1.3047,1.5038,,,2,1
331,1.0682,0.8784,1.239,377.08407,377.08258,377.08545,2.457E5,5.4E4,6.299E4,2.457E5,0,1,127,5,[M+Cl]-,3,342.11488,331;327,,,,DETECTED,377.08407,377.08258,377.08545,1.0682,0.8784,1.239,2.457E5,5.4E4,6.299E4,2.457E5,0.2753,0.9501,0.9002,,,4,1
333,1.1254,0.8436,1.2935,161.04273,161.04207,161.04297,1.582E6,2.115E5,6.974E4,1.582E6,4,1,,,,,,,,,,DETECTED,161.04273,161.04207,161.04297,1.1254,0.8436,1.2935,1.582E6,2.115E5,6.974E4,1.582E6,0.1074,1.1068,0.7911,4,-0.0805,5,1
334,1.1443,1.0393,1.31,133.0472,133.04662,133.04774,2.901E5,3.265E4,1.072E4,2.901E5,1,1,128,,,,,,,,,DETECTED,133.0472,133.04662,133.04774,1.1443,1.0393,1.31,2.901E5,3.265E4,1.072E4,2.901E5,0.1042,1.3578,1.3491,1,-0.0224,2,1
336,1.1443,0.9262,1.31,331.06576,331.0629,331.06683,4.735E5,6.992E4,2.535E4,4.735E5,3,1,128,,,,,,,,,DETECTED,331.06576,331.0629,331.06683,1.1443,0.9262,1.31,4.735E5,6.992E4,2.535E4,4.735E5,0.1298,0.9347,0.8559,3,-0.0557,3,1
340,1.23,0.9632,1.3564,207.92896,207.9288,207.92914,1.727E6,5.24E5,8.58E5,1.727E6,7,1,,,,,,,,,,DETECTED,207.92896,207.9288,207.92914,1.23,0.9632,1.3564,1.727E6,5.24E5,8.58E5,1.727E6,0.383,0.737,0.4739,7,-0.2538,6,1
348,1.2728,0.701,1.5696,158.97595,158.9749,158.97615,2.896E6,9.413E5,1.043E5,2.896E6,13,1,169,,,,,,,,,DETECTED,158.97595,158.9749,158.97615,1.2728,0.701,1.5696,2.896E6,9.413E5,1.043E5,2.896E6,0.2738,0.7799,0.5727,13,-0.4506,3,1
351,1.2728,0.7686,1.7409,174.95357,174.95245,174.95393,3.406E6,1.367E6,3.42E5,3.406E6,17,1,169,,,,,,,,,DETECTED,174.95357,174.95245,174.95393,1.2728,0.7686,1.7409,3.406E6,1.367E6,3.42E5,3.406E6,0.2824,0.9641,0.9406,17,-0.497,3,1
366,1.3638,1.2168,2.1066,179.05358,179.05252,179.054,2.696E6,8.877E5,1.332E5,2.696E6,13,1,23,6,[M-H]-,3,180.06127,366;367;368,,,,DETECTED,179.05358,179.05252,179.054,1.3638,1.2168,2.1066,2.696E6,8.877E5,1.332E5,2.696E6,0.3923,3.0201,3.5653,13,-0.1299,3,1
367,1.3638,1.2168,1.94,215.03078,215.02986,215.03099,1.258E6,3.166E5,2.89E4,1.258E6,6,1,23,6,[M+Cl]-,3,180.06127,366;367;368,,,,DETECTED,215.03078,215.02986,215.03099,1.3638,1.2168,1.94,1.258E6,3.166E5,2.89E4,1.258E6,0.2339,2.3249,3.2344,6,-0.0869,5,1
368,1.3638,1.1832,1.94,225.05979,225.05862,225.06007,2.405E6,7.813E5,1.857E5,2.405E6,12,1,23,6,[M+FA]-,3,180.06127,366;367;368,,,,DETECTED,225.05979,225.05862,225.06007,1.3638,1.1832,1.94,2.405E6,7.813E5,1.857E5,2.405E6,0.2817,2.0944,2.4494,12,-0.1653,3,1
371,1.3638,0.701,1.7306,277.97098,277.9697,277.97202,3.374E5,1.558E5,3.236E4,3.374E5,2,1,23,,,,,,,,,DETECTED,277.97098,277.9697,277.97202,1.3638,0.701,1.7306,3.374E5,1.558E5,3.236E4,3.374E5,0.3607,0.774,0.5863,2,-0.0647,4,1
373,1.3638,1.1832,1.4573,341.10774,341.10703,341.10803,1.97E6,2.561E5,2.576E5,1.97E6,4,1,23,7,[M-H]-,3,342.11536,373;374;376,,,,DETECTED,341.10774,341.10703,341.10803,1.3638,1.1832,1.4573,1.97E6,2.561E5,2.576E5,1.97E6,0.1385,0.7587,0.4323,4,-0.1373,2,1
374,1.3638,1.239,1.4573,377.0849,377.08344,377.08542,1.308E6,1.385E5,6.299E4,1.308E6,2,1,23,7,[M+Cl]-,3,342.11536,373;376;374,,,,DETECTED,377.0849,377.08344,377.08542,1.3638,1.239,1.4573,1.308E6,1.385E5,6.299E4,1.308E6,0.1295,0.9159,1.1994,2,0.0163,5,1
376,1.3638,1.239,1.7306,387.11378,387.11292,387.11429,7.308E6,1.763E6,8.616E5,7.308E6,8,1,23,7,[M+FA]-,3,342.11536,373;374;376,,,,DETECTED,387.11378,387.11292,387.11429,1.3638,1.239,1.7306,7.308E6,1.763E6,8.616E5,7.308E6,0.2509,1.9698,2.5518,8,-0.0754,5,1
377,1.3638,1.1889,1.4697,389.11703,389.11496,389.11926,1.421E5,1.97E4,2.29E4,1.421E5,0,1,23,,,,,,,,,DETECTED,389.11703,389.11496,389.11926,1.3638,1.1889,1.4697,1.421E5,1.97E4,2.29E4,1.421E5,0.1795,0.8026,0.7884,,,5,1
379,1.3638,0.9019,1.4573,440.02343,440.02151,440.02484,1.345E5,3.588E4,3.039E4,1.345E5,0,1,23,,,,,,,,,DETECTED,440.02343,440.02151,440.02484,1.3638,0.9019,1.4573,1.345E5,3.588E4,3.039E4,1.345E5,0.426,0.6012,0.2023,,,3,1
385,1.4158,1.3762,1.5696,297.11783,297.11679,297.1199,1.566E5,1.018E4,9.886E3,1.566E5,0,1,138,,,,,,,,,DETECTED,297.11783,297.11679,297.1199,1.4158,1.3762,1.5696,1.566E5,1.018E4,9.886E3,1.566E5,0.0565,2.146,3.5652,,,2,1
386,1.4158,1.3564,1.4697,421.13184,421.12943,421.13486,9.286E4,5.197E3,1.737E4,9.286E4,0,1,,,,,,,,,,DETECTED,421.13184,421.12943,421.13486,1.4158,1.3564,1.4697,9.286E4,5.197E3,1.737E4,9.286E4,0.117,0.9543,0.8432,,,2,1
387,1.4375,1.1164,1.9194,173.00613,173.00558,173.00638,6.76E5,2.222E5,5.625E4,6.76E5,5,1,16,8,[M-H]-,2,174.01389,394;387,,,,DETECTED,173.00613,173.00558,173.00638,1.4375,1.1164,1.9194,6.76E5,2.222E5,5.625E4,6.76E5,0.2806,1.2868,2.0507,5,-0.0987,2,1
391,1.4375,1.2579,1.5302,309.11815,309.11676,309.1207,1.479E5,1.619E4,1.183E4,1.479E5,0,1,138,,,,,,,,,DETECTED,309.11815,309.11676,309.1207,1.4375,1.2579,1.5302,1.479E5,1.619E4,1.183E4,1.479E5,0.0934,0.755,0.5562,,,3,1
392,1.4375,1.3564,1.5919,347.09697,347.09558,347.09799,3.359E5,2.848E4,1.151E4,3.359E5,0,1,138,,,,,,,,,DETECTED,347.09697,347.09558,347.09799,1.4375,1.3564,1.5919,3.359E5,2.848E4,1.151E4,3.359E5,0.083,1.3143,1.0853,,,2,1
394,1.4499,1.23,1.9833,219.01259,219.01108,219.01311,3.528E5,1.154E5,2.566E4,3.528E5,3,1,16,8,[M+FA]-,2,174.01389,394;387,,,,DETECTED,219.01259,219.01108,219.01311,1.4499,1.23,1.9833,3.528E5,1.154E5,2.566E4,3.528E5,0.2465,1.6486,2.2709,3,-0.0788,2,1
397,1.4697,1.2448,1.9515,142.99578,142.99527,142.99596,8.964E5,2.515E5,3.983E4,8.964E5,5,1,16,,,,,,,,,DETECTED,142.99578,142.99527,142.99596,1.4697,1.2448,1.9515,8.964E5,2.515E5,3.983E4,8.964E5,0.2397,1.5182,1.122,5,-0.1432,3,1
399,1.4697,1.4158,1.5573,249.0592,249.05882,249.06006,1.92E5,1.167E4,1.035E4,1.92E5,0,1,22,,,,,,,,,DETECTED,249.0592,249.05882,249.06006,1.4697,1.4158,1.5573,1.92E5,1.167E4,1.035E4,1.92E5,0.0552,1.2614,1.3985,,,2,1
400,1.4697,1.4158,1.5771,299.07589,299.07266,299.07639,3.36E5,1.85E4,1.142E4,3.36E5,1,1,22,9,[M-H]-,2,300.08314,401;400,,,,DETECTED,299.07589,299.07266,299.07639,1.4697,1.4158,1.5771,3.36E5,1.85E4,1.142E4,3.36E5,0.0506,1.5528,1.103,1,0.0073,2,1
401,1.4697,1.4158,1.6246,345.08132,345.07941,345.08252,3.757E5,2.198E4,1.089E4,3.757E5,1,1,22,9,[M+FA]-,2,300.08314,401;400,,,,DETECTED,345.08132,345.07941,345.08252,1.4697,1.4158,1.6246,3.757E5,2.198E4,1.089E4,3.757E5,0.0531,1.5713,1.1156,1,-0.0035,2,1
406,1.5035,1.1963,1.94,146.04292,146.04259,146.04312,3.178E5,1.132E5,2.675E4,3.178E5,3,1,16,,,,,,,,,DETECTED,146.04292,146.04259,146.04312,1.5035,1.1963,1.94,3.178E5,1.132E5,2.675E4,3.178E5,0.2785,1.2103,1.2455,3,-0.1878,3,1
407,1.5035,1.2168,1.907,195.04823,195.0477,195.04871,4.019E5,1.106E5,4.23E4,4.019E5,3,1,16,,,,,,,,,DETECTED,195.04823,195.0477,195.04871,1.5035,1.2168,1.907,4.019E5,1.106E5,4.23E4,4.019E5,0.2467,1.2037,1.4579,3,-0.1664,4,1
409,1.5035,1.4264,1.5696,331.06631,331.06311,331.06854,7.747E5,4.054E4,2.012E4,7.747E5,1,1,,,,,,,,,,DETECTED,331.06631,331.06311,331.06854,1.5035,1.4264,1.5696,7.747E5,4.054E4,2.012E4,7.747E5,0.0517,1.1432,1.2505,1,-0.0159,3,1
415,1.5035,1.4375,1.6121,501.14308,501.14032,501.14694,5.444E4,4.83E3,1.035E4,5.444E4,0,1,,,,,,,,,,DETECTED,501.14308,501.14032,501.14694,1.5035,1.4375,1.6121,5.444E4,4.83E3,1.035E4,5.444E4,0.0698,1.3228,1.8879,,,2,1
417,1.5159,1.2448,1.7409,165.03719,165.0368,165.03738,4.346E5,1.038E5,5.185E4,4.346E5,3,1,16,,,,,,,,,DETECTED,165.03719,165.0368,165.03738,1.5159,1.2448,1.7409,4.346E5,1.038E5,5.185E4,4.346E5,0.2855,0.915,0.792,3,-0.1629,5,1
421,1.5409,1.1312,1.8396,159.02684,159.0264,159.02719,1.403E6,2.052E5,9.38E4,1.403E6,4,1,,,,,,,,,,DETECTED,159.02684,159.0264,159.02719,1.5409,1.1312,1.8396,1.403E6,2.052E5,9.38E4,1.403E6,0.0653,1.6011,2.797,4,-0.0408,4,1
422,1.5409,1.2522,1.7409,191.053,191.05225,191.05334,6.027E5,1.281E5,5.687E4,6.027E5,4,1,16,,,,,,,,,DETECTED,191.053,191.05225,191.05334,1.5409,1.2522,1.7409,6.027E5,1.281E5,5.687E4,6.027E5,0.1232,0.8465,0.6129,4,-0.1896,3,1
427,1.5499,1.3299,1.6852,134.89135,134.89107,134.89174,2.873E5,4.609E4,6.063E4,2.873E5,1,1,,,,,,,,,,DETECTED,134.89135,134.89107,134.89174,1.5499,1.3299,1.6852,2.873E5,4.609E4,6.063E4,2.873E5,0.1213,0.8075,0.6151,1,0.0162,3,1
429,1.5499,1.2935,1.8732,228.991,228.99025,228.99133,5.492E5,1.137E5,2.453E4,5.492E5,2,1,47,,,,,,,,,DETECTED,228.991,228.99025,228.99133,1.5499,1.2935,1.8732,5.492E5,1.137E5,2.453E4,5.492E5,0.17,1.1228,1.2502,2,-0.1052,4,1
430,1.5573,1.2861,1.9194,133.01172,133.01143,133.01183,5.689E6,1.661E6,8.813E5,5.689E6,11,1,47,,,,,,,,,DETECTED,133.01172,133.01143,133.01183,1.5573,1.2861,1.9194,5.689E6,1.661E6,8.813E5,5.689E6,0.2618,1.1677,1.322,11,-0.2342,5,1
431,1.5573,1.2448,1.8396,226.9945,226.99352,226.99489,2.294E6,4.7E5,8.15E4,2.294E6,8,1,47,,,,,,,,,DETECTED,226.9945,226.99352,226.99489,1.5573,1.2448,1.8396,2.294E6,4.7E5,8.15E4,2.294E6,0.1951,1.0612,1.0312,8,-0.2076,4,1
438,1.5845,1.3422,1.907,191.01741,191.01675,191.01773,1.77E6,5.569E5,4.107E5,1.77E6,9,1,122,,,,,,,,,DETECTED,191.01741,191.01675,191.01773,1.5845,1.3422,1.907,1.77E6,5.569E5,4.107E5,1.77E6,0.2573,1.1657,1.3314,9,-0.1846,4,1
440,1.5845,1.5499,1.6485,463.10767,463.10626,463.11057,2.971E5,1.009E4,1.042E4,2.971E5,0,1,129,,,,,,,,,DETECTED,463.10767,463.10626,463.11057,1.5845,1.5499,1.6485,2.971E5,1.009E4,1.042E4,2.971E5,0.0307,1.5313,1.7117,,,3,1
441,1.5919,1.5573,1.6411,357.08066,357.0784,357.08182,9.44E4,3.938E3,1.03E4,9.44E4,0,1,129,,,,,,,,,DETECTED,357.08066,357.0784,357.08182,1.5919,1.5573,1.6411,9.44E4,3.938E3,1.03E4,9.44E4,0.0399,1.2114,1.1833,,,2,1
444,1.6121,1.5696,1.7364,331.06611,331.06522,331.06662,5.052E6,2.095E5,6.772E4,5.052E6,2,1,149,,,,,,,,,DETECTED,331.06611,331.06522,331.06662,1.6121,1.5696,1.7364,5.052E6,2.095E5,6.772E4,5.052E6,0.0367,1.5128,1.491,2,-0.0125,3,1
446,1.6246,1.2935,1.8396,161.0423,161.04199,161.04247,3.203E5,9.779E4,7.459E4,3.203E5,2,1,36,,,,,,,,,DETECTED,161.0423,161.04199,161.04247,1.6246,1.2935,1.8396,3.203E5,9.779E4,7.459E4,3.203E5,0.3907,0.8247,0.6494,2,-0.2519,4,1
447,1.6246,1.4375,1.8321,177.03727,177.03694,177.03748,2.427E5,5.734E4,5.626E4,2.427E5,0,1,122,,,,,,,,,DETECTED,177.03727,177.03694,177.03748,1.6246,1.4375,1.8321,2.427E5,5.734E4,5.626E4,2.427E5,0.2276,1.0546,1.1091,,,3,1
448,1.6246,1.5771,1.6943,355.0659,355.06509,355.06787,1.865E5,7.492E3,1.138E4,1.865E5,0,1,149,,,,,,,,,DETECTED,355.0659,355.06509,355.06787,1.6246,1.5771,1.6943,1.865E5,7.492E3,1.138E4,1.865E5,0.0359,2.2836,0.853,,,2,1
450,1.632,1.5919,1.6943,313.05549,313.05399,313.05624,8.398E4,4.181E3,8.589E3,8.398E4,0,1,36,,,,,,,,,DETECTED,313.05549,313.05399,313.05624,1.632,1.5919,1.6943,8.398E4,4.181E3,8.589E3,8.398E4,0.0473,1.2774,1.3343,,,2,1
452,1.6559,1.4264,1.94,182.99027,182.98991,182.99069,3.33E5,9.009E4,5.789E4,3.33E5,3,1,122,,,,,,,,,DETECTED,182.99027,182.98991,182.99069,1.6559,1.4264,1.94,3.33E5,9.009E4,5.789E4,3.33E5,0.2379,1.1189,1.1038,3,-0.0914,2,1
455,1.6724,1.632,1.7967,315.07109,315.0686,315.0722,5.097E5,2.074E4,1.535E4,5.097E5,1,1,100,,,,,,,,,DETECTED,315.07109,315.0686,315.0722,1.6724,1.632,1.7967,5.097E5,2.074E4,1.535E4,5.097E5,0.0358,2.0031,1.6919,1,0.0061,2,1
458,1.6724,1.5409,1.8058,391.02943,391.02612,391.03101,1.526E6,8.68E4,2.183E4,1.526E6,2,1,100,,,,,,,,,DETECTED,391.02943,391.02612,391.03101,1.6724,1.5409,1.8058,1.526E6,8.68E4,2.183E4,1.526E6,0.0466,2.6961,1.6632,2,-0.0125,3,1
461,1.6724,1.6485,1.7306,477.12451,477.1238,477.1265,2.224E5,5.88E3,1.016E4,2.224E5,0,1,100,,,,,,,,,DETECTED,477.12451,477.1238,477.1265,1.6724,1.6485,1.7306,2.224E5,5.88E3,1.016E4,2.224E5,0.0228,1.4788,2.0311,,,4,1
462,1.6724,1.5771,1.8058,783.05803,783.05237,783.06281,2.545E5,1.541E4,1.071E4,2.545E5,0,1,100,,,,,,,,,DETECTED,783.05803,783.05237,783.06281,1.6724,1.5771,1.8058,2.545E5,1.541E4,1.071E4,2.545E5,0.0486,1.4778,1.4246,,,3,1
463,1.6852,1.6633,1.7306,463.10787,463.10678,463.10898,1.599E5,4.713E3,1.783E4,1.599E5,0,1,,,,,,,,,,DETECTED,463.10787,463.10678,463.10898,1.6852,1.6633,1.7306,1.599E5,4.713E3,1.783E4,1.599E5,0.0268,1.5335,1.6079,,,2,1
466,1.7108,1.6943,1.7409,499.14297,499.1424,499.14536,1.339E5,3.06E3,2.357E4,1.339E5,0,1,79,,,,,,,,,DETECTED,499.14297,499.1424,499.14536,1.7108,1.6943,1.7409,1.339E5,3.06E3,2.357E4,1.339E5,0.0217,1.4146,1.8343,,,3,1
467,1.7199,1.6633,1.8058,329.08662,329.08575,329.08755,1.783E6,5.276E4,1.128E4,1.783E6,1,1,79,10,[M-H]-,2,330.09392,469;467,,,,DETECTED,329.08662,329.08575,329.08755,1.7199,1.6633,1.8058,1.783E6,5.276E4,1.128E4,1.783E6,0.0259,1.422,1.5464,1,-0.0125,3,1
469,1.7199,1.6943,1.783,375.09214,375.09091,375.0936,2.222E5,7.047E3,8.829E3,2.222E5,0,1,79,10,[M+FA]-,2,330.09392,469;467,,,,DETECTED,375.09214,375.09091,375.0936,1.7199,1.6943,1.783,2.222E5,7.047E3,8.829E3,2.222E5,0.0289,1.483,1.8128,,,5,1
470,1.7199,1.6943,1.7574,397.07248,397.0718,397.07367,8.132E4,2.381E3,9.978E3,8.132E4,0,1,79,,,,,,,,,DETECTED,397.07248,397.0718,397.07367,1.7199,1.6943,1.7574,8.132E4,2.381E3,9.978E3,8.132E4,0.0279,1.2351,1.2572,,,2,1
475,1.7574,1.7199,1.8658,218.10121,218.10057,218.10165,7.597E5,2.465E4,8.009E3,7.597E5,1,1,,,,,,,,,,DETECTED,218.10121,218.10057,218.10165,1.7574,1.7199,1.8658,7.597E5,2.465E4,8.009E3,7.597E5,0.028,1.3661,1.3157,1,-0.0109,3,1
477,1.7649,1.7364,1.94,331.06583,331.0636,331.06665,1.7E5,1.903E4,2.8E4,1.7E5,0,1,,,,,,,,,,DETECTED,331.06583,331.0636,331.06665,1.7649,1.7364,1.94,1.7E5,1.903E4,2.8E4,1.7E5,0.1323,3.5646,6.0897,,,2,1
479,1.774,1.75,1.8321,291.10674,291.10529,291.10721,1.903E5,5.517E3,1.163E4,1.903E5,0,1,,,,,,,,,,DETECTED,291.10674,291.10529,291.10721,1.774,1.75,1.8321,1.903E5,5.517E3,1.163E4,1.903E5,0.0245,2.6135,2.2191,,,2,1
480,1.774,1.7574,1.8189,499.14297,499.14136,499.14444,1.107E5,2.897E3,1.192E4,1.107E5,0,1,,,,,,,,,,DETECTED,499.14297,499.14136,499.14444,1.774,1.7574,1.8189,1.107E5,2.897E3,1.192E4,1.107E5,0.0223,1.8548,2.3262,,,3,1
481,1.783,1.7199,1.907,301.0553,301.05417,301.05551,2.243E6,9.8E4,9.199E3,2.243E6,2,1,65,,,,,,,,,DETECTED,301.0553,301.05417,301.05551,1.783,1.7199,1.907,2.243E6,9.8E4,9.199E3,2.243E6,0.0373,2.0905,2.2656,2,-0.0125,4,1
482,1.783,1.7574,1.8396,313.09156,313.0907,313.09244,1.39E5,4.266E3,1.041E4,1.39E5,0,1,65,,,,,,,,,DETECTED,313.09156,313.0907,313.09244,1.783,1.7574,1.8396,1.39E5,4.266E3,1.041E4,1.39E5,0.0273,2.0128,4.0655,,,2,1
483,1.783,1.7574,1.8945,323.13334,323.1319,323.1344,1.269E5,8.557E3,1.185E4,1.269E5,0,1,,,,,,,,,,DETECTED,323.13334,323.1319,323.1344,1.783,1.7574,1.8945,1.269E5,8.557E3,1.185E4,1.269E5,0.0207,3.3899,6.2206,,,2,1
485,1.7921,1.7649,1.8396,355.12326,355.1226,355.12408,2.832E5,7.854E3,1.288E4,2.832E5,0,1,65,,,,,,,,,DETECTED,355.12326,355.1226,355.12408,1.7921,1.7649,1.8396,2.832E5,7.854E3,1.288E4,2.832E5,0.0325,1.2192,1.6653,,,3,1
486,1.7921,1.7306,1.9263,527.10235,527.09906,527.10736,2.167E6,4.991E4,9.056E3,2.167E6,1,1,65,,,,,,,,,DETECTED,527.10235,527.09906,527.10736,1.7921,1.7306,1.9263,2.167E6,4.991E4,9.056E3,2.167E6,0.0189,1.2767,1.1777,1,-0.0035,4,1
488,1.7967,1.774,1.8396,311.1331,311.13232,311.13422,9.906E4,3.024E3,1.529E4,9.906E4,0,1,,,,,,,,,,DETECTED,311.1331,311.13232,311.13422,1.7967,1.774,1.8396,9.906E4,3.024E3,1.529E4,9.906E4,0.0262,1.4437,1.8415,,,2,1
491,1.8189,1.6724,1.907,299.07586,299.07489,299.07709,5.455E4,5.285E3,8.797E3,5.455E4,0,1,,,,,,,,,,DETECTED,299.07586,299.07489,299.07709,1.8189,1.6724,1.907,5.455E4,5.285E3,8.797E3,5.455E4,0.0501,0.8005,0.632,,,2,1
494,1.8533,1.8189,1.94,257.10083,257.10001,257.10141,1.054E5,6.558E3,1.192E4,1.054E5,0,1,21,,,,,,,,,DETECTED,257.10083,257.10001,257.10141,1.8533,1.8189,1.94,1.054E5,6.558E3,1.192E4,1.054E5,0.0444,1.7594,2.9149,,,2,1
495,1.8533,1.8115,1.94,283.04392,283.04175,283.04462,8.603E4,4.885E3,8.797E3,8.603E4,0,1,118,,,,,,,,,DETECTED,283.04392,283.04175,283.04462,1.8533,1.8115,1.94,8.603E4,4.885E3,8.797E3,8.603E4,0.0758,1.5366,1.5847,,,2,1
496,1.8533,1.8115,2.0164,315.07081,315.06845,315.07144,3.718E5,1.595E4,1.183E4,3.718E5,1,1,21,,,,,,,,,DETECTED,315.07081,315.06845,315.07144,1.8533,1.8115,2.0164,3.718E5,1.595E4,1.183E4,3.718E5,0.0259,3.1041,5.9763,1,0.0073,2,1
497,1.8533,1.8247,1.8823,327.04968,327.04868,327.05103,3.053E5,7.651E3,1.132E4,3.053E5,0,1,21,,,,,,,,,DETECTED,327.04968,327.04868,327.05103,1.8533,1.8247,1.8823,3.053E5,7.651E3,1.132E4,3.053E5,0.0253,1.2109,2.0049,,,2,1
499,1.8533,1.8247,1.8945,451.12285,451.12,451.1235,3.366E5,8.694E3,2.519E4,3.366E5,1,1,118,,,,,,,,,DETECTED,451.12285,451.12,451.1235,1.8533,1.8247,1.8945,3.366E5,8.694E3,2.519E4,3.366E5,0.0229,1.2478,1.3463,1,0.009,3,1
500,1.8533,1.8321,1.8945,463.08622,463.08313,463.08743,4.753E5,1.254E4,8.933E3,4.753E5,1,1,21,,,,,,,,,DETECTED,463.08622,463.08313,463.08743,1.8533,1.8321,1.8945,4.753E5,1.254E4,8.933E3,4.753E5,0.0249,1.4675,2.2262,1,0.0056,3,1
501,1.8658,1.8396,1.8945,313.09155,313.091,313.09222,8.894E4,2.104E3,1.078E4,8.894E4,0,1,,,,,,,,,,DETECTED,313.09155,313.091,313.09222,1.8658,1.8396,1.8945,8.894E4,2.104E3,1.078E4,8.894E4,0.0207,1.0467,1.0934,,,2,1
502,1.8658,1.8189,1.9263,315.10667,315.10443,315.10782,3.117E5,9.481E3,1.134E4,3.117E5,1,1,,,,,,,,,,DETECTED,315.10667,315.10443,315.10782,1.8658,1.8189,1.9263,3.117E5,9.481E3,1.134E4,3.117E5,0.0247,1.0508,0.7927,1,0.0204,2,1
509,1.8823,1.8533,1.9263,301.0908,301.08856,301.09134,2.382E5,7.175E3,2.911E4,2.382E5,0,1,133,11,[M-H]-,3,302.09871,510;512;509,,,,DETECTED,301.0908,301.08856,301.09134,1.8823,1.8533,1.9263,2.382E5,7.175E3,2.911E4,2.382E5,0.028,1.2617,2.2008,,,2,1
510,1.8823,1.8533,1.9194,337.06847,337.06766,337.06959,1.695E5,4.394E3,2.038E4,1.695E5,0,1,133,11,[M+Cl]-,3,302.09871,510;512;509,,,,DETECTED,337.06847,337.06766,337.06959,1.8823,1.8533,1.9194,1.695E5,4.394E3,2.038E4,1.695E5,0.0199,1.1426,2.1923,,,4,1
512,1.8823,1.8396,1.9833,347.09718,347.09509,347.09952,3.627E6,1.049E5,1.332E4,3.627E6,1,1,133,11,[M+FA]-,3,302.09871,510;512;509,,,,DETECTED,347.09718,347.09509,347.09952,1.8823,1.8396,1.9833,3.627E6,1.049E5,1.332E4,3.627E6,0.0247,1.7951,2.2325,1,-0.0035,3,1
516,1.8945,1.8658,2.0421,123.04214,123.04165,123.0428,9.188E5,2.513E4,1.111E4,9.188E5,1,1,49,,,,,,,,,DETECTED,123.04214,123.04165,123.0428,1.8945,1.8658,2.0421,9.188E5,2.513E4,1.111E4,9.188E5,0.0218,2.1104,1.2314,1,0.004,2,1
517,1.8945,1.8658,1.94,165.05224,165.05196,165.05251,5.013E5,1.175E4,7.608E3,5.013E5,1,1,49,,,,,,,,,DETECTED,165.05224,165.05196,165.05251,1.8945,1.8658,1.94,5.013E5,1.175E4,7.608E3,5.013E5,0.0213,1.5155,1.2415,1,0.0148,2,1
518,1.8945,1.8658,1.94,327.10724,327.10599,327.10751,5.478E6,1.34E5,5.596E4,5.478E6,1,1,49,,,,,,,,,DETECTED,327.10724,327.10599,327.10751,1.8945,1.8658,1.94,5.478E6,1.34E5,5.596E4,5.478E6,0.0238,1.2402,1.2231,1,-0.0049,3,1
519,1.8945,1.8658,1.94,371.09744,371.09604,371.09772,9.483E6,2.367E5,9.672E4,9.483E6,1,1,49,12,[M-H]-,2,372.10415,522;519,,,,DETECTED,371.09744,371.09604,371.09772,1.8945,1.8658,1.94,9.483E6,2.367E5,9.672E4,9.483E6,0.0245,1.2965,1.2433,1,-0.0066,2,1
520,1.8945,1.8732,1.94,407.07299,407.07166,407.07352,1.116E6,2.382E4,3.031E4,1.116E6,1,1,,,,,,,,,,DETECTED,407.07299,407.07166,407.07352,1.8945,1.8732,1.94,1.116E6,2.382E4,3.031E4,1.116E6,0.0197,1.0898,1.0487,1,0.0023,5,1
521,1.8945,1.8732,1.9263,409.0696,409.06903,409.07224,2.955E5,6.404E3,2.039E4,2.955E5,0,1,,,,,,,,,,DETECTED,409.0696,409.06903,409.07224,1.8945,1.8732,1.9263,2.955E5,6.404E3,2.039E4,2.955E5,0.0202,1.1104,1.0952,,,5,1
522,1.8945,1.8658,1.94,417.10179,417.09848,417.10223,1.9E6,4.475E4,1.905E4,1.9E6,1,1,49,12,[M+FA]-,2,372.10415,522;519,,,,DETECTED,417.10179,417.09848,417.10223,1.8945,1.8658,1.94,1.9E6,4.475E4,1.905E4,1.9E6,0.0218,1.4115,1.2254,1,-0.0032,3,1
523,1.8945,1.8732,1.94,418.10357,418.10138,418.10516,2.568E5,6.431E3,1.922E4,2.568E5,0,1,,,,,,,,,,DETECTED,418.10357,418.10138,418.10516,1.8945,1.8732,1.94,2.568E5,6.431E3,1.922E4,2.568E5,0.0236,1.3333,1.2195,,,3,1
524,1.8945,1.8321,1.94,439.08314,439.08118,439.08514,6.098E5,1.731E4,8.042E3,6.098E5,1,1,49,,,,,,,,,DETECTED,439.08314,439.08118,439.08514,1.8945,1.8321,1.94,6.098E5,1.731E4,8.042E3,6.098E5,0.0312,1.2818,1.2435,1,0.0074,3,1
525,1.8945,1.8658,2.0711,447.11175,447.10925,447.11453,4.789E5,2.748E4,1.562E4,4.789E5,1,1,49,,,,,,,,,DETECTED,447.11175,447.10925,447.11453,1.8945,1.8658,2.0711,4.789E5,2.748E4,1.562E4,4.789E5,0.0503,4.3295,3.6767,1,0.0165,3,1
526,1.8945,1.8732,1.9263,471.02157,471.01978,471.02249,1.403E5,3.068E3,1.563E4,1.403E5,0,1,,,,,,,,,,DETECTED,471.02157,471.01978,471.02249,1.8945,1.8732,1.9263,1.403E5,3.068E3,1.563E4,1.403E5,0.0196,1.2484,1.2038,,,4,1
527,1.8945,1.8732,1.94,489.03168,489.02768,489.03227,5.577E5,1.192E4,2.539E4,5.577E5,1,1,,,,,,,,,,DETECTED,489.03168,489.02768,489.03227,1.8945,1.8732,1.94,5.577E5,1.192E4,2.539E4,5.577E5,0.0185,1.2346,1.1663,1,0.0091,4,1
528,1.8945,1.8732,1.94,515.13944,515.13754,515.14087,1.097E5,3.203E3,1.13E4,1.097E5,0,1,,,,,,,,,,DETECTED,515.13944,515.13754,515.14087,1.8945,1.8732,1.94,1.097E5,3.203E3,1.13E4,1.097E5,0.0272,1.5693,3.097,,,2,1
529,1.8945,1.8658,1.9263,516.01723,516.01398,516.01788,2.237E5,6.146E3,8.672E3,2.237E5,0,1,49,,,,,,,,,DETECTED,516.01723,516.01398,516.01788,1.8945,1.8658,1.9263,2.237E5,6.146E3,8.672E3,2.237E5,0.0324,1.2539,1.2805,,,5,1
530,1.8945,1.8732,1.9263,743.19638,743.18988,743.19696,1.073E6,1.735E4,1.129E4,1.073E6,1,1,,,,,,,,,,DETECTED,743.19638,743.18988,743.19696,1.8945,1.8732,1.9263,1.073E6,1.735E4,1.129E4,1.073E6,0.0148,0.9848,0.6056,1,0.0057,3,1
532,1.9263,1.8945,2.0106,375.06734,375.06656,375.06863,1.24E6,5.322E4,1.618E4,1.24E6,2,1,49,,,,,,,,,DETECTED,375.06734,375.06656,375.06863,1.9263,1.8945,2.0106,1.24E6,5.322E4,1.618E4,1.24E6,0.0438,2.7873,4.2847,2,0.0111,3,1
533,1.9263,1.907,1.9726,407.00523,407.00229,407.0069,6.853E4,2.322E3,2.694E4,6.853E4,0,1,,,,,,,,,,DETECTED,407.00523,407.00229,407.0069,1.9263,1.907,1.9726,6.853E4,2.322E3,2.694E4,6.853E4,0.0355,1.6987,2.3974,,,3,1
543,1.94,1.907,1.9833,191.01689,191.0168,191.01703,2.115E6,8.251E4,3.426E5,2.115E6,1,1,49,,,,,,,,,DETECTED,191.01689,191.0168,191.01703,1.94,1.907,1.9833,2.115E6,8.251E4,3.426E5,2.115E6,0.0431,1.1578,1.3157,1,-0.0059,2,1
544,1.94,1.8945,2.2048,191.05234,191.05183,191.05315,3.384E5,2.18E4,2.302E4,3.384E5,0,1,49,,,,,,,,,DETECTED,191.05234,191.05183,191.05315,1.94,1.8945,2.2048,3.384E5,2.18E4,2.302E4,3.384E5,0.0335,3.3567,2.9857,,,3,1
545,1.94,1.8058,2.0106,329.08627,329.08548,329.0878,2.189E7,7.884E5,1.992E4,2.189E7,1,1,49,,,,,,,,,DETECTED,329.08627,329.08548,329.0878,1.94,1.8058,2.0106,2.189E7,7.884E5,1.992E4,2.189E7,0.0312,2.0431,2.7045,1,-0.0076,3,1
547,1.94,1.8945,2.0106,351.07254,351.07028,351.07309,1.017E7,3.833E5,2.653E5,1.017E7,2,1,49,,,,,,,,,DETECTED,351.07254,351.07028,351.07309,1.94,1.8945,2.0106,1.017E7,3.833E5,2.653E5,1.017E7,0.0341,1.3329,1.3539,2,-0.0257,4,1
548,1.94,1.907,2.0106,352.07639,352.07364,352.07706,1.362E6,4.964E4,4.936E4,1.362E6,1,1,49,,,,,,,,,DETECTED,352.07639,352.07364,352.07706,1.94,1.907,2.0106,1.362E6,4.964E4,4.936E4,1.362E6,0.0407,1.4235,1.2892,1,0.004,4,1
550,1.94,1.907,2.0421,353.04244,353.04114,353.04321,7.058E5,2.195E4,1.485E4,7.058E5,0,1,49,,,,,,,,,DETECTED,353.04244,353.04114,353.04321,1.94,1.907,2.0421,7.058E5,2.195E4,1.485E4,7.058E5,0.0294,1.2116,1.5836,,,2,1
552,1.94,1.8189,2.0106,353.08725,353.08487,353.08994,8.256E7,2.783E6,1.243E4,8.256E7,2,1,49,,,,,,,,,DETECTED,353.08725,353.08487,353.08994,1.94,1.8189,2.0106,8.256E7,2.783E6,1.243E4,8.256E7,0.0336,1.4102,1.8288,2,-0.0273,4,1
557,1.94,1.907,2.1066,369.07993,369.07846,369.08234,5.148E5,2.234E4,1.822E4,5.148E5,1,1,49,,,,,,,,,DETECTED,369.07993,369.07846,369.08234,1.94,1.907,2.1066,5.148E5,2.234E4,1.822E4,5.148E5,0.0461,2.5161,1.3573,1,0.009,2,1
560,1.94,1.8945,2.0164,453.01032,453.00803,453.01169,1.373E6,5.122E4,1.067E4,1.373E6,1,1,49,,,,,,,,,DETECTED,453.01032,453.00803,453.01169,1.94,1.8945,2.0164,1.373E6,5.122E4,1.067E4,1.373E6,0.0341,1.3319,1.5802,1,0.0023,3,1
562,1.94,1.907,1.9833,487.10738,487.10495,487.11005,1.788E5,5.26E3,1.204E4,1.788E5,0,1,49,,,,,,,,,DETECTED,487.10738,487.10495,487.11005,1.94,1.907,1.9833,1.788E5,5.26E3,1.204E4,1.788E5,0.0332,1.35,1.5813,,,2,1
566,1.94,1.9194,1.9833,659.17542,659.17102,659.17578,4.743E5,1.173E4,2.092E4,4.743E5,1,1,,,,,,,,,,DETECTED,659.17542,659.17102,659.17578,1.94,1.9194,1.9833,4.743E5,1.173E4,2.092E4,4.743E5,0.0238,1.6925,2.3217,1,0.0138,3,1
569,1.94,1.907,1.9833,705.15925,705.15363,705.16028,1.846E6,4.357E4,3.458E4,1.846E6,0,1,49,,,,,,,,,DETECTED,705.15925,705.15363,705.16028,1.94,1.907,1.9833,1.846E6,4.357E4,3.458E4,1.846E6,0.0229,1.2014,1.0549,,,2,1
570,1.94,1.907,2.0015,707.17607,707.17206,707.18341,3.323E6,7.242E4,1.024E4,3.323E6,1,1,49,,,,,,,,,DETECTED,707.17607,707.17206,707.18341,1.94,1.907,2.0015,3.323E6,7.242E4,1.024E4,3.323E6,0.0203,1.1651,1.0354,1,-0.0042,4,1
571,1.94,1.907,1.9833,708.17669,708.17322,708.17859,9.96E5,2.17E4,1.598E4,9.96E5,0,1,49,,,,,,,,,DETECTED,708.17669,708.17322,708.17859,1.94,1.907,1.9833,9.96E5,2.17E4,1.598E4,9.96E5,0.0203,1.1823,1.0452,,,4,1
579,1.9515,1.9194,2.0106,331.09002,331.08856,331.09198,3.76E5,1.352E4,1.231E4,3.76E5,1,1,49,,,,,,,,,DETECTED,331.09002,331.08856,331.09198,1.9515,1.9194,2.0106,3.76E5,1.352E4,1.231E4,3.76E5,0.0301,1.3134,1.1684,1,0.004,4,1
581,1.9515,1.9194,2.0106,397.07101,397.07007,397.07193,2.939E5,1.213E4,2.542E4,2.939E5,1,1,49,,,,,,,,,DETECTED,397.07101,397.07007,397.07193,1.9515,1.9194,2.0106,2.939E5,1.213E4,2.542E4,2.939E5,0.0369,1.4234,1.7186,1,0.011,2,1
582,1.9515,1.907,2.0164,429.0096,429.00787,429.01318,3.655E5,1.297E4,1.082E4,3.655E5,1,1,49,,,,,,,,,DETECTED,429.0096,429.00787,429.01318,1.9515,1.907,2.0164,3.655E5,1.297E4,1.082E4,3.655E5,0.0328,1.7342,1.2078,1,0.0057,3,1
585,1.9602,1.94,2.1141,327.10726,327.10544,327.10828,2.836E5,1.575E4,1.812E4,2.836E5,1,1,,,,,,,,,,DETECTED,327.10726,327.10544,327.10828,1.9602,1.94,2.1141,2.836E5,1.575E4,1.812E4,2.836E5,0.0435,4.3658,4.985,1,0.0073,2,1
591,1.9726,1.94,2.0164,371.09677,371.09592,371.09702,1.705E6,5.246E4,2.015E5,1.705E6,1,1,,,,,,,,,,DETECTED,371.09677,371.09592,371.09702,1.9726,1.94,2.0164,1.705E6,5.246E4,2.015E5,1.705E6,0.0262,1.1709,1.8654,1,0.0329,2,1
592,1.9833,1.9602,2.0883,149.05781,149.05759,149.05791,5.407E5,1.27E4,1.178E4,5.407E5,1,1,,,,,,,,,,DETECTED,149.05781,149.05759,149.05791,1.9833,1.9602,2.0883,5.407E5,1.27E4,1.178E4,5.407E5,0.018,1.216,1.0931,1,-0.0035,2,1
593,1.9924,1.94,2.0883,158.9754,158.97513,158.97554,3.441E5,3.983E4,1.26E5,3.441E5,3,1,141,,,,,,,,,DETECTED,158.9754,158.97513,158.97554,1.9924,1.94,2.0883,3.441E5,3.983E4,1.26E5,3.441E5,0.138,1.4143,1.8287,3,-0.0233,3,1
596,1.9924,1.94,2.0883,341.1071,341.10574,341.10837,1.407E5,1.616E4,6.222E4,1.407E5,0,1,,,,,,,,,,DETECTED,341.1071,341.10574,341.10837,1.9924,1.94,2.0883,1.407E5,1.616E4,6.222E4,1.407E5,0.4123,1.4143,1.8287,,,3,1
597,1.9924,1.9602,2.0421,463.08674,463.08606,463.08801,1.889E5,6.651E3,1.65E4,1.889E5,0,1,141,,,,,,,,,DETECTED,463.08674,463.08606,463.08801,1.9924,1.9602,2.0421,1.889E5,6.651E3,1.65E4,1.889E5,0.0299,1.2714,1.4634,,,3,1
599,2.0015,1.9726,2.0421,461.12897,461.12747,461.12955,1.059E6,2.63E4,1.165E4,1.059E6,1,1,,,,,,,,,,DETECTED,461.12897,461.12747,461.12955,2.0015,1.9726,2.0421,1.059E6,2.63E4,1.165E4,1.059E6,0.0214,1.6191,3.3371,1,0.0056,3,1
601,2.0164,1.9924,2.0785,316.03118,316.03024,316.03317,1.74E5,4.676E3,1.096E4,1.74E5,0,1,71,,,,,,,,,DETECTED,316.03118,316.03024,316.03317,2.0164,1.9924,2.0785,1.74E5,4.676E3,1.096E4,1.74E5,0.0227,1.5238,2.2288,,,3,1
603,2.0221,2.0015,2.084,325.14886,325.14758,325.14981,2.484E5,6.096E3,9.467E3,2.484E5,1,1,71,,,,,,,,,DETECTED,325.14886,325.14758,325.14981,2.0221,2.0015,2.084,2.484E5,6.096E3,9.467E3,2.484E5,0.0282,2.0606,2.3475,1,0.0058,2,1
605,2.0221,2.0015,2.0529,499.14393,499.1423,499.14557,6.707E4,1.41E3,9.923E3,6.707E4,0,1,71,,,,,,,,,DETECTED,499.14393,499.1423,499.14557,2.0221,2.0015,2.0529,6.707E4,1.41E3,9.923E3,6.707E4,0.0193,1.2465,1.0361,,,2,1
606,2.0221,1.9726,2.0529,641.14578,641.14069,641.1485,2.236E5,6.065E3,1.062E4,2.236E5,0,1,71,,,,,,,,,DETECTED,641.14578,641.14069,641.1485,2.0221,1.9726,2.0529,2.236E5,6.065E3,1.062E4,2.236E5,0.0246,0.9116,1.4867,,,3,1
608,2.033,2.0015,2.084,297.05972,297.05923,297.06042,5.162E4,1.901E3,9.838E3,5.162E4,0,1,71,,,,,,,,,DETECTED,297.05972,297.05923,297.06042,2.033,2.0015,2.084,5.162E4,1.901E3,9.838E3,5.162E4,0.0265,1.309,1.376,,,4,1
609,2.033,2.0106,2.2284,329.08627,329.08594,329.08704,1.524E6,1.312E5,6.787E4,1.524E6,3,1,50,,,,,,,,,DETECTED,329.08627,329.08594,329.08704,2.033,2.0106,2.2284,1.524E6,1.312E5,6.787E4,1.524E6,0.1513,4.5927,7.1458,3,-0.0201,3,1
611,2.033,2.0106,2.1924,351.0708,351.06952,351.0715,5.125E5,4.102E4,5.624E4,5.125E5,1,1,50,,,,,,,,,DETECTED,351.0708,351.06952,351.0715,2.033,2.0106,2.1924,5.125E5,4.102E4,5.624E4,5.125E5,0.0892,4.0532,5.9449,1,0.004,3,1
612,2.033,2.0106,2.1924,353.08644,353.08575,353.08676,4.522E6,3.667E5,3.709E5,4.522E6,3,1,50,,,,,,,,,DETECTED,353.08644,353.08575,353.08676,2.033,2.0106,2.1924,4.522E6,3.667E5,3.709E5,4.522E6,0.0783,4.0532,5.3877,3,0.0023,5,1
614,2.033,2.0015,2.0603,390.02098,390.0202,390.02362,1.648E5,4.802E3,3.191E4,1.648E5,0,2,71,,,,,,,,,DETECTED,390.02098,390.0202,390.02362,2.033,2.0015,2.0603,1.648E5,4.802E3,3.191E4,1.648E5,0.0274,0.9323,0.7387,,,2,2
615,2.033,1.9602,2.2438,391.02946,391.02704,391.03296,4.075E6,1.382E5,2.225E4,4.075E6,2,1,71,,,,,,,,,DETECTED,391.02946,391.02704,391.03296,2.033,1.9602,2.2438,4.075E6,1.382E5,2.225E4,4.075E6,0.025,0.9478,0.8552,2,-0.035,3,1
616,2.033,1.9924,2.0711,425.02154,425.02069,425.02356,1.613E5,4.872E3,1.144E4,1.613E5,0,1,71,,,,,,,,,DETECTED,425.02154,425.02069,425.02356,2.033,1.9924,2.0711,1.613E5,4.872E3,1.144E4,1.613E5,0.0249,1.0797,0.9277,,,3,1
619,2.033,2.0015,2.0785,643.15824,643.15448,643.15974,8.37E4,2.533E3,9.929E3,8.37E4,0,1,,,,,,,,,,DETECTED,643.15824,643.15448,643.15974,2.033,2.0015,2.0785,8.37E4,2.533E3,9.929E3,8.37E4,0.0215,1.221,0.6435,,,2,1
620,2.033,1.94,2.0883,783.05833,783.05231,783.06293,4.557E5,1.542E4,2.106E4,4.557E5,1,1,71,,,,,,,,,DETECTED,783.05833,783.05231,783.06293,2.033,1.94,2.0883,4.557E5,1.542E4,2.106E4,4.557E5,0.0252,0.6462,0.6653,1,-0.0068,3,1
621,2.0421,2.0164,2.1066,451.12219,451.11963,451.12277,2.48E5,6.205E3,1.353E4,2.48E5,0,1,,,,,,,,,,DETECTED,451.12219,451.11963,451.12277,2.0421,2.0164,2.1066,2.48E5,6.205E3,1.353E4,2.48E5,0.0187,1.5189,2.0459,,,3,1
622,2.0529,2.0015,2.1141,285.06021,285.05847,285.06055,2.606E6,8.862E4,1.506E4,2.606E6,2,1,156,,,,,,,,,DETECTED,285.06021,285.05847,285.06055,2.0529,2.0015,2.1141,2.606E6,8.862E4,1.506E4,2.606E6,0.0391,1.3906,2.4022,2,-0.0142,3,1
623,2.0603,2.0164,2.1141,315.07056,315.06946,315.07114,7.381E5,2.545E4,1.383E4,7.381E5,1,1,156,,,,,,,,,DETECTED,315.07056,315.06946,315.07114,2.0603,2.0164,2.1141,7.381E5,2.545E4,1.383E4,7.381E5,0.028,1.1821,1.4229,1,-0.0109,3,1
626,2.0603,2.0421,2.157,461.12827,461.12555,461.13251,8.267E5,2.297E4,1.775E4,8.267E5,1,1,177,,,,,,,,,DETECTED,461.12827,461.12555,461.13251,2.0603,2.0421,2.157,8.267E5,2.297E4,1.775E4,8.267E5,0.0154,1.9969,2.498,1,0.0056,3,1
627,2.0603,2.0106,2.157,576.12577,576.12085,576.12793,1.618E6,5.292E4,2.158E4,1.618E6,1,1,177,,,,,,,,,DETECTED,576.12577,576.12085,576.12793,2.0603,2.0106,2.157,1.618E6,5.292E4,2.158E4,1.618E6,0.0228,2.4549,3.1355,1,0.0023,3,1
629,2.0785,2.0529,2.1141,339.07044,339.06934,339.07114,1.348E5,3.534E3,1.747E4,1.348E5,0,1,,,,,,,,,,DETECTED,339.07044,339.06934,339.07114,2.0785,2.0529,2.1141,1.348E5,3.534E3,1.747E4,1.348E5,0.0287,1.1943,1.6641,,,2,1
633,2.0883,1.94,2.1141,226.99376,226.99301,226.99409,2E5,2.418E4,5.84E4,2E5,0,1,144,,,,,,,,,DETECTED,226.99376,226.99301,226.99409,2.0883,1.94,2.1141,2E5,2.418E4,5.84E4,2E5,0.1547,0.5868,0.1737,,,3,1
635,2.0883,2.0603,2.1306,645.11563,645.11249,645.11945,2.079E5,6.042E3,2.327E4,2.079E5,0,1,144,,,,,,,,,DETECTED,645.11563,645.11249,645.11945,2.0883,2.0603,2.1306,2.079E5,6.042E3,2.327E4,2.079E5,0.0273,1.2547,4.6907,,,3,1
637,2.0883,2.0603,2.1141,695.06226,695.05902,695.0658,1.495E5,3.444E3,8.398E3,1.495E5,0,1,144,,,,,,,,,DETECTED,695.06226,695.05902,695.0658,2.0883,2.0603,2.1141,1.495E5,3.444E3,8.398E3,1.495E5,0.0228,1.2445,1.2441,,,3,1
640,2.0976,2.0421,2.1924,143.03203,143.03156,143.03262,3.843E5,1.325E4,1.675E4,3.843E5,1,1,,,,,,,,,,DETECTED,143.03203,143.03156,143.03262,2.0976,2.0421,2.1924,3.843E5,1.325E4,1.675E4,3.843E5,0.0216,5.9224,0.5447,1,-0.0033,3,1
645,2.1066,2.084,2.1438,285.09563,285.09494,285.09616,8.04E4,2.249E3,1.565E4,8.04E4,0,1,103,13,[M-H]-,2,286.10323,646;645,,,,DETECTED,285.09563,285.09494,285.09616,2.1066,2.084,2.1438,8.04E4,2.249E3,1.565E4,8.04E4,0.028,1.321,3.9913,,,2,1
646,2.1066,2.0785,2.1778,331.10175,331.10107,331.10443,1.956E6,5.085E4,2.277E4,1.956E6,1,1,103,13,[M+FA]-,2,286.10323,646;645,,,,DETECTED,331.10175,331.10107,331.10443,2.1066,2.0785,2.1778,1.956E6,5.085E4,2.277E4,1.956E6,0.0236,1.4806,1.6639,1,-0.0035,4,1
649,2.1066,2.0164,2.2438,371.09719,371.09503,371.0975,9.334E6,2.92E5,8.669E4,9.334E6,2,1,103,,,,,,,,,DETECTED,371.09719,371.09503,371.0975,2.1066,2.0164,2.2438,9.334E6,2.92E5,8.669E4,9.334E6,0.0248,1.0207,0.2386,2,0.0189,4,1
651,2.1066,2.0883,2.157,439.08259,439.07953,439.08499,2.148E5,5.275E3,1.699E4,2.148E5,0,1,,,,,,,,,,DETECTED,439.08259,439.07953,439.08499,2.1066,2.0883,2.157,2.148E5,5.275E3,1.699E4,2.148E5,0.0219,1.8747,2.034,,,2,1
652,2.1066,2.0883,2.138,471.02099,471.01978,471.02368,1.866E5,4.02E3,2.717E4,1.866E5,0,1,,,,,,,,,,DETECTED,471.02099,471.01978,471.02368,2.1066,2.0883,2.138,1.866E5,4.02E3,2.717E4,1.866E5,0.0208,1.3553,1.3688,,,4,1
654,2.1232,2.084,2.2374,323.13327,323.13202,323.13525,3.477E6,7.631E4,1.458E4,3.477E6,1,1,,,,,,,,,,DETECTED,323.13327,323.13202,323.13525,2.1232,2.084,2.2374,3.477E6,7.631E4,1.458E4,3.477E6,0.0178,2.496,2.725,1,-0.0035,3,1
656,2.1306,2.1066,2.1778,447.11122,447.1095,447.11328,8.596E4,2.054E3,9.122E3,8.596E4,0,1,,,,,,,,,,DETECTED,447.11122,447.1095,447.11328,2.1306,2.1066,2.1778,8.596E4,2.054E3,9.122E3,8.596E4,0.0184,1.4853,2.6662,,,2,1
659,2.138,2.1066,2.1924,451.12156,451.12073,451.1228,1.408E5,3.21E3,1.138E4,1.408E5,0,1,,,,,,,,,,DETECTED,451.12156,451.12073,451.1228,2.138,2.1066,2.1924,1.408E5,3.21E3,1.138E4,1.408E5,0.0173,1.2969,1.0684,,,3,1
660,2.1438,2.1232,2.2048,339.07006,339.06854,339.07062,9.495E4,3.721E3,1.974E4,9.495E4,0,1,54,14,[M-H]-,3,340.0772,660;662;663,,,,DETECTED,339.07006,339.06854,339.07062,2.1438,2.1232,2.2048,9.495E4,3.721E3,1.974E4,9.495E4,0.0338,1.9832,2.9665,,,2,1
661,2.1438,2.1232,2.1778,359.13276,359.13156,359.13361,9.476E4,2.121E3,1.333E4,9.476E4,0,1,54,,,,,,,,,DETECTED,359.13276,359.13156,359.13361,2.1438,2.1232,2.1778,9.476E4,2.121E3,1.333E4,9.476E4,0.0203,1.3271,2.1476,,,2,1
662,2.1438,2.1141,2.2048,385.07529,385.07465,385.07642,1.173E5,4.055E3,9.102E3,1.173E5,0,1,54,14,[M+FA]-,3,340.0772,660;662;663,,,,DETECTED,385.07529,385.07465,385.07642,2.1438,2.1141,2.2048,1.173E5,4.055E3,9.102E3,1.173E5,0.0287,1.7113,2.2526,,,2,1
663,2.1495,2.1232,2.1924,375.04656,375.04373,375.0477,2.547E5,6.979E3,3.688E4,2.547E5,1,1,54,14,[M+Cl]-,3,340.0772,660;662;663,,,,DETECTED,375.04656,375.04373,375.0477,2.1495,2.1232,2.1924,2.547E5,6.979E3,3.688E4,2.547E5,0.0243,1.3143,1.5476,1,0.0041,4,1
664,2.1495,2.1306,2.1924,377.04508,377.04388,377.048,7.48E4,1.942E3,1.223E4,7.48E4,0,1,54,,,,,,,,,DETECTED,377.04508,377.04388,377.048,2.1495,2.1306,2.1924,7.48E4,1.942E3,1.223E4,7.48E4,0.0231,1.6335,1.8951,,,4,1
667,2.157,2.1141,2.2164,315.07055,315.06891,315.07147,1.271E5,5.651E3,2.105E4,1.271E5,0,1,25,,,,,,,,,DETECTED,315.07055,315.06891,315.07147,2.157,2.1141,2.2164,1.271E5,5.651E3,2.105E4,1.271E5,0.0372,1.1923,0.731,,,3,1
674,2.1614,2.0221,2.2499,575.118,575.11292,575.12158,3.768E5,3.277E4,2.245E4,3.768E5,0,1,25,,,,,,,,,DETECTED,575.118,575.11292,575.12158,2.1614,2.0221,2.2499,3.768E5,3.277E4,2.245E4,3.768E5,0.0909,0.8217,0.7752,,,2,1
675,2.1614,2.0603,2.2438,577.13548,577.13159,577.13647,1.783E7,1.158E6,8.904E5,1.783E7,3,1,25,,,,,,,,,DETECTED,577.13548,577.13159,577.13647,2.1614,2.0603,2.2438,1.783E7,1.158E6,8.904E5,1.783E7,0.0882,0.9189,0.9703,3,-0.045,5,1
676,2.1614,2.1306,2.2048,577.25662,577.25476,577.25867,5.954E4,2.181E3,9.308E3,5.954E4,0,1,25,,,,,,,,,DETECTED,577.25662,577.25476,577.25867,2.1614,2.1306,2.2048,5.954E4,2.181E3,9.308E3,5.954E4,0.042,1.2056,1.2856,,,2,1
681,2.1614,2.1306,2.2164,645.11462,645.11243,645.11932,1.828E5,8.172E3,2.238E4,1.828E5,0,1,25,,,,,,,,,DETECTED,645.11462,645.11243,645.11932,2.1614,2.1306,2.2164,1.828E5,8.172E3,2.238E4,1.828E5,0.0437,1.3936,1.4657,,,2,1
682,2.1614,2.0603,2.2164,676.04503,676.04156,676.04956,1.556E5,1.175E4,1.497E4,1.556E5,0,1,25,,,,,,,,,DETECTED,676.04503,676.04156,676.04956,2.1614,2.0603,2.2164,1.556E5,1.175E4,1.497E4,1.556E5,0.0466,0.8021,0.5157,,,4,1
683,2.1614,2.1141,2.2164,695.06146,695.05804,695.06616,1.831E5,7.284E3,1.572E4,1.831E5,0,1,25,,,,,,,,,DETECTED,695.06146,695.05804,695.06616,2.1614,2.1141,2.2164,1.831E5,7.284E3,1.572E4,1.831E5,0.043,1.3241,1.5194,,,3,1
686,2.1686,2.1438,2.2164,413.10502,413.10379,413.10623,1.059E5,3.996E3,1.339E4,1.059E5,0,1,,,,,,,,,,DETECTED,413.10502,413.10379,413.10623,2.1686,2.1438,2.2164,1.059E5,3.996E3,1.339E4,1.059E5,0.0345,1.4623,2.4569,,,2,1
688,2.1686,2.1306,2.2048,677.05144,677.04913,677.05341,1.182E5,4.936E3,1.478E4,1.182E5,0,1,25,,,,,,,,,DETECTED,677.05144,677.04913,677.05341,2.1686,2.1306,2.2048,1.182E5,4.936E3,1.478E4,1.182E5,0.0417,0.9766,0.9533,,,2,1
690,2.1778,2.1141,2.2164,285.05944,285.05896,285.05988,1.527E5,9.881E3,4.52E4,1.527E5,0,1,25,,,,,,,,,DETECTED,285.05944,285.05896,285.05988,2.1778,2.1141,2.2164,1.527E5,9.881E3,4.52E4,1.527E5,0.0601,0.8026,0.6052,,,3,1
691,2.1778,2.1438,2.2374,392.03634,392.0336,392.03995,9.726E5,2.222E4,1.475E4,9.726E5,1,1,28,,,,,,,,,DETECTED,392.03634,392.0336,392.03995,2.1778,2.1438,2.2374,9.726E5,2.222E4,1.475E4,9.726E5,0.0188,1.4153,1.7374,1,-0.0052,2,1
693,2.1778,2.1614,2.261,463.08684,463.08371,463.08719,2.545E6,5.453E4,2.12E4,2.545E6,1,1,28,,,,,,,,,DETECTED,463.08684,463.08371,463.08719,2.1778,2.1614,2.261,2.545E6,5.453E4,2.12E4,2.545E6,0.0179,2.6081,2.9162,1,-0.0035,4,1
694,2.1778,2.157,2.2284,576.12361,576.12183,576.12549,3.161E5,1.283E4,1.213E5,3.161E5,1,1,28,,,,,,,,,DETECTED,576.12361,576.12183,576.12549,2.1778,2.157,2.2284,3.161E5,1.283E4,1.213E5,3.161E5,0.0356,1.7152,2.4304,1,0.0095,2,1
695,2.1778,2.157,2.2164,785.07259,785.06799,785.07587,1.352E5,3.056E3,1.692E4,1.352E5,0,1,28,,,,,,,,,DETECTED,785.07259,785.06799,785.07587,2.1778,2.157,2.2164,1.352E5,3.056E3,1.692E4,1.352E5,0.0209,1.4258,1.8006,,,3,1
697,2.2048,2.1686,2.2499,188.03219,188.03163,188.03244,2.685E5,1.014E4,3.622E4,2.685E5,1,1,,,,,,,,,,DETECTED,188.03219,188.03163,188.03244,2.2048,2.1686,2.2499,2.685E5,1.014E4,3.622E4,2.685E5,0.0318,1.1221,2.6595,1,-0.0035,2,1
698,2.2048,2.1141,2.261,327.10694,327.10513,327.10922,1.637E6,4.397E4,9.719E3,1.637E6,1,1,,,,,,,,,,DETECTED,327.10694,327.10513,327.10922,2.2048,2.1141,2.261,1.637E6,4.397E4,9.719E3,1.637E6,1.5304,2.0879,0.1614,1,0.0071,4,1
699,2.2048,2.1778,2.2374,395.09342,395.0928,395.09566,9.271E4,2.35E3,1.791E4,9.271E4,0,1,,,,,,,,,,DETECTED,395.09342,395.0928,395.09566,2.2048,2.1778,2.2374,9.271E4,2.35E3,1.791E4,9.271E4,0.0274,1.1038,2.3603,,,2,1
701,2.2164,2.1924,2.3389,163.0362,163.03586,163.03729,4.81E5,2.512E4,2.082E4,4.81E5,1,1,62,,,,,,,,,DETECTED,163.0362,163.03586,163.03729,2.2164,2.1924,2.3389,4.81E5,2.512E4,2.082E4,4.81E5,0.0315,2.7983,7.3549,1,0.0091,5,1
703,2.2164,2.1778,2.2499,281.02818,281.02625,281.03018,2.363E5,7.195E3,2.554E4,2.363E5,0,1,,,,,,,,,,DETECTED,281.02818,281.02625,281.03018,2.2164,2.1778,2.2499,2.363E5,7.195E3,2.554E4,2.363E5,0.0373,0.9342,1.3898,,,2,1
705,2.2164,2.0976,2.4096,341.08506,341.08374,341.0864,8.688E5,5.751E4,1.15E4,8.688E5,2,1,,,,,,,,,,DETECTED,341.08506,341.08374,341.0864,2.2164,2.0976,2.4096,8.688E5,5.751E4,1.15E4,8.688E5,0.1001,1.2119,1.2353,2,-0.0308,2,1
706,2.2164,2.1924,2.385,437.01467,437.01062,437.01727,4.609E5,2.537E4,1.653E4,4.609E5,1,1,,,,,,,,,,DETECTED,437.01467,437.01062,437.01727,2.2164,2.1924,2.385,4.609E5,2.537E4,1.653E4,4.609E5,0.0432,3.4099,7.5372,1,0.0161,4,1
709,2.2164,2.1924,2.2836,675.18643,675.18311,675.19086,1.034E6,2.699E4,5.315E4,1.034E6,1,1,,,,,,,,,,DETECTED,675.18643,675.18311,675.19086,2.2164,2.1924,2.2836,1.034E6,2.699E4,5.315E4,1.034E6,0.0174,3.1841,4.0119,1,0.0041,6,1
710,2.2284,2.1306,2.2721,479.08036,479.07648,479.08301,6.056E5,1.749E4,8.477E3,6.056E5,1,1,,,,,,,,,,DETECTED,479.08036,479.07648,479.08301,2.2284,2.1306,2.2721,6.056E5,1.749E4,8.477E3,6.056E5,0.0206,0.7775,0.6584,1,0.0113,2,1
711,2.2284,2.1924,2.2438,481.09617,481.09546,481.09647,3.196E5,7.49E3,2.149E4,3.196E5,0,1,,,,,,,,,,DETECTED,481.09617,481.09546,481.09647,2.2284,2.1924,2.2438,3.196E5,7.49E3,2.149E4,3.196E5,0.0261,0.817,0.6623,,,3,1
712,2.2374,2.2164,2.3975,285.06021,285.05804,285.06265,9.156E5,2.759E4,1.197E4,9.156E5,1,1,,,,,,,,,,DETECTED,285.06021,285.05804,285.06265,2.2374,2.2164,2.3975,9.156E5,2.759E4,1.197E4,9.156E5,0.0195,2.416,5.4982,1,0.0103,4,1
713,2.2374,2.2164,2.4461,299.07505,299.07394,299.07715,2.085E6,4.617E4,9.807E3,2.085E6,1,1,,,,,,,,,,DETECTED,299.07505,299.07394,299.07715,2.2374,2.2164,2.4461,2.085E6,4.617E4,9.807E3,2.085E6,0.0131,1.8951,1.1933,1,-0.0033,3,1
719,2.2499,2.1778,2.5218,337.09168,337.09,337.09244,7.045E7,2.967E6,1.312E4,7.045E7,4,1,62,,,,,,,,,DETECTED,337.09168,337.09,337.09244,2.2499,2.1778,2.5218,7.045E7,2.967E6,1.312E4,7.045E7,0.0598,1.2715,0.9819,4,-0.0397,5,1
722,2.2499,2.2284,2.3532,627.16634,627.16364,627.16876,8.771E5,3.414E4,2.81E4,8.771E5,1,1,62,,,,,,,,,DETECTED,627.16634,627.16364,627.16876,2.2499,2.2284,2.3532,8.771E5,3.414E4,2.81E4,8.771E5,0.0432,2.2013,4.7592,1,0.0151,3,1
724,2.2499,2.1778,2.4461,865.18673,865.17987,865.19043,3.015E6,1.54E5,6.125E4,3.015E6,1,1,62,,,,,,,,,DETECTED,865.18673,865.17987,865.19043,2.2499,2.1778,2.4461,3.015E6,1.54E5,6.125E4,3.015E6,0.0284,1.2674,3.7023,1,0.0263,4,1
725,2.261,2.2164,2.4736,137.02099,137.02069,137.02147,7.215E5,3.112E4,1.938E4,7.215E5,1,,62,,,,,,,,,DETECTED,137.02099,137.02069,137.02147,2.261,2.2164,2.4736,7.215E5,3.112E4,1.938E4,7.215E5,0.0292,2.1888,1.867,1,0.0089,,
728,2.261,2.2284,2.4096,287.05611,287.05414,287.05664,3.811E6,2.173E5,1.301E5,3.811E6,2,1,62,,,,,,,,,DETECTED,287.05611,287.05414,287.05664,2.261,2.2284,2.4096,3.811E6,2.173E5,1.301E5,3.811E6,0.0447,2.9368,4.3103,2,0.045,2,1
731,2.261,2.2284,2.4811,289.0371,289.03619,289.03763,1.101E6,5.396E4,8.983E3,1.101E6,0,1,62,,,,,,,,,DETECTED,289.0371,289.03619,289.03763,2.261,2.2284,2.4811,1.101E6,5.396E4,8.983E3,1.101E6,0.0368,2.5908,4.6082,,,2,1
732,2.261,2.1924,2.5453,289.07103,289.06964,289.07123,2.096E8,8.379E6,8.452E3,2.096E8,5,1,62,15,[M-H]-,3,290.07807,738;732,,,,DETECTED,289.07103,289.06964,289.07123,2.261,2.1924,2.5453,2.096E8,8.379E6,8.452E3,2.096E8,0.0302,2.4557,2.8002,5,-0.0149,2,1
733,2.261,2.2284,2.4096,289.09741,289.09695,289.09802,1.418E6,5.246E4,2.295E4,1.418E6,0,1,62,,,,,,,,,DETECTED,289.09741,289.09695,289.09802,2.261,2.2284,2.4096,1.418E6,5.246E4,2.295E4,1.418E6,0.0321,2.0687,1.7034,,,2,1
734,2.261,2.2284,2.437,289.10443,289.10364,289.10544,1.555E6,5.597E4,1.046E4,1.555E6,0,1,62,,,,,,,,,DETECTED,289.10443,289.10364,289.10544,2.261,2.2284,2.437,1.555E6,5.597E4,1.046E4,1.555E6,0.0277,2.245,2.2988,,,3,1
737,2.261,2.2284,2.4461,291.074,291.07233,291.07584,3.416E6,1.315E5,1.745E4,3.416E6,1,1,62,,,,,,,,,DETECTED,291.074,291.07233,291.07584,2.261,2.2284,2.4461,3.416E6,1.315E5,1.745E4,3.416E6,0.0296,2.4132,2.6226,1,0.0056,3,1
738,2.261,2.2284,2.5453,335.07612,335.07404,335.07816,6.18E6,2.4E5,1.474E4,6.18E6,2,1,62,15,[M+FA]-,3,290.07807,738;732;741,,,,DETECTED,335.07612,335.07404,335.07816,2.261,2.2284,2.5453,6.18E6,2.4E5,1.474E4,6.18E6,0.0298,2.6459,3.2885,2,-0.0072,3,1
741,2.261,2.2374,2.3317,579.14868,579.14423,579.14923,2.303E7,5.466E5,2.345E5,2.303E7,1,1,62,15,[2M-H]-,3,290.07807,738;741,,,,DETECTED,579.14868,579.14423,579.14923,2.261,2.2374,2.3317,2.303E7,5.466E5,2.345E5,2.303E7,0.0233,1.1377,1.2928,1,-0.0088,4,1
742,2.261,2.2284,2.3714,580.14967,580.14563,580.15021,5.447E6,1.367E5,9.587E3,5.447E6,0,1,62,,,,,,,,,DETECTED,580.14967,580.14563,580.15021,2.261,2.2284,2.3714,5.447E6,1.367E5,9.587E3,5.447E6,0.0246,1.242,1.2966,,,4,1
743,2.261,2.2374,2.3037,632.0554,632.05243,632.05768,3.244E5,1.124E4,3.586E4,3.244E5,0,1,62,,,,,,,,,DETECTED,632.0554,632.05243,632.05768,2.261,2.2374,2.3037,3.244E5,1.124E4,3.586E4,3.244E5,0.0333,1.4049,1.4935,,,2,1
748,2.2721,2.1924,2.3227,353.08581,353.08548,353.08676,1.94E6,1.159E5,3.036E5,1.94E6,2,1,,,,,,,,,,DETECTED,353.08581,353.08548,353.08676,2.2721,2.1924,2.3227,1.94E6,1.159E5,3.036E5,1.94E6,0.0646,0.818,0.9317,2,-0.0633,2,1
749,2.2721,2.2284,2.4221,357.05742,357.05658,357.05838,2.174E6,1.347E5,3.831E4,2.174E6,2,1,62,,,,,,,,,DETECTED,357.05742,357.05658,357.05838,2.2721,2.2284,2.4221,2.174E6,1.347E5,3.831E4,2.174E6,0.0484,2.0866,2.6334,2,-0.0149,2,1
750,2.2721,2.2284,2.3975,407.00533,407.00333,407.00729,3.659E5,2.047E4,1.447E4,3.659E5,0,1,62,,,,,,,,,DETECTED,407.00533,407.00333,407.00729,2.2721,2.2284,2.3975,3.659E5,2.047E4,1.447E4,3.659E5,0.0452,1.8636,2.3232,,,2,1
751,2.2721,2.2164,2.4569,417.10099,417.09879,417.10455,5.762E6,2.26E5,1.412E4,5.762E6,2,1,62,,,,,,,,,DETECTED,417.10099,417.09879,417.10455,2.2721,2.2164,2.4569,5.762E6,2.26E5,1.412E4,5.762E6,0.0424,1.2231,1.141,2,-0.0165,3,1
752,2.2721,2.2284,2.4569,433.99127,433.98831,433.99417,3.117E5,2.261E4,1.092E4,3.117E5,0,1,62,,,,,,,,,DETECTED,433.99127,433.98831,433.99417,2.2721,2.2284,2.4569,3.117E5,2.261E4,1.092E4,3.117E5,0.1211,2.0669,2.8882,,,2,1
755,2.2721,2.2499,2.3317,1154.24909,1154.24304,1154.25647,5.214E5,1.26E4,1.987E4,5.214E5,0,1,,,,,,,,,,DETECTED,1154.24909,1154.24304,1154.25647,2.2721,2.2499,2.3317,5.214E5,1.26E4,1.987E4,5.214E5,0.0221,1.5742,3.3034,,,4,1
756,2.2836,2.1924,2.3639,133.01092,133.01057,133.01111,7.949E5,8.71E4,2.237E5,7.949E5,3,,147,,,,,,,,,DETECTED,133.01092,133.01057,133.01111,2.2836,2.1924,2.3639,7.949E5,8.71E4,2.237E5,7.949E5,0.0906,0.9405,0.881,3,-0.0889,,
757,2.2836,2.2438,2.3639,323.03003,323.02841,323.03305,2.167E5,1.063E4,2.039E4,2.167E5,0,1,147,,,,,,,,,DETECTED,323.03003,323.02841,323.03305,2.2836,2.2438,2.3639,2.167E5,1.063E4,2.039E4,2.167E5,0.0419,1.4715,1.7231,,,2,1
758,2.2836,2.2284,2.3714,325.04648,325.0459,325.04932,2.284E6,1.376E5,1.176E5,2.284E6,2,1,62,,,,,,,,,DETECTED,325.04648,325.0459,325.04932,2.2836,2.2284,2.3714,2.284E6,1.376E5,1.176E5,2.284E6,0.0495,1.6291,1.423,2,-0.0247,4,1
760,2.2836,2.2499,2.3532,357.08119,357.08072,357.08197,6.83E5,2.305E4,1.708E4,6.83E5,1,1,147,,,,,,,,,DETECTED,357.08119,357.08072,357.08197,2.2836,2.2499,2.3532,6.83E5,2.305E4,1.708E4,6.83E5,0.032,1.2607,1.6736,1,0.0056,5,1
761,2.2836,2.261,2.3714,576.12294,576.11853,576.12415,2.242E6,7.067E4,8.113E4,2.242E6,1,1,,,,,,,,,,DETECTED,576.12294,576.11853,576.12415,2.2836,2.261,2.3714,2.242E6,7.067E4,8.113E4,2.242E6,0.0225,2.0555,1.9377,1,-0.0041,3,1
762,2.2836,2.261,2.3317,576.6258,576.62366,576.6275,1.534E6,4.261E4,2.005E5,1.534E6,1,1,,,,,,,,,,DETECTED,576.6258,576.62366,576.6275,2.2836,2.261,2.3317,1.534E6,4.261E4,2.005E5,1.534E6,0.0375,1.5677,1.9039,1,-0.0023,2,1
764,2.3037,2.2836,2.3389,555.13138,555.12994,555.13379,3.972E5,9.29E3,4.728E4,3.972E5,0,1,,,,,,,,,,DETECTED,555.13138,555.12994,555.13379,2.3037,2.2836,2.3389,3.972E5,9.29E3,4.728E4,3.972E5,0.0212,1.3721,1.4425,,,2,1
765,2.3109,2.2721,2.6148,175.05826,175.05743,175.05847,3.447E6,1.005E5,1.191E4,3.447E6,1,1,125,,,,,,,,,DETECTED,175.05826,175.05743,175.05847,2.3109,2.2721,2.6148,3.447E6,1.005E5,1.191E4,3.447E6,0.0214,1.3616,1.2782,1,-0.0097,4,1
767,2.3109,2.2836,2.3975,385.07587,385.07254,385.07806,7.965E5,2.144E4,3.173E4,7.965E5,1,1,125,,,,,,,,,DETECTED,385.07587,385.07254,385.07806,2.3109,2.2836,2.3975,7.965E5,2.144E4,3.173E4,7.965E5,0.0242,2.3114,2.4016,1,0.0056,3,1
769,2.3227,2.3037,2.3975,315.07051,315.0694,315.0726,1.273E5,3.2E3,9.827E3,1.273E5,0,1,,,,,,,,,,DETECTED,315.07051,315.0694,315.0726,2.3227,2.3037,2.3975,1.273E5,3.2E3,9.827E3,1.273E5,0.019,1.7342,2.5804,,,2,1
770,2.3227,2.2954,2.4295,481.09669,481.09396,481.10016,7.584E5,2.08E4,1.957E4,7.584E5,1,1,,,,,,,,,,DETECTED,481.09669,481.09396,481.10016,2.3227,2.2954,2.4295,7.584E5,2.08E4,1.957E4,7.584E5,0.0219,2.6694,1.6153,1,0.0056,3,1
775,2.3389,2.3227,2.5218,353.08655,353.08533,353.08768,9.315E6,3.15E5,6.048E4,9.315E6,2,1,53,,,,,,,,,DETECTED,353.08655,353.08533,353.08768,2.3389,2.3227,2.5218,9.315E6,3.15E5,6.048E4,9.315E6,0.0269,2.3799,3.1695,2,0.004,5,1
776,2.3389,2.3227,2.4096,355.0902,355.08859,355.09235,1.771E5,5.586E3,1.476E4,1.771E5,0,1,53,,,,,,,,,DETECTED,355.0902,355.08859,355.09235,2.3389,2.3227,2.4096,1.771E5,5.586E3,1.476E4,1.771E5,0.0264,2.6611,3.2843,,,5,1
779,2.3389,2.261,2.3714,720.14941,720.14465,720.15015,7.736E5,2.512E4,5.533E4,7.736E5,1,1,,,,,,,,,,DETECTED,720.14941,720.14465,720.15015,2.3389,2.261,2.3714,7.736E5,2.512E4,5.533E4,7.736E5,0.0235,0.8247,0.932,1,0.0091,3,1
780,2.3532,2.3227,2.4221,265.06974,265.06909,265.07071,1.347E5,6.283E3,2.205E4,1.347E5,0,1,53,,,,,,,,,DETECTED,265.06974,265.06909,265.07071,2.3532,2.3227,2.4221,1.347E5,6.283E3,2.205E4,1.347E5,0.0511,1.634,2.0535,,,2,1
781,2.3532,2.3037,2.4569,351.07107,351.06961,351.07187,1.046E6,3.64E4,2.883E4,1.046E6,1,1,53,,,,,,,,,DETECTED,351.07107,351.06961,351.07187,2.3532,2.3037,2.4569,1.046E6,3.64E4,2.883E4,1.046E6,0.0267,1.4481,0.1456,1,-0.0069,3,1
783,2.3532,2.3227,2.385,369.07975,369.07901,369.0816,6.233E4,2.003E3,1.413E4,6.233E4,0,1,53,,,,,,,,,DETECTED,369.07975,369.07901,369.0816,2.3532,2.3227,2.385,6.233E4,2.003E3,1.413E4,6.233E4,0.0282,1.024,1.0481,,,2,1
784,2.3532,2.3227,2.3759,375.06784,375.06479,375.07034,1.649E5,4.763E3,1.961E4,1.649E5,0,1,53,,,,,,,,,DETECTED,375.06784,375.06479,375.07034,2.3532,2.3227,2.3759,1.649E5,4.763E3,1.961E4,1.649E5,0.0272,0.8743,0.6178,,,2,1
785,2.3532,2.3109,2.4461,385.11229,385.10989,385.11392,2.791E6,1.207E5,5.796E4,2.791E6,2,1,53,,,,,,,,,DETECTED,385.11229,385.10989,385.11392,2.3532,2.3109,2.4461,2.791E6,1.207E5,5.796E4,2.791E6,0.0549,1.6687,2.155,2,-0.0085,4,1
787,2.3714,2.3389,2.4977,163.03673,163.03615,163.03729,2.531E5,7.492E3,8.863E3,2.531E5,0,1,143,,,,,,,,,DETECTED,163.03673,163.03615,163.03729,2.3714,2.3389,2.4977,2.531E5,7.492E3,8.863E3,2.531E5,0.025,3.0979,1.9603,,,6,1
788,2.3714,2.3037,2.4096,303.04916,303.04868,303.0499,1.411E5,6.205E3,2.003E4,1.411E5,0,1,143,,,,,,,,,DETECTED,303.04916,303.04868,303.0499,2.3714,2.3037,2.4096,1.411E5,6.205E3,2.003E4,1.411E5,0.0337,0.7825,0.3981,,,2,1
789,2.3714,2.3317,2.5218,325.09135,325.08963,325.09183,3.402E6,9.9E4,2.588E4,3.402E6,1,1,143,,,,,,,,,DETECTED,325.09135,325.08963,325.09183,2.3714,2.3317,2.5218,3.402E6,9.9E4,2.588E4,3.402E6,0.0226,1.7468,1.3413,1,-0.0126,6,1
790,2.3714,2.3389,2.4221,357.11725,357.11642,357.11844,4.975E5,1.107E4,2.237E4,4.975E5,1,1,143,,,,,,,,,DETECTED,357.11725,357.11642,357.11844,2.3714,2.3389,2.4221,4.975E5,1.107E4,2.237E4,4.975E5,0.0175,1.6131,1.6297,1,0.0085,2,1
791,2.3759,2.3532,2.4096,413.10618,413.10492,413.10855,6.401E4,1.436E3,1.106E4,6.401E4,0,1,,,,,,,,,,DETECTED,413.10618,413.10492,413.10855,2.3759,2.3532,2.4096,6.401E4,1.436E3,1.106E4,6.401E4,0.0229,1.2392,1.7576,,,3,1
794,2.385,2.3532,2.5827,329.08603,329.08484,329.08691,8.63E5,2.803E4,2.208E4,8.63E5,1,1,85,16,[M-H]-,3,330.0933,797;794;795,,,,DETECTED,329.08603,329.08484,329.08691,2.385,2.3532,2.5827,8.63E5,2.803E4,2.208E4,8.63E5,0.0192,2.7541,2.5582,1,-0.0035,6,1
795,2.385,2.3639,2.4736,365.0634,365.06216,365.06531,2.831E5,6.724E3,1.093E4,2.831E5,0,1,85,16,[M+Cl]-,3,330.0933,797;794;795,,,,DETECTED,365.0634,365.06216,365.06531,2.385,2.3639,2.4736,2.831E5,6.724E3,1.093E4,2.831E5,0.018,2.1462,1.8339,,,5,1
796,2.385,2.3639,2.4221,367.06156,367.05859,367.06482,6.986E4,1.704E3,1.614E4,6.986E4,0,1,85,,,,,,,,,DETECTED,367.06156,367.05859,367.06482,2.385,2.3639,2.4221,6.986E4,1.704E3,1.614E4,6.986E4,0.0196,1.376,1.752,,,5,1
797,2.385,2.3639,2.4644,375.0908,375.08911,375.09341,2.565E5,6.676E3,1.395E4,2.565E5,0,1,85,16,[M+FA]-,3,330.0933,797;794;795,,,,DETECTED,375.0908,375.08911,375.09341,2.385,2.3639,2.4644,2.565E5,6.676E3,1.395E4,2.565E5,0.0201,2.241,3.9342,,,5,1
799,2.385,2.3639,2.4096,508.09571,508.09451,508.09695,1.204E5,2.61E3,3.565E4,1.204E5,0,2,,,,,,,,,,DETECTED,508.09571,508.09451,508.09695,2.385,2.3639,2.4096,1.204E5,2.61E3,3.565E4,1.204E5,0.0207,1.0798,1.1596,,,2,2
805,2.385,2.3109,2.4569,731.13699,731.13257,731.14154,1.165E5,5.348E3,1.482E4,1.165E5,0,2,85,,,,,,,,,DETECTED,731.13699,731.13257,731.14154,2.385,2.3109,2.4569,1.165E5,5.348E3,1.482E4,1.165E5,0.0626,0.985,3.1742,,,2,2
807,2.385,2.3639,2.4221,747.10599,747.10126,747.10773,6.758E4,1.751E3,1.362E4,6.758E4,0,1,85,,,,,,,,,DETECTED,747.10599,747.10126,747.10773,2.385,2.3639,2.4221,6.758E4,1.751E3,1.362E4,6.758E4,0.0236,1.376,1.752,,,4,1
809,2.3975,2.3532,2.6515,371.09746,371.09543,371.09784,1.464E7,5.108E5,2.574E4,1.464E7,3,1,57,,,,,,,,,DETECTED,371.09746,371.09543,371.09784,2.3975,2.3532,2.6515,1.464E7,5.108E5,2.574E4,1.464E7,0.0275,3.3636,4.8369,3,-0.0051,8,1
813,2.3975,2.3389,2.6048,383.09683,383.09622,383.10025,6.728E6,2.567E5,1.531E4,6.728E6,2,1,57,,,,,,,,,DETECTED,383.09683,383.09622,383.10025,2.3975,2.3389,2.6048,6.728E6,2.567E5,1.531E4,6.728E6,0.0519,2.489,4.7052,2,-0.0068,2,1
814,2.3975,2.3639,2.4295,384.06315,384.061,384.0636,1.08E5,2.998E3,1.25E4,1.08E5,0,1,60,,,,,,,,,DETECTED,384.06315,384.061,384.0636,2.3975,2.3639,2.4295,1.08E5,2.998E3,1.25E4,1.08E5,0.0275,0.9763,0.954,,,3,1
815,2.3975,2.3639,2.4885,431.11667,431.11349,431.11966,1.098E6,2.487E4,9.274E3,1.098E6,1,1,60,,,,,,,,,DETECTED,431.11667,431.11349,431.11966,2.3975,2.3639,2.4885,1.098E6,2.487E4,9.274E3,1.098E6,0.0187,1.4206,1.2945,1,-0.0035,3,1
817,2.3975,2.3759,2.5087,489.03285,489.02933,489.03619,2.128E5,8.242E3,8.567E3,2.128E5,0,1,57,,,,,,,,,DETECTED,489.03285,489.02933,489.03619,2.3975,2.3759,2.5087,2.128E5,8.242E3,8.567E3,2.128E5,0.0291,4.1373,6.5383,,,3,1
820,2.4096,2.3759,2.4977,439.08257,439.08075,439.0845,3.864E5,1.394E4,1.353E4,3.864E5,1,1,57,,,,,,,,,DETECTED,439.08257,439.08075,439.0845,2.4096,2.3759,2.4977,3.864E5,1.394E4,1.353E4,3.864E5,0.0286,1.7525,2.0832,1,0.0057,5,1
821,2.4096,2.3714,2.4644,576.12359,576.12073,576.12549,3.686E5,1.999E4,8.113E4,3.686E5,1,1,57,,,,,,,,,DETECTED,576.12359,576.12073,576.12549,2.4096,2.3714,2.4644,3.686E5,1.999E4,8.113E4,3.686E5,0.048,1.2169,1.4339,1,0.0074,4,1
822,2.4221,2.385,2.4977,357.0814,357.08087,357.08194,2.401E6,6.222E4,1.591E4,2.401E6,1,1,,,,,,,,,,DETECTED,357.0814,357.08087,357.08194,2.4221,2.385,2.4977,2.401E6,6.222E4,1.591E4,2.401E6,0.0215,2.19,2.649,1,0.0097,6,1
823,2.4295,2.4096,2.4977,303.04927,303.04843,303.0499,1.373E5,4.111E3,9.001E3,1.373E5,0,1,,,,,,,,,,DETECTED,303.04927,303.04843,303.0499,2.4295,2.4096,2.4977,1.373E5,4.111E3,9.001E3,1.373E5,0.0257,2.0778,2.5109,,,2,1
825,2.437,2.3714,2.691,291.01302,291.01129,291.0134,1.616E6,5.891E4,1.718E4,1.616E6,1,1,176,,,,,,,,,DETECTED,291.01302,291.01129,291.0134,2.437,2.3714,2.691,1.616E6,5.891E4,1.718E4,1.616E6,0.0275,0.7565,3.2891,1,0.004,3,1
826,2.437,2.4221,2.5577,339.07062,339.06836,339.07162,7.13E4,3.61E3,1.255E4,7.13E4,0,1,,,,,,,,,,DETECTED,339.07062,339.06836,339.07162,2.437,2.4221,2.5577,7.13E4,3.61E3,1.255E4,7.13E4,0.0611,4.5704,6.5376,,,5,1
828,2.437,2.3532,2.5701,392.03709,392.03391,392.04028,2.504E6,5.899E4,1.067E4,2.504E6,1,2,176,,,,,,,,,DETECTED,392.03709,392.03391,392.04028,2.437,2.3532,2.5701,2.504E6,5.899E4,1.067E4,2.504E6,0.0202,1.6719,1.8282,1,0.0023,3,2
831,2.4461,2.385,2.4811,349.18495,349.18359,349.1864,4.66E5,1.118E4,3.435E4,4.66E5,0,1,117,17,[M-H]-,2,350.19207,831;832,,,,DETECTED,349.18495,349.18359,349.1864,2.4461,2.385,2.4811,4.66E5,1.118E4,3.435E4,4.66E5,0.016,0.9261,2.999,,,3,1
832,2.4461,2.3759,2.4811,395.19011,395.18924,395.19073,2.847E6,7.813E4,1.887E5,2.847E6,2,1,117,17,[M+FA]-,2,350.19207,831;832,,,,DETECTED,395.19011,395.18924,395.19073,2.4461,2.3759,2.4811,2.847E6,7.813E4,1.887E5,2.847E6,0.0666,0.7827,2.0314,2,-0.0413,3,1
834,2.4461,2.4221,2.5087,466.02483,466.021,466.02924,1.002E5,3.038E3,1.195E4,1.002E5,0,1,117,,,,,,,,,DETECTED,466.02483,466.021,466.02924,2.4461,2.4221,2.5087,1.002E5,3.038E3,1.195E4,1.002E5,0.0239,1.8038,2.5881,,,2,1
835,2.4569,2.4295,2.6048,413.10696,413.10431,413.10745,2.429E6,5.885E4,1.232E4,2.429E6,1,1,,,,,,,,,,DETECTED,413.10696,413.10431,413.10745,2.4569,2.4295,2.6048,2.429E6,5.885E4,1.232E4,2.429E6,0.0198,1.7092,1.6216,1,-0.0051,2,1
837,2.4644,2.4461,2.5218,257.06584,257.0636,257.06628,1.467E5,4.207E3,1.298E4,1.467E5,0,1,,,,,,,,,,DETECTED,257.06584,257.0636,257.06628,2.4644,2.4461,2.5218,1.467E5,4.207E3,1.298E4,1.467E5,0.0227,1.8007,2.371,,,2,1
838,2.4644,2.437,2.5087,561.13558,561.1333,561.13721,8.089E4,2.492E3,1.008E4,8.089E4,0,1,,,,,,,,,,DETECTED,561.13558,561.1333,561.13721,2.4644,2.437,2.5087,8.089E4,2.492E3,1.008E4,8.089E4,0.028,1.3071,0.9155,,,2,1
841,2.4736,2.4569,2.4977,349.11134,349.11005,349.11218,8.199E4,1.542E3,2.111E4,8.199E4,0,1,,,,,,,,,,DETECTED,349.11134,349.11005,349.11218,2.4736,2.4569,2.4977,8.199E4,1.542E3,2.111E4,8.199E4,0.0208,1.2245,1.4489,,,2,1
842,2.4736,2.4096,2.5218,355.06527,355.06482,355.06622,1.432E5,5.6E3,1.137E4,1.432E5,0,1,,,,,,,,,,DETECTED,355.06527,355.06482,355.06622,2.4736,2.4096,2.5218,1.432E5,5.6E3,1.137E4,1.432E5,0.0315,0.9101,0.8117,,,2,1
843,2.4736,2.4461,2.5827,415.12097,415.11853,415.12482,2.447E5,8.514E3,8.886E3,2.447E5,0,1,99,,,,,,,,,DETECTED,415.12097,415.11853,415.12482,2.4736,2.4461,2.5827,2.447E5,8.514E3,8.886E3,2.447E5,0.0249,1.3883,1.3062,,,3,1
844,2.4736,2.4295,2.6148,864.17985,864.17548,864.18408,1.025E6,4.82E4,9.229E4,1.025E6,2,1,99,,,,,,,,,DETECTED,864.17985,864.17548,864.18408,2.4736,2.4295,2.6148,1.025E6,4.82E4,9.229E4,1.025E6,0.0248,1.8074,1.6982,2,-0.0309,4,1
846,2.4736,2.4461,2.5218,875.16801,875.16638,875.17023,8.086E4,2.471E3,1.631E4,8.086E4,0,1,99,,,,,,,,,DETECTED,875.16801,875.16638,875.17023,2.4736,2.4461,2.5218,8.086E4,2.471E3,1.631E4,8.086E4,0.0263,1.3781,1.7562,,,2,1
847,2.4736,2.3975,2.5087,1008.70798,1008.70142,1008.71582,1.223E5,5.732E3,1.495E4,1.223E5,0,2,,,,,,,,,,DETECTED,1008.70798,1008.70142,1008.71582,2.4736,2.3975,2.5087,1.223E5,5.732E3,1.495E4,1.223E5,0.0229,0.7306,0.3606,,,2,2
848,2.4885,2.4644,2.5218,365.04941,365.04666,365.05042,8.677E4,2.544E3,2.549E4,8.677E4,0,1,,,,,,,,,,DETECTED,365.04941,365.04666,365.05042,2.4885,2.4644,2.5218,8.677E4,2.544E3,2.549E4,8.677E4,0.0283,1.1931,1.3862,,,2,1
849,2.4885,2.4644,2.5827,481.09634,481.09332,481.09796,1.351E5,4.75E3,8.996E3,1.351E5,0,1,163,,,,,,,,,DETECTED,481.09634,481.09332,481.09796,2.4885,2.4644,2.5827,1.351E5,4.75E3,8.996E3,1.351E5,0.0256,2.259,4.5717,,,3,1
851,2.4977,2.4569,2.5577,287.05423,287.0538,287.05473,1.234E5,5.667E3,3.001E4,1.234E5,0,1,51,,,,,,,,,DETECTED,287.05423,287.0538,287.05473,2.4977,2.4569,2.5577,1.234E5,5.667E3,3.001E4,1.234E5,0.0294,1.2349,1.4698,,,2,1
852,2.4977,2.4569,2.5453,373.11222,373.11182,373.11282,2.267E5,9.499E3,1.773E4,2.267E5,0,1,,,,,,,,,,DETECTED,373.11222,373.11182,373.11282,2.4977,2.4569,2.5453,2.267E5,9.499E3,1.773E4,2.267E5,0.0407,1.0828,1.0717,,,3,1
853,2.4977,2.4811,2.5919,379.15899,379.15598,379.16107,3.684E5,1.108E4,1.241E4,3.684E5,1,1,,,,,,,,,,DETECTED,379.15899,379.15598,379.16107,2.4977,2.4811,2.5919,3.684E5,1.108E4,1.241E4,3.684E5,0.0161,2.8606,2.8239,1,0.0058,7,1
854,2.4977,2.4295,2.5577,385.1616,385.1582,385.16306,3.043E5,9.614E3,1.29E4,3.043E5,0,1,51,18,[M+Cl]-,3,350.19252,854;863;865,,,,DETECTED,385.1616,385.1582,385.16306,2.4977,2.4295,2.5577,3.043E5,9.614E3,1.29E4,3.043E5,0.0846,1.8645,0.9352,,,7,1
855,2.4977,2.4644,2.5701,387.16272,387.16125,387.16501,1.356E5,6.555E3,9.335E3,1.356E5,0,1,171,,,,,,,,,DETECTED,387.16272,387.16125,387.16501,2.4977,2.4644,2.5701,1.356E5,6.555E3,9.335E3,1.356E5,0.0451,1.9276,1.153,,,7,1
856,2.4977,2.4811,2.5701,449.10698,449.10486,449.11014,5.127E5,1.237E4,1.068E4,5.127E5,1,1,51,,,,,,,,,DETECTED,449.10698,449.10486,449.11014,2.4977,2.4811,2.5701,5.127E5,1.237E4,1.068E4,5.127E5,0.0265,1.8827,3.7108,1,0.0041,4,1
857,2.4977,2.4569,2.7514,451.21608,451.21335,451.21927,3.497E5,1.805E4,1.25E4,3.497E5,1,1,163,,,,,,,,,DETECTED,451.21608,451.21335,451.21927,2.4977,2.4569,2.7514,3.497E5,1.805E4,1.25E4,3.497E5,0.0284,4.1666,2.3873,1,-0.0052,3,1
858,2.4977,2.4461,2.5218,720.65134,720.64984,720.65405,6.155E5,1.947E4,1.528E5,6.155E5,0,1,,,,,,,,,,DETECTED,720.65134,720.64984,720.65405,2.4977,2.4461,2.5218,6.155E5,1.947E4,1.528E5,6.155E5,0.0245,0.7336,0.4672,,,4,1
861,2.5087,2.4736,2.691,217.0694,217.06825,217.06984,2.226E5,1.173E4,1.036E4,2.226E5,1,1,51,,,,,,,,,DETECTED,217.0694,217.06825,217.06984,2.5087,2.4736,2.691,2.226E5,1.173E4,1.036E4,2.226E5,0.0315,3.4607,5.1696,1,0.0082,2,1
862,2.5087,2.4811,2.5827,327.10649,327.10535,327.10806,1.572E5,5.021E3,1.302E4,1.572E5,0,1,51,,,,,,,,,DETECTED,327.10649,327.10535,327.10806,2.5087,2.4811,2.5827,1.572E5,5.021E3,1.302E4,1.572E5,0.0246,1.7211,1.9396,,,2,1
863,2.5087,2.4811,2.5701,349.1853,349.1828,349.18616,1.825E6,4.526E4,1.88E4,1.825E6,1,1,51,18,[M-H]-,3,350.19252,854;863;865,,,,DETECTED,349.1853,349.1828,349.18616,2.5087,2.4811,2.5701,1.825E6,4.526E4,1.88E4,1.825E6,0.0371,1.2906,1.1955,1,0.0033,3,1
864,2.5087,2.4811,2.5701,393.17486,393.17352,393.17581,1.258E5,4.416E3,1.318E4,1.258E5,0,1,51,,,,,,,,,DETECTED,393.17486,393.17352,393.17581,2.5087,2.4811,2.5701,1.258E5,4.416E3,1.318E4,1.258E5,0.0258,1.612,2.7048,,,2,1
865,2.5087,2.4811,2.5577,395.19097,395.18903,395.19128,8.458E6,2.159E5,1.34E5,8.458E6,1,1,51,18,[M+FA]-,3,350.19252,854;863;865,,,,DETECTED,395.19097,395.18903,395.19128,2.5087,2.4811,2.5577,8.458E6,2.159E5,1.34E5,8.458E6,0.0335,1.3416,1.3239,1,0.0154,3,1
868,2.5087,2.4885,2.5453,652.1224,652.12128,652.1283,7.035E4,1.878E3,1.548E4,7.035E4,0,1,,,,,,,,,,DETECTED,652.1224,652.12128,652.1283,2.5087,2.4885,2.5453,7.035E4,1.878E3,1.548E4,7.035E4,0.0255,1.4043,1.8086,,,2,1
869,2.5087,2.4736,2.5701,858.05377,858.05139,858.05945,2.13E5,5.883E3,8.332E3,2.13E5,0,1,51,,,,,,,,,DETECTED,858.05377,858.05139,858.05945,2.5087,2.4736,2.5701,2.13E5,5.883E3,8.332E3,2.13E5,0.0226,2.0458,3.0431,,,2,1
873,2.5218,2.4977,2.5827,357.08273,357.08162,357.08313,1.436E5,5.943E3,2.353E4,1.436E5,0,1,153,,,,,,,,,DETECTED,357.08273,357.08162,357.08313,2.5218,2.4977,2.5827,1.436E5,5.943E3,2.353E4,1.436E5,0.0616,1.7621,2.0907,,,4,1
874,2.5218,2.4977,2.5701,357.09965,357.09766,357.10016,2.796E5,7.839E3,3.818E4,2.796E5,0,1,,,,,,,,,,DETECTED,357.09965,357.09766,357.10016,2.5218,2.4977,2.5701,2.796E5,7.839E3,3.818E4,2.796E5,0.0257,1.5014,1.6991,,,4,1
875,2.5218,2.4885,2.7102,357.11814,357.1156,357.11835,1.648E7,5.243E5,3.736E4,1.648E7,2,1,153,,,,,,,,,DETECTED,357.11814,357.1156,357.11835,2.5218,2.4885,2.7102,1.648E7,5.243E5,3.736E4,1.648E7,0.0256,1.9906,2.6118,2,-0.0066,4,1
878,2.5218,2.4885,2.6148,369.08037,369.07904,369.08228,1.266E5,5.822E3,9.825E3,1.266E5,0,1,153,,,,,,,,,DETECTED,369.08037,369.07904,369.08228,2.5218,2.4885,2.6148,1.266E5,5.822E3,9.825E3,1.266E5,0.0391,1.8274,1.7285,,,2,1
879,2.5218,2.4977,2.5919,425.10358,425.10315,425.10626,3.297E5,8.656E3,1.541E4,3.297E5,1,1,,,,,,,,,,DETECTED,425.10358,425.10315,425.10626,2.5218,2.4977,2.5919,3.297E5,8.656E3,1.541E4,3.297E5,0.021,1.7309,1.5484,1,0.0075,2,1
880,2.5218,2.4977,2.5919,457.04239,457.04126,457.04477,2.432E5,6.642E3,1.126E4,2.432E5,0,1,,,,,,,,,,DETECTED,457.04239,457.04126,457.04477,2.5218,2.4977,2.5919,2.432E5,6.642E3,1.126E4,2.432E5,0.0219,1.737,1.5151,,,4,1
882,2.5218,2.4977,2.5701,715.23727,715.23389,715.23901,5.354E5,1.043E4,1.846E4,5.354E5,1,1,,,,,,,,,,DETECTED,715.23727,715.23389,715.23901,2.5218,2.4977,2.5701,5.354E5,1.043E4,1.846E4,5.354E5,0.0174,1.3771,1.7207,1,0.0058,3,1
885,2.5344,2.4977,2.6148,267.04879,267.04837,267.04962,2.228E5,8.517E3,1.902E4,2.228E5,0,1,,,,,,,,,,DETECTED,267.04879,267.04837,267.04962,2.5344,2.4977,2.6148,2.228E5,8.517E3,1.902E4,2.228E5,0.028,2.0281,2.362,,,2,1
886,2.5344,2.5087,2.5919,355.10273,355.10172,355.104,3.556E5,7.663E3,1.725E4,3.556E5,1,1,,,,,,,,,,DETECTED,355.10273,355.10172,355.104,2.5344,2.5087,2.5919,3.556E5,7.663E3,1.725E4,3.556E5,0.0166,1.4243,2.418,1,0.0056,4,1
889,2.5344,2.4461,2.6148,1008.20769,1008.1994,1008.2149,2.833E5,1.766E4,1.402E4,2.833E5,0,1,113,,,,,,,,,DETECTED,1008.20769,1008.1994,1008.2149,2.5344,2.4461,2.6148,2.833E5,1.766E4,1.402E4,2.833E5,0.1188,0.955,1.003,,,4,1
890,2.5344,2.5087,2.6266,1008.70964,1008.70282,1008.7157,3.125E5,1.542E4,3.046E4,3.125E5,0,1,113,,,,,,,,,DETECTED,1008.70964,1008.70282,1008.7157,2.5344,2.5087,2.6266,3.125E5,1.542E4,3.046E4,3.125E5,0.0841,2.2891,3.2408,,,3,1
892,2.5453,2.5218,2.6048,207.06383,207.06331,207.06393,8.964E5,2.449E4,5.09E4,8.964E5,1,1,,,,,,,,,,DETECTED,207.06383,207.06331,207.06393,2.5453,2.5218,2.6048,8.964E5,2.449E4,5.09E4,8.964E5,0.0201,1.7707,4.4128,1,0.0073,2,1
893,2.5453,2.5218,2.6148,251.05395,251.05338,251.05426,6.122E5,1.598E4,2.331E4,6.122E5,1,1,,,,,,,,,,DETECTED,251.05395,251.05338,251.05426,2.5453,2.5218,2.6148,6.122E5,1.598E4,2.331E4,6.122E5,0.0209,1.7058,3.9133,1,0.0089,3,1
894,2.5453,2.5087,2.5827,395.09575,395.09473,395.09741,2.816E5,7.361E3,1.396E4,2.816E5,0,1,171,,,,,,,,,DETECTED,395.09575,395.09473,395.09741,2.5453,2.5087,2.5827,2.816E5,7.361E3,1.396E4,2.816E5,0.0242,1.2984,1.2125,,,2,1
895,2.5453,2.5218,2.6048,443.11699,443.11545,443.11731,3.77E5,1.072E4,1.461E4,3.77E5,0,1,32,,,,,,,,,DETECTED,443.11699,443.11545,443.11731,2.5453,2.5218,2.6048,3.77E5,1.072E4,1.461E4,3.77E5,0.0258,1.456,1.5682,,,3,1
896,2.5577,2.4461,2.6148,311.03883,311.03671,311.03955,1.344E5,1.21E4,8.681E3,1.344E5,0,1,,,,,,,,,,DETECTED,311.03883,311.03671,311.03955,2.5577,2.4461,2.6148,1.344E5,1.21E4,8.681E3,1.344E5,0.0655,0.781,0.5804,,,2,1
897,2.5577,2.5218,2.7102,315.10718,315.10571,315.10867,2.607E6,7.25E4,1.005E4,2.607E6,1,1,32,,,,,,,,,DETECTED,315.10718,315.10571,315.10867,2.5577,2.5218,2.7102,2.607E6,7.25E4,1.005E4,2.607E6,0.0285,1.5334,1.1484,1,-0.0068,3,1
898,2.5577,2.5218,2.6048,325.09061,325.08844,325.09131,1.071E5,4.223E3,1.17E4,1.071E5,0,1,32,,,,,,,,,DETECTED,325.09061,325.08844,325.09131,2.5577,2.5218,2.6048,1.071E5,4.223E3,1.17E4,1.071E5,0.0319,1.158,1.2126,,,3,1
899,2.5577,2.5218,2.6148,479.0813,479.07944,479.08316,1.55E5,4.213E3,9.901E3,1.55E5,0,1,32,,,,,,,,,DETECTED,479.0813,479.07944,479.08316,2.5577,2.5218,2.6148,1.55E5,4.213E3,9.901E3,1.55E5,0.0202,1.2102,1.4779,,,2,1
900,2.5577,2.5344,2.6148,485.12998,485.12741,485.13123,1.034E5,3.042E3,9.515E3,1.034E5,0,1,,,,,,,,,,DETECTED,485.12998,485.12741,485.13123,2.5577,2.5344,2.6148,1.034E5,3.042E3,9.515E3,1.034E5,0.0259,2.7016,5.6549,,,2,1
901,2.5577,2.5344,2.5919,485.17669,485.17569,485.17691,1.404E5,2.688E3,1.114E4,1.404E5,0,1,,,,,,,,,,DETECTED,485.17669,485.17569,485.17691,2.5577,2.5344,2.5919,1.404E5,2.688E3,1.114E4,1.404E5,0.0165,1.0729,1.7737,,,2,1
903,2.5701,2.5453,2.7786,289.07036,289.06946,289.07065,2.841E6,1.253E5,5.202E4,2.841E6,2,1,24,19,[M-H]-,2,290.07788,903;912,,,,DETECTED,289.07036,289.06946,289.07065,2.5701,2.5453,2.7786,2.841E6,1.253E5,5.202E4,2.841E6,0.028,3.3152,9.0807,2,-0.0209,3,1
904,2.5701,2.5453,2.6148,295.08018,295.07864,295.08038,2.068E5,5.232E3,1.072E4,2.068E5,0,1,,,,,,,,,,DETECTED,295.08018,295.07864,295.08038,2.5701,2.5453,2.6148,2.068E5,5.232E3,1.072E4,2.068E5,0.0285,2.2932,3.2898,,,2,1
905,2.5701,2.5344,2.6266,317.02854,317.02795,317.02957,6.276E5,2.864E4,7.069E4,6.276E5,1,1,24,,,,,,,,,DETECTED,317.02854,317.02795,317.02957,2.5701,2.5344,2.6266,6.276E5,2.864E4,7.069E4,6.276E5,0.0452,1.292,2.2497,1,-0.0035,2,1
906,2.5701,2.5218,2.6266,319.04406,319.04227,319.04425,1.057E6,4.38E4,9.981E3,1.057E6,1,1,24,,,,,,,,,DETECTED,319.04406,319.04227,319.04425,2.5701,2.5218,2.6266,1.057E6,4.38E4,9.981E3,1.057E6,0.0508,1.3655,2.0304,1,-0.0068,8,1
907,2.5701,2.5453,2.6148,323.03851,323.03673,323.04022,8.687E4,2.414E3,1.877E4,8.687E4,0,1,,,,,,,,,,DETECTED,323.03851,323.03673,323.04022,2.5701,2.5453,2.6148,8.687E4,2.414E3,1.877E4,8.687E4,0.024,1.3997,1.7994,,,8,1
908,2.5701,2.5218,2.6148,337.09145,337.09003,337.09167,3.496E6,9.537E4,8.445E4,3.496E6,1,1,24,,,,,,,,,DETECTED,337.09145,337.09003,337.09167,2.5701,2.5218,2.6148,3.496E6,9.537E4,8.445E4,3.496E6,0.0228,0.6448,0.1268,1,-0.0051,4,1
909,2.5701,2.5453,2.6148,373.11211,373.11096,373.11264,9.693E4,3.011E3,1.773E4,9.693E4,0,1,24,,,,,,,,,DETECTED,373.11211,373.11096,373.11264,2.5701,2.5453,2.6148,9.693E4,3.011E3,1.773E4,9.693E4,0.0258,1.3997,1.8934,,,2,1
910,2.5701,2.5453,2.6048,577.13312,577.13159,577.13348,2.814E6,6.919E4,3.946E5,2.814E6,1,1,,,,,,,,,,DETECTED,577.13312,577.13159,577.13348,2.5701,2.5453,2.6048,2.814E6,6.919E4,3.946E5,2.814E6,0.0266,1.1989,2.6666,1,0.004,4,1
911,2.5701,2.5453,2.6266,578.13465,578.13281,578.13556,6.397E5,1.711E4,5.706E4,6.397E5,1,1,,,,,,,,,,DETECTED,578.13465,578.13281,578.13556,2.5701,2.5453,2.6266,6.397E5,1.711E4,5.706E4,6.397E5,0.0251,1.593,3.1257,1,0.0057,4,1
912,2.5827,2.5218,2.6148,325.04753,325.04382,325.04901,1E5,3.574E3,1.262E4,1E5,0,1,24,19,[M+Cl]-,2,290.07788,903;912,,,,DETECTED,325.04753,325.04382,325.04901,2.5827,2.5218,2.6148,1E5,3.574E3,1.262E4,1E5,0.0301,0.764,0.221,,,3,1
915,2.5827,2.5218,2.6764,353.08643,353.08481,353.08798,2.119E5,1.461E4,4.548E4,2.119E5,0,1,24,,,,,,,,,DETECTED,353.08643,353.08481,353.08798,2.5827,2.5218,2.6764,2.119E5,1.461E4,4.548E4,2.119E5,0.0683,1.2707,1.5413,,,2,1
916,2.5827,2.4295,2.6048,357.05868,357.05679,357.06006,8.9E4,5.757E3,1.411E4,8.9E4,0,1,,,,,,,,,,DETECTED,357.05868,357.05679,357.06006,2.5827,2.4295,2.6048,8.9E4,5.757E3,1.411E4,8.9E4,0.0631,0.5723,0.8512,,,2,1
920,2.5919,2.5577,2.6764,333.02317,333.0217,333.02499,1.415E5,5.354E3,1.315E4,1.415E5,0,1,146,,,,,,,,,DETECTED,333.02317,333.0217,333.02499,2.5919,2.5577,2.6764,1.415E5,5.354E3,1.315E4,1.415E5,0.0376,1.937,3.0829,,,3,1
921,2.5919,2.5344,2.7102,341.08589,341.0845,341.08655,2.889E5,1.255E4,1.521E4,2.889E5,1,1,,,,,,,,,,DETECTED,341.08589,341.0845,341.08655,2.5919,2.5344,2.7102,2.889E5,1.255E4,1.521E4,2.889E5,0.0292,2.7634,2.6153,1,0.0077,5,1
922,2.5919,2.5218,2.6148,359.09705,359.09656,359.09735,1.044E5,3.685E3,1.174E4,1.044E5,0,1,,,,,,,,,,DETECTED,359.09705,359.09656,359.09735,2.5919,2.5218,2.6148,1.044E5,3.685E3,1.174E4,1.044E5,0.0597,0.6629,0.3951,,,2,1
923,2.5919,2.5344,2.7102,583.20071,583.19714,583.2019,1.509E6,5.602E4,1.643E4,1.509E6,2,1,,,,,,,,,,DETECTED,583.20071,583.19714,583.2019,2.5919,2.5344,2.7102,1.509E6,5.602E4,1.643E4,1.509E6,0.043,1.282,0.8108,2,-0.0052,4,1
928,2.5919,2.4977,2.6515,1153.2408,1153.23022,1153.25049,1.471E5,1.092E4,1.94E4,1.471E5,0,1,146,,,,,,,,,DETECTED,1153.2408,1153.23022,1153.25049,2.5919,2.4977,2.6515,1.471E5,1.092E4,1.94E4,1.471E5,0.0589,0.8162,0.6574,,,3,1
930,2.6048,2.5701,2.691,387.1638,387.16275,387.16531,2.659E5,1.274E4,1.616E4,2.659E5,1,1,,,,,,,,,,DETECTED,387.1638,387.16275,387.16531,2.6048,2.5701,2.691,2.659E5,1.274E4,1.616E4,2.659E5,0.0345,1.3925,1.3656,1,-0.0035,4,1
931,2.6048,2.5577,2.7348,395.19077,395.18903,395.19122,3.954E6,1.251E5,2.347E4,3.954E6,2,1,,,,,,,,,,DETECTED,395.19077,395.18903,395.19122,2.6048,2.5577,2.7348,3.954E6,1.251E5,2.347E4,3.954E6,0.0399,1.768,2.3117,2,-0.0198,3,1
933,2.6048,2.5453,2.6266,576.12596,576.1203,576.12744,1.198E6,5.466E4,6.146E4,1.198E6,0,1,146,,,,,,,,,DETECTED,576.12596,576.1203,576.12744,2.6048,2.5453,2.6266,1.198E6,5.466E4,6.146E4,1.198E6,0.0384,0.6827,0.4553,,,4,1
935,2.6148,2.5919,2.691,123.04197,123.04169,123.04214,1.244E6,3.128E4,1.458E4,1.244E6,1,1,63,,,,,,,,,DETECTED,123.04197,123.04169,123.04214,2.6148,2.5919,2.691,1.244E6,3.128E4,1.458E4,1.244E6,0.0304,2.6391,3.5727,1,0.0157,2,1
936,2.6148,2.5919,2.7589,193.08386,193.08354,193.08444,1.248E6,3.702E4,1.253E4,1.248E6,1,1,63,,,,,,,,,DETECTED,193.08386,193.08354,193.08444,2.6148,2.5919,2.7589,1.248E6,3.702E4,1.253E4,1.248E6,0.0241,3.4276,5.1633,1,0.0141,2,1
939,2.6148,2.5919,2.7589,355.13854,355.13513,355.13876,1.284E7,3.412E5,1.893E4,1.284E7,2,1,,,,,,,,,,DETECTED,355.13854,355.13513,355.13876,2.6148,2.5919,2.7589,1.284E7,3.412E5,1.893E4,1.284E7,0.0242,2.7164,3.7103,2,-0.0027,4,1
940,2.6148,2.5919,2.6984,399.12842,399.12723,399.12854,2.106E7,5.327E5,1.16E5,2.106E7,2,,,,,,,,,,,DETECTED,399.12842,399.12723,399.12854,2.6148,2.5919,2.6984,2.106E7,5.327E5,1.16E5,2.106E7,0.0273,2.6999,3.6924,2,-0.0043,,
942,2.6148,2.5827,2.6984,401.14016,401.13919,401.14297,1.12E6,3.837E4,1.735E4,1.12E6,0,1,63,,,,,,,,,DETECTED,401.14016,401.13919,401.14297,2.6148,2.5827,2.6984,1.12E6,3.837E4,1.735E4,1.12E6,0.0575,4.2859,6.6555,,,3,1
943,2.6148,2.5919,2.6515,435.10415,435.10318,435.10499,1.737E6,4.57E4,2.489E5,1.737E6,1,1,,,,,,,,,,DETECTED,435.10415,435.10318,435.10499,2.6148,2.5919,2.6515,1.737E6,4.57E4,2.489E5,1.737E6,0.0258,1.3038,3.5054,1,0.0088,4,1
945,2.6148,2.5919,2.6639,437.10127,437.10059,437.10215,4.196E5,1.28E4,5.356E4,4.196E5,0,1,63,,,,,,,,,DETECTED,437.10127,437.10059,437.10215,2.6148,2.5919,2.6639,4.196E5,1.28E4,5.356E4,4.196E5,0.0277,1.576,3.4583,,,4,1
946,2.6148,2.5919,2.7721,445.13364,445.1315,445.13602,9.22E6,2.231E5,2.239E4,9.22E6,1,1,,,,,,,,,,DETECTED,445.13364,445.1315,445.13602,2.6148,2.5919,2.7721,9.22E6,2.231E5,2.239E4,9.22E6,0.025,2.3735,3.5748,1,0.0023,4,1
947,2.6148,2.5919,2.691,462.12265,462.11902,462.12393,3.855E5,1.176E4,1.032E4,3.855E5,1,1,63,,,,,,,,,DETECTED,462.12265,462.11902,462.12393,2.6148,2.5919,2.691,3.855E5,1.176E4,1.032E4,3.855E5,0.0276,1.6631,4.1364,1,0.0281,3,1
948,2.6148,2.5919,2.6984,467.11484,467.11435,467.11697,8.224E5,2.465E4,1.183E4,8.224E5,1,1,63,,,,,,,,,DETECTED,467.11484,467.11435,467.11697,2.6148,2.5919,2.6984,8.224E5,2.465E4,1.183E4,8.224E5,0.0265,1.6337,4.2588,1,0.0191,2,1
950,2.6148,2.5919,2.6764,499.05303,499.0491,499.05438,1.779E5,4.903E3,1.03E4,1.779E5,0,1,63,,,,,,,,,DETECTED,499.05303,499.0491,499.05438,2.6148,2.5919,2.6764,1.779E5,4.903E3,1.03E4,1.779E5,0.0244,1.6067,3.8203,,,2,1
952,2.6148,2.5919,2.7102,517.06272,517.05951,517.06696,1.787E6,4.716E4,9.577E3,1.787E6,1,1,,,,,,,,,,DETECTED,517.06272,517.05951,517.06696,2.6148,2.5919,2.7102,1.787E6,4.716E4,9.577E3,1.787E6,0.0242,2.5685,3.5599,1,0.0072,4,1
953,2.6148,2.5919,2.6764,518.06353,518.06171,518.06409,4.339E5,1.189E4,2.079E4,4.339E5,0,1,63,,,,,,,,,DETECTED,518.06353,518.06171,518.06409,2.6148,2.5919,2.6764,4.339E5,1.189E4,2.079E4,4.339E5,0.025,1.5593,3.5269,,,4,1
957,2.6148,2.5919,2.6764,799.26355,799.25629,799.26392,6.263E6,1.282E5,1.244E4,6.263E6,1,1,,,,,,,,,,DETECTED,799.26355,799.25629,799.26392,2.6148,2.5919,2.6764,6.263E6,1.282E5,1.244E4,6.263E6,0.0246,1.7847,2.6034,1,0.0054,5,1
958,2.6148,2.5919,2.6639,800.26155,800.25525,800.26202,1.994E6,4.15E4,1.618E4,1.994E6,0,1,,,,,,,,,,DETECTED,800.26155,800.25525,800.26202,2.6148,2.5919,2.6639,1.994E6,4.15E4,1.618E4,1.994E6,0.026,1.7954,2.6275,,,5,1
959,2.6266,2.5919,2.691,431.18961,431.1889,431.19119,1.49E6,4.148E4,1.489E4,1.49E6,1,1,63,,,,,,,,,DETECTED,431.18961,431.1889,431.19119,2.6266,2.5919,2.691,1.49E6,4.148E4,1.489E4,1.49E6,0.034,1.3899,1.2872,1,0.0056,3,1
961,2.6389,2.6148,2.7721,337.09128,337.09003,337.09198,2.704E6,7.542E4,3.024E4,2.704E6,1,1,61,,,,,,,,,DETECTED,337.09128,337.09003,337.09198,2.6389,2.6148,2.7721,2.704E6,7.542E4,3.024E4,2.704E6,0.0199,1.5731,2.7335,1,-0.0034,4,1
963,2.6389,2.6048,2.7102,449.10633,449.10352,449.10785,3.884E5,1.13E4,2.117E4,3.884E5,0,1,61,,,,,,,,,DETECTED,449.10633,449.10352,449.10785,2.6389,2.6048,2.7102,3.884E5,1.13E4,2.117E4,3.884E5,0.0226,1.838,1.6293,,,3,1
964,2.6389,2.5919,2.6764,737.21958,737.2182,737.22144,3.884E5,1.014E4,1.45E4,3.884E5,1,1,61,,,,,,,,,DETECTED,737.21958,737.2182,737.22144,2.6389,2.5919,2.6764,3.884E5,1.014E4,1.45E4,3.884E5,0.0213,0.8334,0.5904,1,0.0092,3,1
968,2.6515,2.6266,2.691,211.09514,211.09485,211.09531,3.496E5,1.064E4,3.929E4,3.496E5,1,1,,,,,,,,,,DETECTED,211.09514,211.09485,211.09531,2.6515,2.6266,2.691,3.496E5,1.064E4,3.929E4,3.496E5,0.028,1.292,3.0063,1,0.009,2,1
969,2.6515,2.6148,2.7721,367.10155,367.09976,367.10257,5.826E5,3.267E4,2.559E4,5.826E5,1,1,,,,,,,,,,DETECTED,367.10155,367.09976,367.10257,2.6515,2.6148,2.7721,5.826E5,3.267E4,2.559E4,5.826E5,0.07,2.5881,4.195,1,0.0057,4,1
970,2.6639,2.6048,2.7102,165.05239,165.05205,165.05257,1.844E5,6.266E3,2.083E4,1.844E5,0,1,29,,,,,,,,,DETECTED,165.05239,165.05205,165.05257,2.6639,2.6048,2.7102,1.844E5,6.266E3,2.083E4,1.844E5,0.0735,0.8914,2.2736,,,2,1
971,2.6639,2.6266,2.7721,317.02846,317.02808,317.02899,3.772E5,2.337E4,3.148E4,3.772E5,1,1,29,,,,,,,,,DETECTED,317.02846,317.02808,317.02899,2.6639,2.6266,2.7721,3.772E5,2.337E4,3.148E4,3.772E5,0.0906,1.8107,2.5304,1,0.0236,2,1
972,2.6639,2.6266,2.7786,319.0441,319.04102,319.04477,4.524E5,2.114E4,2.254E4,4.524E5,1,1,29,,,,,,,,,DETECTED,319.0441,319.04102,319.04477,2.6639,2.6266,2.7786,4.524E5,2.114E4,2.254E4,4.524E5,0.0313,1.769,3.0268,1,0.0169,2,1
973,2.6639,2.6389,2.7589,327.10692,327.10538,327.1073,6.064E5,1.646E4,1.335E4,6.064E5,1,1,,,,,,,,,,DETECTED,327.10692,327.10538,327.1073,2.6639,2.6389,2.7589,6.064E5,1.646E4,1.335E4,6.064E5,0.0226,3.4917,3.3846,1,0.009,3,1
974,2.6639,2.6266,2.7102,335.07592,335.07477,335.07886,2.41E5,6.499E3,1.583E4,2.41E5,0,1,29,,,,,,,,,DETECTED,335.07592,335.07477,335.07886,2.6639,2.6266,2.7102,2.41E5,6.499E3,1.583E4,2.41E5,0.0243,1.2828,3.5441,,,2,1
976,2.6639,2.6389,2.7348,373.11244,373.10992,373.11322,6.765E5,1.734E4,2.584E4,6.765E5,1,1,,,,,,,,,,DETECTED,373.11244,373.10992,373.11322,2.6639,2.6389,2.7348,6.765E5,1.734E4,2.584E4,6.765E5,0.0221,2.6181,3.0915,1,0.0057,3,1
977,2.6639,2.6389,2.7102,447.14829,447.14572,447.15027,3.637E5,7.865E3,1.721E4,3.637E5,0,1,,,,,,,,,,DETECTED,447.14829,447.14572,447.15027,2.6639,2.6389,2.7102,3.637E5,7.865E3,1.721E4,3.637E5,0.0178,1.1749,1.0341,,,3,1
978,2.6639,2.6148,2.7224,479.08148,479.07977,479.08267,1.397E5,5.914E3,1.878E4,1.397E5,0,1,29,,,,,,,,,DETECTED,479.08148,479.07977,479.08267,2.6639,2.6148,2.7224,1.397E5,5.914E3,1.878E4,1.397E5,0.0278,1.0939,1.4259,,,2,1
981,2.6764,2.6515,2.7589,157.04745,157.04715,157.04782,1.338E5,4.575E3,1.968E4,1.338E5,0,1,,,,,,,,,,DETECTED,157.04745,157.04715,157.04782,2.6764,2.6515,2.7589,1.338E5,4.575E3,1.968E4,1.338E5,0.0224,2.1542,4.8541,,,3,1
982,2.6764,2.6389,2.7589,177.01612,177.01547,177.01651,2.443E5,1.013E4,1.273E4,2.443E5,0,1,,,,,,,,,,DETECTED,177.01612,177.01547,177.01651,2.6764,2.6389,2.7589,2.443E5,1.013E4,1.273E4,2.443E5,0.0274,2.1246,6.5341,,,3,1
983,2.6764,2.6515,2.7589,179.03157,179.03125,179.03198,1.134E5,4.604E3,1.132E4,1.134E5,0,1,,,,,,,,,,DETECTED,179.03157,179.03125,179.03198,2.6764,2.6515,2.7589,1.134E5,4.604E3,1.132E4,1.134E5,0.029,3.6292,6.6062,,,3,1
984,2.6764,2.6515,2.7721,293.02806,293.02615,293.0285,1.215E5,6.97E3,1.62E4,1.215E5,0,1,,,,,,,,,,DETECTED,293.02806,293.02615,293.0285,2.6764,2.6515,2.7721,1.215E5,6.97E3,1.62E4,1.215E5,0.03,2.4196,7.3807,,,2,1
985,2.6764,2.6515,2.7721,295.04403,295.04291,295.04425,6.399E5,2.974E4,4.673E4,6.399E5,2,1,,,,,,,,,,DETECTED,295.04403,295.04291,295.04425,2.6764,2.6515,2.7721,6.399E5,2.974E4,4.673E4,6.399E5,0.0695,4.2397,7.7952,2,0.0095,2,1
987,2.6764,2.6515,2.7721,481.09712,481.09549,481.09796,1.016E6,3.018E4,1.039E4,1.016E6,1,1,,,,,,,,,,DETECTED,481.09712,481.09549,481.09796,2.6764,2.6515,2.7721,1.016E6,3.018E4,1.039E4,1.016E6,0.0261,2.8236,3.5252,1,0.0078,3,1
989,2.6764,2.6266,2.7348,576.12517,576.12335,576.12756,7.752E5,6.067E4,2.169E5,7.752E5,2,1,,,,,,,,,,DETECTED,576.12517,576.12335,576.12756,2.6764,2.6266,2.7348,7.752E5,6.067E4,2.169E5,7.752E5,0.0781,1.0852,1.1703,2,-0.0318,3,1
993,2.6984,2.6639,2.7721,305.10499,305.10449,305.10516,2.52E6,6.779E4,3.16E4,2.52E6,1,1,124,,,,,,,,,DETECTED,305.10499,305.10449,305.10516,2.6984,2.6639,2.7721,2.52E6,6.779E4,3.16E4,2.52E6,0.0208,1.6621,1.8866,1,0.0023,2,1
994,2.6984,2.6764,2.7897,411.09099,411.08936,411.09155,2.415E6,6.584E4,2.516E4,2.415E6,1,1,,,,,,,,,,DETECTED,411.09099,411.08936,411.09155,2.6984,2.6764,2.7897,2.415E6,6.584E4,2.516E4,2.415E6,0.0182,1.7973,2.3405,1,0.0074,2,1
995,2.6984,2.6515,2.7514,783.05614,783.05426,783.06268,2.873E5,8.849E3,1.635E4,2.873E5,0,1,124,,,,,,,,,DETECTED,783.05614,783.05426,783.06268,2.6984,2.6515,2.7514,2.873E5,8.849E3,1.635E4,2.873E5,0.0228,0.959,1.5503,,,3,1
997,2.7102,2.6639,2.8621,191.03196,191.03165,191.03418,8.555E5,2.611E4,8.755E3,8.555E5,1,1,132,,,,,,,,,DETECTED,191.03196,191.03165,191.03418,2.7102,2.6639,2.8621,8.555E5,2.611E4,8.755E3,8.555E5,0.0254,1.9786,3.6519,1,0.0073,3,1
999,2.7102,2.691,2.7589,299.0753,299.07428,299.07587,1.957E5,6.679E3,3.061E4,1.957E5,0,1,132,,,,,,,,,DETECTED,299.0753,299.07428,299.07587,2.7102,2.691,2.7589,1.957E5,6.679E3,3.061E4,1.957E5,0.0349,1.7641,2.2769,,,2,1
1001,2.7102,2.6764,2.8488,331.04428,331.0437,331.04529,3.825E5,1.608E4,9.238E3,3.825E5,0,1,132,,,,,,,,,DETECTED,331.04428,331.0437,331.04529,2.7102,2.6764,2.8488,3.825E5,1.608E4,9.238E3,3.825E5,0.0316,3.0056,3.8855,,,2,1
1002,2.7102,2.6764,2.7589,353.08579,353.08545,353.08664,7.474E5,2.177E4,4.548E4,7.474E5,1,1,132,20,[M-H]-,3,354.09376,1023;1010;1002,,,,DETECTED,353.08579,353.08545,353.08664,2.7102,2.6764,2.7589,7.474E5,2.177E4,4.548E4,7.474E5,0.026,1.708,2.5402,1,0.009,2,1
1005,2.7102,2.691,2.7589,395.0968,395.09566,395.09732,2.803E5,7.406E3,2.054E4,2.803E5,0,1,132,,,,,,,,,DETECTED,395.0968,395.09566,395.09732,2.7102,2.691,2.7589,2.803E5,7.406E3,2.054E4,2.803E5,0.025,2.3488,3.181,,,7,1
1009,2.7102,2.691,2.7406,399.06999,399.06931,399.07242,2.977E5,8.295E3,4.749E4,2.977E5,0,1,,,,,,,,,,DETECTED,399.06999,399.06931,399.07242,2.7102,2.691,2.7406,2.977E5,8.295E3,4.749E4,2.977E5,0.0277,1.2881,2.3888,,,2,1
1010,2.7102,2.6764,2.9248,399.09244,399.09052,399.09271,2.733E7,7.631E5,2.167E4,2.733E7,2,1,132,20,[M+FA]-,3,354.09376,1023;1010;1002,,,,DETECTED,399.09244,399.09052,399.09271,2.7102,2.6764,2.9248,2.733E7,7.631E5,2.167E4,2.733E7,0.0279,1.9195,3.283,2,-0.0062,7,1
1012,2.7102,2.691,2.7721,401.09539,401.09451,401.09741,6.974E5,1.785E4,2.995E4,6.974E5,0,1,132,,,,,,,,,DETECTED,401.09539,401.09451,401.09741,2.7102,2.691,2.7721,6.974E5,1.785E4,2.995E4,6.974E5,0.0238,1.7358,3.2196,,,7,1
1013,2.7102,2.691,2.7589,416.08021,416.07938,416.08176,2.086E5,6.511E3,1.867E4,2.086E5,0,1,132,,,,,,,,,DETECTED,416.08021,416.07938,416.08176,2.7102,2.691,2.7589,2.086E5,6.511E3,1.867E4,2.086E5,0.0287,1.64,3.1266,,,2,1
1015,2.7102,2.691,2.7589,471.02147,471.01978,471.02258,8.72E4,2.6E3,1.101E4,8.72E4,0,1,132,,,,,,,,,DETECTED,471.02147,471.01978,471.02258,2.7102,2.691,2.7589,8.72E4,2.6E3,1.101E4,8.72E4,0.0274,1.7641,2.2588,,,2,1
1016,2.7102,2.691,2.7589,498.00699,498.00449,498.01257,2.279E5,5.92E3,1.979E4,2.279E5,0,1,132,,,,,,,,,DETECTED,498.00699,498.00449,498.01257,2.7102,2.691,2.7589,2.279E5,5.92E3,1.979E4,2.279E5,0.025,1.7206,3.0315,,,2,1
1018,2.7102,2.6764,2.7514,523.10692,523.1026,523.10803,1.08E5,2.778E3,1.036E4,1.08E5,0,1,,,,,,,,,,DETECTED,523.10692,523.1026,523.10803,2.7102,2.6764,2.7514,1.08E5,2.778E3,1.036E4,1.08E5,0.026,1.5377,1.6601,,,2,1
1020,2.7224,2.691,2.7721,211.09494,211.09433,211.09528,1.078E5,3.902E3,1.248E4,1.078E5,0,1,132,,,,,,,,,DETECTED,211.09494,211.09433,211.09528,2.7224,2.691,2.7721,1.078E5,3.902E3,1.248E4,1.078E5,0.0311,1.2935,1.2468,,,2,1
1022,2.7224,2.6639,2.8264,333.0597,333.05865,333.061,7.284E5,2.698E4,1.175E4,7.284E5,1,1,132,,,,,,,,,DETECTED,333.0597,333.05865,333.061,2.7224,2.6639,2.8264,7.284E5,2.698E4,1.175E4,7.284E5,0.0315,1.4813,1.1282,1,0.0023,3,1
1023,2.7224,2.6764,2.7721,389.06338,389.06061,389.06668,1.515E6,4.986E4,1.225E4,1.515E6,1,1,132,20,[M+Cl]-,3,354.09376,1023;1010;1002,,,,DETECTED,389.06338,389.06061,389.06668,2.7224,2.6764,2.7721,1.515E6,4.986E4,1.225E4,1.515E6,0.0297,1.0871,1.2037,1,-0.0064,3,1
1025,2.7224,2.691,2.7786,431.19004,431.18753,431.19116,2.062E6,4.574E4,1.489E4,2.062E6,1,1,132,,,,,,,,,DETECTED,431.19004,431.18753,431.19116,2.7224,2.691,2.7786,2.062E6,4.574E4,1.489E4,2.062E6,0.0186,1.2525,1.3461,1,0.0056,2,1
1028,2.7348,2.7102,2.7721,219.08518,219.08505,219.08548,1.384E5,3.664E3,2.339E4,1.384E5,0,1,5,,,,,,,,,DETECTED,219.08518,219.08505,219.08548,2.7348,2.7102,2.7721,1.384E5,3.664E3,2.339E4,1.384E5,0.024,1.2604,1.059,,,2,1
1029,2.7348,2.7102,2.7589,389.17858,389.17725,389.17896,1.882E5,3.759E3,3.033E4,1.882E5,0,1,,,,,,,,,,DETECTED,389.17858,389.17725,389.17896,2.7348,2.7102,2.7589,1.882E5,3.759E3,3.033E4,1.882E5,0.0169,0.9908,0.7401,,,4,1
1033,2.7406,2.7224,2.7721,307.12018,307.11897,307.12057,2.67E5,4.974E3,3.815E4,2.67E5,0,1,,,,,,,,,,DETECTED,307.12018,307.11897,307.12057,2.7406,2.7224,2.7721,2.67E5,4.974E3,3.815E4,2.67E5,0.0178,1.3663,1.0451,,,2,1
1035,2.7406,2.6515,2.8563,371.09698,371.09494,371.09723,2.239E6,5.692E4,8.63E3,2.239E6,1,1,5,,,,,,,,,DETECTED,371.09698,371.09494,371.09723,2.7406,2.6515,2.8563,2.239E6,5.692E4,8.63E3,2.239E6,0.0181,0.795,0.3116,1,0.0023,5,1
1037,2.7406,2.6984,2.7721,453.11561,453.11447,453.1199,7.832E4,3.196E3,1.801E4,7.832E4,0,1,,,,,,,,,,DETECTED,453.11561,453.11447,453.1199,2.7406,2.6984,2.7721,7.832E4,3.196E3,1.801E4,7.832E4,0.0413,0.874,0.7479,,,3,1
1043,2.7514,2.7224,2.7897,323.07548,323.0748,323.07602,4.827E5,1.113E4,3.274E4,4.827E5,1,1,107,,,,,,,,,DETECTED,323.07548,323.0748,323.07602,2.7514,2.7224,2.7897,4.827E5,1.113E4,3.274E4,4.827E5,0.0241,1.0863,1.4647,1,0.0023,3,1
1044,2.7514,2.7348,2.8396,447.02023,447.01721,447.02222,1.553E5,5.04E3,9.17E3,1.553E5,0,1,42,,,,,,,,,DETECTED,447.02023,447.01721,447.02222,2.7514,2.7348,2.8396,1.553E5,5.04E3,9.17E3,1.553E5,0.0257,4.5831,6.1546,,,3,1
1045,2.7514,2.7224,2.8128,465.10147,465.09753,465.10287,7.586E5,1.863E4,1.396E4,7.586E5,1,1,107,,,,,,,,,DETECTED,465.10147,465.09753,465.10287,2.7514,2.7224,2.8128,7.586E5,1.863E4,1.396E4,7.586E5,0.0272,1.1925,1.8359,1,-0.0051,3,1
1046,2.7514,2.7224,2.7721,729.1365,729.13538,729.14148,6.197E4,1.464E3,1.637E4,6.197E4,0,1,,,,,,,,,,DETECTED,729.1365,729.13538,729.14148,2.7514,2.7224,2.7721,6.197E4,1.464E3,1.637E4,6.197E4,0.0212,0.8552,0.7104,,,3,1
1047,2.7589,2.7348,2.8488,253.03273,253.03156,253.0332,2.477E5,9.401E3,1.629E4,2.477E5,0,1,42,,,,,,,,,DETECTED,253.03273,253.03156,253.0332,2.7589,2.7348,2.8488,2.477E5,9.401E3,1.629E4,2.477E5,0.0309,2.6134,4.2563,,,2,1
1048,2.7589,2.7102,2.9592,329.08616,329.08344,329.08807,2.845E6,7.978E4,1.153E4,2.845E6,1,1,42,,,,,,,,,DETECTED,329.08616,329.08344,329.08807,2.7589,2.7102,2.9592,2.845E6,7.978E4,1.153E4,2.845E6,0.0348,2.1409,2.0988,1,0.009,3,1
1050,2.7589,2.7406,2.7897,687.20888,687.20508,687.21082,1.67E6,3.042E4,2.257E5,1.67E6,1,1,,,,,,,,,,DETECTED,687.20888,687.20508,687.21082,2.7589,2.7406,2.7897,1.67E6,3.042E4,2.257E5,1.67E6,0.0169,1.3428,3.9913,1,0.0108,4,1
1060,2.7721,2.7102,3.0848,357.11825,357.11514,357.11914,4.915E7,1.563E6,1.537E4,4.915E7,3,1,31,,,,,,,,,DETECTED,357.11825,357.11514,357.11914,2.7721,2.7102,3.0848,4.915E7,1.563E6,1.537E4,4.915E7,0.025,1.8667,2.4658,3,-0.0059,4,1
1061,2.7721,2.7406,2.8831,359.12138,359.12088,359.12369,1.057E6,3.257E4,9.756E3,1.057E6,0,1,31,,,,,,,,,DETECTED,359.12138,359.12088,359.12369,2.7721,2.7406,2.8831,1.057E6,3.257E4,9.756E3,1.057E6,0.0248,1.8495,2.3725,,,4,1
1063,2.7721,2.7406,2.8396,425.10385,425.10214,425.10528,6.003E5,1.992E4,1.239E4,6.003E5,1,1,31,,,,,,,,,DETECTED,425.10385,425.10214,425.10528,2.7721,2.7406,2.8396,6.003E5,1.992E4,1.239E4,6.003E5,0.0282,3.7185,2.5024,1,0.0199,2,1
1064,2.7721,2.7406,2.8563,457.04205,457.04016,457.04367,5.714E5,1.654E4,1.046E4,5.714E5,1,1,31,,,,,,,,,DETECTED,457.04205,457.04016,457.04367,2.7721,2.7406,2.8563,5.714E5,1.654E4,1.046E4,5.714E5,0.0239,1.8315,2.3632,1,0.0322,3,1
1068,2.7721,2.7514,2.8396,715.23854,715.23358,715.23981,2.646E6,5.258E4,8.595E3,2.646E6,1,1,,,,,,,,,,DETECTED,715.23854,715.23358,715.23981,2.7721,2.7514,2.8396,2.646E6,5.258E4,8.595E3,2.646E6,0.0165,1.2563,1.8321,1,0.004,4,1
1071,2.7786,2.7348,2.9842,159.027,159.02652,159.02721,7.646E6,2.937E5,4.865E4,7.646E6,3,1,31,,,,,,,,,DETECTED,159.027,159.02652,159.02721,2.7786,2.7348,2.9842,7.646E6,2.937E5,4.865E4,7.646E6,0.0256,1.1348,0.5184,3,0.0047,3,1
1074,2.7786,2.6764,2.9888,177.03731,177.03651,177.03755,2.835E6,1.288E5,3.717E4,2.835E6,3,1,31,,,,,,,,,DETECTED,177.03731,177.03651,177.03755,2.7786,2.6764,2.9888,2.835E6,1.288E5,3.717E4,2.835E6,0.0254,1.0362,0.4666,3,0.0064,2,1
1076,2.7786,2.7102,2.8264,337.05531,337.05447,337.05615,1.003E7,3.14E5,1.812E4,1.003E7,1,1,31,,,,,,,,,DETECTED,337.05531,337.05447,337.05615,2.7786,2.7102,2.8264,1.003E7,3.14E5,1.812E4,1.003E7,0.0264,1.7649,2.601,1,0.0035,3,1
1077,2.7786,2.6639,2.8396,339.07007,339.06973,339.0723,1.216E7,3.972E5,1.636E4,1.216E7,2,1,31,,,,,,,,,DETECTED,339.07007,339.06973,339.0723,2.7786,2.6639,2.8396,1.216E7,3.972E5,1.636E4,1.216E7,0.0262,2.1091,6.5227,2,0.0023,3,1
1079,2.7786,2.7224,2.8563,351.12815,351.12604,351.12952,3.136E5,1.41E4,8.084E3,3.136E5,0,1,31,,,,,,,,,DETECTED,351.12815,351.12604,351.12952,2.7786,2.7224,2.8563,3.136E5,1.41E4,8.084E3,3.136E5,0.0218,0.9244,0.7304,,,2,1
1080,2.7786,2.7406,2.8396,355.06644,355.06345,355.06747,3.466E5,1.341E4,9.463E3,3.466E5,1,1,31,,,,,,,,,DETECTED,355.06644,355.06345,355.06747,2.7786,2.7406,2.8396,3.466E5,1.341E4,9.463E3,3.466E5,0.0295,2.0488,2.8819,1,0.024,4,1
1085,2.7786,2.7589,2.8128,677.12623,677.125,677.12714,4.384E5,9.243E3,6.499E4,4.384E5,0,1,,,,,,,,,,DETECTED,677.12623,677.125,677.12714,2.7786,2.7589,2.8128,4.384E5,9.243E3,6.499E4,4.384E5,0.0213,1.364,1.1487,,,2,1
1086,2.7786,2.7589,2.8128,679.14108,679.13916,679.14172,5.329E5,1.061E4,5.537E4,5.329E5,1,1,,,,,,,,,,DETECTED,679.14108,679.13916,679.14172,2.7786,2.7589,2.8128,5.329E5,1.061E4,5.537E4,5.329E5,0.0182,1.364,1.1025,1,0.0151,3,1
1087,2.7786,2.7514,2.8264,697.19089,697.18835,697.19397,1.497E6,3.435E4,1.574E4,1.497E6,1,1,31,,,,,,,,,DETECTED,697.19089,697.18835,697.19397,2.7786,2.7514,2.8264,1.497E6,3.435E4,1.574E4,1.497E6,0.023,1.3517,1.2868,1,0.0081,3,1
1095,2.8003,2.7786,2.8728,433.03872,433.03574,433.03935,9.836E5,2.906E4,3.725E4,9.836E5,1,1,,,,,,,,,,DETECTED,433.03872,433.03574,433.03935,2.8003,2.7786,2.8728,9.836E5,2.906E4,3.725E4,9.836E5,0.0241,1.9996,4.1213,1,0.0057,3,1
1099,2.8128,2.7897,2.8728,217.10581,217.10515,217.10652,2.398E5,5.877E3,8.751E3,2.398E5,0,1,,,,,,,,,,DETECTED,217.10581,217.10515,217.10652,2.8128,2.7897,2.8728,2.398E5,5.877E3,8.751E3,2.398E5,0.0193,3.9614,1.2015,,,2,1
1100,2.8128,2.7786,3.0005,251.05377,251.0529,251.0549,1.537E5,1.207E4,1.068E4,1.537E5,0,1,,,,,,,,,,DETECTED,251.05377,251.0529,251.0549,2.8128,2.7786,3.0005,1.537E5,1.207E4,1.068E4,1.537E5,0.0754,3.5971,6.5321,,,2,1
1102,2.8128,2.7897,2.9123,323.07544,323.07361,323.07697,3.581E5,1.073E4,1.136E4,3.581E5,0,1,95,,,,,,,,,DETECTED,323.07544,323.07361,323.07697,2.8128,2.7897,2.9123,3.581E5,1.073E4,1.136E4,3.581E5,0.0219,2.256,1.8722,,,2,1
1103,2.8128,2.7897,2.8563,383.15412,383.15305,383.15555,2.889E5,6.238E3,1.107E4,2.889E5,0,1,,,,,,,,,,DETECTED,383.15412,383.15305,383.15555,2.8128,2.7897,2.8563,2.889E5,6.238E3,1.107E4,2.889E5,0.0174,1.2378,1.1196,,,2,1
1104,2.8128,2.7786,2.9248,431.18925,431.18765,431.19257,3.761E5,1.173E4,1.27E4,3.761E5,1,1,95,,,,,,,,,DETECTED,431.18925,431.18765,431.19257,2.8128,2.7786,2.9248,3.761E5,1.173E4,1.27E4,3.761E5,0.0221,1.9759,1.5929,1,0.0085,2,1
1105,2.8173,2.8003,2.8396,561.13695,561.1358,561.13806,9.374E4,1.926E3,4.271E4,9.374E4,0,1,,,,,,,,,,DETECTED,561.13695,561.1358,561.13806,2.8173,2.8003,2.8396,9.374E4,1.926E3,4.271E4,9.374E4,0.02,1.156,1.3119,,,3,1
1107,2.8264,2.7897,2.9394,397.11163,397.11038,397.11435,8.59E5,2.787E4,1.267E4,8.59E5,1,1,,,,,,,,,,DETECTED,397.11163,397.11038,397.11435,2.8264,2.7897,2.9394,8.59E5,2.787E4,1.267E4,8.59E5,0.0253,1.4162,1.6504,1,-0.0068,2,1
1108,2.8339,2.7786,2.8774,385.1121,385.11139,385.11368,8.77E4,4.763E3,1.309E4,8.77E4,0,1,,,,,,,,,,DETECTED,385.1121,385.11139,385.11368,2.8339,2.7786,2.8774,8.77E4,4.763E3,1.309E4,8.77E4,0.0518,0.894,0.7758,,,3,1
1109,2.8339,2.8128,2.8905,465.10134,465.09857,465.10477,6.736E4,2.215E3,1.107E4,6.736E4,0,1,,,,,,,,,,DETECTED,465.10134,465.09857,465.10477,2.8339,2.8128,2.8905,6.736E4,2.215E3,1.107E4,6.736E4,0.0206,1.8434,2.4968,,,2,1
1110,2.8488,2.7786,2.8997,393.17394,393.17267,393.17706,1.598E5,6.445E3,1.779E4,1.598E5,0,1,,,,,,,,,,DETECTED,393.17394,393.17267,393.17706,2.8488,2.7786,2.8997,1.598E5,6.445E3,1.779E4,1.598E5,0.0261,0.8627,0.6672,,,2,1
1113,2.8621,2.8264,3.0005,177.01621,177.01556,177.01669,3.152E5,1.483E4,9.511E3,3.152E5,1,1,121,,,,,,,,,DETECTED,177.01621,177.01556,177.01669,2.8621,2.8264,3.0005,3.152E5,1.483E4,9.511E3,3.152E5,0.0203,2.2672,3.5477,1,0.0056,2,1
1116,2.8621,2.8264,3.0729,337.05558,337.05225,337.056,4.93E6,1.83E5,3.623E4,4.93E6,2,1,121,,,,,,,,,DETECTED,337.05558,337.05225,337.056,2.8621,2.8264,3.0729,4.93E6,1.83E5,3.623E4,4.93E6,0.0248,1.5853,1.4978,2,-0.0184,2,1
1117,2.8621,2.8396,3.0005,338.05894,338.05698,338.06021,5.949E5,2.043E4,1.014E4,5.949E5,1,1,121,,,,,,,,,DETECTED,338.05894,338.05698,338.06021,2.8621,2.8396,3.0005,5.949E5,2.043E4,1.014E4,5.949E5,0.0228,2.6148,2.5994,1,0.0023,2,1
1120,2.8621,2.8396,3.0848,339.07037,339.06769,339.07059,7.902E6,2.793E5,3.464E4,7.902E6,2,1,121,,,,,,,,,DETECTED,339.07037,339.06769,339.07059,2.8621,2.8396,3.0848,7.902E6,2.793E5,3.464E4,7.902E6,0.0244,2.57,3.2588,2,0.0308,4,1
1123,2.8621,2.8396,2.8997,366.11672,366.11475,366.1178,6.051E4,1.514E3,9.116E3,6.051E4,0,1,121,,,,,,,,,DETECTED,366.11672,366.11475,366.1178,2.8621,2.8396,2.8997,6.051E4,1.514E3,9.116E3,6.051E4,0.0757,1.3387,1.012,,,2,1
1124,2.8621,2.8396,2.9123,493.09584,493.09512,493.09824,1.084E5,2.578E3,1.237E4,1.084E5,0,1,121,,,,,,,,,DETECTED,493.09584,493.09512,493.09824,2.8621,2.8396,2.9123,1.084E5,2.578E3,1.237E4,1.084E5,0.0236,1.6179,2.7487,,,2,1
1126,2.8728,2.8488,2.9248,186.1104,186.10983,186.11053,3.745E5,8.832E3,1.431E4,3.745E5,1,1,,,,,,,,,,DETECTED,186.1104,186.10983,186.11053,2.8728,2.8488,2.9248,3.745E5,8.832E3,1.431E4,3.745E5,0.0181,1.8293,2.307,1,0.0068,2,1
1131,2.8905,2.8728,2.9248,177.08874,177.08836,177.08888,1.53E5,2.893E3,2.238E4,1.53E5,0,1,164,,,,,,,,,DETECTED,177.08874,177.08836,177.08888,2.8905,2.8728,2.9248,1.53E5,2.893E3,2.238E4,1.53E5,0.0156,1.4672,1.7089,,,2,1
1132,2.8905,2.8728,2.9123,239.09,239.08971,239.09029,1.788E5,3.547E3,2.515E4,1.788E5,0,1,164,,,,,,,,,DETECTED,239.09,239.08971,239.09029,2.8905,2.8728,2.9123,1.788E5,3.547E3,2.515E4,1.788E5,0.0182,1.1136,1.2272,,,2,1
1133,2.8905,2.8563,3.0005,317.02841,317.02731,317.02899,6.545E4,6.324E3,1.682E4,6.545E4,0,1,,,,,,,,,,DETECTED,317.02841,317.02731,317.02899,2.8905,2.8563,3.0005,6.545E4,6.324E3,1.682E4,6.545E4,0.0948,2.1071,3.2141,,,3,1
1134,2.8905,2.8728,3.0403,337.0907,337.08817,337.09311,1.489E5,6.237E3,1.033E4,1.489E5,0,1,134,,,,,,,,,DETECTED,337.0907,337.08817,337.09311,2.8905,2.8728,3.0403,1.489E5,6.237E3,1.033E4,1.489E5,0.0237,5.1201,3.8839,,,2,1
1135,2.8905,2.8128,2.9394,433.20494,433.20187,433.20724,3.236E5,9.088E3,8.63E3,3.236E5,1,1,134,,,,,,,,,DETECTED,433.20494,433.20187,433.20724,2.8905,2.8128,2.9394,3.236E5,9.088E3,8.63E3,3.236E5,0.0222,0.7728,0.4651,1,0.0057,2,1
1136,2.8997,2.8728,3.0279,211.09518,211.09419,211.09526,1.383E6,4.076E4,9.565E3,1.383E6,1,1,168,,,,,,,,,DETECTED,211.09518,211.09419,211.09526,2.8997,2.8728,3.0279,1.383E6,4.076E4,9.565E3,1.383E6,0.021,3.281,2.9706,1,-0.0052,3,1
1138,2.8997,2.8728,3.0005,433.03837,433.03711,433.04245,2.55E5,9.388E3,1.363E4,2.55E5,0,1,168,,,,,,,,,DETECTED,433.03837,433.03711,433.04245,2.8997,2.8728,3.0005,2.55E5,9.388E3,1.363E4,2.55E5,0.0226,2.1629,3.5801,,,3,1
1139,2.8997,2.8831,2.9394,613.2088,613.20605,613.20978,2.767E5,5.228E3,1.378E4,2.767E5,1,1,,,,,,,,,,DETECTED,613.2088,613.20605,613.20978,2.8997,2.8831,2.9394,2.767E5,5.228E3,1.378E4,2.767E5,0.0168,1.2543,1.3888,1,0.0073,3,1
1140,2.8997,2.8774,2.9248,934.39143,934.38324,934.3927,1.78E5,3.558E3,1.129E4,1.78E5,0,1,,,,,,,,,,DETECTED,934.39143,934.38324,934.3927,2.8997,2.8774,2.9248,1.78E5,3.558E3,1.129E4,1.78E5,0.0187,1.2396,1.5978,,,3,1
1141,2.8997,2.8728,2.9248,934.72285,934.7135,934.72675,2.192E5,4.67E3,1.233E4,2.192E5,1,1,,,,,,,,,,DETECTED,934.72285,934.7135,934.72675,2.8997,2.8728,2.9248,2.192E5,4.67E3,1.233E4,2.192E5,0.0207,0.5816,1.6032,1,0.0091,3,1
1144,2.9123,2.8396,2.9394,561.13597,561.13312,561.13745,8.103E4,2.767E3,8.544E3,8.103E4,0,1,,,,,,,,,,DETECTED,561.13597,561.13312,561.13745,2.9123,2.8396,2.9394,8.103E4,2.767E3,8.544E3,8.103E4,0.0282,0.6864,0.4205,,,2,1
1145,2.9123,2.8905,2.9592,1009.05118,1009.04553,1009.0575,2.686E5,5.677E3,2.477E4,2.686E5,0,1,,,,,,,,,,DETECTED,1009.05118,1009.04553,1009.0575,2.9123,2.8905,2.9592,2.686E5,5.677E3,2.477E4,2.686E5,0.0172,1.5231,2.598,,,3,1
1147,2.9248,2.8997,2.9592,129.01601,129.0159,129.01656,2.378E5,5.062E3,1.213E4,2.378E5,0,1,13,,,,,,,,,DETECTED,129.01601,129.0159,129.01656,2.9248,2.8997,2.9592,2.378E5,5.062E3,1.213E4,2.378E5,0.0182,1.1872,0.8855,,,3,1
1149,2.9248,2.8905,2.9888,147.02688,147.0265,147.02731,1.421E6,3.039E4,1.468E4,1.421E6,1,1,13,,,,,,,,,DETECTED,147.02688,147.0265,147.02731,2.9248,2.8905,2.9888,1.421E6,3.039E4,1.468E4,1.421E6,0.0181,1.1475,1.0258,1,0.0044,2,1
1151,2.9248,2.8905,2.9842,179.03164,179.03145,179.03221,4.58E5,9.749E3,9.296E3,4.58E5,1,1,13,,,,,,,,,DETECTED,179.03164,179.03145,179.03221,2.9248,2.8905,2.9842,4.58E5,9.749E3,9.296E3,4.58E5,0.0177,1.1933,1.1518,1,0.0111,4,1
1152,2.9248,2.8831,3.0279,193.08376,193.0827,193.08412,1.924E5,1.117E4,1.084E4,1.924E5,0,1,13,,,,,,,,,DETECTED,193.08376,193.0827,193.08412,2.9248,2.8831,3.0279,1.924E5,1.117E4,1.084E4,1.924E5,0.0407,1.7428,2.0132,,,2,1
1154,2.9248,2.8997,3.0612,221.07947,221.07877,221.07996,2.813E5,9.05E3,9.982E3,2.813E5,1,1,,,,,,,,,,DETECTED,221.07947,221.07877,221.07996,2.9248,2.8997,3.0612,2.813E5,9.05E3,9.982E3,2.813E5,0.0203,3.0523,2.3512,1,0.0185,3,1
1155,2.9248,2.8997,2.9592,249.07447,249.07425,249.0753,1.572E5,3.034E3,1.402E4,1.572E5,0,1,,,,,,,,,,DETECTED,249.07447,249.07425,249.0753,2.9248,2.8997,2.9592,1.572E5,3.034E3,1.402E4,1.572E5,0.0176,1.8184,1.7979,,,2,1
1156,2.9248,2.8831,2.9888,265.07087,265.07016,265.07214,8.333E4,3.535E3,1.403E4,8.333E4,0,1,13,21,[M-H]-,2,266.07783,1162;1156,,,,DETECTED,265.07087,265.07016,265.07214,2.9248,2.8831,2.9888,8.333E4,3.535E3,1.403E4,8.333E4,0.0313,1.2678,1.5511,,,2,1
1159,2.9248,2.8905,2.9717,307.04477,307.04349,307.04529,2.445E5,7.373E3,1.729E4,2.445E5,0,1,13,,,,,,,,,DETECTED,307.04477,307.04349,307.04529,2.9248,2.8905,2.9717,2.445E5,7.373E3,1.729E4,2.445E5,0.038,1.4217,1.43,,,4,1
1160,2.9248,2.8831,3.0205,309.06054,309.0585,309.0607,4.411E6,1.092E5,8.842E3,4.411E6,1,1,13,,,,,,,,,DETECTED,309.06054,309.0585,309.0607,2.9248,2.8831,3.0205,4.411E6,1.092E5,8.842E3,4.411E6,0.0216,1.1745,1.014,1,-0.0069,2,1
1161,2.9248,2.8905,2.9888,310.06395,310.06305,310.06549,4.915E5,1.214E4,9.885E3,4.915E5,1,1,13,,,,,,,,,DETECTED,310.06395,310.06305,310.06549,2.9248,2.8905,2.9888,4.915E5,1.214E4,9.885E3,4.915E5,0.0211,1.2488,1.038,1,0.0094,2,1
1162,2.9248,2.7897,3.277,311.07573,311.07349,311.07693,7.454E6,3.74E5,8.604E3,7.454E6,3,1,13,21,[M+FA]-,2,266.07783,1156;1162,,,,DETECTED,311.07573,311.07349,311.07693,2.9248,2.7897,3.277,7.454E6,3.74E5,8.604E3,7.454E6,0.0852,2.7044,1.9728,3,-0.0195,3,1
1164,2.9248,2.8905,3.0279,371.1333,371.13229,371.13394,5.341E6,1.337E5,7.919E3,5.341E6,1,1,13,,,,,,,,,DETECTED,371.1333,371.13229,371.13394,2.9248,2.8905,3.0279,5.341E6,1.337E5,7.919E3,5.341E6,0.0216,1.2299,1.3577,1,-0.0052,3,1
1172,2.9248,2.8997,2.996,945.04415,945.03918,945.0506,1.72E5,7.219E3,9.579E3,1.72E5,0,1,,,,,,,,,,DETECTED,945.04415,945.03918,945.0506,2.9248,2.8997,2.996,1.72E5,7.219E3,9.579E3,1.72E5,0.0383,1.7917,2.2692,,,3,1
1175,2.9394,2.8905,2.9717,335.07578,335.0748,335.07678,9.201E4,2.449E3,9.498E3,9.201E4,0,1,68,,,,,,,,,DETECTED,335.07578,335.0748,335.07678,2.9394,2.8905,2.9717,9.201E4,2.449E3,9.498E3,9.201E4,0.0204,0.831,0.5059,,,5,1
1176,2.9394,2.8488,3.0403,441.1379,441.13452,441.14053,6.101E4,6.318E3,1.177E4,6.101E4,0,1,,,,,,,,,,DETECTED,441.1379,441.13452,441.14053,2.9394,2.8488,3.0403,6.101E4,6.318E3,1.177E4,6.101E4,0.1228,1.0576,1.1344,,,2,1
1177,2.9394,2.9123,3.0005,465.10159,465.09946,465.10428,3.298E5,7.966E3,1.174E4,3.298E5,0,1,140,,,,,,,,,DETECTED,465.10159,465.09946,465.10428,2.9394,2.9123,3.0005,3.298E5,7.966E3,1.174E4,3.298E5,0.0197,1.7138,1.8973,,,2,1
1178,2.9394,2.8905,2.9717,641.14386,641.14062,641.14862,6.76E4,2.349E3,1.563E4,6.76E4,0,1,68,,,,,,,,,DETECTED,641.14386,641.14062,641.14862,2.9394,2.8905,2.9717,6.76E4,2.349E3,1.563E4,6.76E4,0.0281,0.831,0.662,,,2,1
1180,2.9468,2.9248,2.996,321.09599,321.09433,321.09641,1.642E5,4E3,8.854E3,1.642E5,0,1,,,,,,,,,,DETECTED,321.09599,321.09433,321.09641,2.9468,2.9248,2.996,1.642E5,4E3,8.854E3,1.642E5,0.0199,1.4709,1.5877,,,5,1
1181,2.9468,2.9123,2.9888,325.09106,325.09,325.09158,7.049E4,2.586E3,1.347E4,7.049E4,0,1,140,,,,,,,,,DETECTED,325.09106,325.09,325.09158,2.9468,2.9123,2.9888,7.049E4,2.586E3,1.347E4,7.049E4,0.0309,1.1093,1.2794,,,5,1
1182,2.9468,2.9248,3.0279,355.13804,355.1376,355.14124,4.583E5,1.335E4,7.999E3,4.583E5,1,1,,,,,,,,,,DETECTED,355.13804,355.1376,355.14124,2.9468,2.9248,3.0279,4.583E5,1.335E4,7.999E3,4.583E5,0.0202,1.6998,1.8864,1,0.009,2,1
1184,2.9468,2.9123,2.9842,595.12817,595.12433,595.13028,7.108E5,1.771E4,1.82E4,7.108E5,1,1,140,,,,,,,,,DETECTED,595.12817,595.12433,595.13028,2.9468,2.9123,2.9842,7.108E5,1.771E4,1.82E4,7.108E5,0.0794,1.0979,1.098,1,0.004,3,1
1185,2.9592,2.9394,2.996,367.00985,367.00879,367.01285,9.506E4,2.513E3,1.461E4,9.506E4,0,1,,,,,,,,,,DETECTED,367.00985,367.00879,367.01285,2.9592,2.9394,2.996,9.506E4,2.513E3,1.461E4,9.506E4,0.0258,1.4234,1.5663,,,3,1
1186,2.9592,2.9123,3.0495,393.04422,393.0423,393.04681,3.097E5,8.706E3,9.504E3,3.097E5,1,1,89,,,,,,,,,DETECTED,393.04422,393.0423,393.04681,2.9592,2.9123,3.0495,3.097E5,8.706E3,9.504E3,3.097E5,0.0188,0.9444,1.2359,1,0.0073,2,1
1187,2.9592,2.9394,3.0205,403.15795,403.15482,403.15955,1.961E5,4.795E3,1.327E4,1.961E5,0,1,,,,,,,,,,DETECTED,403.15795,403.15482,403.15955,2.9592,2.9394,3.0205,1.961E5,4.795E3,1.327E4,1.961E5,0.0181,1.9208,2.0614,,,2,1
1188,2.9592,2.9248,3.0495,451.21669,451.21436,451.22,1.203E6,3.001E4,1.765E4,1.203E6,1,1,89,,,,,,,,,DETECTED,451.21669,451.21436,451.22,2.9592,2.9248,3.0495,1.203E6,3.001E4,1.765E4,1.203E6,0.0208,1.1384,1.266,1,-0.0051,3,1
1190,2.9717,2.8997,3.0976,300.99772,300.99582,300.99805,7.277E6,2.547E5,5.606E4,7.277E6,2,1,,,,,,,,,,DETECTED,300.99772,300.99582,300.99805,2.9717,2.8997,3.0976,7.277E6,2.547E5,5.606E4,7.277E6,0.0247,1.1326,4.4974,2,-0.0068,4,1
1191,2.9717,2.9468,3.0205,503.12858,503.12662,503.13312,1.066E5,2.595E3,1.005E4,1.066E5,0,1,,,,,,,,,,DETECTED,503.12858,503.12662,503.13312,2.9717,2.9468,3.0205,1.066E5,2.595E3,1.005E4,1.066E5,0.0207,1.1585,1.6912,,,2,1
1192,2.9842,2.9468,3.0729,293.02809,293.02621,293.02881,2.393E5,9.788E3,1.829E4,2.393E5,0,1,159,,,,,,,,,DETECTED,293.02809,293.02621,293.02881,2.9842,2.9468,3.0729,2.393E5,9.788E3,1.829E4,2.393E5,0.0292,2.1348,2.861,,,2,1
1194,2.9842,2.8264,3.0888,399.1281,399.12503,399.12933,4.185E6,1.977E5,1.575E4,4.185E6,2,1,159,,,,,,,,,DETECTED,399.1281,399.12503,399.12933,2.9842,2.8264,3.0888,4.185E6,1.977E5,1.575E4,4.185E6,0.0331,1.6356,0.3344,2,-0.021,4,1
1199,2.996,2.9717,3.0729,206.07976,206.07959,206.08028,4.697E5,1.601E4,2.203E4,4.697E5,1,1,9,,,,,,,,,DETECTED,206.07976,206.07959,206.08028,2.996,2.9717,3.0729,4.697E5,1.601E4,2.203E4,4.697E5,0.0273,1.9047,4.4337,1,0.0085,2,1
1200,2.996,2.9592,3.0495,207.09969,207.09941,207.10001,2.286E5,5.953E3,9.079E3,2.286E5,0,1,9,,,,,,,,,DETECTED,207.09969,207.09941,207.10001,2.996,2.9592,3.0495,2.286E5,5.953E3,9.079E3,2.286E5,0.0194,1.3243,1.4623,,,3,1
1201,2.996,2.9592,3.0729,369.15402,369.15295,369.15451,3.136E6,7.696E4,1.603E4,3.136E6,1,1,9,,,,,,,,,DETECTED,369.15402,369.15295,369.15451,2.996,2.9592,3.0729,3.136E6,7.696E4,1.603E4,3.136E6,0.0189,1.3078,1.445,1,-0.0049,3,1
1202,2.996,2.9592,3.0848,413.14364,413.14072,413.14459,4.612E6,1.149E5,1.478E4,4.612E6,2,1,9,22,[M-H]-,3,414.15075,1205;1207;1202,,,,DETECTED,413.14364,413.14072,413.14459,2.996,2.9592,3.0848,4.612E6,1.149E5,1.478E4,4.612E6,0.0194,1.3417,1.5743,2,-0.0152,2,1
1203,2.996,2.9592,3.0612,415.15568,415.15451,415.15854,2.255E5,7.396E3,1.615E4,2.255E5,0,1,9,,,,,,,,,DETECTED,415.15568,415.15451,415.15854,2.996,2.9592,3.0612,2.255E5,7.396E3,1.615E4,2.255E5,0.0202,1.6266,2.4178,,,2,1
1205,2.996,2.9592,3.0495,449.11967,449.11691,449.12088,3.168E5,8.771E3,1.641E4,3.168E5,1,1,9,22,[M+Cl]-,3,414.15075,1205;1202;1207,,,,DETECTED,449.11967,449.11691,449.12088,2.996,2.9592,3.0495,3.168E5,8.771E3,1.641E4,3.168E5,0.0241,1.3449,1.4899,1,0.0177,4,1
1207,2.996,2.9592,3.054,459.14927,459.14703,459.14972,1.715E6,3.997E4,2.695E4,1.715E6,1,1,9,22,[M+FA]-,3,414.15075,1205;1202;1207,,,,DETECTED,459.14927,459.14703,459.14972,2.996,2.9592,3.054,1.715E6,3.997E4,2.695E4,1.715E6,0.0175,1.3277,1.5123,1,-0.0032,4,1
1208,2.996,2.9592,3.0495,481.13025,481.12927,481.13522,2.803E5,7.458E3,1.15E4,2.803E5,0,1,9,,,,,,,,,DETECTED,481.13025,481.12927,481.13522,2.996,2.9592,3.0495,2.803E5,7.458E3,1.15E4,2.803E5,0.0193,1.3194,1.4888,,,2,1
1213,2.996,2.9592,3.0403,813.27284,813.26746,813.27875,3.852E5,8.819E3,1.022E4,3.852E5,1,1,9,,,,,,,,,DETECTED,813.27284,813.26746,813.27875,2.996,2.9592,3.0403,3.852E5,8.819E3,1.022E4,3.852E5,0.2485,1.0028,1.0995,1,0.0103,3,1
1214,2.996,2.9717,3.0279,827.28612,827.284,827.28931,2.306E5,3.793E3,9.363E3,2.306E5,0,1,9,,,,,,,,,DETECTED,827.28612,827.284,827.28931,2.996,2.9717,3.0279,2.306E5,3.793E3,9.363E3,2.306E5,0.0143,1.3135,1.8977,,,3,1
1216,3.0005,2.9468,3.0729,609.14295,609.13989,609.14398,1.012E6,2.895E4,1.192E4,1.012E6,1,1,9,,,,,,,,,DETECTED,609.14295,609.13989,609.14398,3.0005,2.9468,3.0729,1.012E6,2.895E4,1.192E4,1.012E6,0.0698,0.9771,0.7069,1,-0.0214,4,1
1218,3.0097,2.9717,3.0976,380.95417,380.95319,380.95663,6.854E5,2.426E4,2.555E4,6.854E5,1,1,9,,,,,,,,,DETECTED,380.95417,380.95319,380.95663,3.0097,2.9717,3.0976,6.854E5,2.426E4,2.555E4,6.854E5,0.0305,2.0575,2.5841,1,-0.0069,3,1
1219,3.0097,2.8997,3.0976,393.17459,393.17218,393.17691,3.217E5,1.311E4,1.779E4,3.217E5,1,1,,,,,,,,,,DETECTED,393.17459,393.17218,393.17691,3.0097,2.8997,3.0976,3.217E5,1.311E4,1.779E4,3.217E5,0.0224,2.3377,1.5014,1,0.0056,3,1
1220,3.0097,2.9888,3.0612,493.09716,493.09647,493.09882,1.838E5,4.392E3,9.918E3,1.838E5,0,1,9,,,,,,,,,DETECTED,493.09716,493.09647,493.09882,3.0097,2.9888,3.0612,1.838E5,4.392E3,9.918E3,1.838E5,0.02,1.5731,1.4738,,,2,1
1221,3.0097,2.9888,3.0729,567.20478,567.20349,567.20923,2.028E5,5.411E3,1.097E4,2.028E5,0,1,9,,,,,,,,,DETECTED,567.20478,567.20349,567.20923,3.0097,2.9888,3.0729,2.028E5,5.411E3,1.097E4,2.028E5,0.0204,1.8475,1.4888,,,3,1
1222,3.0205,2.996,3.054,467.03456,467.03326,467.03897,3.445E5,8.356E3,2.751E4,3.445E5,1,1,,,,,,,,,,DETECTED,467.03456,467.03326,467.03897,3.0205,2.996,3.054,3.445E5,8.356E3,2.751E4,3.445E5,0.0295,1.3683,1.2654,1,-0.0035,3,1
1223,3.0279,2.996,3.1098,163.03707,163.03625,163.03766,9.014E5,2.569E4,1.397E4,9.014E5,1,1,158,,,,,,,,,DETECTED,163.03707,163.03625,163.03766,3.0279,2.996,3.1098,9.014E5,2.569E4,1.397E4,9.014E5,0.0237,2.5749,3.225,1,0.0073,4,1
1224,3.0279,3.0005,3.0976,279.04914,279.04752,279.05023,1.043E6,2.564E4,1.699E4,1.043E6,1,1,158,,,,,,,,,DETECTED,279.04914,279.04752,279.05023,3.0279,3.0005,3.0976,1.043E6,2.564E4,1.699E4,1.043E6,0.0215,1.5853,1.9117,1,0.0056,3,1
1226,3.0279,3.0097,3.0657,613.20887,613.2063,613.21143,9.796E4,2.233E3,9.438E3,9.796E4,0,1,,,,,,,,,,DETECTED,613.20887,613.2063,613.21143,3.0279,3.0097,3.0657,9.796E4,2.233E3,9.438E3,9.796E4,0.0323,1.7223,3.8817,,,2,1
1227,3.0279,3.0097,3.0848,950.54915,950.54218,950.55261,6.121E4,1.91E3,1.493E4,6.121E4,0,1,,,,,,,,,,DETECTED,950.54915,950.54218,950.55261,3.0279,3.0097,3.0848,6.121E4,1.91E3,1.493E4,6.121E4,0.024,2.0582,3.1164,,,2,1
1234,3.0495,3.0279,3.1277,461.07268,461.06851,461.07394,3.855E6,1.034E5,1.431E4,3.855E6,2,1,64,,,,,,,,,DETECTED,461.07268,461.06851,461.07394,3.0495,3.0279,3.1277,3.855E6,1.034E5,1.431E4,3.855E6,0.018,2.0566,3.2154,2,-0.0035,2,1
1237,3.054,3.0279,3.0729,295.04341,295.04227,295.04395,1.539E5,3.576E3,5.496E4,1.539E5,0,1,64,,,,,,,,,DETECTED,295.04341,295.04227,295.04395,3.054,3.0279,3.0729,1.539E5,3.576E3,5.496E4,1.539E5,0.0226,0.8629,0.7258,,,2,1
1238,3.054,3.0205,3.0848,309.05998,309.05893,309.06055,8.532E5,1.761E4,1.607E4,8.532E5,1,1,64,,,,,,,,,DETECTED,309.05998,309.05893,309.06055,3.054,3.0205,3.0848,8.532E5,1.761E4,1.607E4,8.532E5,0.0185,0.9218,0.8921,1,0.0023,2,1
1240,3.0612,3.0403,3.0976,415.12181,415.12091,415.12476,1.899E5,3.931E3,2.544E4,1.899E5,0,1,70,,,,,,,,,DETECTED,415.12181,415.12091,415.12476,3.0612,3.0403,3.0976,1.899E5,3.931E3,2.544E4,1.899E5,0.0167,1.375,2.935,,,3,1
1241,3.0612,3.0403,3.1189,531.16862,531.16724,531.17267,8.064E5,1.484E4,1.457E4,8.064E5,0,1,70,,,,,,,,,DETECTED,531.16862,531.16724,531.17267,3.0612,3.0403,3.1189,8.064E5,1.484E4,1.457E4,8.064E5,0.0146,1.9234,2.1393,,,3,1
1243,3.0612,3.0403,3.0848,925.14952,925.14551,925.15668,8.211E4,1.584E3,1.886E4,8.211E4,0,1,,,,,,,,,,DETECTED,925.14952,925.14551,925.15668,3.0612,3.0403,3.0848,8.211E4,1.584E3,1.886E4,8.211E4,0.0159,1.0675,1.1349,,,4,1
1244,3.0612,3.0403,3.0848,927.16826,927.16284,927.17212,1.343E5,2.102E3,1.007E4,1.343E5,0,1,70,,,,,,,,,DETECTED,927.16826,927.16284,927.17212,3.0612,3.0403,3.0848,1.343E5,2.102E3,1.007E4,1.343E5,0.0141,1.4732,2.0944,,,3,1
1245,3.0657,3.0279,3.0848,381.11603,381.11438,381.11816,7.141E4,2.009E3,2.728E4,7.141E4,0,1,70,,,,,,,,,DETECTED,381.11603,381.11438,381.11816,3.0657,3.0279,3.0848,7.141E4,2.009E3,2.728E4,7.141E4,0.0248,0.7527,0.5054,,,4,1
1248,3.0848,3.054,3.1743,159.02702,159.02652,159.02715,4.834E6,1.65E5,6.407E4,4.834E6,2,1,94,,,,,,,,,DETECTED,159.02702,159.02652,159.02715,3.0848,3.054,3.1743,4.834E6,1.65E5,6.407E4,4.834E6,0.0271,1.8468,1.9173,2,-0.0096,3,1
1254,3.0848,3.0005,3.1743,323.07603,323.0748,323.07639,2.757E7,9.848E5,9.018E3,2.757E7,2,1,94,,,,,,,,,DETECTED,323.07603,323.0748,323.07639,3.0848,3.0005,3.1743,2.757E7,9.848E5,9.018E3,2.757E7,0.0281,1.86,2.2893,2,-0.0168,4,1
1258,3.0848,3.054,3.1493,391.06229,391.05963,391.06326,3.502E5,1.01E4,1.336E4,3.502E5,1,1,94,,,,,,,,,DETECTED,391.06229,391.05963,391.06326,3.0848,3.054,3.1493,3.502E5,1.01E4,1.336E4,3.502E5,0.0317,1.6485,1.9065,1,-0.0028,2,1
1262,3.0848,3.0612,3.1189,681.1238,681.11987,681.12494,6.734E5,1.441E4,5.199E4,6.734E5,1,1,94,,,,,,,,,DETECTED,681.1238,681.11987,681.12494,3.0848,3.0612,3.1189,6.734E5,1.441E4,5.199E4,6.734E5,0.0211,1.0804,1.1802,1,-0.0045,3,1
1264,3.0888,3.0612,3.1277,323.06028,323.05933,323.06116,3.492E5,1.197E4,9.79E4,3.492E5,0,1,94,,,,,,,,,DETECTED,323.06028,323.05933,323.06116,3.0888,3.0612,3.1277,3.492E5,1.197E4,9.79E4,3.492E5,0.0315,1.2022,1.4044,,,2,1
1267,3.0976,3.0729,3.1617,307.13734,307.1366,307.13806,3.23E5,9.195E3,1.344E4,3.23E5,1,1,82,,,,,,,,,DETECTED,307.13734,307.1366,307.13806,3.0976,3.0729,3.1617,3.23E5,9.195E3,1.344E4,3.23E5,0.0242,1.4996,1.4552,1,0.0039,2,1
1268,3.0976,3.0279,3.1743,377.17936,377.17749,377.18045,4.144E5,1.865E4,1.434E4,4.144E5,1,1,82,,,,,,,,,DETECTED,377.17936,377.17749,377.18045,3.0976,3.0279,3.1743,4.144E5,1.865E4,1.434E4,4.144E5,0.03,0.9123,0.9652,1,0.0144,2,1
1273,3.0976,3.0403,3.1493,463.08769,463.08632,463.08813,3.131E7,1.214E6,2.771E6,3.131E7,2,1,82,,,,,,,,,DETECTED,463.08769,463.08632,463.08813,3.0976,3.0403,3.1493,3.131E7,1.214E6,2.771E6,3.131E7,0.1075,1.0206,0.9053,2,-0.0399,4,1
1276,3.0976,3.0403,3.1493,531.07241,531.06964,531.07446,5.209E5,2.066E4,5.593E4,5.209E5,1,1,82,,,,,,,,,DETECTED,531.07241,531.06964,531.07446,3.0976,3.0403,3.1493,5.209E5,2.066E4,5.593E4,5.209E5,0.0606,0.9508,3.2209,1,0.0091,3,1
1277,3.0976,3.0403,3.1493,581.01785,581.01306,581.02014,2.089E5,8.826E3,2.768E4,2.089E5,0,1,82,,,,,,,,,DETECTED,581.01785,581.01306,581.02014,3.0976,3.0403,3.1493,2.089E5,8.826E3,2.768E4,2.089E5,0.0584,0.9508,3.8249,,,2,1
1278,3.0976,3.0495,3.1493,787.16438,787.15991,787.16626,2.468E6,6.714E4,1.022E4,2.468E6,1,1,82,,,,,,,,,DETECTED,787.16438,787.15991,787.16626,3.0976,3.0495,3.1493,2.468E6,6.714E4,1.022E4,2.468E6,0.0202,0.916,0.7663,1,-0.019,4,1
1279,3.0976,3.054,3.1493,788.16524,788.16199,788.16626,8.79E5,2.478E4,3.507E4,8.79E5,0,1,82,,,,,,,,,DETECTED,788.16524,788.16199,788.16626,3.0976,3.054,3.1493,8.79E5,2.478E4,3.507E4,8.79E5,0.0204,0.9886,0.7903,,,4,1
1280,3.0976,3.0848,3.1493,927.17151,927.16785,927.17334,1E6,1.871E4,1.342E4,1E6,1,1,,,,,,,,,,DETECTED,927.17151,927.16785,927.17334,3.0976,3.0848,3.1493,1E6,1.871E4,1.342E4,1E6,0.0197,2.0108,2.5255,1,0.0057,4,1
1283,3.1098,3.0205,3.18,425.10585,425.10413,425.10825,7.282E5,2.322E4,9.593E3,7.282E5,1,1,82,,,,,,,,,DETECTED,425.10585,425.10413,425.10825,3.1098,3.0205,3.18,7.282E5,2.322E4,9.593E3,7.282E5,0.0226,0.9038,0.4698,1,0.004,3,1
1287,3.1189,3.0848,3.1743,357.11729,357.11664,357.11859,1.575E5,4.525E3,1.215E4,1.575E5,0,1,102,,,,,,,,,DETECTED,357.11729,357.11664,357.11859,3.1189,3.0848,3.1743,1.575E5,4.525E3,1.215E4,1.575E5,0.0225,1.3106,1.963,,,2,1
1289,3.1189,3.0888,3.1949,607.21917,607.21515,607.2215,4.416E5,1.636E4,1.818E4,4.416E5,0,1,102,,,,,,,,,DETECTED,607.21917,607.21515,607.2215,3.1189,3.0888,3.1949,4.416E5,1.636E4,1.818E4,4.416E5,0.0435,1.9005,2.5392,,,3,1
1290,3.1277,3.1098,3.1892,443.15323,443.15115,443.15491,3.864E5,8.744E3,1.034E4,3.864E5,1,1,37,,,,,,,,,DETECTED,443.15323,443.15115,443.15491,3.1277,3.1098,3.1892,3.864E5,8.744E3,1.034E4,3.864E5,0.0227,1.4241,1.2318,1,0.0132,3,1
1291,3.1277,3.1098,3.1949,487.14329,487.13995,487.14374,5.294E5,1.247E4,1.037E4,5.294E5,1,1,37,,,,,,,,,DETECTED,487.14329,487.13995,487.14374,3.1277,3.1098,3.1949,5.294E5,1.247E4,1.037E4,5.294E5,0.0252,1.4742,1.2373,1,0.0041,2,1
1293,3.1277,3.1098,3.1617,672.36752,672.36304,672.36963,1.475E5,3.229E3,1.992E4,1.475E5,0,1,,,,,,,,,,DETECTED,672.36752,672.36304,672.36963,3.1277,3.1098,3.1617,1.475E5,3.229E3,1.992E4,1.475E5,0.0209,1.4469,1.2504,,,2,1
1295,3.137,3.1098,3.2502,163.03681,163.03625,163.03778,2.3E5,8.527E3,1.479E4,2.3E5,0,1,37,,,,,,,,,DETECTED,163.03681,163.03625,163.03778,3.137,3.1098,3.2502,2.3E5,8.527E3,1.479E4,2.3E5,0.0252,6.5866,1.3826,,,3,1
1297,3.137,3.0976,3.1995,279.04887,279.0477,279.04929,6.136E5,1.651E4,1.423E4,6.136E5,1,1,37,,,,,,,,,DETECTED,279.04887,279.0477,279.04929,3.137,3.0976,3.1995,6.136E5,1.651E4,1.423E4,6.136E5,0.0293,1.4411,1.3982,1,-0.0035,3,1
1298,3.137,3.1098,3.1743,473.12836,473.12621,473.13217,3.146E5,6.429E3,1.927E4,3.146E5,1,1,37,,,,,,,,,DETECTED,473.12836,473.12621,473.13217,3.137,3.1098,3.1743,3.146E5,6.429E3,1.927E4,3.146E5,0.0204,1.1931,1.1722,1,0.0163,3,1
1299,3.137,3.1189,3.1949,565.18978,565.18567,565.19092,9.053E5,1.708E4,1.843E4,9.053E5,1,1,,,,,,,,,,DETECTED,565.18978,565.18567,565.19092,3.137,3.1189,3.1949,9.053E5,1.708E4,1.843E4,9.053E5,0.0152,1.495,2.4493,1,0.0057,4,1
1301,3.137,3.1098,3.18,577.20859,577.20398,577.21106,7.939E4,2.491E3,1.442E4,7.939E4,0,1,37,,,,,,,,,DETECTED,577.20859,577.20398,577.21106,3.137,3.1098,3.18,7.939E4,2.491E3,1.442E4,7.939E4,0.0299,1.2909,1.5817,,,2,1
1303,3.1493,3.1277,3.3333,230.03009,230.02942,230.03041,4.471E5,2.199E4,1.714E4,4.471E5,1,1,18,,,,,,,,,DETECTED,230.03009,230.02942,230.03041,3.1493,3.1277,3.3333,4.471E5,2.199E4,1.714E4,4.471E5,0.0344,3.4522,3.2832,1,0.0273,2,1
1304,3.1493,3.1277,3.2103,264.02471,264.02411,264.02548,6.301E4,2.635E3,1.829E4,6.301E4,0,1,18,,,,,,,,,DETECTED,264.02471,264.02411,264.02548,3.1493,3.1277,3.2103,6.301E4,2.635E3,1.829E4,6.301E4,0.0447,1.9147,2.8294,,,2,1
1305,3.1493,3.0976,3.3138,285.03637,285.03391,285.03714,1.88E5,1.052E4,1.17E4,1.88E5,0,1,18,,,,,,,,,DETECTED,285.03637,285.03391,285.03714,3.1493,3.0976,3.3138,1.88E5,1.052E4,1.17E4,1.88E5,0.0371,4.1173,2.2416,,,2,1
1306,3.1493,3.1189,3.2301,449.10635,449.10263,449.10794,8.041E5,2.318E4,1.429E4,8.041E5,1,1,,,,,,,,,,DETECTED,449.10635,449.10263,449.10794,3.1493,3.1189,3.2301,8.041E5,2.318E4,1.429E4,8.041E5,0.0345,1.59,1.2359,1,-0.0049,3,1
1308,3.1493,3.1277,3.4731,461.07198,461.06821,461.0726,1.407E7,5.958E5,5.064E4,1.407E7,4,1,18,,,,,,,,,DETECTED,461.07198,461.06821,461.0726,3.1493,3.1277,3.4731,1.407E7,5.958E5,5.064E4,1.407E7,0.0309,2.2485,2.5842,4,0.0148,2,1
1311,3.1493,3.1277,3.2103,560.99348,560.99042,560.99701,4.993E5,1.479E4,3.155E4,4.993E5,1,1,18,,,,,,,,,DETECTED,560.99348,560.99042,560.99701,3.1493,3.1277,3.2103,4.993E5,1.479E4,3.155E4,4.993E5,0.0265,1.7897,3.3515,1,0.0165,6,1
1312,3.1493,3.1277,3.2595,785.14594,785.14392,785.15283,2.243E5,8.741E3,9.402E3,2.243E5,0,1,,,,,,,,,,DETECTED,785.14594,785.14392,785.15283,3.1493,3.1277,3.2595,2.243E5,8.741E3,9.402E3,2.243E5,0.0598,2.5997,1.92,,,3,1
1313,3.1493,3.1277,3.1892,911.16954,911.16486,911.1745,9.774E4,2.439E3,1.157E4,9.774E4,0,1,18,,,,,,,,,DETECTED,911.16954,911.16486,911.1745,3.1493,3.1277,3.1892,9.774E4,2.439E3,1.157E4,9.774E4,0.0264,1.426,2.4927,,,4,1
1314,3.1493,3.1277,3.1949,923.14489,923.13867,923.14575,1.659E6,3.586E4,5.348E4,1.659E6,1,1,,,,,,,,,,DETECTED,923.14489,923.13867,923.14575,3.1493,3.1277,3.1949,1.659E6,3.586E4,5.348E4,1.659E6,0.0211,1.8762,2.1916,1,0.0057,4,1
1318,3.1617,3.1277,3.2211,447.09197,447.09015,447.09253,2.427E6,6.703E4,4.673E4,2.427E6,1,1,18,,,,,,,,,DETECTED,447.09197,447.09015,447.09253,3.1617,3.1277,3.2211,2.427E6,6.703E4,4.673E4,2.427E6,0.0218,1.5363,1.5888,1,-0.0051,2,1
1319,3.1617,3.1189,3.2211,459.05655,459.05371,459.05719,6.83E5,2.569E4,1.056E4,6.83E5,1,1,18,,,,,,,,,DETECTED,459.05655,459.05371,459.05719,3.1617,3.1189,3.2211,6.83E5,2.569E4,1.056E4,6.83E5,0.0302,1.3859,1.7918,1,-0.0034,2,1
1321,3.1617,3.1277,3.3183,483.05263,483.048,483.05481,2.779E5,1.374E4,1.06E4,2.779E5,0,1,18,,,,,,,,,DETECTED,483.05263,483.048,483.05481,3.1617,3.1277,3.3183,2.779E5,1.374E4,1.06E4,2.779E5,0.0459,2.4638,1.6303,,,2,1
1322,3.1617,3.0976,3.2103,521.19827,521.19513,521.20129,5.125E5,1.307E4,1.542E4,5.125E5,1,1,18,,,,,,,,,DETECTED,521.19827,521.19513,521.20129,3.1617,3.0976,3.2103,5.125E5,1.307E4,1.542E4,5.125E5,0.0931,0.88,0.7818,1,0.0074,3,1
1325,3.1617,3.137,3.1949,567.13157,567.1264,567.13605,8.403E4,2.051E3,9.77E3,8.403E4,0,1,,,,,,,,,,DETECTED,567.13157,567.1264,567.13605,3.1617,3.137,3.1949,8.403E4,2.051E3,9.77E3,8.403E4,0.0213,1.1699,1.1372,,,2,1
1326,3.1743,3.137,3.3138,371.13327,371.13147,371.13422,2.37E6,7.046E4,1.421E4,2.37E6,1,1,73,,,,,,,,,DETECTED,371.13327,371.13147,371.13422,3.1743,3.137,3.3138,2.37E6,7.046E4,1.421E4,2.37E6,0.0334,1.1693,0.9996,1,-0.0068,3,1
1327,3.18,3.1493,3.2103,303.04931,303.0488,303.05035,5.617E4,1.532E3,1.038E4,5.617E4,0,1,73,,,,,,,,,DETECTED,303.04931,303.0488,303.05035,3.18,3.1493,3.2103,5.617E4,1.532E3,1.038E4,5.617E4,0.0262,0.9919,0.7368,,,2,1
1330,3.18,3.1277,3.3138,433.20477,433.20181,433.20685,2.183E5,1.09E4,1.013E4,2.183E5,0,1,73,,,,,,,,,DETECTED,433.20477,433.20181,433.20685,3.18,3.1277,3.3138,2.183E5,1.09E4,1.013E4,2.183E5,0.04,1.6873,2.5095,,,3,1
1331,3.1892,3.1617,3.2301,270.98956,270.98792,270.99045,5.658E4,1.691E3,1.144E4,5.658E4,0,1,56,,,,,,,,,DETECTED,270.98956,270.98792,270.99045,3.1892,3.1617,3.2301,5.658E4,1.691E3,1.144E4,5.658E4,0.0235,1.2463,1.4926,,,2,1
1332,3.1892,3.1617,3.2595,359.1333,359.13153,359.13443,8.474E5,2.06E4,1.459E4,8.474E5,1,1,56,,,,,,,,,DETECTED,359.1333,359.13153,359.13443,3.1892,3.1617,3.2595,8.474E5,2.06E4,1.459E4,8.474E5,0.0264,1.2089,0.9908,1,-0.0051,3,1
1333,3.1892,3.1617,3.2211,387.12688,387.12613,387.12784,1.98E5,4.147E3,2.01E4,1.98E5,0,1,56,,,,,,,,,DETECTED,387.12688,387.12613,387.12784,3.1892,3.1617,3.2211,1.98E5,4.147E3,2.01E4,1.98E5,0.0203,1.081,1.3594,,,2,1
1334,3.1892,3.0888,3.3047,399.12694,399.12546,399.12845,1.262E5,1.541E4,1.575E4,1.262E5,0,1,,,,,,,,,,DETECTED,399.12694,399.12546,399.12845,3.1892,3.0888,3.3047,1.262E5,1.541E4,1.575E4,1.262E5,0.191,1.0756,1.8781,,,2,1
1335,3.1995,3.18,3.2679,401.1786,401.17776,401.18057,2.586E5,6.409E3,8.751E3,2.586E5,1,1,,,,,,,,,,DETECTED,401.1786,401.17776,401.18057,3.1995,3.18,3.2679,2.586E5,6.409E3,8.751E3,2.586E5,0.0222,1.6167,2.7038,1,0.0073,2,1
1336,3.2103,3.1743,3.2954,159.02697,159.02661,159.02708,2.44E6,7.916E4,5.217E4,2.44E6,1,1,12,,,,,,,,,DETECTED,159.02697,159.02661,159.02708,3.2103,3.1743,3.2954,2.44E6,7.916E4,5.217E4,2.44E6,0.0277,1.4097,2.0076,1,-0.0068,3,1
1337,3.2103,3.18,3.3047,177.03785,177.03691,177.03806,5.013E6,1.51E5,3.566E4,5.013E6,2,1,12,23,[M-H]-,2,178.04582,1337;1344,,,,DETECTED,177.03785,177.03691,177.03806,3.2103,3.18,3.3047,5.013E6,1.51E5,3.566E4,5.013E6,0.0301,1.6766,1.9729,2,-0.0085,3,1
1341,3.2103,3.1743,3.425,323.07618,323.07419,323.0766,2.251E7,7.83E5,6.135E4,2.251E7,3,1,12,,,,,,,,,DETECTED,323.07618,323.07419,323.0766,3.2103,3.1743,3.425,2.251E7,7.83E5,6.135E4,2.251E7,0.03,1.5656,2.2032,3,-0.0279,4,1
1344,3.2103,3.1743,3.3183,391.06242,391.06024,391.06375,4.616E5,1.456E4,9.581E3,4.616E5,1,1,12,23,[2M+Cl]-,2,178.04582,1337;1344,,,,DETECTED,391.06242,391.06024,391.06375,3.2103,3.1743,3.3183,4.616E5,1.456E4,9.581E3,4.616E5,0.0276,1.8529,2.2516,1,-0.0052,3,1
1346,3.2103,3.18,3.277,422.99836,422.99619,423.00078,3.008E5,9.244E3,1.243E4,3.008E5,1,1,12,,,,,,,,,DETECTED,422.99836,422.99619,423.00078,3.2103,3.18,3.277,3.008E5,9.244E3,1.243E4,3.008E5,0.0274,1.6487,2.0623,1,0.0058,3,1
1348,3.2103,3.1892,3.2502,647.15502,647.1524,647.15601,7.362E5,1.447E4,3.251E4,7.362E5,1,1,12,,,,,,,,,DETECTED,647.15502,647.1524,647.15601,3.2103,3.1892,3.2502,7.362E5,1.447E4,3.251E4,7.362E5,0.0181,1.4218,1.3912,1,0.0041,3,1
1353,3.2211,3.1995,3.2954,505.09689,505.09399,505.10065,1.391E6,3.835E4,3.318E4,1.391E6,1,1,75,,,,,,,,,DETECTED,505.09689,505.09399,505.10065,3.2211,3.1995,3.2954,1.391E6,3.835E4,3.318E4,1.391E6,0.0234,2.5739,3.4969,1,0.0058,3,1
1354,3.2211,3.1995,3.2861,506.09824,506.09653,506.10147,2.796E5,7.693E3,9.237E3,2.796E5,0,1,75,,,,,,,,,DETECTED,506.09824,506.09653,506.10147,3.2211,3.1995,3.2861,2.796E5,7.693E3,9.237E3,2.796E5,0.0231,1.8237,3.4713,,,3,1
1355,3.2211,3.1617,3.3333,549.08675,549.08246,549.08734,3.128E6,8.347E4,1.842E4,3.128E6,1,1,75,,,,,,,,,DETECTED,549.08675,549.08246,549.08734,3.2211,3.1617,3.3333,3.128E6,8.347E4,1.842E4,3.128E6,0.0223,14.1969,3.3171,1,0.0041,4,1
1360,3.2301,3.0848,3.407,317.02882,317.02713,317.02945,2.972E6,1.117E5,1.099E4,2.972E6,2,1,75,,,,,,,,,DETECTED,317.02882,317.02713,317.02945,3.2301,3.0848,3.407,2.972E6,1.117E5,1.099E4,2.972E6,0.0329,1.5254,1.9399,2,-0.0124,3,1
1361,3.2301,3.1949,3.2954,353.08565,353.08478,353.08813,5.038E5,1.568E4,1.09E4,5.038E5,1,1,75,,,,,,,,,DETECTED,353.08565,353.08478,353.08813,3.2301,3.1949,3.2954,5.038E5,1.568E4,1.09E4,5.038E5,0.0264,2.1256,2.3331,1,0.004,3,1
1363,3.2393,3.2103,3.2861,223.05872,223.05833,223.05908,6.985E4,2.1E3,8.663E3,6.985E4,0,1,75,,,,,,,,,DETECTED,223.05872,223.05833,223.05908,3.2393,3.2103,3.2861,6.985E4,2.1E3,8.663E3,6.985E4,0.0247,1.3061,1.5973,,,2,1
1364,3.2393,3.1743,3.3511,377.17996,377.17834,377.18265,2.451E5,1.783E4,1.453E4,2.451E5,1,1,,,,,,,,,,DETECTED,377.17996,377.17834,377.18265,3.2393,3.1743,3.3511,2.451E5,1.783E4,1.453E4,2.451E5,0.0671,1.3037,2.3298,1,0.0075,2,1
1366,3.2393,3.2103,3.3047,593.14823,593.14459,593.15027,8.003E5,1.995E4,9.7E3,8.003E5,1,1,75,,,,,,,,,DETECTED,593.14823,593.14459,593.15027,3.2393,3.2103,3.3047,8.003E5,1.995E4,9.7E3,8.003E5,0.041,1.0819,1.1404,1,-0.0035,3,1
1367,3.2393,3.2103,3.3138,607.12618,607.12256,607.12787,4.346E5,1.071E4,8.507E3,4.346E5,0,1,,,,,,,,,,DETECTED,607.12618,607.12256,607.12787,3.2393,3.2103,3.3138,4.346E5,1.071E4,8.507E3,4.346E5,0.0233,1.7154,1.6389,,,3,1
1369,3.2393,3.2211,3.2861,672.3683,672.36487,672.37354,9.584E4,2.574E3,1.112E4,9.584E4,0,1,,,,,,,,,,DETECTED,672.3683,672.36487,672.37354,3.2393,3.2211,3.2861,9.584E4,2.574E3,1.112E4,9.584E4,0.0232,1.7845,2.2142,,,2,1
1371,3.2502,3.2103,3.3183,425.10627,425.10419,425.10938,2.988E5,7.895E3,8.017E3,2.988E5,0,1,,,,,,,,,,DETECTED,425.10627,425.10419,425.10938,3.2502,3.2103,3.3183,2.988E5,7.895E3,8.017E3,2.988E5,0.0207,1.1597,0.9856,,,2,1
1372,3.2595,3.1189,3.3772,171.0629,171.06252,171.06317,2.252E5,1.876E4,1.114E4,2.252E5,0,1,76,,,,,,,,,DETECTED,171.0629,171.06252,171.06317,3.2595,3.1189,3.3772,2.252E5,1.876E4,1.114E4,2.252E5,0.0435,0.9478,0.8858,,,2,1
1373,3.2595,3.1493,3.3241,385.11267,385.11081,385.11288,4.254E6,2.206E5,2.326E4,4.254E6,2,1,76,,,,,,,,,DETECTED,385.11267,385.11081,385.11288,3.2595,3.1493,3.3241,4.254E6,2.206E5,2.326E4,4.254E6,0.0518,1.0998,1.2002,2,-0.027,5,1
1374,3.2595,3.2211,3.3138,447.09115,447.08942,447.09155,1.047E6,2.786E4,6.434E4,1.047E6,1,1,78,,,,,,,,,DETECTED,447.09115,447.08942,447.09155,3.2595,3.2211,3.3138,1.047E6,2.786E4,6.434E4,1.047E6,0.0189,1.0478,2.145,1,-0.0052,3,1
1375,3.2595,3.2301,3.3183,509.12731,509.12595,509.13071,5.066E5,1.153E4,9.235E3,5.066E5,1,1,78,,,,,,,,,DETECTED,509.12731,509.12595,509.13071,3.2595,3.2301,3.3183,5.066E5,1.153E4,9.235E3,5.066E5,0.018,1.4903,1.4447,1,0.0124,3,1
1376,3.2595,3.2301,3.3241,551.26726,551.26459,551.26953,4.556E5,1.13E4,7.705E3,4.556E5,0,1,78,,,,,,,,,DETECTED,551.26726,551.26459,551.26953,3.2595,3.2301,3.3241,4.556E5,1.13E4,7.705E3,4.556E5,0.0354,1.3222,1.2774,,,3,1
1377,3.2679,3.2301,3.3138,321.05982,321.05914,321.06085,1.584E5,5.645E3,1.58E4,1.584E5,0,1,88,,,,,,,,,DETECTED,321.05982,321.05914,321.06085,3.2679,3.2301,3.3138,1.584E5,5.645E3,1.58E4,1.584E5,0.0309,1.2179,1.533,,,2,1
1378,3.2679,3.2393,3.2954,413.1063,413.10593,413.10745,7.161E4,1.917E3,1.451E4,7.161E4,0,1,88,,,,,,,,,DETECTED,413.1063,413.10593,413.10745,3.2679,3.2393,3.2954,7.161E4,1.917E3,1.451E4,7.161E4,0.0245,0.9799,0.9598,,,2,1
1379,3.2679,3.2393,3.3183,433.11166,433.10995,433.11261,1.953E5,6.807E3,1.406E4,1.953E5,0,1,88,,,,,,,,,DETECTED,433.11166,433.10995,433.11261,3.2679,3.2393,3.3183,1.953E5,6.807E3,1.406E4,1.953E5,0.0319,1.4325,1.2754,,,3,1
1382,3.277,3.2502,3.407,293.06496,293.06253,293.06528,1.042E6,2.702E4,9.238E3,1.042E6,1,1,,,,,,,,,,DETECTED,293.06496,293.06253,293.06528,3.277,3.2502,3.407,1.042E6,2.702E4,9.238E3,1.042E6,0.0209,1.2733,1.4765,1,-0.0035,4,1
1384,3.2861,3.2679,3.3423,431.15351,431.15256,431.15613,2.937E5,6.338E3,1.649E4,2.937E5,0,1,,,,,,,,,,DETECTED,431.15351,431.15256,431.15613,3.2861,3.2679,3.3423,2.937E5,6.338E3,1.649E4,2.937E5,0.0183,1.8763,1.4033,,,2,1
1385,3.2861,3.2301,3.3423,493.09672,493.09399,493.09912,3.028E5,9.154E3,1.752E4,3.028E5,1,1,,,,,,,,,,DETECTED,493.09672,493.09399,493.09912,3.2861,3.2301,3.3423,3.028E5,9.154E3,1.752E4,3.028E5,0.0225,1.9315,1.4767,1,0.0041,2,1
1387,3.2954,3.2679,3.3423,313.12751,313.12558,313.12985,1.267E5,3.376E3,1.039E4,1.267E5,0,1,11,24,[M-H]-,3,314.13485,1390;1391;1387,,,,DETECTED,313.12751,313.12558,313.12985,3.2954,3.2679,3.3423,1.267E5,3.376E3,1.039E4,1.267E5,0.0311,1.3597,1.5878,,,2,1
1388,3.2954,3.2679,3.3241,319.08052,319.0798,319.08072,1.063E5,2.63E3,9.568E3,1.063E5,0,1,11,,,,,,,,,DETECTED,319.08052,319.0798,319.08072,3.2954,3.2679,3.3241,1.063E5,2.63E3,9.568E3,1.063E5,0.0222,0.9729,1.171,,,5,1
1389,3.2954,3.2502,3.3423,343.10145,343.09854,343.10257,2.024E5,6.928E3,2.077E4,2.024E5,0,1,11,,,,,,,,,DETECTED,343.10145,343.09854,343.10257,3.2954,3.2502,3.3423,2.024E5,6.928E3,2.077E4,2.024E5,0.0245,1.019,0.6391,,,2,1
1390,3.2954,3.2679,3.3333,349.10379,349.1019,349.10495,8.432E4,2.213E3,8.634E3,8.432E4,0,1,11,24,[M+Cl]-,3,314.13485,1390;1391;1387,,,,DETECTED,349.10379,349.1019,349.10495,3.2954,3.2679,3.3333,8.432E4,2.213E3,8.634E3,8.432E4,0.0274,1.1899,1.7917,,,3,1
1391,3.2954,3.2595,3.3971,359.13356,359.13034,359.13467,4.129E6,1.065E5,8.814E3,4.129E6,1,1,11,24,[M+FA]-,3,314.13485,1390;1391;1387,,,,DETECTED,359.13356,359.13034,359.13467,3.2954,3.2595,3.3971,4.129E6,1.065E5,8.814E3,4.129E6,0.0296,1.5137,1.4888,1,-0.0127,4,1
1393,3.2954,3.2679,3.3423,665.1295,665.12616,665.13287,2.657E5,6.157E3,8.959E3,2.657E5,0,1,11,,,,,,,,,DETECTED,665.1295,665.12616,665.13287,3.2954,3.2679,3.3423,2.657E5,6.157E3,8.959E3,2.657E5,0.021,1.7556,2.0527,,,3,1
1394,3.3047,3.2861,3.3511,357.11804,357.11734,357.11993,9.783E4,2.608E3,1.273E4,9.783E4,0,1,,,,,,,,,,DETECTED,357.11804,357.11734,357.11993,3.3047,3.2861,3.3511,9.783E4,2.608E3,1.273E4,9.783E4,0.0228,1.751,2.1439,,,2,1
1395,3.3047,3.277,3.3772,405.1738,405.17331,405.17471,4.765E5,1.258E4,1.473E4,4.765E5,1,1,,,,,,,,,,DETECTED,405.1738,405.17331,405.17471,3.3047,3.277,3.3772,4.765E5,1.258E4,1.473E4,4.765E5,0.0368,1.44,1.4842,1,-0.0052,3,1
1396,3.3138,3.277,3.3423,413.1425,413.1405,413.14435,5.723E5,1.314E4,9.409E3,5.723E5,1,1,161,,,,,,,,,DETECTED,413.1425,413.1405,413.14435,3.3138,3.277,3.3423,5.723E5,1.314E4,9.409E3,5.723E5,0.0205,1.2666,1.6261,1,-0.0035,3,1
1398,3.3138,3.2954,3.3556,505.09699,505.09641,505.10095,2.411E5,6.198E3,2.525E4,2.411E5,1,1,161,,,,,,,,,DETECTED,505.09699,505.09641,505.10095,3.3138,3.2954,3.3556,2.411E5,6.198E3,2.525E4,2.411E5,0.0236,1.6386,2.0775,1,0.0069,2,1
1400,3.3241,3.2954,3.3511,291.12538,291.12482,291.12656,7.631E4,2.126E3,7.939E3,7.631E4,0,1,,,,,,,,,,DETECTED,291.12538,291.12482,291.12656,3.3241,3.2954,3.3511,7.631E4,2.126E3,7.939E3,7.631E4,0.0298,0.9692,1.3825,,,2,1
1405,3.3333,3.2954,3.3971,353.08575,353.08459,353.08813,5E5,1.216E4,1.622E4,5E5,1,1,,,,,,,,,,DETECTED,353.08575,353.08459,353.08813,3.3333,3.2954,3.3971,5E5,1.216E4,1.622E4,5E5,0.0208,1.3123,0.8959,1,-0.0035,3,1
1406,3.3333,3.3183,3.3556,435.12701,435.12573,435.12799,1.163E5,2.004E3,2.11E4,1.163E5,0,1,,,,,,,,,,DETECTED,435.12701,435.12573,435.12799,3.3333,3.3183,3.3556,1.163E5,2.004E3,2.11E4,1.163E5,0.0158,1.2464,1.3405,,,2,1
1410,3.3423,3.3138,3.4569,447.09265,447.08969,447.09351,2.389E7,6.69E5,7.261E4,2.389E7,1,1,119,,,,,,,,,DETECTED,447.09265,447.08969,447.09351,3.3423,3.3138,3.4569,2.389E7,6.69E5,7.261E4,2.389E7,0.0323,1.6351,1.7487,1,-0.0141,4,1
1412,3.3423,3.3183,3.3971,449.0948,449.09192,449.09744,7.006E5,1.851E4,3.098E4,7.006E5,0,1,119,,,,,,,,,DETECTED,449.0948,449.09192,449.09744,3.3423,3.3183,3.3971,7.006E5,1.851E4,3.098E4,7.006E5,0.0334,1.4702,1.3183,,,4,1
1413,3.3423,3.3183,3.3971,515.07711,515.07233,515.07782,5.886E5,1.499E4,1.047E4,5.886E5,1,1,119,,,,,,,,,DETECTED,515.07711,515.07233,515.07782,3.3423,3.3183,3.3971,5.886E5,1.499E4,1.047E4,5.886E5,0.0312,1.4952,9.9933,1,-0.0049,3,1
1415,3.3511,3.3333,3.3926,273.07502,273.07471,273.0755,1.157E5,2.814E3,1.372E4,1.157E5,0,1,,,,,,,,,,DETECTED,273.07502,273.07471,273.0755,3.3511,3.3333,3.3926,1.157E5,2.814E3,1.372E4,1.157E5,0.0216,1.6664,2.6519,,,2,1
1416,3.3511,3.3241,3.4175,341.12172,341.11948,341.12332,2.823E5,9.788E3,2.32E4,2.823E5,1,1,80,,,,,,,,,DETECTED,341.12172,341.11948,341.12332,3.3511,3.3241,3.4175,2.823E5,9.788E3,2.32E4,2.823E5,0.0324,2.3257,2.7461,1,0.0068,2,1
1418,3.3511,3.3241,3.5327,385.1132,385.11011,385.11426,1.873E7,6.461E5,1.128E4,1.873E7,2,1,80,,,,,,,,,DETECTED,385.1132,385.11011,385.11426,3.3511,3.3241,3.5327,1.873E7,6.461E5,1.128E4,1.873E7,0.0321,1.9855,2.7331,2,-0.0047,4,1
1420,3.3511,3.3241,3.3926,551.26431,551.26361,551.2691,1.841E5,5.228E3,7.705E3,1.841E5,0,1,80,,,,,,,,,DETECTED,551.26431,551.26361,551.2691,3.3511,3.3241,3.3926,1.841E5,5.228E3,7.705E3,1.841E5,0.0325,1.2696,1.7952,,,2,1
1425,3.3647,3.3138,3.4386,321.05969,321.05835,321.06158,4.112E5,1.374E4,1.539E4,4.112E5,1,1,80,,,,,,,,,DETECTED,321.05969,321.05835,321.06158,3.3647,3.3138,3.4386,4.112E5,1.374E4,1.539E4,4.112E5,0.0255,1.6035,1.44,1,-0.0051,2,1
1426,3.3647,3.3333,3.3926,383.09858,383.09619,383.09949,6.572E4,2.129E3,1.305E4,6.572E4,0,1,,,,,,,,,,DETECTED,383.09858,383.09619,383.09949,3.3647,3.3333,3.3926,6.572E4,2.129E3,1.305E4,6.572E4,0.0319,0.9425,0.6306,,,3,1
1427,3.3647,3.3423,3.4494,547.19723,547.19293,547.19922,2.532E5,7.899E3,1.107E4,2.532E5,0,1,,,,,,,,,,DETECTED,547.19723,547.19293,547.19922,3.3647,3.3423,3.4494,2.532E5,7.899E3,1.107E4,2.532E5,0.0495,2.1185,2.2044,,,3,1
1430,3.3772,3.3423,3.4386,445.07691,445.0737,445.07764,9.95E6,3.054E5,1.057E5,9.95E6,2,1,175,,,,,,,,,DETECTED,445.07691,445.0737,445.07764,3.3772,3.3423,3.4386,9.95E6,3.054E5,1.057E5,9.95E6,0.0277,1.4426,1.2708,2,-0.016,2,1
1431,3.3772,3.3511,3.407,513.06166,513.06091,513.06246,3.087E5,9.683E3,6.071E4,3.087E5,1,1,175,,,,,,,,,DETECTED,513.06166,513.06091,513.06246,3.3772,3.3511,3.407,3.087E5,9.683E3,6.071E4,3.087E5,0.03,1.0698,1.3115,1,-0.0052,2,1
1433,3.3818,3.3556,3.543,309.06003,309.05777,309.06027,2.903E6,9.427E4,1.073E4,2.903E6,1,1,,,,,,,,,,DETECTED,309.06003,309.05777,309.06027,3.3818,3.3556,3.543,2.903E6,9.427E4,1.073E4,2.903E6,0.0373,2.0224,2.2778,1,0.0023,3,1
1434,3.3926,3.3556,3.4731,377.17999,377.17892,377.18167,2.012E5,7.576E3,1.344E4,2.012E5,0,1,,,,,,,,,,DETECTED,377.17999,377.17892,377.18167,3.3926,3.3556,3.4731,2.012E5,7.576E3,1.344E4,2.012E5,0.0658,1.844,1.4282,,,2,1
1436,3.3971,3.3647,3.4731,451.10134,451.09882,451.10257,1.995E6,5.142E4,1.252E4,1.995E6,1,1,,,,,,,,,,DETECTED,451.10134,451.09882,451.10257,3.3971,3.3647,3.4731,1.995E6,5.142E4,1.252E4,1.995E6,0.0199,2.1086,2.0109,1,-0.0097,4,1
1442,3.407,3.3647,3.4569,399.12885,399.1268,399.12921,3.503E7,8.943E5,1.298E4,3.503E7,2,1,39,,,,,,,,,DETECTED,399.12885,399.1268,399.12921,3.407,3.3647,3.4569,3.503E7,8.943E5,1.298E4,3.503E7,0.0252,1.509,2.1776,2,-0.0076,4,1
1444,3.407,3.3772,3.4569,400.13046,400.12906,400.13287,6.74E6,1.65E5,1.487E4,6.74E6,0,1,39,,,,,,,,,DETECTED,400.13046,400.12906,400.13287,3.407,3.3772,3.4569,6.74E6,1.65E5,1.487E4,6.74E6,0.0249,1.4457,1.8402,,,4,1
1447,3.407,3.3818,3.4569,462.12342,462.12241,462.12463,2.685E5,7.784E3,1.776E4,2.685E5,0,1,39,,,,,,,,,DETECTED,462.12342,462.12241,462.12463,3.407,3.3818,3.4569,2.685E5,7.784E3,1.776E4,2.685E5,0.0268,1.3832,2.4283,,,3,1
1448,3.407,3.3818,3.4569,467.11456,467.11417,467.11511,8.979E5,2.297E4,4.897E4,8.979E5,1,1,39,,,,,,,,,DETECTED,467.11456,467.11417,467.11511,3.407,3.3818,3.4569,8.979E5,2.297E4,4.897E4,8.979E5,0.0257,1.3553,1.7555,1,0.0023,3,1
1449,3.407,3.3926,3.5029,477.10136,477.09811,477.10422,9.922E4,4.446E3,1.501E4,9.922E4,0,1,,,,,,,,,,DETECTED,477.10136,477.09811,477.10422,3.407,3.3926,3.5029,9.922E4,4.446E3,1.501E4,9.922E4,0.0783,3.8101,5.9968,,,2,1
1452,3.407,3.3818,3.4569,517.06245,517.06006,517.06506,2.977E5,7.377E3,1.988E4,2.977E5,1,1,39,,,,,,,,,DETECTED,517.06245,517.06006,517.06506,3.407,3.3818,3.4569,2.977E5,7.377E3,1.988E4,2.977E5,0.0226,1.4426,2.0905,1,0.0074,2,1
1453,3.407,3.3818,3.5029,519.18424,519.18085,519.18494,1.86E6,4.667E4,2.151E4,1.86E6,1,1,39,25,[M-H]-,2,520.19075,1455;1453,,,,DETECTED,519.18424,519.18085,519.18494,3.407,3.3818,3.5029,1.86E6,4.667E4,2.151E4,1.86E6,0.0211,1.2263,0.7381,1,-0.0042,3,1
1455,3.407,3.3818,3.4569,565.18818,565.18585,565.18945,5.822E5,1.404E4,1.936E4,5.822E5,0,1,39,25,[M+FA]-,2,520.19075,1455;1453,,,,DETECTED,565.18818,565.18585,565.18945,3.407,3.3818,3.4569,5.822E5,1.404E4,1.936E4,5.822E5,0.0211,1.2632,0.961,,,3,1
1464,3.425,3.3511,3.4921,419.22644,419.22458,419.22705,2.306E6,9.798E4,1.675E4,2.306E6,1,1,,,,,,,,,,DETECTED,419.22644,419.22458,419.22705,3.425,3.3511,3.4921,2.306E6,9.798E4,1.675E4,2.306E6,0.0612,0.7265,0.3662,1,-0.0546,3,1
1466,3.4341,3.3971,3.4731,379.19545,379.19434,379.19595,3.447E5,9.372E3,3.586E4,3.447E5,0,1,48,,,,,,,,,DETECTED,379.19545,379.19434,379.19595,3.4341,3.3971,3.4731,3.447E5,9.372E3,3.586E4,3.447E5,0.024,1.0279,1.3873,,,3,1
1467,3.4341,3.407,3.4569,491.11793,491.11423,491.12045,1.756E5,4.217E3,3.589E4,1.756E5,0,1,48,,,,,,,,,DETECTED,491.11793,491.11423,491.12045,3.4341,3.407,3.4569,1.756E5,4.217E3,3.589E4,1.756E5,0.023,0.9231,0.8462,,,3,1
1468,3.4341,3.407,3.4731,549.25149,549.25073,549.25317,2.186E5,6.245E3,2.081E4,2.186E5,0,1,48,,,,,,,,,DETECTED,549.25149,549.25073,549.25317,3.4341,3.407,3.4731,2.186E5,6.245E3,2.081E4,2.186E5,0.0262,1.1241,0.9846,,,3,1
1469,3.4386,3.4175,3.4731,129.01605,129.01532,129.01637,1.225E5,3.045E3,2.004E4,1.225E5,0,1,91,,,,,,,,,DETECTED,129.01605,129.01532,129.01637,3.4386,3.4175,3.4731,1.225E5,3.045E3,2.004E4,1.225E5,0.0244,1.317,1.6471,,,3,1
1470,3.4386,3.4175,3.4731,147.02688,147.02669,147.02699,1.816E5,4.387E3,2.016E4,1.816E5,0,1,91,,,,,,,,,DETECTED,147.02688,147.02669,147.02699,3.4386,3.4175,3.4731,1.816E5,4.387E3,2.016E4,1.816E5,0.0245,1.317,2.4946,,,4,1
1471,3.4386,3.4175,3.5251,293.06515,293.06415,293.06567,6.616E5,1.643E4,1.187E4,6.616E5,1,1,91,,,,,,,,,DETECTED,293.06515,293.06415,293.06567,3.4386,3.4175,3.5251,6.616E5,1.643E4,1.187E4,6.616E5,0.024,1.4949,2.3634,1,0.0039,4,1
1474,3.4386,3.4175,3.4614,575.11609,575.11401,575.12177,3.628E5,6.984E3,2.048E4,3.628E5,0,1,91,,,,,,,,,DETECTED,575.11609,575.11401,575.12177,3.4386,3.4175,3.4614,3.628E5,6.984E3,2.048E4,3.628E5,0.0215,1.3253,1.5094,,,3,1
1476,3.4494,3.407,3.4921,193.08377,193.08308,193.08395,2.039E5,5.261E3,1.232E4,2.039E5,0,1,97,,,,,,,,,DETECTED,193.08377,193.08308,193.08395,3.4494,3.407,3.4921,2.039E5,5.261E3,1.232E4,2.039E5,0.0237,1.1473,0.702,,,2,1
1477,3.4494,3.4175,3.4731,301.03325,301.03183,301.03345,7.11E4,1.622E3,8.936E3,7.11E4,0,1,97,,,,,,,,,DETECTED,301.03325,301.03183,301.03345,3.4494,3.4175,3.4731,7.11E4,1.622E3,8.936E3,7.11E4,0.0211,0.8711,0.915,,,2,1
1478,3.4494,3.425,3.4731,303.04848,303.04672,303.04935,5.134E4,1.275E3,2.247E4,5.134E4,0,1,97,,,,,,,,,DETECTED,303.04848,303.04672,303.04935,3.4494,3.425,3.4731,5.134E4,1.275E3,2.247E4,5.134E4,0.0223,0.9838,0.9676,,,2,1
1479,3.4494,3.425,3.7438,431.09658,431.09302,431.09726,4.271E6,7.989E4,1.454E4,4.271E6,1,1,97,,,,,,,,,DETECTED,431.09658,431.09302,431.09726,3.4494,3.425,3.7438,4.271E6,7.989E4,1.454E4,4.271E6,0.0135,1.5553,9.4209,1,-0.0052,7,1
1480,3.4494,3.425,3.4614,441.13745,441.13605,441.13797,7.029E4,1.181E3,1.216E4,7.029E4,0,1,,,,,,,,,,DETECTED,441.13745,441.13605,441.13797,3.4494,3.425,3.4614,7.029E4,1.181E3,1.216E4,7.029E4,0.0182,0.7441,0.7372,,,2,1
1484,3.4614,3.407,3.5922,325.09091,325.08975,325.09293,1.612E6,4.537E4,1.064E4,1.612E6,1,1,38,,,,,,,,,DETECTED,325.09091,325.08975,325.09293,3.4614,3.407,3.5922,1.612E6,4.537E4,1.064E4,1.612E6,0.0206,2.1931,3.7459,1,-0.0079,3,1
1487,3.4614,3.407,3.7364,513.06187,513.05902,513.06586,4.514E5,4.284E4,1.998E4,4.514E5,1,1,38,,,,,,,,,DETECTED,513.06187,513.05902,513.06586,3.4614,3.407,3.7364,4.514E5,4.284E4,1.998E4,4.514E5,0.0711,6.3196,4.3777,1,0.033,3,1
1490,3.4731,3.4341,3.6927,269.04226,269.03989,269.04428,5.62E5,2.43E4,1.133E4,5.62E5,1,1,38,,,,,,,,,DETECTED,269.04226,269.03989,269.04428,3.4731,3.4341,3.6927,5.62E5,2.43E4,1.133E4,5.62E5,0.0315,2.8689,3.2067,1,0.016,2,1
1491,3.4731,3.4386,3.5251,321.05955,321.05896,321.06131,1.272E5,4.642E3,1.539E4,1.272E5,0,1,38,,,,,,,,,DETECTED,321.05955,321.05896,321.06131,3.4731,3.4386,3.5251,1.272E5,4.642E3,1.539E4,1.272E5,0.0323,1.2544,1.4558,,,2,1
1497,3.4731,3.4386,3.984,445.07699,445.07477,445.07806,3.252E7,1.803E6,2.04E5,3.252E7,10,1,38,,,,,,,,,DETECTED,445.07699,445.07477,445.07806,3.4731,3.4386,3.984,3.252E7,1.803E6,2.04E5,3.252E7,0.0376,3.2145,4.2308,10,0.0023,4,1
1498,3.4731,3.4386,3.6218,445.57584,445.57364,445.57898,2.067E6,7.914E4,1.147E4,2.067E6,2,1,38,,,,,,,,,DETECTED,445.57584,445.57364,445.57898,3.4731,3.4386,3.6218,2.067E6,7.914E4,1.147E4,2.067E6,0.0321,2.0493,2.3438,2,-0.0077,2,1
1502,3.4731,3.4386,3.5699,544.99933,544.99615,545.00409,8.896E5,2.936E4,1.242E4,8.896E5,1,1,38,,,,,,,,,DETECTED,544.99933,544.99615,545.00409,3.4731,3.4386,3.5699,8.896E5,2.936E4,1.242E4,8.896E5,0.0338,3.6391,2.3054,1,-0.0026,2,1
1503,3.4731,3.4494,3.5138,668.11648,668.11371,668.11761,3.385E6,7.785E4,2.247E5,3.385E6,1,1,38,,,,,,,,,DETECTED,668.11648,668.11371,668.11761,3.4731,3.4494,3.5138,3.385E6,7.785E4,2.247E5,3.385E6,0.022,1.156,1.6575,1,-0.0059,3,1
1509,3.4731,3.4569,3.5251,879.18498,879.17804,879.18616,1.557E5,4.101E3,1.021E4,1.557E5,0,1,34,,,,,,,,,DETECTED,879.18498,879.17804,879.18616,3.4731,3.4569,3.5251,1.557E5,4.101E3,1.021E4,1.557E5,0.0241,1.4408,3.176,,,5,1
1515,3.4801,3.4569,3.6263,399.12758,399.12515,399.12796,8.967E6,2.886E5,3.68E4,8.967E6,1,1,34,,,,,,,,,DETECTED,399.12758,399.12515,399.12796,3.4801,3.4569,3.6263,8.967E6,2.886E5,3.68E4,8.967E6,0.0382,1.6334,2.1268,1,0.0252,3,1
1516,3.4801,3.4569,3.6144,433.11085,433.10748,433.11526,8.952E5,3.146E4,8.89E3,8.952E5,1,1,34,,,,,,,,,DETECTED,433.11085,433.10748,433.11526,3.4801,3.4569,3.6144,8.952E5,3.146E4,8.89E3,8.952E5,0.0395,2.6727,6.7158,1,0.0041,3,1
1518,3.4801,3.4386,3.5487,845.20564,845.19946,845.21411,1.278E6,3.406E4,1.202E4,1.278E6,1,1,34,,,,,,,,,DETECTED,845.20564,845.19946,845.21411,3.4801,3.4386,3.5487,1.278E6,3.406E4,1.202E4,1.278E6,0.024,1.2025,1.1862,1,0.0024,4,1
1519,3.4801,3.4494,3.5327,846.20536,846.1994,846.20673,4.858E5,1.295E4,9.737E3,4.858E5,0,1,34,,,,,,,,,DETECTED,846.20536,846.1994,846.20673,3.4801,3.4494,3.5327,4.858E5,1.295E4,9.737E3,4.858E5,0.024,1.2179,1.2156,,,4,1
1521,3.4921,3.407,3.5922,317.02796,317.02625,317.02853,4.39E5,1.666E4,7.688E3,4.39E5,1,1,34,,,,,,,,,DETECTED,317.02796,317.02625,317.02853,3.4921,3.407,3.5922,4.39E5,1.666E4,7.688E3,4.39E5,0.0277,1.3111,0.7978,1,-0.0063,2,1
1522,3.5029,3.4801,3.6052,489.10154,489.09915,489.10281,4.646E5,1.591E4,7.44E3,4.646E5,1,1,4,,,,,,,,,DETECTED,489.10154,489.09915,489.10281,3.5029,3.4801,3.6052,4.646E5,1.591E4,7.44E3,4.646E5,0.0256,2.1895,1.746,1,0.0058,3,1
1523,3.5029,3.4801,3.6218,533.0909,533.0896,533.09399,8.458E5,2.52E4,7.708E3,8.458E5,1,1,,,,,,,,,,DETECTED,533.0909,533.0896,533.09399,3.5029,3.4801,3.6218,8.458E5,2.52E4,7.708E3,8.458E5,0.0248,1.7629,1.7455,1,-0.0035,4,1
1524,3.5029,3.4801,3.5802,591.13328,591.13043,591.13452,1.314E6,3.65E4,2.466E4,1.314E6,1,1,,,,,,,,,,DETECTED,591.13328,591.13043,591.13452,3.5029,3.4801,3.5802,1.314E6,3.65E4,2.466E4,1.314E6,0.0243,1.4732,1.5275,1,-0.0052,4,1
1525,3.5029,3.4801,3.5745,592.13437,592.13043,592.13708,2.835E5,8.641E3,1.046E4,2.835E5,0,1,4,,,,,,,,,DETECTED,592.13437,592.13043,592.13708,3.5029,3.4801,3.5745,2.835E5,8.641E3,1.046E4,2.835E5,0.0257,1.9748,1.7213,,,4,1
1526,3.5138,3.4921,3.5487,263.09352,263.09253,263.09439,8.886E4,2.121E3,1.261E4,8.886E4,0,1,,,,,,,,,,DETECTED,263.09352,263.09253,263.09439,3.5138,3.4921,3.5487,8.886E4,2.121E3,1.261E4,8.886E4,0.0223,1.3055,3.4788,,,2,1
1530,3.5138,3.4801,3.5745,487.14386,487.14252,487.14615,6.876E5,2.248E4,9.362E3,6.876E5,1,1,4,,,,,,,,,DETECTED,487.14386,487.14252,487.14615,3.5138,3.4801,3.5745,6.876E5,2.248E4,9.362E3,6.876E5,0.0284,1.0363,0.9196,1,-0.0067,2,1
1531,3.5251,3.5029,3.5802,371.1327,371.13147,371.13397,2.373E5,5.445E3,1.024E4,2.373E5,0,1,,,,,,,,,,DETECTED,371.1327,371.13147,371.13397,3.5251,3.5029,3.5802,2.373E5,5.445E3,1.024E4,2.373E5,0.0198,1.465,1.0864,,,2,1
1532,3.5251,3.4801,3.6579,429.17435,429.17215,429.17612,1.472E6,4.641E4,8.224E3,1.472E6,1,1,,,,,,,,,,DETECTED,429.17435,429.17215,429.17612,3.5251,3.4801,3.6579,1.472E6,4.641E4,8.224E3,1.472E6,0.0259,2.0008,0.8173,1,-0.0147,3,1
1533,3.5384,3.5251,3.5699,347.1693,347.1687,347.1702,7.292E4,1.52E3,1.059E4,7.292E4,0,1,,,,,,,,,,DETECTED,347.1693,347.1687,347.1702,3.5384,3.5251,3.5699,7.292E4,1.52E3,1.059E4,7.292E4,0.018,1.679,2.4437,,,2,1
1534,3.543,3.5251,3.6052,449.10611,449.10303,449.11017,2.442E5,6.731E3,1.04E4,2.442E5,0,1,45,,,,,,,,,DETECTED,449.10611,449.10303,449.11017,3.543,3.5251,3.6052,2.442E5,6.731E3,1.04E4,2.442E5,0.0235,1.8687,2.1036,,,3,1
1536,3.5487,3.5251,3.6218,173.07869,173.07831,173.07919,1.764E5,5.513E3,9.856E3,1.764E5,0,1,45,,,,,,,,,DETECTED,173.07869,173.07831,173.07919,3.5487,3.5251,3.6218,1.764E5,5.513E3,9.856E3,1.764E5,0.0249,2.6231,2.8498,,,2,1
1537,3.5487,3.5327,3.6052,359.07543,359.07419,359.07663,1.06E5,2.919E3,8.998E3,1.06E5,0,1,45,,,,,,,,,DETECTED,359.07543,359.07419,359.07663,3.5487,3.5327,3.6052,1.06E5,2.919E3,8.998E3,1.06E5,0.0236,2.3238,2.7451,,,2,1
1538,3.5487,3.5251,3.5922,551.13685,551.13385,551.13916,1.743E5,4.251E3,1.071E4,1.743E5,0,1,45,,,,,,,,,DETECTED,551.13685,551.13385,551.13916,3.5487,3.5251,3.5922,1.743E5,4.251E3,1.071E4,1.743E5,0.0212,1.6666,1.8798,,,3,1
1539,3.5563,3.5251,3.6218,131.0682,131.06798,131.06834,2.968E5,8.588E3,9.414E3,2.968E5,1,1,45,,,,,,,,,DETECTED,131.0682,131.06798,131.06834,3.5563,3.5251,3.6218,2.968E5,8.588E3,9.414E3,2.968E5,0.0244,1.4538,1.2532,1,-0.0035,2,1
1540,3.5563,3.5029,3.6052,377.17987,377.17789,377.18204,1.005E5,5.357E3,2.169E4,1.005E5,0,1,,,,,,,,,,DETECTED,377.17987,377.17789,377.18204,3.5563,3.5029,3.6052,1.005E5,5.357E3,2.169E4,1.005E5,0.0331,0.9595,0.9189,,,2,1
1543,3.5608,3.5327,3.6052,431.189,431.18655,431.19147,1.5E5,3.807E3,7.884E3,1.5E5,0,1,3,,,,,,,,,DETECTED,431.189,431.18655,431.19147,3.5608,3.5327,3.6052,1.5E5,3.807E3,7.884E3,1.5E5,0.0209,1.17,0.863,,,4,1
1544,3.5654,3.543,3.5977,475.08595,475.08286,475.08661,1.995E5,5.052E3,2.587E4,1.995E5,0,1,3,,,,,,,,,DETECTED,475.08595,475.08286,475.08661,3.5654,3.543,3.5977,1.995E5,5.052E3,2.587E4,1.995E5,0.0237,1.2244,1.4262,,,2,1
1547,3.5699,3.5138,3.6654,415.19432,415.19095,415.19577,1.912E5,8.148E3,9.809E3,1.912E5,0,1,,,,,,,,,,DETECTED,415.19432,415.19095,415.19577,3.5699,3.5138,3.6654,1.912E5,8.148E3,9.809E3,1.912E5,0.0574,1.287,5.1735,,,3,1
1549,3.5699,3.4731,3.7438,461.07078,461.06876,461.07217,1.02E5,1.945E4,2.89E4,1.02E5,0,1,,,,,,,,,,DETECTED,461.07078,461.06876,461.07217,3.5699,3.4731,3.7438,1.02E5,1.945E4,2.89E4,1.02E5,0.2553,1.3982,1.7964,,,2,1
1553,3.5977,3.5745,3.6339,307.08062,307.07996,307.08176,7.164E4,1.853E3,1.023E4,7.164E4,0,1,,,,,,,,,,DETECTED,307.08062,307.07996,307.08176,3.5977,3.5745,3.6339,7.164E4,1.853E3,1.023E4,7.164E4,0.023,1.2769,2.6205,,,2,1
1554,3.6052,3.5608,3.6985,187.09448,187.09349,187.09488,3.013E5,9.837E3,8.565E3,3.013E5,1,1,154,,,,,,,,,DETECTED,187.09448,187.09349,187.09488,3.6052,3.5608,3.6985,3.013E5,9.837E3,8.565E3,3.013E5,0.026,1.3643,1.6131,1,-0.0035,2,1
1555,3.6052,3.5848,3.6654,451.10123,451.09906,451.10452,1.435E5,3.941E3,7.295E3,1.435E5,0,1,44,,,,,,,,,DETECTED,451.10123,451.09906,451.10452,3.6052,3.5848,3.6654,1.435E5,3.941E3,7.295E3,1.435E5,0.023,1.8226,2.9992,,,2,1
1556,3.6052,3.5745,3.6459,519.11177,519.10931,519.11377,1.103E5,3.02E3,7.142E3,1.103E5,0,1,154,,,,,,,,,DETECTED,519.11177,519.10931,519.11377,3.6052,3.5745,3.6459,1.103E5,3.02E3,7.142E3,1.103E5,0.0247,1.0682,1.5908,,,2,1
1557,3.6144,3.5848,3.7122,147.04221,147.04164,147.04245,7.35E5,1.927E4,7.597E3,7.35E5,1,1,44,,,,,,,,,DETECTED,147.04221,147.04164,147.04245,3.6144,3.5848,3.7122,7.35E5,1.927E4,7.597E3,7.35E5,0.0226,1.6201,2.059,1,0.0023,3,1
1558,3.6144,3.5848,3.7364,165.05269,165.05209,165.05289,8.296E5,2.274E4,9.628E3,8.296E5,1,1,44,,,,,,,,,DETECTED,165.05269,165.05209,165.05289,3.6144,3.5848,3.7364,8.296E5,2.274E4,9.628E3,8.296E5,0.024,1.6963,2.0907,1,-0.0035,2,1
1559,3.6144,3.5922,3.6579,207.06389,207.06346,207.06403,1.054E6,2.597E4,1.582E4,1.054E6,1,1,44,,,,,,,,,DETECTED,207.06389,207.06346,207.06403,3.6144,3.5922,3.6579,1.054E6,2.597E4,1.582E4,1.054E6,0.0213,1.6256,1.9972,1,-0.0051,2,1
1560,3.6144,3.5848,3.6654,349.14843,349.14713,349.1489,3.336E5,7.883E3,1.145E4,3.336E5,0,1,44,,,,,,,,,DETECTED,349.14843,349.14713,349.1489,3.6144,3.5848,3.6654,3.336E5,7.883E3,1.145E4,3.336E5,0.0204,1.2905,1.1204,,,3,1
1562,3.6218,3.5977,3.6504,593.62794,593.62531,593.62921,1.023E5,2.615E3,1.713E4,1.023E5,0,1,,,,,,,,,,DETECTED,593.62794,593.62531,593.62921,3.6218,3.5977,3.6504,1.023E5,2.615E3,1.713E4,1.023E5,0.0249,1.0954,1.0385,,,2,1
1563,3.6339,3.6144,3.6927,289.10968,289.10831,289.11047,3.015E5,7.132E3,8.671E3,3.015E5,1,1,66,,,,,,,,,DETECTED,289.10968,289.10831,289.11047,3.6339,3.6144,3.6927,3.015E5,7.132E3,8.671E3,3.015E5,0.0209,1.4277,2.3851,1,0.0085,3,1
1564,3.6339,3.6052,3.7794,377.18016,377.17715,377.18185,8.475E5,3.016E4,9.773E3,8.475E5,0,1,66,,,,,,,,,DETECTED,377.18016,377.17715,377.18185,3.6339,3.6052,3.7794,8.475E5,3.016E4,9.773E3,8.475E5,0.0617,2.6648,3.2705,,,5,1
1568,3.6504,3.6263,3.7748,331.04412,331.04263,331.04526,5.59E5,1.647E4,1.063E4,5.59E5,1,1,10,,,,,,,,,DETECTED,331.04412,331.04263,331.04526,3.6504,3.6263,3.7748,5.59E5,1.647E4,1.063E4,5.59E5,0.0211,2.1459,2.8157,1,0.0039,3,1
1569,3.6504,3.6339,3.6985,499.14304,499.13873,499.14615,1.676E5,3.718E3,1.204E4,1.676E5,0,1,10,,,,,,,,,DETECTED,499.14304,499.13873,499.14615,3.6504,3.6339,3.6985,1.676E5,3.718E3,1.204E4,1.676E5,0.0192,3.2731,2.7013,,,3,1
1570,3.6579,3.6339,3.6985,435.21847,435.21585,435.22107,5.652E4,1.956E3,8.425E3,5.652E4,0,1,,,,,,,,,,DETECTED,435.21847,435.21585,435.22107,3.6579,3.6339,3.6985,5.652E4,1.956E3,8.425E3,5.652E4,0.038,1.3487,1.8508,,,2,1
1572,3.6579,3.6384,3.6757,481.13283,481.13122,481.13437,1.14E5,2.421E3,4.388E4,1.14E5,0,1,,,,,,,,,,DETECTED,481.13283,481.13122,481.13437,3.6579,3.6384,3.6757,1.14E5,2.421E3,4.388E4,1.14E5,0.0217,0.9604,0.9209,,,2,1
1574,3.6654,3.6384,3.6985,435.1276,435.12656,435.1311,7.726E5,1.762E4,2.828E4,7.726E5,1,1,,,,,,,,,,DETECTED,435.1276,435.12656,435.1311,3.6654,3.6384,3.6985,7.726E5,1.762E4,2.828E4,7.726E5,0.0209,0.9947,1.2084,1,-0.0035,3,1
1575,3.6757,3.6263,3.7438,399.1268,399.12598,399.12732,4.857E5,2.469E4,3.68E4,4.857E5,2,1,,,,,,,,,,DETECTED,399.1268,399.12598,399.12732,3.6757,3.6263,3.7438,4.857E5,2.469E4,3.68E4,4.857E5,0.0594,1.3019,1.4519,2,-0.0035,3,1
1576,3.6757,3.6384,3.7122,423.29276,423.29144,423.29468,6.626E4,2.325E3,1.709E4,6.626E4,0,1,,,,,,,,,,DETECTED,423.29276,423.29144,423.29468,3.6757,3.6384,3.7122,6.626E4,2.325E3,1.709E4,6.626E4,0.0411,0.989,0.9779,,,2,1
1578,3.6985,3.6757,3.8297,381.11666,381.11465,381.11862,2.946E5,1.417E4,9.999E3,2.946E5,1,1,150,,,,,,,,,DETECTED,381.11666,381.11465,381.11862,3.6985,3.6757,3.8297,2.946E5,1.417E4,9.999E3,2.946E5,0.0964,4.1822,7.4403,1,0.0102,3,1
1579,3.7031,3.6812,3.7438,245.13711,245.13684,245.13745,2.21E5,5.212E3,1.526E4,2.21E5,0,1,150,,,,,,,,,DETECTED,245.13711,245.13684,245.13745,3.7031,3.6812,3.7438,2.21E5,5.212E3,1.526E4,2.21E5,0.0214,1.3376,1.6654,,,2,1
1581,3.7122,3.687,3.7914,435.10661,435.10373,435.10718,2.589E6,8.008E4,6.217E4,2.589E6,2,1,115,,,,,,,,,DETECTED,435.10661,435.10373,435.10718,3.7122,3.687,3.7914,2.589E6,8.008E4,6.217E4,2.589E6,0.0221,2.1134,3.0389,2,-0.0052,4,1
1583,3.7122,3.6927,3.7562,465.26854,465.26678,465.27084,5.537E4,1.382E3,9.801E3,5.537E4,0,1,115,,,,,,,,,DETECTED,465.26854,465.26678,465.27084,3.7122,3.6927,3.7562,5.537E4,1.382E3,9.801E3,5.537E4,0.0177,1.6308,2.767,,,2,1
1584,3.7122,3.6927,3.7868,471.08351,471.08014,471.08597,6.225E4,3.426E3,9.081E3,6.225E4,0,1,155,,,,,,,,,DETECTED,471.08351,471.08014,471.08597,3.7122,3.6927,3.7868,6.225E4,3.426E3,9.081E3,6.225E4,0.0648,2.4197,3.5954,,,3,1
1585,3.7122,3.6985,3.7438,487.15907,487.15831,487.16272,7.902E4,1.883E3,1.025E4,7.902E4,0,1,,,,,,,,,,DETECTED,487.15907,487.15831,487.16272,3.7122,3.6985,3.7438,7.902E4,1.883E3,1.025E4,7.902E4,0.0242,1.6573,3.3562,,,2,1
1586,3.7122,3.6927,3.7748,503.09323,503.09045,503.0946,6.124E4,3.384E3,1.797E4,6.124E4,0,1,155,,,,,,,,,DETECTED,503.09323,503.09045,503.0946,3.7122,3.6927,3.7748,6.124E4,3.384E3,1.797E4,6.124E4,0.0632,2.111,3.222,,,2,1
1589,3.7318,3.7031,3.8188,237.07434,237.07396,237.0748,3.297E5,1.418E4,1.655E4,3.297E5,1,1,67,,,,,,,,,DETECTED,237.07434,237.07396,237.0748,3.7318,3.7031,3.8188,3.297E5,1.418E4,1.655E4,3.297E5,0.0374,3.1524,3.1154,1,0.0159,2,1
1590,3.7318,3.6757,4.0372,281.06529,281.06308,281.06564,5.037E6,2.09E5,6.816E3,5.037E6,2,1,67,,,,,,,,,DETECTED,281.06529,281.06308,281.06564,3.7318,3.6757,4.0372,5.037E6,2.09E5,6.816E3,5.037E6,0.0371,2.3665,3.0609,2,-0.0156,3,1
1592,3.7438,3.7318,3.8188,427.17193,427.17114,427.17255,1.359E5,5.269E3,1.843E4,1.359E5,0,1,19,,,,,,,,,DETECTED,427.17193,427.17114,427.17255,3.7438,3.7318,3.8188,1.359E5,5.269E3,1.843E4,1.359E5,0.045,3.6267,8.527,,,2,1
1593,3.7438,3.7243,3.8297,526.03704,526.03461,526.03998,1.052E5,5.464E3,8.898E3,1.052E5,0,1,19,,,,,,,,,DETECTED,526.03704,526.03461,526.03998,3.7438,3.7243,3.8297,1.052E5,5.464E3,8.898E3,1.052E5,0.0268,3.8366,6.5875,,,2,1
1595,3.7562,3.7122,3.8928,219.06349,219.06287,219.06514,4.791E5,2.385E4,7.557E3,4.791E5,2,1,19,,,,,,,,,DETECTED,219.06349,219.06287,219.06514,3.7562,3.7122,3.8928,4.791E5,2.385E4,7.557E3,4.791E5,0.0622,2.0803,2.7868,2,-0.0068,2,1
1597,3.7562,3.7243,3.8188,289.10991,289.10867,289.11047,1.313E6,2.682E4,1.326E4,1.313E6,1,1,,,,,,,,,,DETECTED,289.10991,289.10867,289.11047,3.7562,3.7243,3.8188,1.313E6,2.682E4,1.326E4,1.313E6,0.017,1.3745,1.0791,1,-0.0051,3,1
1600,3.7562,3.7243,3.8556,417.09326,417.09073,417.09485,4.414E5,2.11E4,1.402E4,4.414E5,0,1,19,,,,,,,,,DETECTED,417.09326,417.09073,417.09485,3.7562,3.7243,3.8556,4.414E5,2.11E4,1.402E4,4.414E5,0.0604,2.1096,2.8479,,,4,1
1602,3.7562,3.7243,3.9065,427.12398,427.12064,427.12448,2.027E7,9.874E5,3.358E4,2.027E7,3,1,19,,,,,,,,,DETECTED,427.12398,427.12064,427.12448,3.7562,3.7243,3.9065,2.027E7,9.874E5,3.358E4,2.027E7,0.0628,1.9889,2.813,3,-0.0175,4,1
1603,3.7562,3.7318,3.8297,427.18436,427.18268,427.18521,1.468E5,6.583E3,1.607E4,1.468E5,0,1,19,,,,,,,,,DETECTED,427.18436,427.18268,427.18521,3.7562,3.7318,3.8297,1.468E5,6.583E3,1.607E4,1.468E5,0.0602,2.0114,3.1215,,,2,1
1605,3.7562,3.7243,3.8556,429.12596,429.12442,429.12784,5.309E5,2.535E4,1.221E4,5.309E5,0,1,19,,,,,,,,,DETECTED,429.12596,429.12442,429.12784,3.7562,3.7243,3.8556,5.309E5,2.535E4,1.221E4,5.309E5,0.0619,1.9793,2.8007,,,4,1
1609,3.7562,3.7243,3.8418,495.10901,495.10596,495.1109,1.224E5,6.583E3,7.555E3,1.224E5,0,1,19,,,,,,,,,DETECTED,495.10901,495.10596,495.1109,3.7562,3.7243,3.8418,1.224E5,6.583E3,7.555E3,1.224E5,0.0413,1.9547,2.8181,,,2,1
1610,3.7658,3.7243,3.7914,419.18976,419.1871,419.19089,7.33E4,2.423E3,1.738E4,7.33E4,0,1,,,,,,,,,,DETECTED,419.18976,419.1871,419.19089,3.7658,3.7243,3.7914,7.33E4,2.423E3,1.738E4,7.33E4,0.0343,0.809,0.618,,,3,1
1612,3.7748,3.7122,3.8022,305.06488,305.06406,305.0651,5.009E5,2.549E4,4.217E4,5.009E5,1,1,,,,,,,,,,DETECTED,305.06488,305.06406,305.0651,3.7748,3.7122,3.8022,5.009E5,2.549E4,4.217E4,5.009E5,0.0312,0.742,0.5019,1,-0.0345,3,1
1613,3.7794,3.7562,3.8113,373.14876,373.14841,373.15076,9.493E4,2.266E3,1.285E4,9.493E4,0,1,179,,,,,,,,,DETECTED,373.14876,373.14841,373.15076,3.7794,3.7562,3.8113,9.493E4,2.266E3,1.285E4,9.493E4,0.0202,1.186,1.7841,,,2,1
1614,3.7868,3.7438,3.8297,245.13693,245.13551,245.13745,1.083E5,3.055E3,9.608E3,1.083E5,0,1,179,,,,,,,,,DETECTED,245.13693,245.13551,245.13745,3.7868,3.7438,3.8297,1.083E5,3.055E3,9.608E3,1.083E5,0.0213,0.9874,0.9258,,,2,1
1615,3.7868,3.5802,4.1117,291.00559,291.00491,291.0062,1.824E5,6.186E4,4.754E4,1.824E5,0,1,,,,,,,,,,DETECTED,291.00559,291.00491,291.0062,3.7868,3.5802,4.1117,1.824E5,6.186E4,4.754E4,1.824E5,0.3692,1.286,1.572,,,10,1
1616,3.7868,3.7318,3.8372,419.09189,419.08942,419.0936,1.261E5,6.252E3,1.558E4,1.261E5,0,1,19,,,,,,,,,DETECTED,419.09189,419.08942,419.0936,3.7868,3.7318,3.8372,1.261E5,6.252E3,1.558E4,1.261E5,0.0206,0.958,0.6592,,,4,1
1618,3.7868,3.7658,3.8372,609.11838,609.11615,609.12079,1.522E5,3.861E3,9.306E3,1.522E5,0,1,19,,,,,,,,,DETECTED,609.11838,609.11615,609.12079,3.7868,3.7658,3.8372,1.522E5,3.861E3,9.306E3,1.522E5,0.0207,1.5413,1.8662,,,2,1
1619,3.7914,3.7658,3.8928,211.05874,211.0582,211.05914,3.967E5,1.345E4,1.115E4,3.967E5,1,1,90,,,,,,,,,DETECTED,211.05874,211.0582,211.05914,3.7914,3.7658,3.8928,3.967E5,1.345E4,1.115E4,3.967E5,0.0268,2.8265,6.442,1,0.0057,2,1
1621,3.7914,3.7658,3.8418,515.11592,515.11261,515.11987,1.738E5,4.205E3,9.126E3,1.738E5,0,1,19,,,,,,,,,DETECTED,515.11592,515.11261,515.11987,3.7914,3.7658,3.8418,1.738E5,4.205E3,9.126E3,1.738E5,0.02,1.923,2.1082,,,2,1
1622,3.8022,3.7794,3.8733,165.05229,165.05197,165.05257,1.522E5,4.787E3,7.051E3,1.522E5,0,1,90,,,,,,,,,DETECTED,165.05229,165.05197,165.05257,3.8022,3.7794,3.8733,1.522E5,4.787E3,7.051E3,1.522E5,0.0266,1.9034,2.5508,,,2,1
1624,3.8022,3.7794,3.9542,227.05394,227.05281,227.05409,1.318E6,4.025E4,9.373E3,1.318E6,1,1,90,,,,,,,,,DETECTED,227.05394,227.05281,227.05409,3.8022,3.7794,3.9542,1.318E6,4.025E4,9.373E3,1.318E6,0.0264,2.061,2.3765,1,-0.0035,3,1
1625,3.8022,3.7438,3.8809,399.12726,399.12628,399.1308,1.102E6,4.561E4,9.76E3,1.102E6,0,1,90,,,,,,,,,DETECTED,399.12726,399.12628,399.1308,3.8022,3.7438,3.8809,1.102E6,4.561E4,9.76E3,1.102E6,0.0355,0.772,0.448,,,3,1
1626,3.8022,3.7794,3.9019,521.12873,521.12616,521.1311,3.5E6,7.618E4,7.703E3,3.5E6,1,1,90,,,,,,,,,DETECTED,521.12873,521.12616,521.1311,3.8022,3.7794,3.9019,3.5E6,7.618E4,7.703E3,3.5E6,0.0213,1.0831,0.7843,1,-0.0068,4,1
1631,3.8113,3.7868,3.8809,385.14856,385.14761,385.15082,8.096E5,1.873E4,8.456E3,8.096E5,1,1,90,,,,,,,,,DETECTED,385.14856,385.14761,385.15082,3.8113,3.7868,3.8809,8.096E5,1.873E4,8.456E3,8.096E5,0.0223,1.2619,1.0083,1,-0.0035,3,1
1632,3.8113,3.7914,3.8676,542.02976,542.02728,542.03247,2.909E5,6.456E3,9.317E3,2.909E5,0,1,,,,,,,,,,DETECTED,542.02976,542.02728,542.03247,3.8113,3.7914,3.8676,2.909E5,6.456E3,9.317E3,2.909E5,0.0187,1.5176,1.3884,,,2,1
1634,3.8188,3.7914,3.8556,293.14115,293.14093,293.1416,2.121E5,4.951E3,1.34E4,2.121E5,0,1,86,,,,,,,,,DETECTED,293.14115,293.14093,293.1416,3.8188,3.7914,3.8556,2.121E5,4.951E3,1.34E4,2.121E5,0.0207,1.1062,0.7053,,,2,1
1635,3.8188,3.8022,3.8974,305.06474,305.06357,305.06531,2.755E5,1.05E4,1.588E4,2.755E5,1,1,86,,,,,,,,,DETECTED,305.06474,305.06357,305.06531,3.8188,3.8022,3.8974,2.755E5,1.05E4,1.588E4,2.755E5,0.0246,2.8187,3.669,1,0.0058,2,1
1636,3.8188,3.7914,3.8556,369.15329,369.15228,369.15604,6.058E4,1.433E3,8.252E3,6.058E4,0,1,86,26,[M-H]-,2,370.16035,1638;1636,,,,DETECTED,369.15329,369.15228,369.15604,3.8188,3.7914,3.8556,6.058E4,1.433E3,8.252E3,6.058E4,0.02,1.1699,1.7127,,,3,1
1637,3.8188,3.8022,3.8974,377.17989,377.17746,377.18219,4.201E5,9.749E3,8.086E3,4.201E5,1,1,,,,,,,,,,DETECTED,377.17989,377.17746,377.18219,3.8188,3.8022,3.8974,4.201E5,9.749E3,8.086E3,4.201E5,0.0182,1.9948,2.4186,1,0.0041,3,1
1638,3.8188,3.7794,3.8556,415.15834,415.15564,415.15906,1.068E5,2.937E3,1.048E4,1.068E5,0,1,86,26,[M+FA]-,2,370.16035,1638;1636,,,,DETECTED,415.15834,415.15564,415.15906,3.8188,3.7794,3.8556,1.068E5,2.937E3,1.048E4,1.068E5,0.0219,1.0382,0.894,,,2,1
1640,3.8188,3.7914,3.8556,445.11241,445.11191,445.11351,1.485E5,2.991E3,8.02E3,1.485E5,0,1,86,,,,,,,,,DETECTED,445.11241,445.11191,445.11351,3.8188,3.7914,3.8556,1.485E5,2.991E3,8.02E3,1.485E5,0.0223,1.3787,1.2516,,,3,1
1641,3.8188,3.7914,3.8418,791.24312,791.2417,791.24512,9.788E4,2.041E3,1.224E4,9.788E4,0,1,86,,,,,,,,,DETECTED,791.24312,791.2417,791.24512,3.8188,3.7914,3.8418,9.788E4,2.041E3,1.224E4,9.788E4,0.0201,0.9184,1.3462,,,3,1
1642,3.8372,3.8022,4.1277,191.03222,191.03082,191.03252,1.523E6,6.643E4,1.311E4,1.523E6,2,1,,,,,,,,,,DETECTED,191.03222,191.03082,191.03252,3.8372,3.8022,4.1277,1.523E6,6.643E4,1.311E4,1.523E6,0.0298,2.7468,3.4144,2,-0.0035,5,1
1643,3.8372,3.7197,3.9542,195.02698,195.02638,195.02785,1.866E5,1.294E4,8.645E3,1.866E5,0,1,,,,,,,,,,DETECTED,195.02698,195.02638,195.02785,3.8372,3.7197,3.9542,1.866E5,1.294E4,8.645E3,1.866E5,0.041,0.9875,0.767,,,5,1
1644,3.8556,3.8022,3.9318,337.09116,337.08987,337.0925,2.581E5,1.06E4,8.988E3,2.581E5,1,1,20,,,,,,,,,DETECTED,337.09116,337.08987,337.0925,3.8556,3.8022,3.9318,2.581E5,1.06E4,8.988E3,2.581E5,0.0351,0.9731,0.9449,1,0.0085,2,1
1646,3.8556,3.8297,3.9065,429.17361,429.17209,429.17596,3.407E5,7.674E3,6.613E3,3.407E5,1,1,20,,,,,,,,,DETECTED,429.17361,429.17209,429.17596,3.8556,3.8297,3.9065,3.407E5,7.674E3,6.613E3,3.407E5,0.0182,1.1507,1.1992,1,-0.0052,3,1
1647,3.8556,3.8372,3.8733,447.12785,447.12692,447.12854,5.558E4,1.078E3,1.683E4,5.558E4,0,1,20,,,,,,,,,DETECTED,447.12785,447.12692,447.12854,3.8556,3.8372,3.8733,5.558E4,1.078E3,1.683E4,5.558E4,0.019,0.9835,0.967,,,2,1
1648,3.8556,3.8372,3.8928,505.13329,505.13153,505.13589,9.352E4,2.161E3,1.027E4,9.352E4,0,1,20,,,,,,,,,DETECTED,505.13329,505.13153,505.13589,3.8556,3.8372,3.8928,9.352E4,2.161E3,1.027E4,9.352E4,0.0238,1.515,1.4013,,,2,1
1649,3.8601,3.8418,3.9019,435.12685,435.12585,435.13171,1.786E5,4.532E3,1.241E4,1.786E5,0,1,,,,,,,,,,DETECTED,435.12685,435.12585,435.13171,3.8601,3.8418,3.9019,1.786E5,4.532E3,1.241E4,1.786E5,0.0262,1.6011,2.2019,,,3,1
1650,3.8601,3.8297,3.9679,501.16003,501.15793,501.16422,1.609E6,5.466E4,1.014E4,1.609E6,0,1,,,,,,,,,,DETECTED,501.16003,501.15793,501.16422,3.8601,3.8297,3.9679,1.609E6,5.466E4,1.014E4,1.609E6,0.0424,2.1318,3.4438,,,4,1
1653,3.8854,3.8556,3.9679,489.1022,489.09982,489.10516,5.259E5,1.17E4,6.899E3,5.259E5,0,1,,,,,,,,,,DETECTED,489.1022,489.09982,489.10516,3.8854,3.8556,3.9679,5.259E5,1.17E4,6.899E3,5.259E5,0.0242,1.1888,1.1738,,,3,1
1654,3.8974,3.8601,3.9451,323.0751,323.0733,323.07614,6.435E4,2.301E3,9.554E3,6.435E4,0,1,,,,,,,,,,DETECTED,323.0751,323.0733,323.07614,3.8974,3.8601,3.9451,6.435E4,2.301E3,9.554E3,6.435E4,0.0279,1.1406,0.9863,,,2,1
1655,3.8974,3.8733,3.9226,725.16422,725.15955,725.16644,9.056E4,1.908E3,1.063E4,9.056E4,0,1,,,,,,,,,,DETECTED,725.16422,725.15955,725.16644,3.8974,3.8733,3.9226,9.056E4,1.908E3,1.063E4,9.056E4,0.0209,1.0235,1.3166,,,4,1
1656,3.9019,3.8854,3.9318,214.14243,214.14211,214.14276,8.249E4,1.877E3,2.203E4,8.249E4,0,1,98,,,,,,,,,DETECTED,214.14243,214.14211,214.14276,3.9019,3.8854,3.9318,8.249E4,1.877E3,2.203E4,8.249E4,0.0219,1.405,1.8101,,,2,1
1657,3.9065,3.8854,3.9318,385.11156,385.11029,385.11231,5.067E4,1.195E3,1.339E4,5.067E4,0,1,98,,,,,,,,,DETECTED,385.11156,385.11029,385.11231,3.9065,3.8854,3.9318,5.067E4,1.195E3,1.339E4,5.067E4,0.0226,1.1015,1.2031,,,2,1
1658,3.9226,3.9065,3.9497,447.12828,447.12753,447.12885,6.152E4,1.447E3,1.415E4,6.152E4,0,1,59,,,,,,,,,DETECTED,447.12828,447.12753,447.12885,3.9226,3.9065,3.9497,6.152E4,1.447E3,1.415E4,6.152E4,0.0241,1.3418,1.6837,,,2,1
1660,3.9226,3.8974,3.9394,481.11258,481.11145,481.11319,1.48E5,3.017E3,1.803E4,1.48E5,0,1,,,,,,,,,,DETECTED,481.11258,481.11145,481.11319,3.9226,3.8974,3.9394,1.48E5,3.017E3,1.803E4,1.48E5,0.021,0.8333,0.7924,,,2,1
1662,3.9226,3.9065,3.984,521.12636,521.12433,521.12915,1.867E5,4.783E3,8.819E3,1.867E5,0,1,59,,,,,,,,,DETECTED,521.12636,521.12433,521.12915,3.9226,3.9065,3.984,1.867E5,4.783E3,8.819E3,1.867E5,0.0213,2.1785,3.2904,,,3,1
1664,3.9318,3.8601,4.012,419.18957,419.18817,419.19061,5.76E5,1.744E4,7.163E3,5.76E5,0,1,,,,,,,,,,DETECTED,419.18957,419.18817,419.19061,3.9318,3.8601,4.012,5.76E5,1.744E4,7.163E3,5.76E5,0.0213,0.8924,0.7855,,,3,1
1665,3.9318,3.8974,4.0065,459.22182,459.2196,459.22345,2.095E5,6.88E3,8.532E3,2.095E5,0,1,59,,,,,,,,,DETECTED,459.22182,459.2196,459.22345,3.9318,3.8974,4.0065,2.095E5,6.88E3,8.532E3,2.095E5,0.0395,1.52,2.4043,,,2,1
1666,3.9394,3.9123,4.1426,413.14369,413.13995,413.14456,4.57E6,1.483E5,1.295E4,4.57E6,2,1,,,,,,,,,,DETECTED,413.14369,413.13995,413.14456,3.9394,3.9123,4.1426,4.57E6,1.483E5,1.295E4,4.57E6,0.0262,2.2603,3.0313,2,-0.0035,3,1
1668,3.9973,3.9736,4.0314,419.22638,419.22351,419.22763,7.901E4,1.888E3,6.87E3,7.901E4,0,1,130,,,,,,,,,DETECTED,419.22638,419.22351,419.22763,3.9973,3.9736,4.0314,7.901E4,1.888E3,6.87E3,7.901E4,0.0207,1.3317,1.5058,,,2,1
1669,3.9973,3.9782,4.059,463.21663,463.21503,463.21701,4.118E5,9.647E3,9.701E3,4.118E5,1,1,92,,,,,,,,,DETECTED,463.21663,463.21503,463.21701,3.9973,3.9782,4.059,4.118E5,9.647E3,9.701E3,4.118E5,0.0197,2.2854,2.9473,1,0.0041,7,1
1670,3.9973,3.9736,4.0475,467.21105,467.20966,467.21246,3.462E5,7.343E3,1.034E4,3.462E5,1,1,130,,,,,,,,,DETECTED,467.21105,467.20966,467.21246,3.9973,3.9736,4.0475,3.462E5,7.343E3,1.034E4,3.462E5,0.0201,1.3965,1.3816,1,-0.0035,7,1
1671,4.0065,3.9782,4.059,377.17991,377.17841,377.18158,3.155E5,8.053E3,1.1E4,3.155E5,0,1,92,,,,,,,,,DETECTED,377.17991,377.17841,377.18158,4.0065,3.9782,4.059,3.155E5,8.053E3,1.1E4,3.155E5,0.0229,1.4018,1.4008,,,3,1
1673,4.0429,4.0269,4.0681,507.2038,507.20206,507.20599,5.319E4,9.865E2,8.601E3,5.319E4,0,1,,,,,,,,,,DETECTED,507.2038,507.20206,507.20599,4.0429,4.0269,4.0681,5.319E4,9.865E2,8.601E3,5.319E4,0.0179,1.2845,1.8129,,,2,1
1674,4.0475,4.0269,4.1277,352.17446,352.17163,352.17722,1.338E5,3.491E3,9.094E3,1.338E5,0,1,,,,,,,,,,DETECTED,352.17446,352.17163,352.17722,4.0475,4.0269,4.1277,1.338E5,3.491E3,9.094E3,1.338E5,0.0193,1.8926,3.6457,,,2,1
1675,4.0533,4.0372,4.0784,239.08997,239.08963,239.09023,1.158E5,2.849E3,1.945E4,1.158E5,0,1,,,,,,,,,,DETECTED,239.08997,239.08963,239.09023,4.0533,4.0372,4.0784,1.158E5,2.849E3,1.945E4,1.158E5,0.0245,1.2808,1.5615,,,2,1
1676,4.059,4.0429,4.083,593.20503,593.20422,593.20599,1.525E5,3.393E3,2.312E4,1.525E5,0,1,83,,,,,,,,,DETECTED,593.20503,593.20422,593.20599,4.059,4.0429,4.083,1.525E5,3.393E3,2.312E4,1.525E5,0.0234,1.2432,2.0008,,,2,1
1677,4.059,4.0429,4.083,593.22606,593.22418,593.22784,1.057E5,2.474E3,2.197E4,1.057E5,0,1,83,,,,,,,,,DETECTED,593.22606,593.22418,593.22784,4.059,4.0429,4.083,1.057E5,2.474E3,2.197E4,1.057E5,0.0248,1.2432,1.4865,,,2,1
1679,4.059,4.0429,4.1277,629.09998,629.09839,629.10205,1.058E5,3.257E3,8.369E3,1.058E5,0,1,83,,,,,,,,,DETECTED,629.09998,629.09839,629.10205,4.059,4.0429,4.1277,1.058E5,3.257E3,8.369E3,1.058E5,0.0255,2.5699,3.2356,,,4,1
1681,4.0636,4.0372,4.15,593.13041,593.12653,593.13129,1.294E7,3.932E5,2.792E5,1.294E7,2,1,83,,,,,,,,,DETECTED,593.13041,593.12653,593.13129,4.0636,4.0372,4.15,1.294E7,3.932E5,2.792E5,1.294E7,0.0278,1.7681,1.8518,2,-0.0138,5,1
1685,4.0636,4.0429,4.083,656.1198,656.11694,656.12274,6.518E4,1.591E3,1.598E4,6.518E4,0,1,83,,,,,,,,,DETECTED,656.1198,656.11694,656.12274,4.0636,4.0429,4.083,6.518E4,1.591E3,1.598E4,6.518E4,0.0255,0.9694,0.9388,,,2,1
1689,4.0963,4.0636,4.2266,181.04779,181.04684,181.04834,1.343E6,4.473E4,9.049E3,1.343E6,1,1,41,,,,,,,,,DETECTED,181.04779,181.04684,181.04834,4.0963,4.0636,4.2266,1.343E6,4.473E4,9.049E3,1.343E6,0.0272,1.9414,1.9531,1,-0.011,2,1
1691,4.1008,4.083,4.1335,373.18549,373.18484,373.18753,5.392E4,1.258E3,9.267E3,5.392E4,0,1,41,27,[M-H]-,2,374.19219,1692;1691,,,,DETECTED,373.18549,373.18484,373.18753,4.1008,4.083,4.1335,5.392E4,1.258E3,9.267E3,5.392E4,0.0209,1.4157,1.8549,,,2,1
1692,4.1008,4.0784,4.1723,419.18981,419.18863,419.19095,5.507E5,1.316E4,1.311E4,5.507E5,1,1,41,27,[M+FA]-,2,374.19219,1692;1691,,,,DETECTED,419.18981,419.18863,419.19095,4.1008,4.0784,4.1723,5.507E5,1.316E4,1.311E4,5.507E5,0.0204,1.6922,1.9409,1,0.004,3,1
1693,4.1008,4.0784,4.1778,493.22709,493.22394,493.23102,2.403E5,7.429E3,8.488E3,2.403E5,0,1,41,,,,,,,,,DETECTED,493.22709,493.22394,493.23102,4.1008,4.0784,4.1778,2.403E5,7.429E3,8.488E3,2.403E5,0.0294,2.6572,4.2543,,,3,1
1694,4.1117,4.083,4.1778,263.12692,263.12604,263.12711,5.251E5,1.393E4,1.179E4,5.251E5,1,1,41,,,,,,,,,DETECTED,263.12692,263.12604,263.12711,4.1117,4.083,4.1778,5.251E5,1.393E4,1.179E4,5.251E5,0.0244,1.4668,1.0182,1,-0.0052,3,1
1695,4.1117,4.0887,4.1426,503.15403,503.15005,503.15488,9.112E4,2.341E3,9.901E3,9.112E4,0,1,41,,,,,,,,,DETECTED,503.15403,503.15005,503.15488,4.1117,4.0887,4.1426,9.112E4,2.341E3,9.901E3,9.112E4,0.0239,1.1732,1.1874,,,2,1
1696,4.1174,4.0963,4.15,389.17876,389.1763,389.17923,9.962E4,2.367E3,1.237E4,9.962E4,0,1,,,,,,,,,,DETECTED,389.17876,389.1763,389.17923,4.1174,4.0963,4.15,9.962E4,2.367E3,1.237E4,9.962E4,0.023,1.2695,1.6581,,,2,1
1697,4.122,4.0727,4.1666,219.06384,219.06232,219.06508,5.998E4,2.227E3,8.542E3,5.998E4,0,1,,,,,,,,,,DETECTED,219.06384,219.06232,219.06508,4.122,4.0727,4.1666,5.998E4,2.227E3,8.542E3,5.998E4,0.0209,0.9527,0.9984,,,2,1
1699,4.122,4.1008,4.1911,525.15771,525.15527,525.16132,1.092E5,4.32E3,1.187E4,1.092E5,0,1,,,,,,,,,,DETECTED,525.15771,525.15527,525.16132,4.122,4.1008,4.1911,1.092E5,4.32E3,1.187E4,1.092E5,0.0354,2.1342,5.3962,,,2,1
1700,4.138,4.1008,4.2662,195.06397,195.06317,195.06413,8.268E6,3.538E5,1.016E5,8.268E6,3,1,151,,,,,,,,,DETECTED,195.06397,195.06317,195.06413,4.138,4.1008,4.2662,8.268E6,3.538E5,1.016E5,8.268E6,0.0333,2.1426,3.0115,3,-0.0138,3,1
1704,4.138,4.0727,4.2502,227.05354,227.05254,227.05443,1.322E5,7.35E3,6.521E3,1.322E5,0,1,151,,,,,,,,,DETECTED,227.05354,227.05254,227.05443,4.138,4.0727,4.2502,1.322E5,7.35E3,6.521E3,1.322E5,0.0366,1.2799,1.9428,,,2,1
1707,4.15,4.059,4.2502,301.03333,301.0318,301.03421,3.283E5,1.253E4,6.885E3,3.283E5,1,1,,,,,,,,,,DETECTED,301.03333,301.0318,301.03421,4.15,4.059,4.2502,3.283E5,1.253E4,6.885E3,3.283E5,0.0261,1.2546,1.6838,1,-0.0035,2,1
1708,4.1545,4.1426,4.1778,415.19403,415.19327,415.19485,1.24E5,2.288E3,4.215E4,1.24E5,0,1,,,,,,,,,,DETECTED,415.19403,415.19327,415.19485,4.1545,4.1426,4.1778,1.24E5,2.288E3,4.215E4,1.24E5,0.0188,1.4737,1.9474,,,3,1
1709,4.1591,4.138,4.2616,499.12258,499.11932,499.12341,3.779E5,1.184E4,9.551E3,3.779E5,1,1,,,,,,,,,,DETECTED,499.12258,499.11932,499.12341,4.1591,4.138,4.2616,3.779E5,1.184E4,9.551E3,3.779E5,0.0215,2.7406,3.9829,1,0.0023,3,1
1710,4.1723,4.15,4.2014,463.12406,463.12286,463.12518,8.897E4,1.947E3,8.561E3,8.897E4,0,1,,,,,,,,,,DETECTED,463.12406,463.12286,463.12518,4.1723,4.15,4.2014,8.897E4,1.947E3,8.561E3,8.897E4,0.0221,1.27,1.5137,,,2,1
1711,4.1836,4.1591,4.2105,591.16858,591.16644,591.17206,1.44E5,2.852E3,9.875E3,1.44E5,0,1,136,,,,,,,,,DETECTED,591.16858,591.16644,591.17206,4.1836,4.1591,4.2105,1.44E5,2.852E3,9.875E3,1.44E5,0.0184,0.9761,1.1669,,,3,1
1712,4.1836,4.15,4.2445,593.12926,593.1264,593.13,5.269E6,1.31E5,2.383E5,5.269E6,1,1,136,,,,,,,,,DETECTED,593.12926,593.1264,593.13,4.1836,4.15,4.2445,5.269E6,1.31E5,2.383E5,5.269E6,0.0584,1.5351,0.3363,1,-0.0205,4,1
1715,4.1911,4.1723,4.2151,237.07433,237.07402,237.07492,9.705E4,2.462E3,8.513E3,9.705E4,0,1,,,,,,,,,,DETECTED,237.07433,237.07402,237.07492,4.1911,4.1723,4.2151,9.705E4,2.462E3,8.513E3,9.705E4,0.0248,1.1375,1.2751,,,3,1
1716,4.1911,4.0372,4.2959,323.01239,323.01132,323.01355,1.14E5,1.928E4,3.457E4,1.14E5,0,1,,,,,,,,,,DETECTED,323.01239,323.01132,323.01355,4.1911,4.0372,4.2959,1.14E5,1.928E4,3.457E4,1.14E5,0.1866,0.8402,0.6804,,,6,1
1718,4.1957,4.1666,4.2959,441.13855,441.13538,441.1391,2.359E6,6.881E4,1.139E4,2.359E6,1,1,,,,,,,,,,DETECTED,441.13855,441.13538,441.1391,4.1957,4.1666,4.2959,2.359E6,6.881E4,1.139E4,2.359E6,0.0543,1.887,2.5043,1,-0.008,3,1
1719,4.2014,4.1836,4.2369,545.12623,545.12335,545.12933,5.978E4,1.308E3,5.868E3,5.978E4,0,1,,,,,,,,,,DETECTED,545.12623,545.12335,545.12933,4.2014,4.1836,4.2369,5.978E4,1.308E3,5.868E3,5.978E4,0.0202,1.4113,1.6622,,,2,1
1720,4.2105,4.1911,4.256,461.10806,461.10727,461.10919,1.045E5,2.52E3,1.008E4,1.045E5,0,1,,,,,,,,,,DETECTED,461.10806,461.10727,461.10919,4.2105,4.1911,4.256,1.045E5,2.52E3,1.008E4,1.045E5,0.0224,2.3462,2.5913,,,2,1
1724,4.2369,4.206,4.3119,295.08026,295.07837,295.08099,2.499E5,7.329E3,7.244E3,2.499E5,1,1,139,,,,,,,,,DETECTED,295.08026,295.07837,295.08099,4.2369,4.206,4.3119,2.499E5,7.329E3,7.244E3,2.499E5,0.0284,1.4984,1.7121,1,0.0041,2,1
1726,4.2369,4.2209,4.2662,383.13219,383.13098,383.13309,8.306E4,1.957E3,1.375E4,8.306E4,0,1,139,,,,,,,,,DETECTED,383.13219,383.13098,383.13309,4.2369,4.2209,4.2662,8.306E4,1.957E3,1.375E4,8.306E4,0.0218,1.4114,2.5524,,,2,1
1728,4.2369,4.2209,4.2753,529.13221,529.13074,529.13269,1.515E5,3.205E3,1.164E4,1.515E5,0,1,139,,,,,,,,,DETECTED,529.13221,529.13074,529.13269,4.2369,4.2209,4.2753,1.515E5,3.205E3,1.164E4,1.515E5,0.0209,1.9734,1.56,,,2,1
1729,4.2445,4.2014,4.3818,493.22714,493.22375,493.23099,1.574E5,7.653E3,6.883E3,1.574E5,0,1,,,,,,,,,,DETECTED,493.22714,493.22375,493.23099,4.2445,4.2014,4.3818,1.574E5,7.653E3,6.883E3,1.574E5,0.0239,2.1522,5.1953,,,3,1
1730,4.2707,4.2502,4.3256,605.18377,605.18152,605.18872,2.148E5,4.87E3,7.072E3,2.148E5,0,1,,,,,,,,,,DETECTED,605.18377,605.18152,605.18872,4.2707,4.2502,4.3256,2.148E5,4.87E3,7.072E3,2.148E5,0.0199,1.3489,1.6619,,,3,1
1734,4.3256,4.3062,4.3681,533.16259,533.15894,533.16461,6.106E4,1.598E3,8.882E3,6.106E4,0,1,,,,,,,,,,DETECTED,533.16259,533.15894,533.16461,4.3256,4.3062,4.3681,6.106E4,1.598E3,8.882E3,6.106E4,0.0228,1.5975,2.1823,,,2,1
1735,4.3875,4.3727,4.419,515.17385,515.17242,515.17645,7.616E4,1.739E3,9.898E3,7.616E4,0,1,,,,,,,,,,DETECTED,515.17385,515.17242,515.17645,4.3875,4.3727,4.419,7.616E4,1.739E3,9.898E3,7.616E4,0.0214,1.5605,1.8225,,,2,1
1736,4.3966,4.3727,4.4885,237.07439,237.07384,237.07513,2.413E5,1.123E4,9.592E3,2.413E5,0,1,,,,,,,,,,DETECTED,237.07439,237.07384,237.07513,4.3966,4.3727,4.4885,2.413E5,1.123E4,9.592E3,2.413E5,0.0711,3.1069,4.0741,,,2,1
1737,4.4012,4.3818,4.4485,709.37364,709.36847,709.37628,2.396E5,5.83E3,1.553E4,2.396E5,0,1,123,,,,,,,,,DETECTED,709.37364,709.36847,709.37628,4.4012,4.3818,4.4485,2.396E5,5.83E3,1.553E4,2.396E5,0.0214,1.5425,2.3245,,,3,1
1738,4.4087,4.3818,4.46,463.123,463.12213,463.12576,3.515E5,8.546E3,1.304E4,3.515E5,1,1,123,,,,,,,,,DETECTED,463.123,463.12213,463.12576,4.4087,4.3818,4.46,3.515E5,8.546E3,1.304E4,3.515E5,0.019,1.0674,0.9663,1,-0.0035,3,1
1739,4.419,4.3966,4.4394,449.27341,449.27136,449.27615,5.035E4,1.178E3,6.896E3,5.035E4,0,1,,,,,,,,,,DETECTED,449.27341,449.27136,449.27615,4.419,4.3966,4.4394,5.035E4,1.178E3,6.896E3,5.035E4,0.0226,0.9544,1.1145,,,2,1
1740,4.4291,4.4133,4.4542,785.19779,785.19446,785.19977,7.353E4,1.597E3,1.753E4,7.353E4,0,1,,,,,,,,,,DETECTED,785.19779,785.19446,785.19977,4.4291,4.4133,4.4542,7.353E4,1.597E3,1.753E4,7.353E4,0.0226,1.2962,1.5924,,,2,1
1741,4.46,4.1666,4.7983,246.99873,246.99838,246.99942,1.464E5,5.285E4,2.693E4,1.464E5,0,1,,,,,,,,,,DETECTED,246.99873,246.99838,246.99942,4.46,4.1666,4.7983,1.464E5,5.285E4,2.693E4,1.464E5,0.3746,1.0766,1.1531,,,14,1
1742,4.4748,4.4542,4.5033,301.16369,301.16309,301.16455,8.8E4,1.805E3,6.052E3,8.8E4,0,1,,,,,,,,,,DETECTED,301.16369,301.16309,301.16455,4.4748,4.4542,4.5033,8.8E4,1.805E3,6.052E3,8.8E4,0.0188,1.4291,1.795,,,2,1
1743,4.4748,4.4485,4.5233,315.04922,315.04831,315.04977,5.814E4,1.664E3,6.799E3,5.814E4,0,1,,,,,,,,,,DETECTED,315.04922,315.04831,315.04977,4.4748,4.4485,4.5233,5.814E4,1.664E3,6.799E3,5.814E4,0.0252,1.42,3.3759,,,2,1
1745,4.5079,4.4839,4.5679,451.12222,451.11954,451.12335,3.167E5,6.779E3,6.683E3,3.167E5,1,1,,,,,,,,,,DETECTED,451.12222,451.11954,451.12335,4.5079,4.4839,4.5679,3.167E5,6.779E3,6.683E3,3.167E5,0.0186,1.3786,1.1931,1,0.0058,3,1
1746,4.5233,4.5033,4.5621,419.22505,419.22311,419.22687,7.919E4,1.856E3,7.375E3,7.919E4,0,1,,,,,,,,,,DETECTED,419.22505,419.22311,419.22687,4.5233,4.5033,4.5621,7.919E4,1.856E3,7.375E3,7.919E4,0.0244,1.7624,1.9095,,,2,1
1747,4.5336,4.5188,4.5724,537.12146,537.11871,537.12384,6.5E4,1.558E3,7.094E3,6.5E4,0,1,,,,,,,,,,DETECTED,537.12146,537.11871,537.12384,4.5336,4.5188,4.5724,6.5E4,1.558E3,7.094E3,6.5E4,0.0188,1.8072,2.4218,,,2,1
1748,4.5427,4.4942,4.5873,425.14217,425.1395,425.14423,1.517E5,4.285E3,8.591E3,1.517E5,0,1,,,,,,,,,,DETECTED,425.14217,425.1395,425.14423,4.5427,4.4942,4.5873,1.517E5,4.285E3,8.591E3,1.517E5,0.0245,1.5359,0.3516,,,2,1
1749,4.553,4.5336,4.5827,365.17928,365.17841,365.1803,8.153E4,1.633E3,7.273E3,8.153E4,0,1,,,,,,,,,,DETECTED,365.17928,365.17841,365.1803,4.553,4.5336,4.5827,8.153E4,1.633E3,7.273E3,8.153E4,0.0198,1.1663,1.5029,,,2,1
1750,4.5873,4.5621,4.6151,785.19844,785.19513,785.20013,9.234E4,2.055E3,1.241E4,9.234E4,0,1,,,,,,,,,,DETECTED,785.19844,785.19513,785.20013,4.5873,4.5621,4.6151,9.234E4,2.055E3,1.241E4,9.234E4,0.023,1.0529,1.0719,,,3,1
1754,4.6208,4.5827,4.9574,225.07461,225.07388,225.07481,2.371E6,8.965E4,1.734E4,2.371E6,2,1,111,,,,,,,,,DETECTED,225.07461,225.07388,225.07481,4.6208,4.5827,4.9574,2.371E6,8.965E4,1.734E4,2.371E6,0.0266,2.1035,1.8239,2,-0.0109,3,1
1755,4.6208,4.5827,4.6833,635.14028,635.13501,635.14117,8.293E6,2.277E5,1.177E4,8.293E6,2,1,111,,,,,,,,,DETECTED,635.14028,635.13501,635.14117,4.6208,4.5827,4.6833,8.293E6,2.277E5,1.177E4,8.293E6,0.0237,2.1401,1.8228,2,-0.0092,4,1
1756,4.6208,4.603,4.6402,635.24865,635.24805,635.24896,7.537E4,1.388E3,2.417E4,7.537E4,0,1,111,,,,,,,,,DETECTED,635.24865,635.24805,635.24896,4.6208,4.603,4.6402,7.537E4,1.388E3,2.417E4,7.537E4,0.017,1.0462,1.0923,,,2,1
1759,4.6208,4.603,4.6448,671.11214,671.11066,671.1134,6.005E4,1.332E3,1.734E4,6.005E4,0,1,111,,,,,,,,,DETECTED,671.11214,671.11066,671.1134,4.6208,4.603,4.6448,6.005E4,1.332E3,1.734E4,6.005E4,0.0207,1.1743,1.3486,,,3,1
1763,4.7084,4.6833,4.7714,635.13911,635.13586,635.14044,2.851E6,8.072E4,1.857E5,2.851E6,1,1,,,,,,,,,,DETECTED,635.13911,635.13586,635.14044,4.7084,4.6833,4.7714,2.851E6,8.072E4,1.857E5,2.851E6,0.0221,1.6745,1.6871,1,0.0114,4,1
1767,4.7336,4.321,4.9735,341.00244,341.00137,341.00415,8.659E4,3.64E4,3.113E4,8.659E4,0,1,,,,,,,,,,DETECTED,341.00244,341.00137,341.00415,4.7336,4.321,4.9735,8.659E4,3.64E4,3.113E4,8.659E4,0.4186,0.7907,0.5814,,,8,1
1769,4.7457,4.6981,4.828,327.21576,327.21381,327.21848,3.567E5,1.098E4,5.785E3,3.567E5,1,1,,,,,,,,,,DETECTED,327.21576,327.21381,327.21848,4.7457,4.6981,4.828,3.567E5,1.098E4,5.785E3,3.567E5,0.0271,1.9881,1.3602,1,-0.0035,3,1
1770,4.7548,4.5973,4.8913,279.00539,279.00482,279.00638,1.638E5,2.108E4,1.417E4,1.638E5,0,1,,,,,,,,,,DETECTED,279.00539,279.00482,279.00638,4.7548,4.5973,4.8913,1.638E5,2.108E4,1.417E4,1.638E5,0.1049,0.9336,0.551,,,15,1
1771,4.776,4.7548,4.8235,695.39577,695.39001,695.39893,2.93E5,7.582E3,1.016E4,2.93E5,1,1,,,,,,,,,,DETECTED,695.39577,695.39001,695.39893,4.776,4.7548,4.8235,2.93E5,7.582E3,1.016E4,2.93E5,0.0228,1.3809,1.2674,1,0.0023,4,1
1773,4.8131,4.7926,4.8604,501.2683,501.26611,501.26877,2.49E5,5.281E3,8.601E3,2.49E5,1,1,,,,,,,,,,DETECTED,501.2683,501.26611,501.26877,4.8131,4.7926,4.8604,2.49E5,5.281E3,8.601E3,2.49E5,0.0196,1.4249,1.4779,1,0.0069,3,1
1775,4.8456,4.8235,4.8913,242.17381,242.17294,242.17447,1.306E5,2.844E3,7.317E3,1.306E5,0,1,,,,,,,,,,DETECTED,242.17381,242.17294,242.17447,4.8456,4.8235,4.8913,1.306E5,2.844E3,7.317E3,1.306E5,0.0167,1.434,1.494,,,2,1
1777,4.8662,4.8326,4.9471,251.09029,251.08897,251.09114,9.732E4,3.554E3,7.212E3,9.732E4,0,1,,,,,,,,,,DETECTED,251.09029,251.08897,251.09114,4.8662,4.8326,4.9471,9.732E4,3.554E3,7.212E3,9.732E4,0.0305,1.9506,1.6426,,,2,1
1778,4.8856,4.8559,4.9826,227.12664,227.12604,227.12685,1.062E6,2.737E4,6.978E3,1.062E6,1,1,,,,,,,,,,DETECTED,227.12664,227.12604,227.12685,4.8856,4.8559,4.9826,1.062E6,2.737E4,6.978E3,1.062E6,0.0222,1.4811,1.2578,1,-0.008,3,1
1781,4.9323,4.9119,4.9677,501.2685,501.26587,501.27005,1.11E5,2.516E3,8.363E3,1.11E5,0,1,,,,,,,,,,DETECTED,501.2685,501.26587,501.27005,4.9323,4.9119,4.9677,1.11E5,2.516E3,8.363E3,1.11E5,0.0217,1.3575,1.6408,,,2,1
1783,5.0032,4.9517,5.2266,264.98985,264.98935,264.99011,3.888E5,3.997E4,2.026E4,3.888E5,2,1,1,,,,,,,,,DETECTED,264.98985,264.98935,264.99011,5.0032,4.9517,5.2266,3.888E5,3.997E4,2.026E4,3.888E5,0.0864,2.8809,4.5263,2,-0.0183,12,1
1784,5.0077,4.9414,5.1228,238.99254,238.99222,238.99286,1.131E5,1.126E4,2.875E4,1.131E5,0,1,1,,,,,,,,,DETECTED,238.99254,238.99222,238.99286,5.0077,4.9414,5.1228,1.131E5,1.126E4,2.875E4,1.131E5,0.0903,1.3668,1.7336,,,14,1
1785,5.0077,4.6935,5.3604,373.00923,373.00781,373.01083,6.17E4,2.899E4,2.318E4,6.17E4,0,1,,,,,,,,,,DETECTED,373.00923,373.00781,373.01083,5.0077,4.6935,5.3604,6.17E4,2.899E4,2.318E4,6.17E4,0.5668,1.0612,1.1225,,,3,1
1788,5.0285,4.9883,5.1125,329.23163,329.22971,329.23328,3.376E5,1.008E4,7.765E3,3.376E5,1,1,,,,,,,,,,DETECTED,329.23163,329.22971,329.23328,5.0285,4.9883,5.1125,3.376E5,1.008E4,7.765E3,3.376E5,0.0245,3.0709,1.7043,1,-0.0035,3,1
1790,5.0959,5.0685,5.1737,497.14415,497.14108,497.14462,1.625E6,3.934E4,2.906E4,1.625E6,1,1,,,,,,,,,,DETECTED,497.14415,497.14108,497.14462,5.0959,5.0685,5.1737,1.625E6,3.934E4,2.906E4,1.625E6,0.0198,1.6018,1.4194,1,-0.009,4,1
1792,5.1228,5.0743,5.2602,296.99615,296.99564,296.99673,2.731E5,2.188E4,1.641E4,2.731E5,1,1,,,,,,,,,,DETECTED,296.99615,296.99564,296.99673,5.1228,5.0743,5.2602,2.731E5,2.188E4,1.641E4,2.731E5,0.0601,1.9964,3.9969,1,-0.0035,14,1
1794,5.1406,5.1004,5.4565,219.06399,219.06319,219.06441,2.328E6,1.335E5,8.716E3,2.328E6,3,1,,,,,,,,,,DETECTED,219.06399,219.06319,219.06441,5.1406,5.1004,5.4565,2.328E6,1.335E5,8.716E3,2.328E6,0.0709,3.1082,4.3703,3,-0.0138,3,1
1795,5.1634,5.0904,5.2311,155.0682,155.06786,155.06871,1.418E5,6.463E3,8.006E3,1.418E5,0,1,43,,,,,,,,,DETECTED,155.0682,155.06786,155.06871,5.1634,5.0904,5.2311,1.418E5,6.463E3,8.006E3,1.418E5,0.0258,0.8992,0.6029,,,3,1
1796,5.1634,5.0904,5.2266,193.08404,193.08371,193.08427,3.242E5,1.418E4,1.041E4,3.242E5,1,1,43,28,[M-H]-,2,194.09156,1796;1800,,,,DETECTED,193.08404,193.08371,193.08427,5.1634,5.0904,5.2266,3.242E5,1.418E4,1.041E4,3.242E5,0.1498,0.9253,0.7029,1,-0.0035,2,1
1797,5.1634,5.0959,5.2072,211.09519,211.09471,211.09572,7.946E4,3.695E3,9.155E3,7.946E4,0,1,43,,,,,,,,,DETECTED,211.09519,211.09471,211.09572,5.1634,5.0959,5.2072,7.946E4,3.695E3,9.155E3,7.946E4,0.0251,0.8243,1.0969,,,2,1
1798,5.1634,5.0904,5.2369,237.07442,237.07368,237.07477,4.573E5,2.083E4,1.913E4,4.573E5,1,1,43,,,,,,,,,DETECTED,237.07442,237.07368,237.07477,5.1634,5.0904,5.2369,4.573E5,2.083E4,1.913E4,4.573E5,0.0519,0.9634,0.621,1,-0.0051,2,1
1800,5.1634,5.1004,5.1923,239.09001,239.08961,239.09042,1.096E5,5.913E3,2.428E4,1.096E5,0,1,43,28,[M+FA]-,2,194.09156,1796;1800,,,,DETECTED,239.09001,239.08961,239.09042,5.1634,5.1004,5.1923,1.096E5,5.913E3,2.428E4,1.096E5,0.0719,0.7298,0.4597,,,2,1
1801,5.1634,5.0846,5.3992,255.08576,255.08478,255.08617,5.571E6,2.618E5,1.772E4,5.571E6,3,1,43,,,,,,,,,DETECTED,255.08576,255.08478,255.08617,5.1634,5.0846,5.3992,5.571E6,2.618E5,1.772E4,5.571E6,0.0271,0.8988,0.531,3,-0.059,3,1
1807,5.2072,5.1792,5.3265,285.07473,285.07352,285.07516,2.467E5,9.449E3,6.936E3,2.467E5,1,1,,,,,,,,,,DETECTED,285.07473,285.07352,285.07516,5.2072,5.1792,5.3265,2.467E5,9.449E3,6.936E3,2.467E5,0.0297,2.7276,3.0233,1,0.0039,2,1
1808,5.222,5.1923,5.2659,403.13674,403.13626,403.13705,2.931E5,1.484E4,1.144E5,2.931E5,1,1,,,,,,,,,,DETECTED,403.13674,403.13626,403.13705,5.222,5.1923,5.2659,2.931E5,1.484E4,1.144E5,2.931E5,0.058,1.2394,1.4789,1,-0.0092,3,1
1813,5.2547,5.2266,5.2956,239.09019,239.08975,239.09061,5.751E5,1.792E4,2.882E4,5.751E5,1,1,,,,,,,,,,DETECTED,239.09019,239.08975,239.09061,5.2547,5.2266,5.2956,5.751E5,1.792E4,2.882E4,5.751E5,0.0281,1.2282,1.8737,1,-0.008,3,1
1815,5.322,5.2956,5.4337,239.09034,239.0896,239.0905,1.083E6,4.34E4,3.462E4,1.083E6,1,1,,,,,,,,,,DETECTED,239.09034,239.0896,239.0905,5.322,5.2956,5.4337,1.083E6,4.34E4,3.462E4,1.083E6,0.0334,2.1899,2.5475,1,-0.0092,3,1
1816,5.3489,5.3105,5.3798,209.07953,209.0789,209.07961,1.928E6,6.107E4,8.852E3,1.928E6,1,1,,,,,,,,,,DETECTED,209.07953,209.0789,209.07961,5.3489,5.3105,5.3798,1.928E6,6.107E4,8.852E3,1.928E6,0.0301,1.0138,1.2674,1,-0.0156,3,1
1817,5.3604,5.322,5.461,240.98831,240.98781,240.98883,1.859E5,1.105E4,2.282E4,1.859E5,0,1,170,,,,,,,,,DETECTED,240.98831,240.98781,240.98883,5.3604,5.322,5.461,1.859E5,1.105E4,2.282E4,1.859E5,0.0443,1.8088,16.1158,,,11,1
1818,5.3695,5.3014,5.4474,251.09018,251.08925,251.09087,6.798E4,3.191E3,7.079E3,6.798E4,0,1,170,,,,,,,,,DETECTED,251.09018,251.08925,251.09087,5.3695,5.3014,5.4474,6.798E4,3.191E3,7.079E3,6.798E4,0.0318,1.0713,1.1761,,,3,1
1819,5.3992,5.275,5.4474,223.05885,223.05824,223.05936,2.656E5,1.162E4,6.611E3,2.656E5,1,1,142,,,,,,,,,DETECTED,223.05885,223.05824,223.05936,5.3992,5.275,5.4474,2.656E5,1.162E4,6.611E3,2.656E5,0.0351,0.8514,1.3417,1,0.0041,3,1
1820,5.3992,5.3695,5.4681,299.09058,299.08789,299.09116,3.391E5,1.226E4,1.598E4,3.391E5,1,1,142,,,,,,,,,DETECTED,299.09058,299.08789,299.09116,5.3992,5.3695,5.4681,3.391E5,1.226E4,1.598E4,3.391E5,0.0285,1.9132,2.7648,1,0.0023,2,1
1821,5.4067,5.3798,5.5429,209.07946,209.07869,209.07961,1.152E6,4.544E4,1.418E4,1.152E6,2,1,142,,,,,,,,,DETECTED,209.07946,209.07869,209.07961,5.4067,5.3798,5.5429,1.152E6,4.544E4,1.418E4,1.152E6,0.0336,1.9787,1.7701,2,-0.0201,3,1
1822,5.4245,5.3844,5.6559,193.0843,193.08324,193.08464,9.857E5,4.402E4,6.914E3,9.857E5,1,1,,,,,,,,,,DETECTED,193.0843,193.08324,193.08464,5.4245,5.3844,5.6559,9.857E5,4.402E4,6.914E3,9.857E5,0.0298,2.4755,2.8426,1,-0.0138,2,1
1823,5.4337,5.2602,5.4681,296.99632,296.99551,296.99854,1.002E5,1.069E4,3.369E4,1.002E5,0,1,,,,,,,,,,DETECTED,296.99632,296.99551,296.99854,5.4337,5.2602,5.4681,1.002E5,1.069E4,3.369E4,1.002E5,0.1732,0.599,0.198,,,13,1
1824,5.4474,5.3992,5.4883,265.10585,265.10416,265.10635,4.362E5,1.35E4,8.781E3,4.362E5,1,1,,,,,,,,,,DETECTED,265.10585,265.10416,265.10635,5.4474,5.3992,5.4883,4.362E5,1.35E4,8.781E3,4.362E5,0.03,1.1052,1.2547,1,-0.0051,2,1
1825,5.4474,5.4245,5.479,341.23145,341.23077,341.23334,1.172E5,3.042E3,2.545E4,1.172E5,0,1,,,,,,,,,,DETECTED,341.23145,341.23077,341.23334,5.4474,5.4245,5.479,1.172E5,3.042E3,2.545E4,1.172E5,0.0231,1.1942,1.3883,,,2,1
1826,5.4681,5.4337,5.7337,223.09639,223.09502,223.09686,7.156E7,3.555E6,9.051E4,7.156E7,5,1,87,,,,,,,,,DETECTED,223.09639,223.09502,223.09686,5.4681,5.4337,5.7337,7.156E7,3.555E6,9.051E4,7.156E7,0.0441,2.6117,3.2378,5,-0.0242,2,1
1827,5.4681,5.3992,5.6377,255.08492,255.08429,255.08647,3.682E5,2.136E4,7.732E3,3.682E5,1,1,87,,,,,,,,,DETECTED,255.08492,255.08429,255.08647,5.4681,5.3992,5.6377,3.682E5,2.136E4,7.732E3,3.682E5,0.0791,1.7623,2.0584,1,-0.0032,2,1
1830,5.4752,5.4383,5.5732,223.12561,223.1246,223.12622,1.756E5,9.395E3,7.074E3,1.756E5,0,1,87,,,,,,,,,DETECTED,223.12561,223.1246,223.12622,5.4752,5.4383,5.5732,1.756E5,9.395E3,7.074E3,1.756E5,0.0517,1.8112,2.3805,,,3,1
1831,5.4752,5.4383,5.5947,225.0994,225.09911,225.1011,6.042E5,3.093E4,1.217E4,6.042E5,0,1,87,,,,,,,,,DETECTED,225.0994,225.09911,225.1011,5.4752,5.4383,5.5947,6.042E5,3.093E4,1.217E4,6.042E5,0.0468,1.545,2.187,,,10,1
1833,5.479,5.4383,5.5993,223.11896,223.11775,223.11963,5.351E5,2.624E4,6.97E3,5.351E5,0,1,87,,,,,,,,,DETECTED,223.11896,223.11775,223.11963,5.479,5.4383,5.5993,5.351E5,2.624E4,6.97E3,5.351E5,0.0445,2.3624,1.8176,,,3,1
1835,5.479,5.4383,5.552,352.02471,352.02286,352.02594,7.513E4,4.145E3,7.864E3,7.513E4,0,1,87,,,,,,,,,DETECTED,352.02471,352.02286,352.02594,5.479,5.4383,5.552,7.513E4,4.145E3,7.864E3,7.513E4,0.0526,1.396,2.1081,,,2,1
1836,5.484,5.4383,5.5078,223.07361,223.07272,223.07405,5.201E5,1.729E4,3.818E4,5.201E5,0,1,87,,,,,,,,,DETECTED,223.07361,223.07272,223.07405,5.484,5.4383,5.5078,5.201E5,1.729E4,3.818E4,5.201E5,0.0318,0.8151,0.6678,,,4,1
1838,5.4883,5.4383,5.5993,223.11394,223.11261,223.11496,5.023E5,2.555E4,7.735E3,5.023E5,0,1,87,,,,,,,,,DETECTED,223.11394,223.11261,223.11496,5.4883,5.4383,5.5993,5.023E5,2.555E4,7.735E3,5.023E5,0.0211,1.2737,1.3867,,,3,1
1842,5.5136,5.4752,5.6513,256.98358,256.98312,256.98502,3.713E5,1.641E4,1.47E4,3.713E5,1,1,,,,,,,,,,DETECTED,256.98358,256.98312,256.98502,5.5136,5.4752,5.6513,3.713E5,1.641E4,1.47E4,3.713E5,0.0342,1.2827,2.8637,1,0.0023,12,1
1844,5.5326,5.5078,5.5595,527.28295,527.28162,527.28418,3.478E5,7.983E3,4.066E4,3.478E5,0,1,,,,,,,,,,DETECTED,527.28295,527.28162,527.28418,5.5326,5.5078,5.5595,3.478E5,7.983E3,4.066E4,3.478E5,0.0214,1.041,1.2327,,,3,1
1845,5.5429,5.5251,5.5993,445.14892,445.14679,445.15063,2.269E5,8.56E3,1.149E4,2.269E5,0,1,,,,,,,,,,DETECTED,445.14892,445.14679,445.15063,5.5429,5.5251,5.5993,2.269E5,8.56E3,1.149E4,2.269E5,0.0249,2.079,2.9468,,,3,1
1846,5.5641,5.5384,5.6262,177.08885,177.08849,177.08946,5.834E4,2.107E3,6.375E3,5.834E4,0,1,167,,,,,,,,,DETECTED,177.08885,177.08849,177.08946,5.5641,5.5384,5.6262,5.834E4,2.107E3,6.375E3,5.834E4,0.0344,1.7093,2.2345,,,2,1
1847,5.5641,5.5384,5.6422,253.14242,253.14183,253.14313,8.599E4,3.242E3,1.04E4,8.599E4,0,1,167,,,,,,,,,DETECTED,253.14242,253.14183,253.14313,5.5641,5.5384,5.6422,8.599E4,3.242E3,1.04E4,8.599E4,0.036,2.0215,3.2768,,,2,1
1848,5.5686,5.3265,5.6513,305.00188,305.00101,305.00357,1.228E5,1.802E4,2.177E4,1.228E5,0,1,,,,,,,,,,DETECTED,305.00188,305.00101,305.00357,5.5686,5.3265,5.6513,1.228E5,1.802E4,2.177E4,1.228E5,0.1536,0.6708,0.336,,,9,1
1849,5.5789,5.552,5.6159,389.12198,389.12039,389.12256,1.618E5,4.52E3,1.007E4,1.618E5,0,1,,,,,,,,,,DETECTED,389.12198,389.12039,389.12256,5.5789,5.552,5.6159,1.618E5,4.52E3,1.007E4,1.618E5,0.0261,1.1878,1.7078,,,2,1
1850,5.6113,5.5789,5.6377,269.10123,269.10101,269.10147,2.624E5,7.401E3,1.639E4,2.624E5,0,1,,,,,,,,,,DETECTED,269.10123,269.10101,269.10147,5.6113,5.5789,5.6377,2.624E5,7.401E3,1.639E4,2.624E5,0.0259,0.9866,0.9411,,,2,1
1852,5.6377,5.6038,5.7155,501.31974,501.31763,501.32516,1.067E5,3.516E3,6.268E3,1.067E5,0,1,,,,,,,,,,DETECTED,501.31974,501.31763,501.32516,5.6377,5.6038,5.7155,1.067E5,3.516E3,6.268E3,1.067E5,0.0234,1.9058,2.2604,,,3,1
1855,5.6674,5.6377,5.8734,269.10136,269.10037,269.10223,1.419E6,4.338E4,6.634E3,1.419E6,1,1,,,,,,,,,,DETECTED,269.10136,269.10037,269.10223,5.6674,5.6377,5.8734,1.419E6,4.338E4,6.634E3,1.419E6,0.0246,1.7335,1.6891,1,-0.0035,4,1
1856,5.6795,5.6468,5.7885,233.07954,233.07881,233.08054,1.887E5,8.764E3,6.762E3,1.887E5,0,1,,,,,,,,,,DETECTED,233.07954,233.07881,233.08054,5.6795,5.6468,5.7885,1.887E5,8.764E3,6.762E3,1.887E5,0.0389,2.0916,2.2052,,,3,1
1859,5.6915,5.6513,5.7988,256.98352,256.98285,256.98553,1.02E5,5.717E3,1.228E4,1.02E5,0,1,,,,,,,,,,DETECTED,256.98352,256.98285,256.98553,5.6915,5.6513,5.7988,1.02E5,5.717E3,1.228E4,1.02E5,0.0379,1.8335,2.5949,,,13,1
1860,5.7019,5.5993,5.8033,375.10672,375.10422,375.10889,5.225E5,2.277E4,6.953E3,5.225E5,1,1,135,,,,,,,,,DETECTED,375.10672,375.10422,375.10889,5.7019,5.5993,5.8033,5.225E5,2.277E4,6.953E3,5.225E5,0.0335,1.0348,1.5144,1,-0.0035,3,1
1861,5.7019,5.6719,5.7515,503.33518,503.3334,503.33792,8.965E4,2.505E3,5.579E3,8.965E4,0,1,135,,,,,,,,,DETECTED,503.33518,503.3334,503.33792,5.7019,5.6719,5.7515,8.965E4,2.505E3,5.579E3,8.965E4,0.0361,1.152,1.2675,,,3,1
1862,5.7246,5.711,5.7764,445.14878,445.14746,445.14993,5.888E4,2.175E3,1.231E4,5.888E4,0,1,,,,,,,,,,DETECTED,445.14878,445.14746,445.14993,5.7246,5.711,5.7764,5.888E4,2.175E3,1.231E4,5.888E4,0.0402,2.3976,3.7953,,,2,1
1863,5.7383,5.6961,5.8883,314.9869,314.9855,314.98764,1.598E5,8.037E3,7.398E3,1.598E5,0,1,,,,,,,,,,DETECTED,314.9869,314.9855,314.98764,5.7383,5.6961,5.8883,1.598E5,8.037E3,7.398E3,1.598E5,0.0327,1.7955,2.71,,,4,1
1864,5.744,5.7155,5.7988,343.2463,343.24426,343.24753,8.544E4,3.065E3,9.535E3,8.544E4,0,1,,,,,,,,,,DETECTED,343.2463,343.24426,343.24753,5.744,5.7155,5.7988,8.544E4,3.065E3,9.535E3,8.544E4,0.0356,1.4607,2.0957,,,2,1
1865,5.7616,5.7337,5.8033,207.06375,207.06352,207.0639,3.002E5,1.128E4,3.91E4,3.002E5,1,1,30,,,,,,,,,DETECTED,207.06375,207.06352,207.0639,5.7616,5.7337,5.8033,3.002E5,1.128E4,3.91E4,3.002E5,0.0348,1.249,1.4981,1,0.0023,2,1
1866,5.7616,5.7246,5.902,239.09036,239.08981,239.0907,1.198E6,5.587E4,2.241E4,1.198E6,2,1,30,,,,,,,,,DETECTED,239.09036,239.08981,239.0907,5.7616,5.7246,5.902,1.198E6,5.587E4,2.241E4,1.198E6,0.0363,2.0913,2.6434,2,-0.0135,3,1
1867,5.7673,5.744,5.9231,274.97437,274.9736,274.97513,1.454E5,6.934E3,7.904E3,1.454E5,0,1,,,,,,,,,,DETECTED,274.97437,274.9736,274.97513,5.7673,5.744,5.9231,1.454E5,6.934E3,7.904E3,1.454E5,0.0314,3.7525,6.4568,,,2,1
1868,5.7885,5.7616,5.829,223.09534,223.09512,223.09544,6.491E5,2.301E4,1.1E5,6.491E5,1,1,,,,,,,,,,DETECTED,223.09534,223.09512,223.09544,5.7885,5.7616,5.829,6.491E5,2.301E4,1.1E5,6.491E5,0.031,1.2541,1.6394,1,-0.0098,2,1
1869,5.8033,5.7764,5.829,253.10592,253.10562,253.10652,6.201E4,1.908E3,7.901E3,6.201E4,0,1,,,,,,,,,,DETECTED,253.10592,253.10562,253.10652,5.8033,5.7764,5.829,6.201E4,1.908E3,7.901E3,6.201E4,0.0316,0.9779,0.9558,,,2,1
1870,5.8245,5.7988,5.8883,441.11604,441.11472,441.11884,1.206E5,3.987E3,7.606E3,1.206E5,0,1,,,,,,,,,,DETECTED,441.11604,441.11472,441.11884,5.8245,5.7988,5.8883,1.206E5,3.987E3,7.606E3,1.206E5,0.0259,1.9092,2.0229,,,2,1
1875,5.8779,5.8494,5.9544,503.33533,503.33081,503.33865,2.877E5,8.264E3,8.471E3,2.877E5,1,1,,,,,,,,,,DETECTED,503.33533,503.33081,503.33865,5.8779,5.8494,5.9544,2.877E5,8.264E3,8.471E3,2.877E5,0.0238,1.9668,1.7682,1,0.0069,3,1
1877,5.8883,5.8643,5.9498,331.24713,331.24567,331.24844,9.263E4,3.02E3,8.534E3,9.263E4,0,1,,,,,,,,,,DETECTED,331.24713,331.24567,331.24844,5.8883,5.8643,5.9498,9.263E4,3.02E3,8.534E3,9.263E4,0.0281,2.0443,2.6835,,,2,1
1878,5.9095,5.8494,5.9498,253.10596,253.10474,253.10651,1.435E5,9.362E3,1.275E4,1.435E5,0,1,,,,,,,,,,DETECTED,253.10596,253.10474,253.10651,5.9095,5.8494,5.9498,1.435E5,9.362E3,1.275E4,1.435E5,0.0624,0.8361,0.6805,,,2,1
1879,5.9332,5.902,6.0076,501.31961,501.31769,501.32336,2.306E5,6.259E3,1.05E4,2.306E5,0,1,,,,,,,,,,DETECTED,501.31961,501.31769,501.32336,5.9332,5.902,6.0076,2.306E5,6.259E3,1.05E4,2.306E5,0.0208,1.6954,1.9736,,,2,1
1882,5.9618,5.9332,5.9812,237.08739,237.08685,237.08765,1.692E5,4.609E3,3.52E4,1.692E5,0,1,8,,,,,,,,,DETECTED,237.08739,237.08685,237.08765,5.9618,5.9332,5.9812,1.692E5,4.609E3,3.52E4,1.692E5,0.0267,0.8386,0.6772,,,4,1
1883,5.9618,5.9407,5.9812,237.09279,237.09236,237.09317,1.788E5,4.461E3,7.514E4,1.788E5,0,1,8,,,,,,,,,DETECTED,237.09279,237.09236,237.09317,5.9618,5.9407,5.9812,1.788E5,4.461E3,7.514E4,1.788E5,0.0281,0.9598,0.9195,,,4,1
1884,5.9618,5.9231,6.0633,237.11187,237.11072,237.11211,2.005E7,7.143E5,1.007E5,2.005E7,3,1,8,,,,,,,,,DETECTED,237.11187,237.11072,237.11211,5.9618,5.9231,6.0633,2.005E7,7.143E5,1.007E5,2.005E7,0.0292,1.4768,1.3813,3,-0.0264,7,1
1886,5.9618,5.9095,6.0346,269.1011,269.10001,269.10162,1.05E5,4.338E3,5.819E3,1.05E5,0,1,8,,,,,,,,,DETECTED,269.1011,269.10001,269.10162,5.9618,5.9095,6.0346,1.05E5,4.338E3,5.819E3,1.05E5,0.0333,1.1752,1.7265,,,2,1
1887,5.9618,5.9332,6.0815,293.17428,293.17361,293.17474,7.36E5,2.284E4,6.535E3,7.36E5,1,1,8,,,,,,,,,DETECTED,293.17428,293.17361,293.17474,5.9618,5.9332,6.0815,7.36E5,2.284E4,6.535E3,7.36E5,0.0281,2.0778,2.2522,1,-0.0035,3,1
1888,5.987,5.9498,6.0496,253.10607,253.10576,253.10635,3.983E5,1.58E4,3.886E4,3.983E5,1,1,,,,,,,,,,DETECTED,253.10607,253.10576,253.10635,5.987,5.9498,6.0496,3.983E5,1.58E4,3.886E4,3.983E5,0.0322,1.3434,1.6487,1,-0.0035,2,1
1889,5.9973,5.8688,6.2194,447.16375,447.1615,447.16528,4.027E5,5.828E4,1.697E4,4.027E5,3,1,,,,,,,,,,DETECTED,447.16375,447.1615,447.16528,5.9973,5.8688,6.2194,4.027E5,5.828E4,1.697E4,4.027E5,0.1071,1.38,1.9554,3,-0.0406,3,1
1890,6.0018,5.9618,6.0633,421.11089,421.1087,421.11191,3.378E5,1.079E4,1.253E4,3.378E5,0,1,,,,,,,,,,DETECTED,421.11089,421.1087,421.11191,6.0018,5.9618,6.0633,3.378E5,1.079E4,1.253E4,3.378E5,0.0268,1.2664,1.4487,,,4,1
1891,6.0421,6.0018,6.1357,211.05873,211.05821,211.05962,2.583E5,8.901E3,6.503E3,2.583E5,1,1,114,,,,,,,,,DETECTED,211.05873,211.05821,211.05962,6.0421,6.0018,6.1357,2.583E5,8.901E3,6.503E3,2.583E5,0.0302,1.4251,1.3956,1,0.004,2,1
1892,6.0421,6.0018,6.1072,419.13194,419.13074,419.13232,4.187E5,1.341E4,8.176E3,4.187E5,1,1,114,,,,,,,,,DETECTED,419.13194,419.13074,419.13232,6.0421,6.0018,6.1072,4.187E5,1.341E4,8.176E3,4.187E5,0.0294,1.4283,1.2456,1,-0.0052,3,1
1893,6.0421,6.0152,6.1254,525.17363,525.16986,525.17499,3.859E5,1.169E4,8.04E3,3.859E5,1,1,114,,,,,,,,,DETECTED,525.17363,525.16986,525.17499,6.0421,6.0152,6.1254,3.859E5,1.169E4,8.04E3,3.859E5,0.0275,1.7041,1.4212,1,-0.0035,3,1
1894,6.0906,6.0496,6.2989,253.10608,253.10544,253.10666,6.018E5,2.858E4,1.232E4,6.018E5,1,1,152,,,,,,,,,DETECTED,253.10608,253.10544,253.10666,6.0906,6.0496,6.2989,6.018E5,2.858E4,1.232E4,6.018E5,0.033,1.7804,2.571,1,-0.0126,3,1
1895,6.0906,6.0587,6.2434,309.16888,309.16678,309.17029,2.342E5,1.011E4,7.42E3,2.342E5,1,1,152,,,,,,,,,DETECTED,309.16888,309.16678,309.17029,6.0906,6.0587,6.2434,2.342E5,1.011E4,7.42E3,2.342E5,0.0299,3.1164,3.1478,1,0.0041,2,1
1896,6.1072,6.086,6.1494,503.33515,503.33337,503.3378,7.232E4,2.036E3,7.925E3,7.232E4,0,1,,,,,,,,,,DETECTED,503.33515,503.33337,503.3378,6.1072,6.086,6.1494,7.232E4,2.036E3,7.925E3,7.232E4,0.0254,1.4938,2.2557,,,2,1
1897,6.1776,6.1539,6.2583,239.12644,239.12563,239.12724,8.647E4,3.144E3,6.842E3,8.647E4,0,1,,,,,,,,,,DETECTED,239.12644,239.12563,239.12724,6.1776,6.1539,6.2583,8.647E4,3.144E3,6.842E3,8.647E4,0.0293,2.4,2.8116,,,2,1
1898,6.2149,6.1822,6.3322,209.04302,209.04216,209.04343,6.476E5,2.202E4,6.78E3,6.476E5,1,1,145,,,,,,,,,DETECTED,209.04302,209.04216,209.04343,6.2149,6.1822,6.3322,6.476E5,2.202E4,6.78E3,6.476E5,0.0341,1.6999,1.5582,1,-0.0035,2,1
1900,6.2149,6.1822,6.3708,389.12264,389.12036,389.1236,2.723E6,1.02E5,1.04E4,2.723E6,2,1,145,,,,,,,,,DETECTED,389.12264,389.12036,389.1236,6.2149,6.1822,6.3708,2.723E6,1.02E5,1.04E4,2.723E6,0.033,1.8945,2.0483,2,-0.0138,4,1
1902,6.2149,6.1776,6.3662,417.11728,417.1145,417.11874,3.045E6,1.001E5,7.837E3,3.045E6,2,1,145,,,,,,,,,DETECTED,417.11728,417.1145,417.11874,6.2149,6.1776,6.3662,3.045E6,1.001E5,7.837E3,3.045E6,0.0308,1.5675,1.4262,2,-0.0155,4,1
1904,6.2149,6.1925,6.2479,439.09726,439.09555,439.09921,5.217E4,1.516E3,7.976E3,5.217E4,0,1,145,,,,,,,,,DETECTED,439.09726,439.09555,439.09921,6.2149,6.1925,6.2479,5.217E4,1.516E3,7.976E3,5.217E4,0.031,1.2381,1.6957,,,2,1
1905,6.2704,6.2376,6.308,503.33558,503.33478,503.33688,2.425E5,6.991E3,1.324E4,2.425E5,1,1,174,29,[M-H]-,2,504.34241,1906;1905,,,,DETECTED,503.33558,503.33478,503.33688,6.2704,6.2376,6.308,2.425E5,6.991E3,1.324E4,2.425E5,0.03,1.1215,1.0445,1,0.0023,2,1
1906,6.2704,6.2376,6.3035,549.34017,549.33807,549.3421,1.499E5,4.091E3,9.081E3,1.499E5,0,1,174,29,[M+FA]-,2,504.34241,1906;1905,,,,DETECTED,549.34017,549.33807,549.3421,6.2704,6.2376,6.3035,1.499E5,4.091E3,9.081E3,1.499E5,0.0262,1.0578,1.0865,,,3,1
1907,6.3035,6.2194,6.3413,447.16324,447.16068,447.16525,9.257E4,6.922E3,1.867E4,9.257E4,0,1,,,,,,,,,,DETECTED,447.16324,447.16068,447.16525,6.3035,6.2194,6.3413,9.257E4,6.922E3,1.867E4,9.257E4,0.0734,0.7247,0.4494,,,2,1
1908,6.3201,6.2853,6.527,399.10591,399.10333,399.10641,9.044E5,3.701E4,7.557E3,9.044E5,1,1,,,,,,,,,,DETECTED,399.10591,399.10333,399.10641,6.3201,6.2853,6.527,9.044E5,3.701E4,7.557E3,9.044E5,0.0301,2.3602,3.1173,1,-0.008,3,1
1909,6.3201,6.2944,6.3811,555.32642,555.32422,555.32971,6.75E4,3.273E3,6.188E3,6.75E4,0,1,40,,,,,,,,,DETECTED,555.32642,555.32422,555.32971,6.3201,6.2944,6.3811,6.75E4,3.273E3,6.188E3,6.75E4,0.0497,1.8452,2.9309,,,2,1
1910,6.3276,6.2762,6.4515,487.34173,487.33957,487.34213,1.318E6,7.807E4,2.063E4,1.318E6,2,1,40,,,,,,,,,DETECTED,487.34173,487.33957,487.34213,6.3276,6.2762,6.4515,1.318E6,7.807E4,2.063E4,1.318E6,0.0604,2.0722,2.9247,2,-0.0172,3,1
1911,6.3276,6.2807,6.456,533.34561,533.34387,533.34875,2.727E5,1.688E4,7.277E3,2.727E5,0,1,40,,,,,,,,,DETECTED,533.34561,533.34387,533.34875,6.3276,6.2807,6.456,2.727E5,1.688E4,7.277E3,2.727E5,0.0611,2.4234,3.0817,,,3,1
1912,6.3869,6.3513,6.4924,473.18009,473.17688,473.18097,8.532E5,4.088E4,1.108E4,8.532E5,2,1,,,,,,,,,,DETECTED,473.18009,473.17688,473.18097,6.3869,6.3513,6.4924,8.532E5,4.088E4,1.108E4,8.532E5,0.0479,1.8353,2.1986,2,-0.0138,3,1
1913,6.4005,6.3604,6.7706,194.07986,194.07889,194.08003,4.12E6,1.757E5,2.54E4,4.12E6,2,1,,,,,,,,,,DETECTED,194.07986,194.07889,194.08003,6.4005,6.3604,6.7706,4.12E6,1.757E5,2.54E4,4.12E6,0.0327,2.0388,21.4821,2,-0.0171,5,1
1917,6.4245,6.3811,6.7068,293.17436,293.17282,293.17493,1.558E6,5.203E4,7.261E3,1.558E6,1,1,,,,,,,,,,DETECTED,293.17436,293.17282,293.17493,6.4245,6.3811,6.7068,1.558E6,5.203E4,7.261E3,1.558E6,0.0279,1.9443,1.6155,1,-0.0126,3,1
1918,6.4697,6.4005,6.5543,459.12758,459.1257,459.12973,1.844E5,1.276E4,1.557E4,1.844E5,0,1,,,,,,,,,,DETECTED,459.12758,459.1257,459.12973,6.4697,6.4005,6.5543,1.844E5,1.276E4,1.557E4,1.844E5,0.0723,1.092,1.3415,,,3,1
1919,6.5073,6.4651,6.5841,389.12193,389.12073,389.12332,4.758E5,1.482E4,1.084E4,4.758E5,1,1,178,,,,,,,,,DETECTED,389.12193,389.12073,389.12332,6.5073,6.4651,6.5841,4.758E5,1.482E4,1.084E4,4.758E5,0.0236,1.2532,0.8226,1,-0.008,3,1
1920,6.5073,6.4651,6.6226,431.13237,431.13074,431.13333,3.486E5,1.313E4,7.881E3,3.486E5,1,1,178,,,,,,,,,DETECTED,431.13237,431.13074,431.13333,6.5073,6.4651,6.6226,3.486E5,1.313E4,7.881E3,3.486E5,0.0296,1.5087,1.5322,1,0.0041,2,1
1921,6.5194,6.4879,6.5588,401.15745,401.15549,401.15799,2.658E5,8.618E3,7.463E3,2.658E5,1,1,,,,,,,,,,DETECTED,401.15745,401.15549,401.15799,6.5194,6.4879,6.5588,2.658E5,8.618E3,7.463E3,2.658E5,0.0312,1.2614,1.5371,1,0.0023,3,1
1922,6.527,6.5027,6.5841,547.32463,547.3208,547.32745,1.16E5,3.933E3,8.554E3,1.16E5,0,1,93,30,[M+FA]-,2,502.32696,1924;1922,,,,DETECTED,547.32463,547.3208,547.32745,6.527,6.5027,6.5841,1.16E5,3.933E3,8.554E3,1.16E5,0.0345,1.5399,2.742,,,2,1
1923,6.5315,6.5027,6.6977,263.16345,263.16257,263.16403,1.75E5,7.967E3,6.1E3,1.75E5,0,1,93,,,,,,,,,DETECTED,263.16345,263.16257,263.16403,6.5315,6.5027,6.6977,1.75E5,7.967E3,6.1E3,1.75E5,0.0324,2.8184,2.9789,,,2,1
1924,6.5315,6.497,6.6318,501.32022,501.31769,501.32178,5.022E5,1.673E4,6.743E3,5.022E5,1,1,93,30,[M-H]-,2,502.32696,1924;1922,,,,DETECTED,501.32022,501.31769,501.32178,6.5315,6.497,6.6318,5.022E5,1.673E4,6.743E3,5.022E5,0.0292,1.645,1.5489,1,-0.008,3,1
1925,6.575,6.5452,6.6828,266.10153,266.10059,266.10275,1.478E5,5.764E3,6.178E3,1.478E5,0,1,33,,,,,,,,,DETECTED,266.10153,266.10059,266.10275,6.575,6.5452,6.6828,1.478E5,5.764E3,6.178E3,1.478E5,0.0338,1.933,2.7622,,,2,1
1926,6.5795,6.5497,6.6123,211.05889,211.0583,211.05925,5.564E4,1.708E3,8.317E3,5.564E4,0,1,33,,,,,,,,,DETECTED,211.05889,211.0583,211.05925,6.5795,6.5497,6.6123,5.564E4,1.708E3,8.317E3,5.564E4,0.033,1.051,1.0739,,,2,1
1927,6.5795,6.5497,6.6591,429.15187,429.15033,429.15417,9.052E4,3.399E3,6.792E3,9.052E4,0,1,33,,,,,,,,,DETECTED,429.15187,429.15033,429.15417,6.5795,6.5497,6.6591,9.052E4,3.399E3,6.792E3,9.052E4,0.0261,1.8132,2.671,,,2,1
1928,6.5886,6.5588,6.6545,401.15734,401.15533,401.15958,1.104E5,3.887E3,6.253E3,1.104E5,0,1,,,,,,,,,,DETECTED,401.15734,401.15533,401.15958,6.5886,6.5588,6.6545,1.104E5,3.887E3,6.253E3,1.104E5,0.0297,1.5964,1.7741,,,2,1
1929,6.5886,6.497,6.7341,417.11679,417.11469,417.11838,8.899E5,6.043E4,6.895E3,8.899E5,2,1,,,,,,,,,,DETECTED,417.11679,417.11469,417.11838,6.5886,6.497,6.7341,8.899E5,6.043E4,6.895E3,8.899E5,0.0934,1.31,1.522,2,-0.0275,2,1
1930,6.6272,6.5987,6.6727,251.12673,251.12642,251.12746,6.362E4,2.046E3,8.192E3,6.362E4,0,1,104,,,,,,,,,DETECTED,251.12673,251.12642,251.12746,6.6272,6.5987,6.6727,6.362E4,2.046E3,8.192E3,6.362E4,0.0515,1.2975,1.7471,,,2,1
1931,6.6272,6.5941,6.7113,433.18307,433.18143,433.18594,5.665E4,2.744E3,1.013E4,5.665E4,0,1,104,,,,,,,,,DETECTED,433.18307,433.18143,433.18594,6.6272,6.5941,6.7113,5.665E4,2.744E3,1.013E4,5.665E4,0.029,1.7709,2.5418,,,2,1
1932,6.6409,6.6123,6.7022,439.35095,439.349,439.35294,5.631E4,1.997E3,7.305E3,5.631E4,0,1,,,,,,,,,,DETECTED,439.35095,439.349,439.35294,6.6409,6.6123,6.7022,5.631E4,1.997E3,7.305E3,5.631E4,0.0258,1.5747,2.3058,,,2,1
1933,6.6782,6.6545,6.7113,525.17339,525.16992,525.17511,5.555E4,1.487E3,6.289E3,5.555E4,0,1,,,,,,,,,,DETECTED,525.17339,525.16992,525.17511,6.6782,6.6545,6.7113,5.555E4,1.487E3,6.289E3,5.555E4,0.0226,1.1978,1.7279,,,2,1
1934,6.6873,6.6636,6.725,445.14788,445.14658,445.14856,1.401E5,4.191E3,1.732E4,1.401E5,0,1,,,,,,,,,,DETECTED,445.14788,445.14658,445.14856,6.6873,6.6636,6.725,1.401E5,4.191E3,1.732E4,1.401E5,0.0271,1.294,1.8639,,,3,1
1935,6.7068,6.6727,6.7751,487.19532,487.1907,487.19806,2.261E5,1.058E4,6.658E3,2.261E5,0,1,,,,,,,,,,DETECTED,487.19532,487.1907,487.19806,6.7068,6.6727,6.7751,2.261E5,1.058E4,6.658E3,2.261E5,0.0405,1.5044,3.1369,,,3,1
1936,6.7706,6.7444,6.8322,721.36032,721.35486,721.36212,1.482E6,3.756E4,2.626E4,1.482E6,1,1,2,,,,,,,,,DETECTED,721.36032,721.35486,721.36212,6.7706,6.7444,6.8322,1.482E6,3.756E4,2.626E4,1.482E6,0.0224,2.0508,2.2812,1,-0.0035,4,1
1937,6.7706,6.7444,6.8322,722.36066,722.3551,722.36322,4.691E5,1.265E4,8.597E3,4.691E5,0,1,2,,,,,,,,,DETECTED,722.36066,722.3551,722.36322,6.7706,6.7444,6.8322,4.691E5,1.265E4,8.597E3,4.691E5,0.0251,1.8873,2.2118,,,4,1
1938,6.7797,6.6181,6.8814,433.14795,433.14563,433.15048,5.595E4,6.448E3,7.413E3,5.595E4,0,1,,,,,,,,,,DETECTED,433.14795,433.14563,433.15048,6.7797,6.6181,6.8814,5.595E4,6.448E3,7.413E3,5.595E4,0.2494,0.8147,0.5983,,,2,1
1939,6.7888,6.7602,6.8322,525.17249,525.17084,525.17499,1.01E5,2.955E3,8.838E3,1.01E5,0,1,,,,,,,,,,DETECTED,525.17249,525.17084,525.17499,6.7888,6.7602,6.8322,1.01E5,2.955E3,8.838E3,1.01E5,0.0258,1.5045,1.5586,,,3,1
1942,6.8902,6.7159,7.0372,195.06361,195.0631,195.06378,2.47E6,4.377E5,8.899E4,2.47E6,6,1,26,,,,,,,,,DETECTED,195.06361,195.0631,195.06378,6.8902,6.7159,7.0372,2.47E6,4.377E5,8.899E4,2.47E6,0.1819,0.935,0.9652,6,-0.1493,3,1
1943,6.8902,6.8632,6.9245,447.16263,447.16159,447.16336,1.752E5,5.357E3,2.015E4,1.752E5,0,1,,,,,,,,,,DETECTED,447.16263,447.16159,447.16336,6.8902,6.8632,6.9245,1.752E5,5.357E3,2.015E4,1.752E5,0.0257,1.1353,1.2707,,,2,1
1944,6.8947,6.886,7.0521,403.09559,403.09488,403.09634,2.048E5,1.998E4,6.129E4,2.048E5,0,1,,,,,,,,,,DETECTED,403.09559,403.09488,403.09634,6.8947,6.886,7.0521,2.048E5,1.998E4,6.129E4,2.048E5,0.1253,9.4484,17.8968,,,2,1
1946,6.9108,6.8902,6.9571,487.34005,487.33783,487.34329,1.038E5,3.651E3,2.621E4,1.038E5,0,1,,,,,,,,,,DETECTED,487.34005,487.33783,487.34329,6.9108,6.8902,6.9571,1.038E5,3.651E3,2.621E4,1.038E5,0.0291,1.6223,2.2447,,,2,1
1948,6.9393,6.6636,7.4492,403.13928,403.13617,403.14008,2.679E7,5.718E6,1.159E5,2.679E7,13,1,26,,,,,,,,,DETECTED,403.13928,403.13617,403.14008,6.9393,6.6636,7.4492,2.679E7,5.718E6,1.159E5,2.679E7,0.2191,0.9827,0.6464,13,-0.2451,5,1
1954,6.9393,6.9199,7.0053,463.15773,463.15515,463.16071,1.89E5,6.814E3,1.566E4,1.89E5,0,1,,,,,,,,,,DETECTED,463.15773,463.15515,463.16071,6.9393,6.9199,7.0053,1.89E5,6.814E3,1.566E4,1.89E5,0.0315,2.2359,2.9606,,,3,1
1959,6.9926,6.9245,7.1197,237.07448,237.07341,237.0748,3.014E6,1.213E5,1.953E4,3.014E6,2,1,77,,,,,,,,,DETECTED,237.07448,237.07341,237.0748,6.9926,6.9245,7.1197,3.014E6,1.213E5,1.953E4,3.014E6,0.0297,1.8207,1.7521,2,-0.0183,2,1
1961,6.9926,6.8276,7.1777,445.14929,445.14621,445.14981,1.709E7,6.848E5,1.881E4,1.709E7,4,1,77,,,,,,,,,DETECTED,445.14929,445.14621,445.14981,6.9926,6.8276,7.1777,1.709E7,6.848E5,1.881E4,1.709E7,0.0797,2.0391,1.7156,4,-0.051,2,1
1964,6.9926,6.9245,7.1777,447.16261,447.16107,447.1637,4.058E6,1.708E5,1.877E4,4.058E6,0,1,77,,,,,,,,,DETECTED,447.16261,447.16107,447.1637,6.9926,6.9245,7.1777,4.058E6,1.708E5,1.877E4,4.058E6,0.0442,2.2216,4.0895,,,3,1
1965,6.9926,6.9393,7.1677,448.16571,448.16452,448.16867,7.283E5,3.074E4,5.9E3,7.283E5,1,1,77,,,,,,,,,DETECTED,448.16571,448.16452,448.16867,6.9926,6.9393,7.1677,7.283E5,3.074E4,5.9E3,7.283E5,0.0288,2.387,4.1245,1,-0.0043,3,1
1969,6.9926,6.8322,7.1573,475.19452,475.19308,475.19614,3.103E5,6.078E4,3.673E4,3.103E5,4,1,,,,,,,,,,DETECTED,475.19452,475.19308,475.19614,6.9926,6.8322,7.1573,3.103E5,6.078E4,3.673E4,3.103E5,0.2215,1.0132,1.0308,4,-0.0493,2,1
1970,7.0252,6.9926,7.1334,375.17908,375.17694,375.18127,4.669E5,1.573E4,8.18E3,4.669E5,1,1,,,,,,,,,,DETECTED,375.17908,375.17694,375.18127,7.0252,6.9926,7.1334,4.669E5,1.573E4,8.18E3,4.669E5,0.028,2.2222,2.1515,1,0.004,3,1
1971,7.0418,6.9926,7.1197,553.30924,553.30585,553.31152,8.149E4,5.188E3,7.321E3,8.149E4,0,1,108,,,,,,,,,DETECTED,553.30924,553.30585,553.31152,7.0418,6.9926,7.1197,8.149E4,5.188E3,7.321E3,8.149E4,0.0802,1.3065,1.4324,,,2,1
1972,7.0463,6.9775,7.2225,485.32611,485.3222,485.32892,3.131E6,1.901E5,1.071E4,3.131E6,3,1,108,,,,,,,,,DETECTED,485.32611,485.3222,485.32892,7.0463,6.9775,7.2225,3.131E6,1.901E5,1.071E4,3.131E6,0.0606,1.1402,0.9429,3,-0.0496,4,1
1974,7.0463,6.986,7.1573,531.32898,531.32556,531.33075,4.006E5,2.763E4,1.284E4,4.006E5,0,1,108,,,,,,,,,DETECTED,531.32898,531.32556,531.33075,7.0463,6.986,7.1573,4.006E5,2.763E4,1.284E4,4.006E5,0.0665,1.193,1.0402,,,3,1
1975,7.0579,6.972,7.1197,239.08997,239.08937,239.09024,6.944E5,3.49E4,3.05E4,6.944E5,1,1,,,,,,,,,,DETECTED,239.08997,239.08937,239.09024,7.0579,6.972,7.1197,6.944E5,3.49E4,3.05E4,6.944E5,0.0316,0.793,0.4087,1,0.0218,3,1
1976,7.0654,7.0252,7.1619,277.14242,277.14172,277.14343,7.034E4,3.828E3,6.709E3,7.034E4,0,1,74,,,,,,,,,DETECTED,277.14242,277.14172,277.14343,7.0654,7.0252,7.1619,7.034E4,3.828E3,6.709E3,7.034E4,0.0473,1.7484,2.2652,,,2,1
1977,7.07,7.0372,7.1482,195.06365,195.06313,195.06386,2.413E6,8.46E4,1.026E5,2.413E6,2,1,74,,,,,,,,,DETECTED,195.06365,195.06313,195.06386,7.07,7.0372,7.1482,2.413E6,8.46E4,1.026E5,2.413E6,0.0252,1.6434,1.1249,2,-0.0098,3,1
1978,7.0877,7.0521,7.1482,267.12193,267.1203,267.12225,2.135E5,8.268E3,2.206E4,2.135E5,0,1,,,,,,,,,,DETECTED,267.12193,267.1203,267.12225,7.0877,7.0521,7.1482,2.135E5,8.268E3,2.206E4,2.135E5,0.0352,1.3484,2.0392,,,2,1
1979,7.1379,7.1036,7.2839,427.13745,427.13541,427.13791,1.601E6,1.031E5,8.412E3,1.601E6,2,1,,,,,,,,,,DETECTED,427.13745,427.13541,427.13791,7.1379,7.1036,7.2839,1.601E6,1.031E5,8.412E3,1.601E6,0.0252,3.2976,4.752,2,-0.008,5,1
1981,7.1852,7.1482,7.3448,267.12197,267.12097,267.12344,5.838E5,2.355E4,7.069E3,5.838E5,1,1,27,,,,,,,,,DETECTED,267.12197,267.12097,267.12344,7.1852,7.1482,7.3448,5.838E5,2.355E4,7.069E3,5.838E5,0.0324,1.5928,2.6976,1,-0.0035,3,1
1982,7.1927,7.1619,7.2076,235.09491,235.0947,235.09515,9.972E4,2.81E3,3.703E4,9.972E4,0,1,27,,,,,,,,,DETECTED,235.09491,235.0947,235.09515,7.1927,7.1619,7.2076,9.972E4,2.81E3,3.703E4,9.972E4,0.0288,0.7416,0.4832,,,3,1
1984,7.203,7.0521,7.3879,417.15367,417.15097,417.15439,3.886E6,2.17E5,3.874E4,3.886E6,3,1,126,,,,,,,,,DETECTED,417.15367,417.15097,417.15439,7.203,7.0521,7.3879,3.886E6,2.17E5,3.874E4,3.886E6,0.037,1.3633,1.0876,3,-0.0388,3,1
1986,7.2076,7.1777,7.239,209.07872,209.07854,209.07932,6.161E4,2.288E3,1.177E4,6.161E4,0,1,126,,,,,,,,,DETECTED,209.07872,209.07854,209.07932,7.2076,7.1777,7.239,6.161E4,2.288E3,1.177E4,6.161E4,0.038,1.0268,1.0537,,,2,1
1988,7.239,7.2167,7.3091,209.0428,209.04204,209.0432,1.076E5,3.432E3,5.991E3,1.076E5,0,1,166,,,,,,,,,DETECTED,209.0428,209.04204,209.0432,7.239,7.2167,7.3091,1.076E5,3.432E3,5.991E3,1.076E5,0.0271,1.8521,2.5894,,,2,1
1989,7.239,7.2076,7.2839,445.14846,445.14777,445.14893,8.767E5,2.661E4,2.02E4,8.767E5,1,1,166,,,,,,,,,DETECTED,445.14846,445.14777,445.14893,7.239,7.2076,7.2839,8.767E5,2.661E4,2.02E4,8.767E5,0.0271,1.4733,1.7797,1,-0.0035,5,1
1990,7.2793,7.2436,7.4085,375.10675,375.10425,375.10782,7.024E5,2.341E4,6.52E3,7.024E5,1,1,,,,,,,,,,DETECTED,375.10675,375.10425,375.10782,7.2793,7.2436,7.4085,7.024E5,2.341E4,6.52E3,7.024E5,0.0275,1.6064,1.8333,1,-0.0035,3,1
1991,7.3091,7.2839,7.373,427.13631,427.13412,427.13916,1.755E5,7.453E3,2.292E4,1.755E5,0,1,,,,,,,,,,DETECTED,427.13631,427.13412,427.13916,7.3091,7.2839,7.373,1.755E5,7.453E3,2.292E4,1.755E5,0.038,1.7688,2.6907,,,3,1
1992,7.3211,7.239,7.4492,251.09014,251.0892,251.09073,3.765E5,2.422E4,6.855E3,3.765E5,2,1,157,,,,,,,,,DETECTED,251.09014,251.0892,251.09073,7.3211,7.239,7.4492,3.765E5,2.422E4,6.855E3,3.765E5,0.0661,1.9216,3.7892,2,-0.0035,2,1
1993,7.3211,7.227,7.4595,459.16529,459.1619,459.16577,2.472E6,1.611E5,9.373E3,2.472E6,2,1,157,,,,,,,,,DETECTED,459.16529,459.1619,459.16577,7.3211,7.227,7.4595,2.472E6,1.611E5,9.373E3,2.472E6,0.0709,2.2544,4.1912,2,-0.0155,3,1
1995,7.3552,7.3211,7.5103,461.17835,461.17569,461.17987,4.778E5,2.565E4,2.572E4,4.778E5,0,1,,,,,,,,,,DETECTED,461.17835,461.17569,461.17987,7.3552,7.3211,7.5103,4.778E5,2.565E4,2.572E4,4.778E5,0.031,2.6648,3.996,,,3,1
1996,7.3552,7.2718,7.4716,487.1586,487.155,487.16132,1.885E5,1.397E4,7.871E3,1.885E5,0,1,,,,,,,,,,DETECTED,487.1586,487.155,487.16132,7.3552,7.2718,7.4716,1.885E5,1.397E4,7.871E3,1.885E5,0.0676,1.2149,1.0745,,,3,1
1999,7.3833,7.3506,7.5612,233.1522,233.15163,233.15288,1.434E5,9.522E3,1.48E4,1.434E5,0,1,,,,,,,,,,DETECTED,233.1522,233.15163,233.15288,7.3833,7.3506,7.5612,1.434E5,9.522E3,1.48E4,1.434E5,0.0344,3.2173,5.4417,,,2,1
2000,7.3937,7.3302,7.4671,417.11677,417.11609,417.11795,4.449E5,1.575E4,1.496E4,4.449E5,1,1,137,,,,,,,,,DETECTED,417.11677,417.11609,417.11795,7.3937,7.3302,7.4671,4.449E5,1.575E4,1.496E4,4.449E5,0.0558,0.9969,0.8009,1,-0.0035,3,1
2001,7.3937,7.2627,7.4492,489.21042,489.20869,489.21164,6.201E4,6.437E3,9.031E3,6.201E4,0,1,,,,,,,,,,DETECTED,489.21042,489.20869,489.21164,7.3937,7.2627,7.4492,6.201E4,6.437E3,9.031E3,6.201E4,0.0885,0.7121,0.4361,,,2,1
2002,7.3982,7.373,7.5612,427.13641,427.13391,427.13956,2.619E5,1.083E4,7.319E3,2.619E5,0,1,137,,,,,,,,,DETECTED,427.13641,427.13391,427.13956,7.3982,7.373,7.5612,2.619E5,1.083E4,7.319E3,2.619E5,0.0294,5.9706,2.7649,,,3,1
2003,7.3982,7.3673,7.4957,471.3455,471.34323,471.34711,1.902E5,9.209E3,1.131E4,1.902E5,0,1,137,,,,,,,,,DETECTED,471.3455,471.34323,471.34711,7.3982,7.3673,7.4957,1.902E5,9.209E3,1.131E4,1.902E5,0.0438,2.408,4.0971,,,3,1
2004,7.3982,7.373,7.4298,475.19515,475.19421,475.19577,1.144E5,4.218E3,3.873E4,1.144E5,0,1,137,,,,,,,,,DETECTED,475.19515,475.19421,475.19577,7.3982,7.373,7.4298,1.144E5,4.218E3,3.873E4,1.144E5,0.0401,1.1266,1.2532,,,2,1
2005,7.4085,7.2987,7.5715,297.15091,297.14993,297.15155,6.532E4,9.185E3,6.525E3,6.532E4,0,1,120,,,,,,,,,DETECTED,297.15091,297.14993,297.15155,7.4085,7.2987,7.5715,6.532E4,9.185E3,6.525E3,6.532E4,0.1434,1.1897,1.6813,,,2,1
2006,7.4085,7.2839,7.6057,445.14896,445.14706,445.14941,2.992E6,3.564E5,4.93E4,2.992E6,4,1,120,,,,,,,,,DETECTED,445.14896,445.14706,445.14941,7.4085,7.2839,7.6057,2.992E6,3.564E5,4.93E4,2.992E6,0.1095,1.0868,1.2366,4,-0.0926,3,1
2007,7.4298,7.3937,7.5048,253.10601,253.1049,253.10648,6.354E4,4.093E3,1.414E4,6.354E4,0,1,,,,,,,,,,DETECTED,253.10601,253.1049,253.10648,7.4298,7.3937,7.5048,6.354E4,4.093E3,1.414E4,6.354E4,0.0597,1.5394,2.0788,,,2,1
2008,7.4343,7.4028,7.5103,433.14692,433.14291,433.14963,2.55E5,8.833E3,1.478E4,2.55E5,0,1,,,,,,,,,,DETECTED,433.14692,433.14291,433.14963,7.4343,7.4028,7.5103,2.55E5,8.833E3,1.478E4,2.55E5,0.0268,1.6901,1.7215,,,3,1
2010,7.4671,7.4298,7.5492,343.18937,343.18869,343.19003,8.425E5,2.681E4,8.543E3,8.425E5,1,1,101,,,,,,,,,DETECTED,343.18937,343.18869,343.19003,7.4671,7.4298,7.5492,8.425E5,2.681E4,8.543E3,8.425E5,0.0261,1.5983,1.4038,1,-0.0052,3,1
2011,7.4671,7.4298,7.4957,429.18852,429.18716,429.18939,2.175E5,6.536E3,8.352E3,2.175E5,0,1,101,,,,,,,,,DETECTED,429.18852,429.18716,429.18939,7.4671,7.4298,7.4957,2.175E5,6.536E3,8.352E3,2.175E5,0.0362,0.963,1.0646,,,2,1
2012,7.4671,7.4389,7.5806,441.15256,441.15051,441.15488,1.95E5,8.455E3,6.653E3,1.95E5,0,1,101,,,,,,,,,DETECTED,441.15256,441.15051,441.15488,7.4671,7.4389,7.5806,1.95E5,8.455E3,6.653E3,1.95E5,0.031,2.5503,3.3674,,,7,1
2013,7.4774,7.3879,7.701,417.1524,417.15115,417.15317,6.786E5,5.009E4,4.348E4,6.786E5,2,1,96,,,,,,,,,DETECTED,417.1524,417.15115,417.15317,7.4774,7.3879,7.701,6.786E5,5.009E4,4.348E4,6.786E5,0.0339,1.8288,3.692,2,-0.0138,3,1
2014,7.4774,7.4298,7.5285,473.17915,473.17737,473.17987,2.489E5,8.627E3,1.501E4,2.489E5,1,1,96,,,,,,,,,DETECTED,473.17915,473.17737,473.17987,7.4774,7.4298,7.5285,2.489E5,8.627E3,1.501E4,2.489E5,0.0305,1.1353,0.8591,1,0.0041,3,1
2015,7.4866,7.4389,7.6536,221.15242,221.15135,221.15295,9.461E5,3.17E4,6.477E3,9.461E5,1,1,96,,,,,,,,,DETECTED,221.15242,221.15135,221.15295,7.4866,7.4389,7.6536,9.461E5,3.17E4,6.477E3,9.461E5,0.0258,1.7232,1.2248,1,-0.0127,3,1
2016,7.4866,7.4595,7.5194,389.12134,389.12045,389.12203,8.389E4,2.626E3,1.413E4,8.389E4,0,1,96,,,,,,,,,DETECTED,389.12134,389.12045,389.12203,7.4866,7.4595,7.5194,8.389E4,2.626E3,1.413E4,8.389E4,0.031,1.1057,1.2115,,,2,1
2017,7.4866,7.455,7.524,564.32628,564.32306,564.33069,8.64E4,2.5E3,6.816E3,8.64E4,0,1,96,,,,,,,,,DETECTED,564.32628,564.32306,564.33069,7.4866,7.455,7.524,8.64E4,2.5E3,6.816E3,8.64E4,0.0246,1.0702,1.0585,,,2,1
2018,7.5048,7.4595,7.6297,459.1638,459.1619,459.16498,1.662E5,7.503E3,6.014E3,1.662E5,0,1,72,,,,,,,,,DETECTED,459.1638,459.1619,459.16498,7.5048,7.4595,7.6297,1.662E5,7.503E3,6.014E3,1.662E5,0.0377,1.7511,1.4093,,,2,1
2019,7.5048,7.4716,7.5389,559.3084,559.30646,559.30994,1.62E5,4.406E3,8.312E3,1.62E5,0,1,72,,,,,,,,,DETECTED,559.3084,559.30646,559.30994,7.5048,7.4716,7.5389,1.62E5,4.406E3,8.312E3,1.62E5,0.0299,1.1177,1.2652,,,3,1
2021,7.5194,7.4957,7.6433,429.1886,429.1864,429.19128,2.575E5,1.034E4,7.026E3,2.575E5,0,1,58,,,,,,,,,DETECTED,429.1886,429.1864,429.19128,7.5194,7.4957,7.6433,2.575E5,1.034E4,7.026E3,2.575E5,0.0263,2.3885,3.1528,,,2,1
2022,7.5194,7.4492,7.5882,457.18389,457.18085,457.18549,5.665E4,3.856E3,6.949E3,5.665E4,0,1,58,,,,,,,,,DETECTED,457.18389,457.18085,457.18549,7.5194,7.4492,7.5882,5.665E4,3.856E3,6.949E3,5.665E4,0.0775,0.9896,0.9473,,,3,1
2023,7.5446,7.5103,7.5761,433.1459,433.14328,433.14734,9.837E4,3.312E3,1.497E4,9.837E4,0,1,,,,,,,,,,DETECTED,433.1459,433.14328,433.14734,7.5446,7.5103,7.5761,9.837E4,3.312E3,1.497E4,9.837E4,0.0312,0.9584,0.7404,,,3,1
2024,7.5567,7.4492,7.6206,489.21063,489.20767,489.21176,7.047E4,8.144E3,2.538E4,7.047E4,0,1,,,,,,,,,,DETECTED,489.21063,489.20767,489.21176,7.5567,7.4492,7.6206,7.047E4,8.144E3,2.538E4,7.047E4,0.1336,0.7973,0.5947,,,2,1
2025,7.5806,7.5612,7.6206,239.09007,239.08981,239.09052,2.457E5,6.471E3,1.766E4,2.457E5,1,1,35,,,,,,,,,DETECTED,239.09007,239.08981,239.09052,7.5806,7.5612,7.6206,2.457E5,6.471E3,1.766E4,2.457E5,0.0301,1.5267,2.7324,1,0.0041,3,1
2026,7.5806,7.5492,7.7202,343.18897,343.18683,343.19022,2.1E5,9.794E3,1.223E4,2.1E5,0,1,35,,,,,,,,,DETECTED,343.18897,343.18683,343.19022,7.5806,7.5492,7.7202,2.1E5,9.794E3,1.223E4,2.1E5,0.0387,2.3131,2.4642,,,3,1
2029,7.5806,7.5492,7.6433,447.16328,447.16071,447.16425,3.787E5,1.131E4,1.666E4,3.787E5,1,1,35,,,,,,,,,DETECTED,447.16328,447.16071,447.16425,7.5806,7.5492,7.6433,3.787E5,1.131E4,1.666E4,3.787E5,0.0246,1.6314,1.4531,1,0.0023,3,1
2030,7.6011,7.5612,7.6433,471.3457,471.34335,471.34692,3.508E5,1.35E4,1.443E4,3.508E5,1,1,17,31,[M-H]-,2,472.35247,2030;2033,,,,DETECTED,471.3457,471.34335,471.34692,7.6011,7.5612,7.6433,3.508E5,1.35E4,1.443E4,3.508E5,0.0391,1.1269,1.3971,1,-0.0035,3,1
2032,7.6148,7.567,7.6952,477.17409,477.17178,477.17603,9.89E4,4.277E3,8.55E3,9.89E4,0,1,,,,,,,,,,DETECTED,477.17409,477.17178,477.17603,7.6148,7.567,7.6952,9.89E4,4.277E3,8.55E3,9.89E4,0.0388,1.2267,1.8235,,,4,1
2033,7.6148,7.5612,7.6433,517.35017,517.34814,517.35278,1.238E5,5.062E3,6.855E3,1.238E5,0,1,17,31,[M+FA]-,2,472.35247,2030;2033,,,,DETECTED,517.35017,517.34814,517.35278,7.6148,7.5612,7.6433,1.238E5,5.062E3,6.855E3,1.238E5,0.0506,0.7971,0.7248,,,3,1
2034,7.6536,7.5715,7.7712,297.15118,297.14993,297.15317,7.533E4,6.263E3,1.106E4,7.533E4,0,1,,,,,,,,,,DETECTED,297.15118,297.14993,297.15317,7.6536,7.5715,7.7712,7.533E4,6.263E3,1.106E4,7.533E4,0.0581,1.2157,1.3437,,,2,1
2035,7.6536,7.6251,7.6952,399.10532,399.10342,399.1076,9.24E4,2.806E3,1.076E4,9.24E4,0,1,,,,,,,,,,DETECTED,399.10532,399.10342,399.1076,7.6536,7.6251,7.6952,9.24E4,2.806E3,1.076E4,9.24E4,0.0244,1.2282,1.7991,,,2,1
2036,7.6536,7.6057,7.7156,445.14795,445.14664,445.1485,2.354E5,1.455E4,2.103E4,2.354E5,0,1,,,,,,,,,,DETECTED,445.14795,445.14664,445.1485,7.6536,7.6057,7.7156,2.354E5,1.455E4,2.103E4,2.354E5,0.0631,1.1327,1.185,,,2,1
2037,7.6816,7.6206,7.7156,489.20954,489.20465,489.21191,5.82E4,3.862E3,2.538E4,5.82E4,0,1,,,,,,,,,,DETECTED,489.20954,489.20465,489.21191,7.6816,7.6206,7.7156,5.82E4,3.862E3,2.538E4,5.82E4,0.0773,0.7793,0.5586,,,2,1
2038,7.6907,7.6342,7.7257,461.17852,461.17645,461.17972,5.163E4,2.113E3,8.843E3,5.163E4,0,1,0,,,,,,,,,DETECTED,461.17852,461.17645,461.17972,7.6907,7.6342,7.7257,5.163E4,2.113E3,8.843E3,5.163E4,0.0396,0.8104,0.6093,,,2,1
2039,7.6907,7.6433,7.7202,471.34508,471.3436,471.34662,4.335E5,1.802E4,4.568E4,4.335E5,1,1,0,32,[M-H]-,2,472.35207,2042;2039,,,,DETECTED,471.34508,471.3436,471.34662,7.6907,7.6433,7.7202,4.335E5,1.802E4,4.568E4,4.335E5,0.0468,0.8116,0.5309,1,-0.0051,3,1
2040,7.6907,7.6102,7.7314,473.17919,473.17725,473.18005,9.287E5,2.825E4,1.413E4,9.287E5,1,1,0,,,,,,,,,DETECTED,473.17919,473.17725,473.18005,7.6907,7.6102,7.7314,9.287E5,2.825E4,1.413E4,9.287E5,0.0239,0.9521,0.6981,1,-0.0068,4,1
2042,7.6907,7.6433,7.7912,517.34998,517.34888,517.35388,1.899E5,9.846E3,1.617E4,1.899E5,0,1,0,32,[M+FA]-,2,472.35207,2042;2039,,,,DETECTED,517.34998,517.34888,517.35388,7.6907,7.6433,7.7912,1.899E5,9.846E3,1.617E4,1.899E5,0.0454,1.5591,1.4981,,,3,1
2046,7.7156,7.6952,7.7912,243.19394,243.19351,243.19496,1.976E5,6.886E3,1.357E4,1.976E5,0,1,131,,,,,,,,,DETECTED,243.19394,243.19351,243.19496,7.7156,7.6952,7.7912,1.976E5,6.886E3,1.357E4,1.976E5,0.0333,3.4717,2.9537,,,2,1
2048,7.7156,7.676,7.9588,389.1235,389.12045,389.12494,3.849E7,1.662E6,2.673E4,3.849E7,4,1,131,,,,,,,,,DETECTED,389.1235,389.12045,389.12494,7.7156,7.676,7.9588,3.849E7,1.662E6,2.673E4,3.849E7,0.037,2.7929,3.7023,4,-0.0181,4,1
2058,7.7712,7.7314,7.8659,473.17972,473.17712,473.18027,5.757E6,2.294E5,7.007E4,5.757E6,2,1,7,,,,,,,,,DETECTED,473.17972,473.17712,473.18027,7.7712,7.7314,7.8659,5.757E6,2.294E5,7.007E4,5.757E6,0.0361,1.3897,1.547,2,-0.0223,4,1
2059,7.7754,7.7359,7.8481,237.07378,237.07266,237.07428,3.799E5,1.723E4,1.992E4,3.799E5,1,1,7,,,,,,,,,DETECTED,237.07378,237.07266,237.07428,7.7754,7.7359,7.8481,3.799E5,1.723E4,1.992E4,3.799E5,0.038,1.3809,1.5642,1,-0.0119,2,1
2060,7.8201,7.6582,8.0255,195.0627,195.06218,195.06343,4.652E5,1.093E5,1.039E5,4.652E5,6,1,,,,,,,,,,DETECTED,195.0627,195.06218,195.06343,7.8201,7.6582,8.0255,4.652E5,1.093E5,1.039E5,4.652E5,0.2619,1.134,1.2681,6,-0.1329,2,1
2064,7.8201,7.7997,7.8437,452.27632,452.27527,452.27704,1.099E5,2.098E3,2.952E4,1.099E5,0,1,,,,,,,,,,DETECTED,452.27632,452.27527,452.27704,7.8201,7.7997,7.8437,1.099E5,2.098E3,2.952E4,1.099E5,0.0079,1.0767,1.1535,,,2,1
2069,7.8906,7.8243,7.9408,475.1914,475.18802,475.19263,8.238E5,3.605E4,3.228E4,8.238E5,1,1,,,,,,,,,,DETECTED,475.1914,475.18802,475.19263,7.8906,7.8243,7.9408,8.238E5,3.605E4,3.228E4,8.238E5,0.0474,0.9896,1.5942,1,-0.0136,3,1
2071,7.9109,7.8747,7.9779,237.07373,237.07314,237.07434,8.051E5,2.535E4,2.614E4,8.051E5,1,1,52,,,,,,,,,DETECTED,237.07373,237.07314,237.07434,7.9109,7.8747,7.9779,8.051E5,2.535E4,2.614E4,8.051E5,0.027,1.466,1.4134,1,-0.0072,2,1
2072,7.9109,7.8659,8.0085,473.17909,473.17624,473.17969,7.467E6,2.46E5,7.007E4,7.467E6,2,1,52,,,,,,,,,DETECTED,473.17909,473.17624,473.17969,7.9109,7.8659,8.0085,7.467E6,2.46E5,7.007E4,7.467E6,0.0279,2.4205,1.3691,2,-0.0227,4,1
2075,7.9715,7.9408,8.07,475.19222,475.18896,475.19339,9.533E5,4.666E4,1.092E5,9.533E5,1,1,,,,,,,,,,DETECTED,475.19222,475.18896,475.19339,7.9715,7.9408,8.07,9.533E5,4.666E4,1.092E5,9.533E5,0.0367,2.1023,3.1911,1,0.0808,3,1
2079,8.0378,8.0255,8.0866,195.06259,195.06219,195.06281,4.615E5,1.477E4,7.499E4,4.615E5,1,1,,,,,,,,,,DETECTED,195.06259,195.06219,195.06281,8.0378,8.0255,8.0866,4.615E5,1.477E4,7.499E4,4.615E5,0.0325,2.4858,3.9717,1,0.004,2,1
2080,8.0378,7.6582,8.1001,223.09489,223.09467,223.09531,1.533E7,2.086E6,1.132E5,1.533E7,8,1,116,,,,,,,,,DETECTED,223.09489,223.09467,223.09531,8.0378,7.6582,8.1001,1.533E7,2.086E6,1.132E5,1.533E7,0.0789,0.5911,0.2089,8,-0.3652,3,1
2082,8.0378,7.9952,8.07,239.08956,239.08899,239.09,2.424E5,7.847E3,3.763E4,2.424E5,1,,,,,,,,,,,DETECTED,239.08956,239.08899,239.09,8.0378,7.9952,8.07,2.424E5,7.847E3,3.763E4,2.424E5,0.028,0.8777,0.7554,1,0.0056,,
2086,8.0378,7.6251,8.1001,431.17088,431.16861,431.17218,1.56E8,2.819E7,1.252E6,1.56E8,9,1,116,,,,,,,,,DETECTED,431.17088,431.16861,431.17218,8.0378,7.6251,8.1001,1.56E8,2.819E7,1.252E6,1.56E8,0.1321,0.5875,0.1994,9,-0.3876,4,1
2095,8.078,7.664,8.3239,434.17363,434.17117,434.17706,5.505E5,1.438E5,1.471E4,5.505E5,5,1,116,,,,,,,,,DETECTED,434.17363,434.17117,434.17706,8.078,7.664,8.3239,5.505E5,1.438E5,1.471E4,5.505E5,0.0909,0.8108,0.6332,5,-0.1441,2,1
2096,8.1047,8.1001,8.171,223.09477,223.09467,223.09509,6.018E6,2.753E5,2.757E6,6.018E6,2,1,148,,,,,,,,,DETECTED,223.09477,223.09467,223.09509,8.1047,8.1001,8.171,6.018E6,2.753E5,2.757E6,6.018E6,0.0627,7.6341,14.2682,2,0.0068,3,1
2098,8.1047,8.0041,8.1556,487.19425,487.19318,487.19928,1.01E6,5.949E4,3.894E4,1.01E6,2,1,,,,,,,,,,DETECTED,487.19425,487.19318,487.19928,8.1047,8.0041,8.1556,1.01E6,5.949E4,3.894E4,1.01E6,0.0279,0.8011,0.6069,2,-0.0506,3,1
2101,8.1283,8.1001,8.485,431.17079,431.16849,431.17178,1.18E8,1.354E7,1.056E6,1.18E8,7,1,148,,,,,,,,,DETECTED,431.17079,431.16849,431.17178,8.1283,8.1001,8.485,1.18E8,1.354E7,1.056E6,1.18E8,0.0716,5.528,8.8072,7,0.0068,4,1
2108,8.192,8.1556,8.3433,487.1941,487.19254,487.19754,1.114E6,7.395E4,1.607E4,1.114E6,1,1,,,,,,,,,,DETECTED,487.1941,487.19254,487.19754,8.192,8.1556,8.3433,1.114E6,7.395E4,1.607E4,1.114E6,0.0691,2.0674,2.732,1,0.032,2,1
2109,8.216,8.1556,8.3433,311.16592,311.16479,311.16754,1.387E5,1.55E4,2.468E4,1.387E5,0,1,,,,,,,,,,DETECTED,311.16592,311.16479,311.16754,8.216,8.1556,8.3433,1.387E5,1.55E4,2.468E4,1.387E5,0.1184,1.5539,2.1078,,,2,1
2113,8.2376,8.1459,8.2937,473.17773,473.17526,473.17865,2.788E5,2.146E4,2.446E4,2.788E5,1,1,,,,,,,,,,DETECTED,473.17773,473.17526,473.17865,8.2376,8.1459,8.2937,2.788E5,2.146E4,2.446E4,2.788E5,0.1019,0.8317,0.6285,1,-0.012,3,1
2115,8.2898,8.2426,8.4185,489.20811,489.20383,489.21173,3.912E5,2.191E4,3.53E4,3.912E5,1,1,,,,,,,,,,DETECTED,489.20811,489.20383,489.21173,8.2898,8.2426,8.4185,3.912E5,2.191E4,3.53E4,3.912E5,0.3355,1.8408,2.1691,1,-0.0027,2,1
2117,8.3186,8.2937,8.3733,513.1327,513.12952,513.13458,2.234E5,7.648E3,2.102E4,2.234E5,0,1,69,,,,,,,,,DETECTED,513.1327,513.12952,513.13458,8.3186,8.2937,8.3733,2.234E5,7.648E3,2.102E4,2.234E5,0.0307,1.5396,2.089,,,2,1
2118,8.3239,8.3035,8.3475,446.15428,446.15137,446.15604,1.193E6,3.239E4,3.663E5,1.193E6,1,1,69,,,,,,,,,DETECTED,446.15428,446.15137,446.15604,8.3239,8.3035,8.3475,1.193E6,3.239E4,3.663E5,1.193E6,0.0282,1.0766,1.1532,1,-0.0131,3,1
2119,8.3603,8.3239,8.4457,625.1853,625.1803,625.18909,4.755E5,1.982E4,1.763E4,4.755E5,1,1,,,,,,,,,,DETECTED,625.1853,625.1803,625.18909,8.3603,8.3239,8.4457,4.755E5,1.982E4,1.763E4,4.755E5,0.033,1.7732,1.8531,1,-0.0087,3,1
2120,8.3995,8.1001,8.6124,237.11036,237.10982,237.11078,2.603E6,5.003E5,2.039E5,2.603E6,9,1,106,,,,,,,,,DETECTED,237.11036,237.10982,237.11078,8.3995,8.1001,8.6124,2.603E6,5.003E5,2.039E5,2.603E6,0.1252,0.8555,0.7087,9,-0.2465,3,1
2121,8.3995,8.3603,8.5211,389.12099,389.12064,389.12204,4.551E5,1.62E4,1.603E4,4.551E5,1,1,,,,,,,,,,DETECTED,389.12099,389.12064,389.12204,8.3995,8.3603,8.5211,4.551E5,1.62E4,1.603E4,4.551E5,0.0278,1.709,2.1408,1,-0.0029,3,1
2124,8.3995,8.078,8.485,447.18862,447.18759,447.19196,1.076E6,2.207E5,7.594E4,1.076E6,0,1,106,,,,,,,,,DETECTED,447.18862,447.18759,447.19196,8.3995,8.078,8.485,1.076E6,2.207E5,7.594E4,1.076E6,0.2338,0.5912,0.286,,,4,1
2125,8.3995,8.2937,8.5049,473.17806,473.17548,473.1796,3.883E5,3.528E4,1.726E4,3.883E5,2,1,106,,,,,,,,,DETECTED,473.17806,473.17548,473.1796,8.3995,8.2937,8.5049,3.883E5,3.528E4,1.726E4,3.883E5,0.0675,0.9054,0.7624,2,-0.0463,4,1
2127,8.4143,8.3831,8.4457,371.21899,371.21725,371.2202,2.329E5,6.812E3,2.783E4,2.329E5,1,1,,,,,,,,,,DETECTED,371.21899,371.21725,371.2202,8.4143,8.3831,8.4457,2.329E5,6.812E3,2.783E4,2.329E5,0.0277,1.0025,1.3973,1,0.0064,2,1
2128,8.4369,8.4101,8.4648,475.19277,475.18979,475.19394,2.381E5,7.475E3,3.495E4,2.381E5,1,1,,,,,,,,,,DETECTED,475.19277,475.18979,475.19394,8.4369,8.4101,8.4648,2.381E5,7.475E3,3.495E4,2.381E5,0.0302,1.0213,1.0426,1,-0.003,4,1
2131,8.4991,8.4512,8.5421,371.21916,371.21753,371.22034,1.086E5,4.769E3,1.957E4,1.086E5,0,1,,,,,,,,,,DETECTED,371.21916,371.21753,371.22034,8.4991,8.4512,8.5421,1.086E5,4.769E3,1.957E4,1.086E5,0.0364,0.948,2.7125,,,2,1
2137,8.5922,8.5704,8.635,513.35398,513.3504,513.35577,2.295E5,6.709E3,2.84E4,2.295E5,0,1,,,,,,,,,,DETECTED,513.35398,513.3504,513.35577,8.5922,8.5704,8.635,2.295E5,6.709E3,2.84E4,2.295E5,0.0276,1.4813,2.7007,,,3,1
2142,8.6603,8.5704,8.8524,417.15299,417.14944,417.15399,2.267E7,1.384E6,1.724E4,2.267E7,3,1,,,,,,,,,,DETECTED,417.15299,417.14944,417.15399,8.6603,8.5704,8.8524,2.267E7,1.384E6,1.724E4,2.267E7,0.044,1.991,3.3308,3,-0.0181,4,1
2147,8.6603,8.5161,8.6822,481.18008,481.17645,481.18228,1.107E5,9.172E3,1.94E4,1.107E5,0,1,,,,,,,,,,DETECTED,481.18008,481.17645,481.18228,8.6603,8.5161,8.6822,1.107E5,9.172E3,1.94E4,1.107E5,0.0674,0.5758,0.1536,,,2,1
2148,8.7098,8.6687,8.8348,667.26821,667.2652,667.27496,4.29E5,3.017E4,2.858E4,4.29E5,2,1,,,,,,,,,,DETECTED,667.26821,667.2652,667.27496,8.7098,8.6687,8.8348,4.29E5,3.017E4,2.858E4,4.29E5,0.0534,1.8692,2.7205,2,-0.0096,3,1
2151,8.7509,8.6554,8.8892,343.1886,343.18811,343.19055,8.721E5,7.546E4,3.489E4,8.721E5,3,1,,,,,,,,,,DETECTED,343.1886,343.18811,343.19055,8.7509,8.6554,8.8892,8.721E5,7.546E4,3.489E4,8.721E5,0.0692,1.4651,2.3839,3,-0.037,3,1
2158,8.7764,8.4648,8.8122,459.20234,459.19977,459.20328,1.473E8,1.714E7,2.815E6,1.473E8,7,1,,,,,,,,,,DETECTED,459.20234,459.19977,459.20328,8.7764,8.4648,8.8122,1.473E8,1.714E7,2.815E6,1.473E8,0.0631,0.558,0.1427,7,-0.2891,5,1
2169,8.881,8.8122,8.9434,459.20271,459.20148,459.20413,1.204E8,1.179E7,5.721E7,1.204E8,2,1,,,,,,,,,,DETECTED,459.20271,459.20148,459.20413,8.881,8.8122,8.9434,1.204E8,1.179E7,5.721E7,1.204E8,0.116,0.9527,0.9053,2,-0.0166,5,1
2179,8.9253,8.8892,9.0407,343.18887,343.18808,343.19159,3.46E6,1.074E5,3.456E4,3.46E6,2,1,,,,,,,,,,DETECTED,343.18887,343.18808,343.19159,8.9253,8.8892,9.0407,3.46E6,1.074E5,3.456E4,3.46E6,0.0294,2.3223,1.841,2,-0.0122,3,1
2181,8.9666,8.9434,9.033,235.09488,235.0946,235.09526,3.827E5,2.31E4,1.612E5,3.827E5,1,1,,,,,,,,,,DETECTED,235.09488,235.0946,235.09526,8.9666,8.9434,9.033,3.827E5,2.31E4,1.612E5,3.827E5,0.0681,1.9263,2.8526,1,0.021,2,1
2188,8.9853,8.9666,9.0067,431.16763,431.16714,431.16849,6.781E6,1.592E5,2.245E6,6.781E6,0,1,,,,,,,,,,DETECTED,431.16763,431.16714,431.16849,8.9853,8.9666,9.0067,6.781E6,1.592E5,2.245E6,6.781E6,0.0259,1.0708,1.1415,,,3,1
2194,9.0467,9.0067,9.1342,653.21698,653.21228,653.21838,1.676E6,8.28E4,1.016E5,1.676E6,1,1,,,,,,,,,,DETECTED,653.21698,653.21228,653.21838,9.0467,9.0067,9.1342,1.676E6,8.28E4,1.016E5,1.676E6,0.0488,1.4412,2.014,1,-0.0205,3,1
2195,9.0878,9.0407,9.1588,681.28271,681.28033,681.28564,1.323E5,8.538E3,3.218E4,1.323E5,0,1,,,,,,,,,,DETECTED,681.28271,681.28033,681.28564,9.0878,9.0407,9.1588,1.323E5,8.538E3,3.218E4,1.323E5,0.1154,1.254,1.5081,,,2,1
2196,9.0946,9.0467,9.1342,473.27154,473.26971,473.2724,2.743E5,1.652E4,7.767E4,2.743E5,0,1,,,,,,,,,,DETECTED,473.27154,473.26971,473.2724,9.0946,9.0467,9.1342,2.743E5,1.652E4,7.767E4,2.743E5,0.0772,0.9131,0.8262,,,2,1
2200,9.1453,9.1164,9.2563,343.18876,343.18762,343.19263,1.095E6,3.018E4,2.058E4,1.095E6,1,1,,,,,,,,,,DETECTED,343.18876,343.18762,343.19263,9.1453,9.1164,9.2563,1.095E6,3.018E4,2.058E4,1.095E6,0.0246,1.8932,1.9306,1,-0.0043,3,1
2209,9.2563,9.2316,9.3026,431.16589,431.16446,431.16693,4.058E5,1.599E4,1.004E5,4.058E5,1,1,,,,,,,,,,DETECTED,431.16589,431.16446,431.16693,9.2563,9.2316,9.3026,4.058E5,1.599E4,1.004E5,4.058E5,0.0253,1.4394,1.8788,1,-0.0046,3,1
2216,9.3273,9.3026,9.3593,431.16513,431.164,431.16687,2.535E5,8.449E3,1.004E5,2.535E5,1,1,14,,,,,,,,,DETECTED,431.16513,431.164,431.16687,9.3273,9.3026,9.3593,2.535E5,8.449E3,1.004E5,2.535E5,0.0533,1.1464,1.2927,1,0.0083,2,1
2219,9.3273,9.033,9.8328,473.21716,473.2139,473.21878,7.343E7,1.978E7,9.358E5,7.343E7,15,1,14,,,,,,,,,DETECTED,473.21716,473.2139,473.21878,9.3273,9.033,9.8328,7.343E7,1.978E7,9.358E5,7.343E7,0.1565,1.2429,1.2367,15,-0.2743,5,1
2230,9.3387,9.3236,9.3686,144.92019,144.92012,144.92027,5.247E5,1.681E4,1.247E5,5.247E5,1,1,,,,,,,,,,DETECTED,144.92019,144.92012,144.92027,9.3387,9.3236,9.3686,5.247E5,1.681E4,1.247E5,5.247E5,0.0355,1.4937,1.9873,1,-0.0048,4,1
2232,9.3481,9.1899,9.3924,487.19429,487.19092,487.19543,3.54E6,1.307E5,2.5E4,3.54E6,2,1,109,,,,,,,,,DETECTED,487.19429,487.19092,487.19543,9.3481,9.1899,9.3924,3.54E6,1.307E5,2.5E4,3.54E6,0.029,1.0358,0.5838,2,-0.0503,4,1
2233,9.3481,9.2937,9.3789,489.19798,489.1936,489.19977,1.482E5,5.151E3,1.643E4,1.482E5,0,1,109,,,,,,,,,DETECTED,489.19798,489.1936,489.19977,9.3481,9.2937,9.3789,1.482E5,5.151E3,1.643E4,1.482E5,0.036,0.7824,0.7668,,,4,1
2235,9.3528,9.3273,9.3635,997.3646,997.36053,997.37213,9.475E4,1.889E3,2.337E4,9.475E4,0,1,109,,,,,,,,,DETECTED,997.3646,997.36053,997.37213,9.3528,9.3273,9.3635,9.475E4,1.889E3,2.337E4,9.475E4,0.0265,0.7098,0.4196,,,2,1
2236,9.3593,9.3026,9.5077,695.29845,695.29431,695.30139,3.329E5,2.857E4,1.107E4,3.329E5,0,1,,,,,,,,,,DETECTED,695.29845,695.29431,695.30139,9.3593,9.3026,9.5077,3.329E5,2.857E4,1.107E4,3.329E5,0.108,1.7225,1.9117,,,3,1
2244,9.4554,9.3924,9.5238,487.19458,487.19318,487.19537,1.133E6,5.686E4,2.815E4,1.133E6,2,1,,,,,,,,,,DETECTED,487.19458,487.19318,487.19537,9.4554,9.3924,9.5238,1.133E6,5.686E4,2.815E4,1.133E6,0.0421,0.9093,0.5377,2,-0.0449,3,1
2247,9.4669,9.4251,9.4941,445.18461,445.18256,445.185,8.888E6,3.02E5,4.723E5,8.888E6,2,1,165,,,,,,,,,DETECTED,445.18461,445.18256,445.185,9.4669,9.4251,9.4941,8.888E6,3.02E5,4.723E5,8.888E6,0.0321,0.8248,0.7368,2,-0.0378,4,1
2250,9.4669,9.4197,9.4941,447.18703,447.18396,447.18817,2.612E5,8.944E3,1.086E4,2.612E5,0,1,165,,,,,,,,,DETECTED,447.18703,447.18396,447.18817,9.4669,9.4197,9.4941,2.612E5,8.944E3,1.086E4,2.612E5,0.0293,0.8126,0.6774,,,4,1
2253,9.5354,9.4941,9.6273,445.18495,445.18332,445.18549,1.551E7,6.449E5,4.753E5,1.551E7,2,1,172,,,,,,,,,DETECTED,445.18495,445.18332,445.18549,9.5354,9.4941,9.6273,1.551E7,6.449E5,4.753E5,1.551E7,0.0323,1.3973,1.1223,2,0.0023,3,1
2255,9.5354,9.4941,9.5963,445.24919,445.24799,445.24976,1.048E5,4.544E3,1.223E4,1.048E5,0,1,172,,,,,,,,,DETECTED,445.24919,445.24799,445.24976,9.5354,9.4941,9.5963,1.048E5,4.544E3,1.223E4,1.048E5,0.0366,1.2376,0.8441,,,2,1
2257,9.5678,9.414,9.6348,371.22037,371.2196,371.22287,5.146E5,3.983E4,1.099E4,5.146E5,1,1,,,,,,,,,,DETECTED,371.22037,371.2196,371.22287,9.5678,9.414,9.6348,5.146E5,3.983E4,1.099E4,5.146E5,0.0855,0.7887,0.652,1,0.0172,3,1
2259,9.6394,9.1541,9.7896,487.23075,487.22772,487.23203,1.383E6,4.487E5,8.705E4,1.383E6,9,1,,,,,,,,,,DETECTED,487.23075,487.22772,487.23203,9.6394,9.1541,9.7896,1.383E6,4.487E5,8.705E4,1.383E6,0.2961,0.6588,0.3602,9,-0.3244,3,1
2260,9.6394,9.5238,9.7349,501.20987,501.20782,501.21286,1.755E5,1.037E4,8.801E3,1.755E5,0,1,,,,,,,,,,DETECTED,501.20987,501.20782,501.21286,9.6394,9.5238,9.7349,1.755E5,1.037E4,8.801E3,1.755E5,0.0305,0.8744,0.6259,,,3,1
2262,9.6797,9.5827,9.7452,625.2264,625.2218,625.2298,2.333E6,1.184E5,9.565E3,2.333E6,1,1,162,,,,,,,,,DETECTED,625.2264,625.2218,625.2298,9.6797,9.5827,9.7452,2.333E6,1.184E5,9.565E3,2.333E6,2.2052,1.0014,2.1105,1,0.0069,4,1
2264,9.6843,9.6125,9.7748,627.22832,627.2251,627.23187,1.308E5,8.587E3,9.358E3,1.308E5,0,1,162,,,,,,,,,DETECTED,627.22832,627.2251,627.23187,9.6843,9.6125,9.7748,1.308E5,8.587E3,9.358E3,1.308E5,0.046,1.1623,0.9986,,,4,1
2265,9.7142,9.6348,9.8328,371.22064,371.21927,371.22198,2.137E6,9.507E4,1.244E4,2.137E6,2,1,,,,,,,,,,DETECTED,371.22064,371.21927,371.22198,9.7142,9.6348,9.8328,2.137E6,9.507E4,1.244E4,2.137E6,0.0678,0.8712,1.4893,2,-0.0662,3,1
2266,9.7394,9.5409,9.8328,709.31572,709.3089,709.31958,2.603E5,2.4E4,1.042E4,2.603E5,0,1,,,,,,,,,,DETECTED,709.31572,709.3089,709.31958,9.7394,9.5409,9.8328,2.603E5,2.4E4,1.042E4,2.603E5,0.0852,0.7106,0.4241,,,3,1
2267,9.7851,9.769,9.8149,459.20127,459.2005,459.20166,1.018E7,2.908E5,2.565E6,1.018E7,1,1,105,,,,,,,,,DETECTED,459.20127,459.2005,459.20166,9.7851,9.769,9.8149,1.018E7,2.908E5,2.565E6,1.018E7,0.0277,1.425,1.85,1,-0.0035,5,1
2269,9.7942,9.7632,9.8328,459.13401,459.13303,459.13544,6.254E4,2.222E3,8.028E3,6.254E4,0,1,105,,,,,,,,,DETECTED,459.13401,459.13303,459.13544,9.7942,9.7632,9.8328,6.254E4,2.222E3,8.028E3,6.254E4,0.0305,1.1228,1.2456,,,2,1
2271,9.8282,9.8046,9.8974,451.26696,451.26392,451.27023,1.588E5,4.169E3,6.232E3,1.588E5,0,1,,,,,,,,,,DETECTED,451.26696,451.26392,451.27023,9.8282,9.8046,9.8974,1.588E5,4.169E3,6.232E3,1.588E5,0.0229,1.7714,2.8615,,,2,1
2272,9.8403,9.7851,10.0523,681.25366,681.24841,681.2547,5.272E6,3.796E5,5.626E4,5.272E6,2,1,173,,,,,,,,,DETECTED,681.25366,681.24841,681.2547,9.8403,9.7851,10.0523,5.272E6,3.796E5,5.626E4,5.272E6,0.0542,2.202,3.293,2,0.0215,5,1
2274,9.8403,9.7793,10.0477,683.25537,683.24725,683.26013,3.44E5,2.845E4,8.008E3,3.44E5,0,1,173,,,,,,,,,DETECTED,683.25537,683.24725,683.26013,9.8403,9.7793,10.0477,3.44E5,2.845E4,8.008E3,3.44E5,0.0558,2.2908,3.562,,,5,1
2276,9.8594,9.8328,9.8974,371.22023,371.2197,371.22198,1.562E5,4.615E3,1.244E4,1.562E5,0,1,,,,,,,,,,DETECTED,371.22023,371.2197,371.22198,9.8594,9.8328,9.8974,1.562E5,4.615E3,1.244E4,1.562E5,0.0252,1.2145,1.3606,,,2,1
2278,9.9232,9.8974,9.9441,431.16912,431.16827,431.16953,4.619E6,1.336E5,8.068E5,4.619E6,1,1,,,,,,,,,,DETECTED,431.16912,431.16827,431.16953,9.9232,9.8974,9.9441,4.619E6,1.336E5,8.068E5,4.619E6,0.0289,0.9034,0.8068,1,0.0174,4,1
2279,9.9325,9.8974,10.0432,371.22062,371.21954,371.22159,5.678E5,1.689E4,6.809E3,5.678E5,1,1,,,,,,,,,,DETECTED,371.22062,371.21954,371.22159,9.9325,9.8974,10.0432,5.678E5,1.689E4,6.809E3,5.678E5,0.0206,1.3555,1.0213,1,-0.0051,3,1
2280,9.9441,9.7896,10.1149,411.25028,411.24759,411.25299,1.921E5,1.312E4,6.006E3,1.921E5,0,1,,,,,,,,,,DETECTED,411.25028,411.24759,411.25299,9.9441,9.7896,10.1149,1.921E5,1.312E4,6.006E3,1.921E5,0.0363,0.9082,1.036,,,3,1
2281,10.0149,9.8503,10.2599,625.22514,625.22205,625.22644,6.777E5,9.809E4,3.426E4,6.777E5,1,1,,,,,,,,,,DETECTED,625.22514,625.22205,625.22644,10.0149,9.8503,10.2599,6.777E5,9.809E4,3.426E4,6.777E5,0.0866,1.2287,1.0987,1,0.0099,4,1
2283,10.0328,9.9693,10.1691,579.29216,579.28973,579.29474,9.32E4,7.815E3,5.338E3,9.32E4,0,1,,,,,,,,,,DETECTED,579.29216,579.28973,579.29474,10.0328,9.9693,10.1691,9.32E4,7.815E3,5.338E3,9.32E4,0.034,1.5435,2.1578,,,3,1
2284,10.0523,9.9232,10.2395,639.24112,639.23694,639.24268,9.546E5,5.866E4,1.158E4,9.546E5,1,1,,,,,,,,,,DETECTED,639.24112,639.23694,639.24268,10.0523,9.9232,10.2395,9.546E5,5.866E4,1.158E4,9.546E5,0.0459,1.1081,0.8036,1,-0.035,3,1
2286,10.1406,10.0967,10.1646,635.20821,635.20673,635.20984,1.144E5,4.692E3,1.131E4,1.144E5,0,1,,,,,,,,,,DETECTED,635.20821,635.20673,635.20984,10.1406,10.0967,10.1646,1.144E5,4.692E3,1.131E4,1.144E5,0.0431,0.7668,0.6109,,,2,1
2288,10.2019,10.1646,10.3045,635.20778,635.20142,635.21008,1.308E5,6.911E3,6.319E3,1.308E5,0,1,,,,,,,,,,DETECTED,635.20778,635.20142,635.21008,10.2019,10.1646,10.3045,1.308E5,6.911E3,6.319E3,1.308E5,0.0848,1.8931,2.1389,,,3,1
2289,10.2065,10.1813,10.235,667.26964,667.26703,667.27155,8.076E4,2.239E3,1.6E4,8.076E4,0,1,,,,,,,,,,DETECTED,667.26964,667.26703,667.27155,10.2065,10.1813,10.235,8.076E4,2.239E3,1.6E4,8.076E4,0.0259,1.0658,1.1315,,,3,1
2290,10.2942,10.187,10.3543,695.26571,695.26007,695.26813,2.681E5,1.861E4,6.42E3,2.681E5,0,1,,,,,,,,,,DETECTED,695.26571,695.26007,695.26813,10.2942,10.187,10.3543,2.681E5,1.861E4,6.42E3,2.681E5,0.0519,0.9133,1.097,,,3,1
2291,10.3846,10.3543,10.6399,695.26534,695.26074,695.26733,3.683E5,3.734E4,4.046E4,3.683E5,1,1,,,,,,,,,,DETECTED,695.26534,695.26074,695.26733,10.3846,10.3543,10.6399,3.683E5,3.734E4,4.046E4,3.683E5,0.0976,4.7129,8.3779,1,0.0069,4,1
2293,10.5136,10.4149,10.7343,581.52213,581.51941,581.52661,7.564E4,1.137E4,8.381E3,7.564E4,0,1,,,,,,,,,,DETECTED,581.52213,581.51941,581.52661,10.5136,10.4149,10.7343,7.564E4,1.137E4,8.381E3,7.564E4,0.1384,1.6174,1.9122,,,2,1
2294,10.6022,10.4651,10.6785,439.28156,439.27979,439.28351,7.48E4,6.852E3,5.699E3,7.48E4,0,1,,,,,,,,,,DETECTED,439.28156,439.27979,439.28351,10.6022,10.4651,10.6785,7.48E4,6.852E3,5.699E3,7.48E4,0.0418,0.7829,0.5438,,,2,1
2295,10.8059,10.7343,10.8209,653.25534,653.25391,653.25671,1.938E5,1.05E4,5.643E4,1.938E5,0,1,,,,,,,,,,DETECTED,653.25534,653.25391,653.25671,10.8059,10.7343,10.8209,1.938E5,1.05E4,5.643E4,1.938E5,0.0675,0.6044,0.2089,,,3,1
2300,10.9365,10.815,11.3939,583.18051,583.1756,583.1814,5.434E6,4.284E5,8.494E3,5.434E6,0,1,,,,,,,,,,DETECTED,583.18051,583.1756,583.1814,10.9365,10.815,11.3939,5.434E6,4.284E5,8.494E3,5.434E6,0.0602,1.598,1.5421,,,5,1
2302,10.9667,10.8209,10.9953,653.25591,653.25391,653.25671,5.337E5,5.29E4,9.627E4,5.337E5,1,1,,,,,,,,,,DETECTED,653.25591,653.25391,653.25671,10.9667,10.8209,10.9953,5.337E5,5.29E4,9.627E4,5.337E5,0.0887,0.5978,0.1957,1,-0.0234,4,1
2303,11.0562,10.9953,11.1925,653.25623,653.25439,653.25732,5.2E5,5.038E4,6.441E4,5.2E5,2,1,,,,,,,,,,DETECTED,653.25623,653.25439,653.25732,11.0562,10.9953,11.1925,5.2E5,5.038E4,6.441E4,5.2E5,0.0561,1.6179,1.8696,2,-0.0586,4,1
2305,11.188,11.1573,11.3007,603.36584,603.36163,603.3725,5.587E5,1.278E4,5.683E3,5.587E5,0,1,84,,,,,,,,,DETECTED,603.36584,603.36163,603.3725,11.188,11.1573,11.3007,5.587E5,1.278E4,5.683E3,5.587E5,0.0166,1.8968,0.9635,,,4,1
2306,11.188,11.0881,11.212,709.28078,709.27667,709.28302,1.26E5,7.09E3,1.421E4,1.26E5,0,1,84,,,,,,,,,DETECTED,709.28078,709.27667,709.28302,11.188,11.0881,11.212,1.26E5,7.09E3,1.421E4,1.26E5,0.042,0.6203,0.2603,,,3,1
2308,11.2543,11.212,11.4133,709.28104,709.27875,709.28271,2.085E5,2.216E4,4.43E4,2.085E5,0,1,,,,,,,,,,DETECTED,709.28104,709.27875,709.28271,11.2543,11.212,11.4133,2.085E5,2.216E4,4.43E4,2.085E5,0.1585,2.3827,3.7654,,,3,1
2309,11.328,11.2962,11.3517,243.19389,243.19366,243.19418,5.607E4,1.427E3,7.956E3,5.607E4,0,1,160,,,,,,,,,DETECTED,243.19389,243.19366,243.19418,11.328,11.2962,11.3517,5.607E4,1.427E3,7.956E3,5.607E4,0.0218,0.8719,0.7569,,,2,1
2310,11.328,11.2916,11.3848,469.38657,469.3844,469.388,1.55E5,4.6E3,8.061E3,1.55E5,0,1,160,,,,,,,,,DETECTED,469.38657,469.3844,469.388,11.328,11.2916,11.3848,1.55E5,4.6E3,8.061E3,1.55E5,0.0249,1.0861,0.8105,,,3,1
2311,11.3563,11.328,11.4133,758.53546,758.5318,758.53961,1.043E5,3.888E3,6.129E3,1.043E5,0,1,,,,,,,,,,DETECTED,758.53546,758.5318,758.53961,11.3563,11.328,11.4133,1.043E5,3.888E3,6.129E3,1.043E5,0.0338,1.6862,2.4732,,,2,1
2312,11.3757,11.3371,11.5165,617.38122,617.3783,617.38403,7.853E5,2.188E4,6.013E3,7.853E5,1,1,,,,,,,,,,DETECTED,617.38122,617.3783,617.38403,11.3757,11.3371,11.5165,7.853E5,2.188E4,6.013E3,7.853E5,0.0183,1.8693,1.2255,1,-0.008,4,1
2314,11.4598,11.4133,11.6598,709.28114,709.2774,709.28387,1.307E5,1.092E4,9.34E3,1.307E5,0,1,112,,,,,,,,,DETECTED,709.28114,709.2774,709.28387,11.4598,11.4133,11.6598,1.307E5,1.092E4,9.34E3,1.307E5,0.075,2.5436,3.8952,,,3,1
2315,11.4598,11.4133,11.586,758.53559,758.5318,758.54138,1.615E5,7.891E3,6.781E3,1.615E5,0,1,112,,,,,,,,,DETECTED,758.53559,758.5318,758.54138,11.4598,11.4133,11.586,1.615E5,7.891E3,6.781E3,1.615E5,0.0403,1.4686,1.4997,,,3,1
2316,11.5065,11.4792,11.586,601.34921,601.34662,601.35168,9.276E4,3.134E3,5.632E3,9.276E4,0,1,,,,,,,,,,DETECTED,601.34921,601.34662,601.35168,11.5065,11.4792,11.586,9.276E4,3.134E3,5.632E3,9.276E4,0.0265,1.8209,1.5606,,,3,1
2317,11.5814,11.545,11.6835,821.53538,821.52936,821.54077,2.595E5,7.874E3,4.932E3,2.595E5,0,1,,,,,,,,,,DETECTED,821.53538,821.52936,821.54077,11.5814,11.545,11.6835,2.595E5,7.874E3,4.932E3,2.595E5,0.0257,1.58,1.0751,,,4,1
2318,11.6416,11.6143,11.7427,631.39531,631.39313,631.39984,8.732E4,5.151E3,5.707E3,8.732E4,0,1,,,,,,,,,,DETECTED,631.39531,631.39313,631.39984,11.6416,11.6143,11.7427,8.732E4,5.151E3,5.707E3,8.732E4,0.0425,2.1639,3.4283,,,3,1
2320,11.6553,11.586,11.6926,959.5907,959.58295,959.59491,2.06E5,1.274E4,2.912E4,2.06E5,0,1,,,,,,,,,,DETECTED,959.5907,959.58295,959.59491,11.6553,11.586,11.6926,2.06E5,1.274E4,2.912E4,2.06E5,0.0259,0.7693,0.5587,,,4,1
2321,11.7664,11.3472,11.9809,667.27166,667.26617,667.27771,2.376E5,5.906E4,1.634E4,2.376E5,0,1,,,,,,,,,,DETECTED,667.27166,667.26617,667.27771,11.7664,11.3472,11.9809,2.376E5,5.906E4,1.634E4,2.376E5,0.2174,0.7525,0.4951,,,3,1
2322,11.8595,11.7891,11.9466,645.41081,645.40594,645.41443,1.365E5,7.111E3,5.951E3,1.365E5,0,1,,,,,,,,,,DETECTED,645.41081,645.40594,645.41443,11.8595,11.7891,11.9466,1.365E5,7.111E3,5.951E3,1.365E5,0.0435,1.0459,0.7106,,,3,1
