id,rt,rt_range:min,rt_range:max,mz,mz_range:min,mz_range:max,height,area,intensity_range:min,intensity_range:max,fragment_scans,charge,feature_group,ion_identities:iin_id,ion_identities:ion_identities,ion_identities:list_size,ion_identities:neutral_mass,ion_identities:partner_row_ids,ion_identities:iin_relationship,ion_identities:consensus_formulas,ion_identities:simple_formulas,datafile:202406251802_PMA_dbgi_003101_01_01.mzML:feature_state,datafile:202406251802_PMA_dbgi_003101_01_01.mzML:mz,datafile:202406251802_PMA_dbgi_003101_01_01.mzML:mz_range:min,datafile:202406251802_PMA_dbgi_003101_01_01.mzML:mz_range:max,datafile:202406251802_PMA_dbgi_003101_01_01.mzML:rt,datafile:202406251802_PMA_dbgi_003101_01_01.mzML:rt_range:min,datafile:202406251802_PMA_dbgi_003101_01_01.mzML:rt_range:max,datafile:202406251802_PMA_dbgi_003101_01_01.mzML:height,datafile:202406251802_PMA_dbgi_003101_01_01.mzML:area,datafile:202406251802_PMA_dbgi_003101_01_01.mzML:intensity_range:min,datafile:202406251802_PMA_dbgi_003101_01_01.mzML:intensity_range:max,datafile:202406251802_PMA_dbgi_003101_01_01.mzML:fwhm,datafile:202406251802_PMA_dbgi_003101_01_01.mzML:tailing_factor,datafile:202406251802_PMA_dbgi_003101_01_01.mzML:asymmetry_factor,datafile:202406251802_PMA_dbgi_003101_01_01.mzML:fragment_scans,datafile:202406251802_PMA_dbgi_003101_01_01.mzML:rt_ms2_apex_distance,datafile:202406251802_PMA_dbgi_003101_01_01.mzML:isotopes,datafile:202406251802_PMA_dbgi_003101_01_01.mzML:charge
1,0.4891,0.3123,0.5719,226.96347,226.96159,226.9644,6.862E5,4.342E4,9.172E3,6.862E5,1,1,2,,,,,,,,,DETECTED,226.96347,226.96159,226.9644,0.4891,0.3123,0.5719,6.862E5,4.342E4,9.172E3,6.862E5,0.0737,1.7896,2.7582,1,-0.0045,3,1
4,0.4891,0.4406,0.5496,275.90365,275.9014,275.90393,8.733E5,3.795E4,7.815E3,8.733E5,1,1,2,,,,,,,,,DETECTED,275.90365,275.9014,275.90393,0.4891,0.4406,0.5496,8.733E5,3.795E4,7.815E3,8.733E5,0.0426,1.3626,1.8438,1,-0.0135,4,1
9,0.4891,0.4641,0.514,353.88095,353.87976,353.8822,5.107E4,1.659E3,2.069E4,5.107E4,0,1,2,,,,,,,,,DETECTED,353.88095,353.87976,353.8822,0.4891,0.4641,0.514,5.107E4,1.659E3,2.069E4,5.107E4,0.0349,0.9973,0.9947,,,2,1
14,0.4991,0.4583,0.5389,230.90634,230.90614,230.90654,2.24E5,9.957E3,3.057E4,2.24E5,1,1,2,,,,,,,,,DETECTED,230.90634,230.90614,230.90654,0.4991,0.4583,0.5389,2.24E5,9.957E3,3.057E4,2.24E5,0.0439,0.9877,1.1105,1,-0.0027,3,1
15,0.4991,0.4583,0.5496,304.90818,304.90747,304.91,2.396E5,1.092E4,1.844E4,2.396E5,1,1,2,,,,,,,,,DETECTED,304.90818,304.90747,304.91,0.4991,0.4583,0.5496,2.396E5,1.092E4,1.844E4,2.396E5,0.0447,1.0855,1.1536,1,0.0057,6,1
22,0.4991,0.4641,0.5496,386.93711,386.93594,386.93787,6.665E5,2.161E4,1.631E4,6.665E5,1,1,2,,,,,,,,,DETECTED,386.93711,386.93594,386.93787,0.4991,0.4641,0.5496,6.665E5,2.161E4,1.631E4,6.665E5,0.0307,1.2313,1.4609,1,-0.0044,5,1
27,0.4991,0.4641,0.5207,391.88186,391.88028,391.88287,7.02E4,2.074E3,1.051E4,7.02E4,0,1,2,,,,,,,,,DETECTED,391.88186,391.88028,391.88287,0.4991,0.4641,0.5207,7.02E4,2.074E3,1.051E4,7.02E4,0.0299,0.8079,0.7416,,,4,1
28,0.4991,0.4716,0.5389,402.91381,402.91315,402.91544,2.839E5,9.35E3,4.54E4,2.839E5,1,1,2,,,,,,,,,DETECTED,402.91381,402.91315,402.91544,0.4991,0.4716,0.5389,2.839E5,9.35E3,4.54E4,2.839E5,0.0322,1.2223,2.0158,1,0.004,4,1
32,0.5092,0.4538,0.6477,158.97593,158.97461,158.97609,1.628E7,1.21E6,1.115E5,1.628E7,3,1,2,,,,,,,,,DETECTED,158.97593,158.97461,158.97609,0.5092,0.4538,0.6477,1.628E7,1.21E6,1.115E5,1.628E7,0.0732,1.4429,1.71,3,-0.0411,5,1
37,0.5092,0.3049,0.5389,225.89478,225.89442,225.89545,3.247E5,3.368E4,2.315E4,3.247E5,0,1,,,,,,,,,,DETECTED,225.89478,225.89442,225.89545,0.5092,0.3049,0.5389,3.247E5,3.368E4,2.315E4,3.247E5,0.2024,0.5537,0.0569,,,4,1
39,0.5092,0.4641,0.5496,244.96116,244.96033,244.96164,2.929E5,1.218E4,1.866E4,2.929E5,1,1,2,,,,,,,,,DETECTED,244.96116,244.96033,244.96164,0.5092,0.4641,0.5496,2.929E5,1.218E4,1.866E4,2.929E5,0.0436,1.0281,1.1376,1,-0.0027,4,1
41,0.5092,0.4583,0.5719,272.95778,272.95651,272.9581,6.872E6,2.935E5,1.674E4,6.872E6,2,1,2,,,,,,,,,DETECTED,272.95778,272.95651,272.9581,0.5092,0.4583,0.5719,6.872E6,2.935E5,1.674E4,6.872E6,0.0468,1.0339,0.8709,2,-0.0319,5,1
44,0.5092,0.4583,0.5719,288.93483,288.93253,288.93643,1.411E6,5.969E4,1.184E4,1.411E6,2,1,2,,,,,,,,,DETECTED,288.93483,288.93253,288.93643,0.5092,0.4583,0.5719,1.411E6,5.969E4,1.184E4,1.411E6,0.045,1.1463,1.0905,2,-0.0229,4,1
47,0.514,0.3049,0.5389,173.92297,173.92282,173.92311,6.709E5,7.244E4,1.474E5,6.709E5,4,1,2,,,,,,,,,DETECTED,173.92297,173.92282,173.92311,0.514,0.3049,0.5389,6.709E5,7.244E4,1.474E5,6.709E5,0.0516,0.5595,0.1189,4,-0.1994,2,1
48,0.514,0.3049,0.5938,174.9532,174.95261,174.95364,3.449E6,3.12E5,2.243E5,3.449E6,5,1,2,,,,,,,,,DETECTED,174.9532,174.95261,174.95364,0.514,0.3049,0.5938,3.449E6,3.12E5,2.243E5,3.449E6,0.0665,0.6909,0.3779,5,-0.1632,2,1
49,0.514,0.3049,0.5389,178.97462,178.9743,178.97475,8.044E5,9.863E4,8.776E4,8.044E5,5,1,,,,,,,,,,DETECTED,178.97462,178.9743,178.97475,0.514,0.3049,0.5389,8.044E5,9.863E4,8.776E4,8.044E5,0.0725,0.5595,0.1189,5,-0.2068,3,1
55,0.5207,0.4641,0.5496,356.91927,356.91763,356.9227,2.738E5,1.054E4,1.324E4,2.738E5,0,1,100,,,,,,,,,DETECTED,356.91927,356.91763,356.9227,0.5207,0.4641,0.5496,2.738E5,1.054E4,1.324E4,2.738E5,0.0343,0.7958,0.6936,,,4,1
56,0.5207,0.4891,0.5496,424.90462,424.90204,424.90854,1.181E5,3.578E3,2.378E4,1.181E5,0,1,100,,,,,,,,,DETECTED,424.90462,424.90204,424.90854,0.5207,0.4891,0.5496,1.181E5,3.578E3,2.378E4,1.181E5,0.039,0.9585,0.9169,,,3,1
57,0.5272,0.4991,0.5938,242.93778,242.93661,242.93928,3.221E6,1.371E5,4.189E5,3.221E6,2,1,9,,,,,,,,,DETECTED,242.93778,242.93661,242.93928,0.5272,0.4991,0.5938,3.221E6,1.371E5,4.189E5,3.221E6,0.0386,1.6868,3.7903,2,-0.0092,4,1
60,0.5272,0.4991,0.5608,310.92574,310.9245,310.92657,2.314E5,6.424E3,6.07E4,2.314E5,0,1,9,,,,,,,,,DETECTED,310.92574,310.9245,310.92657,0.5272,0.4991,0.5608,2.314E5,6.424E3,6.07E4,2.314E5,0.0255,1.0978,1.1956,,,3,1
65,0.5272,0.4991,0.5496,372.89604,372.89511,372.89706,1.55E5,4.232E3,6.444E4,1.55E5,0,1,100,,,,,,,,,DETECTED,372.89604,372.89511,372.89706,0.5272,0.4991,0.5496,1.55E5,4.232E3,6.444E4,1.55E5,0.0297,0.8999,0.7999,,,2,1
66,0.5272,0.4991,0.5719,394.88578,394.88455,394.88754,2.869E5,8.025E3,1.921E4,2.869E5,0,1,9,,,,,,,,,DETECTED,394.88578,394.88455,394.88754,0.5272,0.4991,0.5719,2.869E5,8.025E3,1.921E4,2.869E5,0.0217,1.703,2.6439,,,3,1
68,0.5272,0.4991,0.5719,440.87943,440.87674,440.8801,1.413E6,3.139E4,1.002E5,1.413E6,1,1,9,,,,,,,,,DETECTED,440.87943,440.87674,440.8801,0.5272,0.4991,0.5719,1.413E6,3.139E4,1.002E5,1.413E6,0.0171,1.5121,1.8925,1,-0.0025,5,1
76,0.5272,0.5092,0.5608,526.83615,526.83301,526.83813,2.042E5,4.513E3,2.3E4,2.042E5,0,1,9,,,,,,,,,DETECTED,526.83615,526.83301,526.83813,0.5272,0.5092,0.5608,2.042E5,4.513E3,2.3E4,2.042E5,0.0208,1.4309,2.5078,,,5,1
80,0.5272,0.514,0.5608,610.79862,610.79694,610.80237,1.366E5,3.181E3,4.75E4,1.366E5,0,1,,,,,,,,,,DETECTED,610.79862,610.79694,610.80237,0.5272,0.514,0.5608,1.366E5,3.181E3,4.75E4,1.366E5,0.0233,1.7755,2.5511,,,4,1
83,0.5389,0.4991,0.5828,244.93476,244.93433,244.93568,5.006E5,2.137E4,6.179E4,5.006E5,0,1,9,,,,,,,,,DETECTED,244.93476,244.93433,244.93568,0.5389,0.4991,0.5828,5.006E5,2.137E4,6.179E4,5.006E5,0.0397,1.0524,1.4477,,,4,1
84,0.5389,0.4991,0.6064,326.89964,326.89926,326.90061,2.386E6,9.526E4,9.261E4,2.386E6,1,1,9,,,,,,,,,DETECTED,326.89964,326.89926,326.90061,0.5389,0.4991,0.6064,2.386E6,9.526E4,9.261E4,2.386E6,0.0368,1.4403,1.9607,1,-0.0094,5,1
86,0.5389,0.4991,0.5938,328.89756,328.89685,328.89895,5.139E5,2.297E4,2.177E4,5.139E5,0,1,9,,,,,,,,,DETECTED,328.89756,328.89685,328.89895,0.5389,0.4991,0.5938,5.139E5,2.297E4,2.177E4,5.139E5,0.0452,1.4374,2.1455,,,5,1
87,0.5389,0.5092,0.5938,410.85994,410.85864,410.86057,2.066E6,8.084E4,8.192E4,2.066E6,1,1,9,,,,,,,,,DETECTED,410.85994,410.85864,410.86057,0.5389,0.5092,0.5938,2.066E6,8.084E4,8.192E4,2.066E6,0.0388,1.6209,2.2785,1,-0.0061,5,1
90,0.5496,0.514,0.5828,494.82189,494.82126,494.82358,3.687E5,1.518E4,8.658E4,3.687E5,1,1,9,,,,,,,,,DETECTED,494.82189,494.82126,494.82358,0.5496,0.514,0.5828,3.687E5,1.518E4,8.658E4,3.687E5,0.0484,0.9661,0.9321,1,0.0151,3,1
94,0.5608,0.4991,0.6371,128.95658,128.95581,128.95686,5.522E6,2.838E5,7.172E4,5.522E6,2,1,86,,,,,,,,,DETECTED,128.95658,128.95581,128.95686,0.5608,0.4991,0.6371,5.522E6,2.838E5,7.172E4,5.522E6,0.105,1.0802,1.0785,2,-0.0263,2,1
96,0.5608,0.514,0.6064,212.91845,212.91832,212.91931,8.201E5,3.701E4,5.896E4,8.201E5,1,1,86,,,,,,,,,DETECTED,212.91845,212.91832,212.91931,0.5608,0.514,0.6064,8.201E5,3.701E4,5.896E4,8.201E5,0.0335,1.0519,0.9142,1,-0.0072,2,1
97,0.5608,0.5092,0.6064,296.88037,296.87885,296.88055,2.497E6,1.045E5,2.604E4,2.497E6,2,1,86,,,,,,,,,DETECTED,296.88037,296.87885,296.88055,0.5608,0.5092,0.6064,2.497E6,1.045E5,2.604E4,2.497E6,0.0356,1.0639,0.928,2,-0.0246,3,1
100,0.5608,0.514,0.6064,380.84124,380.83917,380.84244,1.477E6,6.254E4,7.489E4,1.477E6,1,1,86,,,,,,,,,DETECTED,380.84124,380.83917,380.84244,0.5608,0.514,0.6064,1.477E6,6.254E4,7.489E4,1.477E6,0.0412,1.0687,0.9098,1,-0.015,3,1
102,0.5608,0.514,0.6064,464.80236,464.79916,464.80624,6.464E5,2.623E4,1.816E4,6.464E5,1,1,86,,,,,,,,,DETECTED,464.80236,464.79916,464.80624,0.5608,0.514,0.6064,6.464E5,2.623E4,1.816E4,6.464E5,0.0325,1.0813,0.9239,1,-0.0038,3,1
104,0.5608,0.5207,0.5938,548.76298,548.76105,548.76514,5.16E5,1.9E4,6.94E4,5.16E5,1,1,86,,,,,,,,,DETECTED,548.76298,548.76105,548.76514,0.5608,0.5207,0.5938,5.16E5,1.9E4,6.94E4,5.16E5,0.0367,0.9127,0.9397,1,0.0023,2,1
113,0.5828,0.5496,0.8258,275.01544,275.01418,275.01593,4.271E6,2.205E5,9.709E4,4.271E6,1,1,10,,,,,,,,,DETECTED,275.01544,275.01418,275.01593,0.5828,0.5496,0.8258,4.271E6,2.205E5,9.709E4,4.271E6,0.0321,4.8093,4.5481,1,-0.0053,3,1
122,0.5938,0.5272,0.7799,146.04279,146.04257,146.04295,1.306E6,1.274E5,7.366E4,1.306E6,1,,10,,,,,,,,,DETECTED,146.04279,146.04257,146.04295,0.5938,0.5272,0.7799,1.306E6,1.274E5,7.366E4,1.306E6,0.0659,2.2122,2.768,1,-0.0241,,
123,0.5938,0.5272,0.7869,161.04221,161.04155,161.04253,1.071E6,1.09E5,3.615E4,1.071E6,1,1,10,,,,,,,,,DETECTED,161.04221,161.04155,161.04253,0.5938,0.5272,0.7869,1.071E6,1.09E5,3.615E4,1.071E6,0.0611,2.3107,4.3075,1,0.0077,2,1
125,0.5938,0.5496,0.6371,180.92973,180.92844,180.93126,8.285E5,3.728E4,1.625E5,8.285E5,1,,10,,,,,,,,,DETECTED,180.92973,180.92844,180.93126,0.5938,0.5496,0.6371,8.285E5,3.728E4,1.625E5,8.285E5,0.0482,0.9897,1.1441,1,0.0106,,
127,0.5938,0.5272,0.8153,181.06942,181.06819,181.06967,1.651E8,1.459E7,9.326E4,1.651E8,5,1,10,0,[M-H]-,2,182.07666,132;127,,,,DETECTED,181.06942,181.06819,181.06967,0.5938,0.5272,0.8153,1.651E8,1.459E7,9.326E4,1.651E8,0.1168,2.5141,2.813,5,-0.0498,3,1
130,0.5938,0.5272,0.8153,182.07168,182.0714,182.07205,8.54E6,7.026E5,3.555E5,8.54E6,2,1,10,,,,,,,,,DETECTED,182.07168,182.0714,182.07205,0.5938,0.5272,0.8153,8.54E6,7.026E5,3.555E5,8.54E6,0.0797,2.158,2.4371,2,0.1597,4,1
131,0.5938,0.5207,0.7959,225.05925,225.05864,225.05969,1.271E6,1.202E5,8.888E4,1.271E6,1,,10,,,,,,,,,DETECTED,225.05925,225.05864,225.05969,0.5938,0.5207,0.7959,1.271E6,1.202E5,8.888E4,1.271E6,0.0651,1.9473,2.7832,1,-0.0353,,
132,0.5938,0.5272,0.7869,227.07484,227.07446,227.07542,9.16E6,6.283E5,2.95E5,9.16E6,4,1,10,0,[M+FA]-,2,182.07666,132;127,,,,DETECTED,227.07484,227.07446,227.07542,0.5938,0.5272,0.7869,9.16E6,6.283E5,2.95E5,9.16E6,0.0387,2.026,2.3305,4,-0.0464,3,1
133,0.6064,0.5608,0.899,341.107,341.10538,341.1091,9.598E5,1.211E5,6.12E4,9.598E5,2,1,10,1,[M-H]-,2,342.11418,134;133,,,,DETECTED,341.107,341.10538,341.1091,0.6064,0.5608,0.899,9.598E5,1.211E5,6.12E4,9.598E5,0.0882,3.8256,5.7012,2,0.0144,2,1
134,0.6064,0.5272,0.8423,387.1123,387.11157,387.11383,3.331E6,3.774E5,1.826E4,3.331E6,4,1,10,1,[M+FA]-,2,342.11418,134;133,,,,DETECTED,387.1123,387.11157,387.11383,0.6064,0.5272,0.8423,3.331E6,3.774E5,1.826E4,3.331E6,0.1229,3.2855,4.5613,4,-0.0271,4,1
136,0.6169,0.5496,0.8153,135.02672,135.02618,135.02701,6.913E6,3.982E5,1.33E5,6.913E6,3,1,10,,,,,,,,,DETECTED,135.02672,135.02618,135.02701,0.6169,0.5496,0.8153,6.913E6,3.982E5,1.33E5,6.913E6,0.0898,1.8488,2.0498,3,-0.036,3,1
137,0.6169,0.5496,1.169,165.03686,165.03606,165.03786,1.442E6,1.14E5,1.139E4,1.442E6,1,1,10,,,,,,,,,DETECTED,165.03686,165.03606,165.03786,0.6169,0.5496,1.169,1.442E6,1.14E5,1.139E4,1.442E6,0.0946,1.6247,2.0898,1,-0.002,2,1
138,0.6169,0.5496,0.899,191.05394,191.05251,191.0542,2.201E8,1.782E7,8.928E5,2.201E8,6,1,10,2,[M-H]-,2,192.06109,138;150,,,,DETECTED,191.05394,191.05251,191.0542,0.6169,0.5496,0.899,2.201E8,1.782E7,8.928E5,2.201E8,0.0922,2.3272,3.0902,6,-0.0504,6,1
145,0.6169,0.5272,0.8258,195.04805,195.0477,195.04869,4.086E6,3.766E5,6.216E4,4.086E6,3,1,10,3,[M+FA]-,2,150.04974,177;145,,,,DETECTED,195.04805,195.0477,195.04869,0.6169,0.5272,0.8258,4.086E6,3.766E5,6.216E4,4.086E6,0.1193,1.4889,1.6553,3,-0.0488,6,1
147,0.6169,0.5389,0.7869,217.04575,217.04521,217.04683,1.582E6,1.055E5,5.094E4,1.582E6,1,1,10,,,,,,,,,DETECTED,217.04575,217.04521,217.04683,0.6169,0.5389,0.7869,1.582E6,1.055E5,5.094E4,1.582E6,0.0629,1.555,2.3579,1,-0.0137,2,1
150,0.6169,0.5496,0.899,237.05917,237.05855,237.06015,1.127E6,1.175E5,3.206E4,1.127E6,1,,10,2,[M+FA]-,2,192.06109,138;150,,,,DETECTED,237.05917,237.05855,237.06015,0.6169,0.5496,0.899,1.127E6,1.175E5,3.206E4,1.127E6,0.0961,1.6597,2.3924,1,0.0441,,
153,0.6169,0.5608,0.8258,277.0308,277.03003,277.03177,1.644E6,1.637E5,7.148E4,1.644E6,2,,10,,,,,,,,,DETECTED,277.0308,277.03003,277.03177,0.6169,0.5608,0.8258,1.644E6,1.637E5,7.148E4,1.644E6,0.0909,2.5197,3.3625,2,0.0288,,
154,0.6169,0.5496,0.8513,279.04659,279.04575,279.04749,3.978E6,3.427E5,1.074E5,3.978E6,3,1,10,,,,,,,,,DETECTED,279.04659,279.04575,279.04749,0.6169,0.5496,0.8513,3.978E6,3.427E5,1.074E5,3.978E6,0.0716,1.9966,3.3404,3,-0.0267,2,1
156,0.6169,0.5938,0.8153,365.07143,365.07065,365.07251,8.947E5,6.647E4,4.648E4,8.947E5,0,1,10,,,,,,,,,DETECTED,365.07143,365.07065,365.07251,0.6169,0.5938,0.8153,8.947E5,6.647E4,4.648E4,8.947E5,0.0537,4.4563,13.6301,,,2,1
157,0.6169,0.5608,0.8513,371.11791,371.11481,371.11938,3.888E6,2.611E5,3.326E4,3.888E6,2,1,10,,,,,,,,,DETECTED,371.11791,371.11481,371.11938,0.6169,0.5608,0.8513,3.888E6,2.611E5,3.326E4,3.888E6,0.061,1.7344,2.2114,2,-0.0284,2,1
158,0.6169,0.5496,0.8153,373.13356,373.13098,373.13477,1.07E7,6.832E5,6.159E4,1.07E7,3,1,10,,,,,,,,,DETECTED,373.13356,373.13098,373.13477,0.6169,0.5496,0.8153,1.07E7,6.832E5,6.159E4,1.07E7,0.0711,1.9239,1.9842,3,-0.0301,3,1
160,0.6169,0.5608,0.7141,421.0718,421.07028,421.07312,1.969E6,1.157E5,9.081E4,1.969E6,1,1,10,,,,,,,,,DETECTED,421.0718,421.07028,421.07312,0.6169,0.5608,0.7141,1.969E6,1.157E5,9.081E4,1.969E6,0.0488,1.7353,1.7188,1,-0.025,3,1
161,0.6169,0.5719,0.8258,533.16862,533.16479,533.17065,3.568E6,2.137E5,1.715E4,3.568E6,2,1,10,,,,,,,,,DETECTED,533.16862,533.16479,533.17065,0.6169,0.5719,0.8258,3.568E6,2.137E5,1.715E4,3.568E6,0.0541,2.1845,5.0616,2,-0.0053,2,1
163,0.627,0.5272,0.8153,179.05336,179.05307,179.05371,4.699E6,5.721E5,2.811E4,4.699E6,5,1,10,,,,,,,,,DETECTED,179.05336,179.05307,179.05371,0.627,0.5272,0.8153,4.699E6,5.721E5,2.811E4,4.699E6,0.1199,2.274,1.7586,5,-0.0718,3,1
165,0.627,0.5608,0.899,209.06436,209.06343,209.06517,1.57E6,1.263E5,2.793E4,1.57E6,2,1,10,,,,,,,,,DETECTED,209.06436,209.06343,209.06517,0.627,0.5608,0.899,1.57E6,1.263E5,2.793E4,1.57E6,0.1373,2.1053,4.4118,2,0.0065,2,1
166,0.627,0.5608,0.8932,289.03146,289.03076,289.03296,3.959E6,3.598E5,4.292E4,3.959E6,3,1,10,,,,,,,,,DETECTED,289.03146,289.03076,289.03296,0.627,0.5608,0.8932,3.959E6,3.598E5,4.292E4,3.959E6,0.0843,2.0255,2.9238,3,-0.0138,2,1
167,0.627,0.5828,0.7799,383.11713,383.11621,383.12042,6.229E6,3.53E5,5.758E4,6.229E6,2,1,10,,,,,,,,,DETECTED,383.11713,383.11621,383.12042,0.627,0.5828,0.7799,6.229E6,3.53E5,5.758E4,6.229E6,0.059,2.4357,4.3791,2,-0.0037,5,1
170,0.627,0.5719,0.8153,439.08041,439.07837,439.08337,1.906E6,1.875E5,3.944E4,1.906E6,2,1,10,,,,,,,,,DETECTED,439.08041,439.07837,439.08337,0.627,0.5719,0.8153,1.906E6,1.875E5,3.944E4,1.906E6,0.0915,2.082,3.3095,2,-0.002,3,1
174,0.6477,0.6064,1.3033,133.01171,133.01079,133.01187,5.974E7,6.594E6,2.241E5,5.974E7,12,1,10,,,,,,,,,DETECTED,133.01171,133.01079,133.01187,0.6477,0.6064,1.3033,5.974E7,6.594E6,2.241E5,5.974E7,0.1059,3.8196,5.9431,12,-0.0159,4,1
177,0.6477,0.5389,0.8258,149.04235,149.04176,149.0428,7.835E5,9.25E4,4.691E4,7.835E5,1,,10,3,[M-H]-,2,150.04974,177;145,,,,DETECTED,149.04235,149.04176,149.0428,0.6477,0.5389,0.8258,7.835E5,9.25E4,4.691E4,7.835E5,0.0862,2.4436,1.7084,1,0.0193,,
179,0.6477,0.6064,0.7869,226.9939,226.99274,226.99416,5.229E5,5.63E4,2.169E5,5.229E5,1,1,10,,,,,,,,,DETECTED,226.9939,226.99274,226.99416,0.6477,0.6064,0.7869,5.229E5,5.63E4,2.169E5,5.229E5,0.1609,2.1838,3.3675,1,0.1188,2,1
181,0.6477,0.6064,1.0145,270.98415,270.98166,270.98569,1.009E6,1.139E5,1.151E4,1.009E6,2,,10,,,,,,,,,DETECTED,270.98415,270.98166,270.98569,0.6477,0.6064,1.0145,1.009E6,1.139E5,1.151E4,1.009E6,0.103,3.2632,3.9965,2,0.0088,,
183,0.6477,0.6064,0.8678,355.12315,355.12186,355.12424,7.13E5,6.22E4,2.099E4,7.13E5,0,1,10,,,,,,,,,DETECTED,355.12315,355.12186,355.12424,0.6477,0.6064,0.8678,7.13E5,6.22E4,2.099E4,7.13E5,0.0762,2.4515,3.136,,,2,1
185,0.6586,0.6169,1.0349,134.0141,134.01373,134.01479,1.614E6,1.813E5,1.267E4,1.614E6,3,1,10,,,,,,,,,DETECTED,134.0141,134.01373,134.01479,0.6586,0.6169,1.0349,1.614E6,1.813E5,1.267E4,1.614E6,0.1116,2.6825,3.6654,3,-0.0037,4,1
187,0.6801,0.5828,0.8153,142.99562,142.99512,142.99593,2.15E6,2.91E5,1.133E5,2.15E6,3,1,10,,,,,,,,,DETECTED,142.99562,142.99512,142.99593,0.6801,0.5828,0.8153,2.15E6,2.91E5,1.133E5,2.15E6,0.1489,1.2821,1.6255,3,-0.0449,3,1
188,0.6801,0.627,1.0145,145.01138,145.0108,145.01164,3.363E6,5.126E5,7.739E4,3.363E6,4,1,,,,,,,,,,DETECTED,145.01138,145.0108,145.01164,0.6801,0.627,1.0145,3.363E6,5.126E5,7.739E4,3.363E6,0.163,3.5901,4.7057,4,-0.0159,2,1
189,0.6801,0.5938,0.7869,173.00618,173.00587,173.00647,2.4E6,2.759E5,3.844E5,2.4E6,3,1,10,4,[M-H]-,2,174.01379,189;193,,,,DETECTED,173.00618,173.00587,173.00647,0.6801,0.5938,0.7869,2.4E6,2.759E5,3.844E5,2.4E6,0.1304,1.1195,1.377,3,-0.0361,2,1
190,0.6801,0.6064,0.9565,173.04235,173.04166,173.04271,2.91E6,4.313E5,1.824E5,2.91E6,5,1,10,,,,,,,,,DETECTED,173.04235,173.04166,173.04271,0.6801,0.6064,0.9565,2.91E6,4.313E5,1.824E5,2.91E6,0.1498,2.572,3.9801,5,-0.0376,3,1
193,0.6801,0.5828,1.0055,219.01233,219.01151,219.01289,9.578E5,1.888E5,7.144E4,9.578E5,3,,10,4,[M+FA]-,2,174.01379,189;193,,,,DETECTED,219.01233,219.01151,219.01289,0.6801,0.5828,1.0055,9.578E5,1.888E5,7.144E4,9.578E5,0.1757,2.2055,3.7336,3,-0.0175,,
194,0.6801,0.5938,1.1514,383.08248,383.08011,383.08511,1.175E7,1.029E6,8.757E3,1.175E7,4,1,10,,,,,,,,,DETECTED,383.08248,383.08011,383.08511,0.6801,0.5938,1.1514,1.175E7,1.029E6,8.757E3,1.175E7,0.0691,1.2623,1.2064,4,-0.058,3,1
196,0.6801,0.6169,0.8513,448.02812,448.02463,448.03217,7.902E5,5.375E4,1.939E4,7.902E5,1,1,10,,,,,,,,,DETECTED,448.02812,448.02463,448.03217,0.6801,0.6169,0.8513,7.902E5,5.375E4,1.939E4,7.902E5,0.0379,1.387,1.4239,1,0.0101,2,1
199,0.6924,0.627,0.8604,389.98736,389.98587,389.99094,7.969E5,7.52E4,1.41E4,7.969E5,1,1,10,,,,,,,,,DETECTED,389.98736,389.98587,389.99094,0.6924,0.627,0.8604,7.969E5,7.52E4,1.41E4,7.969E5,0.0849,1.5129,1.9839,1,0.0195,2,1
203,0.7363,0.6477,0.8513,331.94677,331.94525,331.94989,4.779E5,4.002E4,1.264E4,4.779E5,1,1,10,,,,,,,,,DETECTED,331.94677,331.94525,331.94989,0.7363,0.6477,0.8513,4.779E5,4.002E4,1.264E4,4.779E5,0.0859,0.9869,0.7596,1,-0.015,3,1
206,0.8066,0.6477,1.0407,203.01751,203.01694,203.0181,3.745E6,4.784E5,8.046E4,3.745E6,5,1,15,,,,,,,,,DETECTED,203.01751,203.01694,203.0181,0.8066,0.6477,1.0407,3.745E6,4.784E5,8.046E4,3.745E6,0.0751,0.9656,0.6762,5,-0.1286,3,1
210,0.8258,0.6801,1.3033,191.01936,191.01732,191.02072,8.973E6,1.415E6,1.708E5,8.973E6,10,1,15,,,,,,,,,DETECTED,191.01936,191.01732,191.02072,0.8258,0.6801,1.3033,8.973E6,1.415E6,1.708E5,8.973E6,0.1407,1.3626,1.1598,10,-0.0969,2,1
211,0.8258,0.6691,1.1251,192.01958,192.01865,192.02011,4.268E5,5.507E4,1.623E4,4.268E5,1,1,15,,,,,,,,,DETECTED,192.01958,192.01865,192.02011,0.8258,0.6691,1.1251,4.268E5,5.507E4,1.623E4,4.268E5,0.1363,1.2783,0.8334,1,-0.0033,2,1
214,0.8349,0.7141,1.169,289.93521,289.93378,289.93625,3.88E5,6.258E4,4.795E4,3.88E5,1,1,15,,,,,,,,,DETECTED,289.93521,289.93378,289.93625,0.8349,0.7141,1.169,3.88E5,6.258E4,4.795E4,3.88E5,0.123,1.8831,2.4674,1,-0.0035,4,1
218,0.8604,0.8066,0.9215,241.00979,241.00899,241.0107,1.437E5,1.047E4,4.176E4,1.437E5,0,1,,,,,,,,,,DETECTED,241.00979,241.00899,241.0107,0.8604,0.8066,0.9215,1.437E5,1.047E4,4.176E4,1.437E5,0.0664,1.0681,1.1363,,,3,1
225,0.9139,0.7869,1.22,217.04604,217.04564,217.04645,1.57E5,4.476E4,4.414E4,1.57E5,0,1,,,,,,,,,,DETECTED,217.04604,217.04564,217.04645,0.9139,0.7869,1.22,1.57E5,4.476E4,4.414E4,1.57E5,0.3159,1.7051,2.4102,,,3,1
231,0.9856,0.8932,1.2465,147.02699,147.02657,147.02734,1.033E6,1.112E5,2.464E4,1.033E6,3,1,,,,,,,,,,DETECTED,147.02699,147.02657,147.02734,0.9856,0.8932,1.2465,1.033E6,1.112E5,2.464E4,1.033E6,0.0975,1.2952,2.2733,3,-0.04,3,1
239,1.0834,0.7869,1.2465,161.0424,161.04221,161.0426,3.908E5,8.585E4,9.314E4,3.908E5,3,1,61,,,,,,,,,DETECTED,161.0424,161.04221,161.0426,1.0834,0.7869,1.2465,3.908E5,8.585E4,9.314E4,3.908E5,0.1572,0.7751,0.5503,3,-0.0577,4,1
241,1.0834,0.9742,1.2926,295.1014,295.10043,295.10391,8.4E4,1.671E4,1.298E4,8.4E4,0,1,61,,,,,,,,,DETECTED,295.1014,295.10043,295.10391,1.0834,0.9742,1.2926,8.4E4,1.671E4,1.298E4,8.4E4,0.1898,1.4577,1.8857,,,2,1
246,1.2675,0.6691,1.3708,279.98669,279.9856,279.98743,2.751E5,1.306E5,6.88E4,2.751E5,5,1,,,,,,,,,,DETECTED,279.98669,279.9856,279.98743,1.2675,0.6691,1.3708,2.751E5,1.306E5,6.88E4,2.751E5,0.6051,0.5863,0.1726,5,-0.3495,3,1
248,1.2811,0.7029,1.3493,158.97564,158.97495,158.97594,1.702E6,3.229E5,1.161E5,1.702E6,10,1,97,,,,,,,,,DETECTED,158.97564,158.97495,158.97594,1.2811,0.7029,1.3493,1.702E6,3.229E5,1.161E5,1.702E6,0.0979,0.5596,0.1263,10,-0.478,3,1
252,1.2926,0.7141,1.3708,128.95634,128.95601,128.95677,4.25E5,9.914E4,5.218E4,4.25E5,2,,97,,,,,,,,,DETECTED,128.95634,128.95601,128.95677,1.2926,0.7141,1.3708,4.25E5,9.914E4,5.218E4,4.25E5,0.0902,0.5676,0.1362,2,-0.0496,,
254,1.3138,1.22,1.3708,217.0459,217.04546,217.04651,4.221E5,2.495E4,4.414E4,4.221E5,1,1,3,,,,,,,,,DETECTED,217.0459,217.04546,217.04651,1.3138,1.22,1.3708,4.221E5,2.495E4,4.414E4,4.221E5,0.4161,0.804,0.8242,1,0.0091,3,1
257,1.3138,1.2869,1.4504,311.02406,311.02161,311.02521,2.335E5,2.226E4,2.825E4,2.335E5,0,1,3,,,,,,,,,DETECTED,311.02406,311.02161,311.02521,1.3138,1.2869,1.4504,2.335E5,2.226E4,2.825E4,2.335E5,0.1001,3.038,5.903,,,3,1
258,1.3138,1.2811,1.492,348.99275,348.99118,348.99472,1.844E5,1.928E4,1.454E4,1.844E5,0,1,3,,,,,,,,,DETECTED,348.99275,348.99118,348.99472,1.3138,1.2811,1.492,1.844E5,1.928E4,1.454E4,1.844E5,0.1165,3.6965,5.7498,,,2,1
259,1.3138,1.2811,1.5306,364.96669,364.96329,364.96921,2.823E5,2.788E4,1.445E4,2.823E5,0,1,3,,,,,,,,,DETECTED,364.96669,364.96329,364.96921,1.3138,1.2811,1.5306,2.823E5,2.788E4,1.445E4,2.823E5,0.1038,4.4014,6.0994,,,3,1
267,1.3593,1.2675,1.4592,155.03171,155.03116,155.03296,2.819E5,2.04E4,1.247E4,2.819E5,0,1,3,,,,,,,,,DETECTED,155.03171,155.03116,155.03296,1.3593,1.2675,1.4592,2.819E5,2.04E4,1.247E4,2.819E5,0.0702,1.1791,1.343,,,2,1
269,1.3593,1.2052,1.7083,195.04797,195.04756,195.04836,2.83E5,7.074E4,2.841E4,2.83E5,2,1,3,,,,,,,,,DETECTED,195.04797,195.04756,195.04836,1.3593,1.2052,1.7083,2.83E5,7.074E4,2.841E4,2.83E5,0.2476,1.6324,2.869,2,0.0476,4,1
271,1.3593,1.2675,1.6006,243.04962,243.04817,243.0499,1.782E7,1.321E6,1.588E4,1.782E7,5,1,3,,,,,,,,,DETECTED,243.04962,243.04817,243.0499,1.3593,1.2675,1.6006,1.782E7,1.321E6,1.588E4,1.782E7,0.075,1.128,1.0373,5,-0.0611,4,1
275,1.3593,1.2811,1.4851,265.03083,265.02927,265.03122,8.064E5,7.69E4,2.498E4,8.064E5,2,1,3,,,,,,,,,DETECTED,265.03083,265.02927,265.03122,1.3593,1.2811,1.4851,8.064E5,7.69E4,2.498E4,8.064E5,0.0967,1.3427,1.4479,2,-0.0504,2,1
276,1.3593,1.2869,1.4691,272.07515,272.07294,272.07614,2.266E5,1.803E4,1.625E4,2.266E5,0,1,3,,,,,,,,,DETECTED,272.07515,272.07294,272.07614,1.3593,1.2869,1.4691,2.266E5,1.803E4,1.625E4,2.266E5,0.0781,1.1913,1.954,,,2,1
277,1.3593,1.2811,1.5931,281.0055,281.00343,281.00754,3.056E6,2.908E5,2.927E4,3.056E6,3,1,3,,,,,,,,,DETECTED,281.0055,281.00343,281.00754,1.3593,1.2811,1.5931,3.056E6,2.908E5,2.927E4,3.056E6,0.0943,1.4283,1.2362,3,-0.0594,3,1
279,1.3593,1.2869,1.5495,341.02646,341.02319,341.02905,6.205E5,5.081E4,2.549E4,6.205E5,2,1,3,,,,,,,,,DETECTED,341.02646,341.02319,341.02905,1.3593,1.2869,1.5495,6.205E5,5.081E4,2.549E4,6.205E5,0.0807,1.7932,1.337,2,-0.0245,2,1
281,1.3593,1.2869,1.4504,342.97431,342.97333,342.97476,6.948E5,4.797E4,3.921E4,6.948E5,1,1,3,,,,,,,,,DETECTED,342.97431,342.97333,342.97476,1.3593,1.2869,1.4504,6.948E5,4.797E4,3.921E4,6.948E5,0.0679,1.1354,0.9554,1,-0.0279,3,1
283,1.3593,1.2926,1.4383,417.06512,417.06354,417.06635,2.238E5,1.479E4,1.332E4,2.238E5,0,1,3,,,,,,,,,DETECTED,417.06512,417.06354,417.06635,1.3593,1.2926,1.4383,2.238E5,1.479E4,1.332E4,2.238E5,0.0635,1.1967,1.1534,,,2,1
284,1.3593,1.2926,1.4504,423.11159,423.11066,423.11328,4.928E5,3.355E4,3.025E4,4.928E5,1,1,3,,,,,,,,,DETECTED,423.11159,423.11066,423.11328,1.3593,1.2926,1.4504,4.928E5,3.355E4,3.025E4,4.928E5,0.07,1.1363,1.1163,1,-0.0174,2,1
285,1.3593,1.2869,1.4383,425.1272,425.12476,425.12796,1.104E6,7.374E4,3.12E4,1.104E6,2,1,3,,,,,,,,,DETECTED,425.1272,425.12476,425.12796,1.3593,1.2869,1.4383,1.104E6,7.374E4,3.12E4,1.104E6,0.0708,1.0659,1.0821,2,-0.0381,4,1
286,1.3593,1.2869,1.5766,435.11248,435.10922,435.1142,1.112E6,6.532E4,1.203E4,1.112E6,2,1,3,,,,,,,,,DETECTED,435.11248,435.10922,435.1142,1.3593,1.2869,1.5766,1.112E6,6.532E4,1.203E4,1.112E6,0.0502,1.2038,1.0361,2,-0.0262,3,1
289,1.3593,1.2869,1.4383,487.10842,487.10663,487.1091,6.169E6,2.958E5,1.449E4,6.169E6,2,1,3,,,,,,,,,DETECTED,487.10842,487.10663,487.1091,1.3593,1.2869,1.4383,6.169E6,2.958E5,1.449E4,6.169E6,0.0404,0.9002,0.6528,2,-0.0487,3,1
290,1.3593,1.3033,1.4133,488.02631,488.02313,488.02866,5.877E4,3.763E3,2.1E4,5.877E4,0,1,3,,,,,,,,,DETECTED,488.02631,488.02313,488.02866,1.3593,1.3033,1.4133,5.877E4,3.763E3,2.1E4,5.877E4,0.0722,0.9818,0.9636,,,2,1
292,1.3593,1.2926,1.4249,509.08671,509.08575,509.08841,3.683E5,2.357E4,2.827E4,3.683E5,1,1,3,,,,,,,,,DETECTED,509.08671,509.08575,509.08841,1.3593,1.2926,1.4249,3.683E5,2.357E4,2.827E4,3.683E5,0.0565,0.9237,0.9012,1,-0.0128,2,1
293,1.3593,1.2926,1.4504,525.06177,525.05725,525.06268,1.391E6,8.801E4,2.453E4,1.391E6,2,1,3,,,,,,,,,DETECTED,525.06177,525.05725,525.06268,1.3593,1.2926,1.4504,1.391E6,8.801E4,2.453E4,1.391E6,0.0767,0.9564,0.886,2,-0.0414,4,1
295,1.3593,1.2926,1.4133,540.01771,540.01471,540.01929,1.758E5,1.065E4,2.012E4,1.758E5,0,1,3,,,,,,,,,DETECTED,540.01771,540.01471,540.01929,1.3593,1.2926,1.4133,1.758E5,1.065E4,2.012E4,1.758E5,0.0666,0.9044,0.9017,,,2,1
296,1.3593,1.2926,1.4383,585.16258,585.15967,585.16656,2.358E5,1.679E4,2.854E4,2.358E5,0,1,3,,,,,,,,,DETECTED,585.16258,585.15967,585.16656,1.3593,1.2926,1.4383,2.358E5,1.679E4,2.854E4,2.358E5,0.0708,1.0923,1.1957,,,2,1
302,1.3911,1.3033,1.504,133.01151,133.011,133.01163,2.7E6,2.988E5,2.241E5,2.7E6,4,1,,,,,,,,,,DETECTED,133.01151,133.011,133.01163,1.3911,1.3033,1.504,2.7E6,2.988E5,2.241E5,2.7E6,0.1252,1.1429,1.2857,4,-0.0716,3,1
305,1.403,1.2926,1.4691,383.08166,383.08008,383.08286,2.659E5,2.106E4,1.612E4,2.659E5,1,1,,,,,,,,,,DETECTED,383.08166,383.08008,383.08286,1.403,1.2926,1.4691,2.659E5,2.106E4,1.612E4,2.659E5,0.1465,0.8291,0.6851,1,0.0057,2,1
309,1.4383,1.3493,1.5495,158.97549,158.9752,158.97566,1.113E6,1.411E5,4.199E5,1.113E6,3,1,51,,,,,,,,,DETECTED,158.97549,158.9752,158.97566,1.4383,1.3493,1.5495,1.113E6,1.411E5,4.199E5,1.113E6,0.1527,1.1245,1.2491,3,-0.0619,3,1
312,1.4383,1.1308,1.5585,309.11821,309.11588,309.12061,3.016E5,4.308E4,9.48E3,3.016E5,2,1,51,,,,,,,,,DETECTED,309.11821,309.11588,309.12061,1.4383,1.1308,1.5585,3.016E5,4.308E4,9.48E3,3.016E5,0.1106,0.7517,0.6236,2,-0.003,2,1
317,1.4592,1.3911,1.5235,299.07538,299.07465,299.07651,1.344E5,8.74E3,2.296E4,1.344E5,0,1,75,5,[M-H]-,2,300.0829,318;317,,,,DETECTED,299.07538,299.07465,299.07651,1.4592,1.3911,1.5235,1.344E5,8.74E3,2.296E4,1.344E5,0.0622,0.972,1.0353,,,2,1
318,1.4592,1.4133,1.504,345.08135,345.07944,345.08252,1.108E5,5.825E3,3.273E4,1.108E5,0,1,75,5,[M+FA]-,2,300.0829,318;317,,,,DETECTED,345.08135,345.07944,345.08252,1.4592,1.4133,1.504,1.108E5,5.825E3,3.273E4,1.108E5,0.5025,0.9875,0.9751,,,2,1
320,1.492,1.2675,1.7925,142.99561,142.99518,142.99585,4.562E5,1.172E5,6.19E4,4.562E5,4,,51,,,,,,,,,DETECTED,142.99561,142.99518,142.99585,1.492,1.2675,1.7925,4.562E5,1.172E5,6.19E4,4.562E5,0.2139,1.1692,1.5167,4,-0.0701,,
326,1.492,1.188,2.1529,179.05341,179.05234,179.05385,9.634E5,3.244E5,5.255E4,9.634E5,10,1,51,6,[M-H]-,2,180.0609,326;333,,,,DETECTED,179.05341,179.05234,179.05385,1.492,1.188,2.1529,9.634E5,3.244E5,5.255E4,9.634E5,0.2829,1.5596,1.7244,10,-0.2564,3,1
328,1.492,1.169,1.9338,181.06953,181.0692,181.06976,2.836E7,8.727E6,3.013E6,2.836E7,14,1,51,7,[M-H]-,2,182.07681,334;328,,,,DETECTED,181.06953,181.0692,181.06976,1.492,1.169,1.9338,2.836E7,8.727E6,3.013E6,2.836E7,0.2031,1.184,1.3135,14,-0.3132,3,1
333,1.492,1.1995,1.6748,225.05931,225.05896,225.0596,3.01E5,7.769E4,6.532E4,3.01E5,0,1,51,6,[M+FA]-,2,180.0609,326;333,,,,DETECTED,225.05931,225.05896,225.0596,1.492,1.1995,1.6748,3.01E5,7.769E4,6.532E4,3.01E5,0.2138,0.8124,0.6247,,,2,1
334,1.492,1.188,2.2491,227.07503,227.07393,227.07559,1.369E6,3.981E5,2.861E4,1.369E6,11,,51,7,[M+FA]-,2,182.07681,334;328,,,,DETECTED,227.07503,227.07393,227.07559,1.492,1.188,2.2491,1.369E6,3.981E5,2.861E4,1.369E6,0.1944,1.6534,1.3269,11,-0.2829,,
336,1.492,1.1514,1.9338,275.01553,275.01418,275.01657,4.389E5,1.076E5,1.731E4,4.389E5,2,1,51,,,,,,,,,DETECTED,275.01553,275.01418,275.01657,1.492,1.1514,1.9338,4.389E5,1.076E5,1.731E4,4.389E5,0.1598,1.0486,0.8164,2,-0.06,2,1
337,1.492,1.3493,1.9338,277.97123,277.97049,277.9722,1.915E5,7.101E4,3.213E4,1.915E5,0,1,51,,,,,,,,,DETECTED,277.97123,277.97049,277.9722,1.492,1.3493,1.9338,1.915E5,7.101E4,3.213E4,1.915E5,0.3753,2.0478,3.0955,,,3,1
339,1.492,1.3708,1.6451,279.9866,279.98621,279.9873,3.879E5,7.266E4,1.344E5,3.879E5,4,,,,,,,,,,,DETECTED,279.9866,279.98621,279.9873,1.492,1.3708,1.6451,3.879E5,7.266E4,1.344E5,3.879E5,0.2147,1.1313,1.2627,4,-0.0448,,
342,1.492,1.1822,1.5931,341.10733,341.10571,341.1087,1.906E5,4.056E4,3.403E4,1.906E5,0,1,51,8,[M-H]-,2,342.1144,345;342,,,,DETECTED,341.10733,341.10571,341.1087,1.492,1.1822,1.5931,1.906E5,4.056E4,3.403E4,1.906E5,0.1934,0.6631,0.3669,,,2,1
345,1.492,1.2258,1.9572,387.1124,387.11105,387.11362,7.775E5,1.996E5,6.82E4,7.775E5,4,1,51,8,[M+FA]-,2,342.1144,345;342,,,,DETECTED,387.1124,387.11105,387.11362,1.492,1.2258,1.9572,7.775E5,1.996E5,6.82E4,7.775E5,0.1843,1.3736,1.7871,4,-0.1484,3,1
347,1.504,1.2258,2.1404,191.05388,191.05299,191.05412,1.802E7,5.547E6,5.847E5,1.802E7,16,1,51,,,,,,,,,DETECTED,191.05388,191.05299,191.05412,1.504,1.2258,2.1404,1.802E7,5.547E6,5.847E5,1.802E7,0.2461,1.5835,1.4974,16,-0.2552,4,1
352,1.504,1.2618,1.6748,371.11766,371.11548,371.12149,2.434E5,4.09E4,1.005E4,2.434E5,0,1,51,,,,,,,,,DETECTED,371.11766,371.11548,371.12149,1.504,1.2618,1.6748,2.434E5,4.09E4,1.005E4,2.434E5,0.1676,0.8624,0.7805,,,3,1
353,1.504,1.2258,1.7868,373.13349,373.1315,373.13547,5.344E5,9.912E4,1.082E4,5.344E5,3,1,51,,,,,,,,,DETECTED,373.13349,373.1315,373.13547,1.504,1.2258,1.7868,5.344E5,9.912E4,1.082E4,5.344E5,0.1726,1.022,0.9919,3,-0.1039,3,1
357,1.5235,1.1937,1.8159,135.0266,135.02626,135.02744,3.528E5,1.014E5,4.247E4,3.528E5,4,1,51,,,,,,,,,DETECTED,135.0266,135.02626,135.02744,1.5235,1.1937,1.8159,3.528E5,1.014E5,4.247E4,3.528E5,0.2637,0.9435,0.9417,4,-0.1574,3,1
358,1.5235,1.2258,2.011,173.0062,173.00571,173.00665,3.528E5,1.07E5,2.382E4,3.528E5,3,,51,9,[M-H]-,2,174.01386,365;358,,,,DETECTED,173.0062,173.00571,173.00665,1.5235,1.2258,2.011,3.528E5,1.07E5,2.382E4,3.528E5,0.2334,1.2632,1.9092,3,-0.0779,,
364,1.5422,1.3033,2.1529,173.04226,173.04187,173.04253,5.211E5,1.734E5,3.063E4,5.211E5,5,1,51,,,,,,,,,DETECTED,173.04226,173.04187,173.04253,1.5422,1.3033,2.1529,5.211E5,1.734E5,3.063E4,5.211E5,0.2546,1.7644,2.2659,5,-0.154,2,1
365,1.5422,1.2258,1.9229,219.01245,219.01173,219.01312,2.399E5,7.024E4,1.919E4,2.399E5,0,1,51,9,[M+FA]-,2,174.01386,365;358,,,,DETECTED,219.01245,219.01173,219.01312,1.5422,1.2258,1.9229,2.399E5,7.024E4,1.919E4,2.399E5,0.2981,1.1016,1.6337,,,2,1
366,1.5422,1.4691,1.8159,383.08159,383.08005,383.08398,1.369E5,1.772E4,9.03E3,1.369E5,0,1,51,,,,,,,,,DETECTED,383.08159,383.08005,383.08398,1.5422,1.4691,1.8159,1.369E5,1.772E4,9.03E3,1.369E5,0.1007,2.3695,3.5495,,,2,1
367,1.5422,1.492,1.6525,421.13188,421.12885,421.13492,3.872E5,2.031E4,1.294E4,3.872E5,1,1,51,,,,,,,,,DETECTED,421.13188,421.12885,421.13492,1.5422,1.492,1.6525,3.872E5,2.031E4,1.294E4,3.872E5,0.0474,1.4602,1.0609,1,-0.0065,3,1
370,1.5675,1.3033,1.7982,203.01722,203.01662,203.01813,1.809E5,4.701E4,3.208E4,1.809E5,0,1,51,,,,,,,,,DETECTED,203.01722,203.01662,203.01813,1.5675,1.3033,1.7982,1.809E5,4.701E4,3.208E4,1.809E5,0.3221,0.9367,0.8734,,,2,1
373,1.5857,1.3033,1.9062,191.01903,191.01733,191.02121,4.298E5,1.647E5,1.349E5,4.298E5,6,1,,,,,,,,,,DETECTED,191.01903,191.01733,191.02121,1.5857,1.3033,1.9062,4.298E5,1.647E5,1.349E5,4.298E5,0.3348,1.0677,1.1354,6,-0.2409,2,1
375,1.6375,1.5585,1.6748,309.11836,309.11725,309.12033,8.808E4,6.518E3,3.304E4,8.808E4,0,1,,,,,,,,,,DETECTED,309.11836,309.11725,309.12033,1.6375,1.5585,1.6748,8.808E4,6.518E3,3.304E4,8.808E4,0.0921,0.7355,0.4711,,,2,1
376,1.6375,1.608,1.6748,359.09605,359.09473,359.09766,7.542E4,2.341E3,1.09E4,7.542E4,0,1,,,,,,,,,,DETECTED,359.09605,359.09473,359.09766,1.6375,1.608,1.6748,7.542E4,2.341E3,1.09E4,7.542E4,0.0291,1.1296,1.0873,,,2,1
379,1.6748,1.6285,1.8085,315.07116,315.06998,315.07336,4.883E5,2.534E4,1.117E4,4.883E5,1,1,89,,,,,,,,,DETECTED,315.07116,315.06998,315.07336,1.6748,1.6285,1.8085,4.883E5,2.534E4,1.117E4,4.883E5,0.0461,1.6489,1.3989,1,-0.0182,2,1
380,1.6748,1.6451,1.7346,323.1339,323.13257,323.13446,2.292E5,7.282E3,1.09E4,2.292E5,0,1,89,,,,,,,,,DETECTED,323.1339,323.13257,323.13446,1.6748,1.6451,1.7346,2.292E5,7.282E3,1.09E4,2.292E5,0.0283,1.369,1.4309,,,2,1
381,1.6843,1.66,1.7346,275.07533,275.0748,275.07629,1.16E5,3.718E3,1.041E4,1.16E5,0,1,55,,,,,,,,,DETECTED,275.07533,275.0748,275.07629,1.6843,1.66,1.7346,1.16E5,3.718E3,1.041E4,1.16E5,0.0307,1.5372,1.6828,,,2,1
382,1.6843,1.66,1.7391,407.15338,407.1499,407.15717,3.493E5,8.644E3,1.153E4,3.493E5,1,1,55,,,,,,,,,DETECTED,407.15338,407.1499,407.15717,1.6843,1.66,1.7391,3.493E5,8.644E3,1.153E4,3.493E5,0.0222,1.237,1.6454,1,0.0056,3,1
383,1.6843,1.66,1.7198,515.13643,515.13611,515.13739,1.122E5,2.927E3,1.037E4,1.122E5,0,1,55,,,,,,,,,DETECTED,515.13643,515.13611,515.13739,1.6843,1.66,1.7198,1.122E5,2.927E3,1.037E4,1.122E5,0.0239,1.2176,1.1847,,,2,1
385,1.6934,1.4779,1.8159,273.97659,273.97537,273.97867,8.586E4,1.905E4,1.997E4,8.586E4,0,1,106,,,,,,,,,DETECTED,273.97659,273.97537,273.97867,1.6934,1.4779,1.8159,8.586E4,1.905E4,1.997E4,8.586E4,0.2598,0.7843,0.5686,,,4,1
386,1.6934,1.5931,1.8588,281.00589,281.0051,281.0083,1.776E5,2.438E4,1.845E4,1.776E5,0,1,106,,,,,,,,,DETECTED,281.00589,281.0051,281.0083,1.6934,1.5931,1.8588,1.776E5,2.438E4,1.845E4,1.776E5,0.136,1.3241,1.4785,,,2,1
390,1.714,1.6934,1.7465,359.09791,359.09656,359.09912,5.26E4,1.493E3,1.908E4,5.26E4,0,1,,,,,,,,,,DETECTED,359.09791,359.09656,359.09912,1.714,1.6934,1.7465,5.26E4,1.493E3,1.908E4,5.26E4,0.0264,1.2864,1.5729,,,3,1
391,1.7198,1.6006,2.0467,243.04887,243.04813,243.04918,1.072E6,1.898E5,8.64E4,1.072E6,5,1,106,,,,,,,,,DETECTED,243.04887,243.04813,243.04918,1.7198,1.6006,2.0467,1.072E6,1.898E5,8.64E4,1.072E6,0.1451,1.7564,2.1794,5,-0.0857,3,1
393,1.7391,1.6843,1.7925,355.06639,355.06384,355.06744,1.194E5,6.109E3,1.718E4,1.194E5,0,1,74,,,,,,,,,DETECTED,355.06639,355.06384,355.06744,1.7391,1.6843,1.7925,1.194E5,6.109E3,1.718E4,1.194E5,0.0434,0.9869,0.9228,,,2,1
394,1.7465,1.7198,1.8159,261.0054,261.00494,261.00623,1.081E5,4.533E3,9.781E3,1.081E5,0,1,74,,,,,,,,,DETECTED,261.0054,261.00494,261.00623,1.7465,1.7198,1.8159,1.081E5,4.533E3,9.781E3,1.081E5,0.0405,1.7708,2.8738,,,2,1
396,1.7465,1.6227,1.8914,342.97424,342.97095,342.97696,5.624E4,8.54E3,8.15E3,5.624E4,0,1,106,,,,,,,,,DETECTED,342.97424,342.97095,342.97696,1.7465,1.6227,1.8914,5.624E4,8.54E3,8.15E3,5.624E4,0.1515,1.0853,1.1705,,,3,1
397,1.7465,1.6748,1.804,357.08104,357.07947,357.0831,1.677E5,7.585E3,1.269E4,1.677E5,0,1,74,,,,,,,,,DETECTED,357.08104,357.07947,357.0831,1.7465,1.6748,1.804,1.677E5,7.585E3,1.269E4,1.677E5,0.0358,0.8724,1.5367,,,3,1
398,1.7539,1.7198,1.8588,218.10122,218.10063,218.10178,2.066E6,6.685E4,1.811E4,2.066E6,1,1,74,,,,,,,,,DETECTED,218.10122,218.10063,218.10178,1.7539,1.7198,1.8588,2.066E6,6.685E4,1.811E4,2.066E6,0.0306,1.2421,1.2107,1,-0.0109,3,1
401,1.7679,1.5857,1.9338,265.03087,265.02982,265.0322,1.91E5,3.292E4,2.121E4,1.91E5,0,1,106,,,,,,,,,DETECTED,265.03087,265.02982,265.0322,1.7679,1.5857,1.9338,1.91E5,3.292E4,2.121E4,1.91E5,0.1607,0.9553,0.6613,,,2,1
403,1.7679,1.7465,1.804,345.11766,345.11563,345.1189,1.754E5,3.889E3,1.226E4,1.754E5,0,1,,,,,,,,,,DETECTED,345.11766,345.11563,345.1189,1.7679,1.7465,1.804,1.754E5,3.889E3,1.226E4,1.754E5,0.0194,1.342,1.123,,,2,1
404,1.7794,1.7346,1.884,323.13347,323.13083,323.13571,1.386E5,6.517E3,1.002E4,1.386E5,0,1,,,,,,,,,,DETECTED,323.13347,323.13083,323.13571,1.7794,1.7346,1.884,1.386E5,6.517E3,1.002E4,1.386E5,0.0226,1.5212,6.0856,,,2,1
407,1.8159,1.7925,1.8663,515.13691,515.13385,515.13788,2.977E5,6.996E3,1.53E4,2.977E5,1,1,,,,,,,,,,DETECTED,515.13691,515.13385,515.13788,1.8159,1.7925,1.8663,2.977E5,6.996E3,1.53E4,2.977E5,0.0203,1.4828,1.6283,1,0.0041,3,1
408,1.8252,1.804,1.8513,279.10696,279.10577,279.10818,1.139E5,2.831E3,1.273E4,1.139E5,0,1,,,,,,,,,,DETECTED,279.10696,279.10577,279.10818,1.8252,1.804,1.8513,1.139E5,2.831E3,1.273E4,1.139E5,0.0243,1.1154,1.5435,,,2,1
409,1.8344,1.7925,1.8766,355.06577,355.06525,355.06677,4.055E5,1.704E4,2.56E4,4.055E5,1,1,25,,,,,,,,,DETECTED,355.06577,355.06525,355.06677,1.8344,1.7925,1.8766,4.055E5,1.704E4,2.56E4,4.055E5,0.037,1.0045,0.9672,1,-0.0127,2,1
410,1.8344,1.804,1.9229,357.08098,357.07922,357.08389,2.49E5,9.595E3,1.278E4,2.49E5,0,1,25,,,,,,,,,DETECTED,357.08098,357.07922,357.08389,1.8344,1.804,1.9229,2.49E5,9.595E3,1.278E4,2.49E5,0.0307,2.0923,14.4173,,,3,1
411,1.8344,1.8159,1.8663,380.15449,380.15399,380.15729,1.681E5,3.361E3,1.613E4,1.681E5,0,1,,,,,,,,,,DETECTED,380.15449,380.15399,380.15729,1.8344,1.8159,1.8663,1.681E5,3.361E3,1.613E4,1.681E5,0.0176,1.2387,1.3107,,,2,1
413,1.8434,1.8159,1.9338,213.12212,213.12131,213.12296,4.244E5,1.502E4,1.047E4,4.244E5,1,1,67,,,,,,,,,DETECTED,213.12212,213.12131,213.12296,1.8434,1.8159,1.9338,4.244E5,1.502E4,1.047E4,4.244E5,0.0329,1.5346,2.1763,1,-0.0035,2,1
415,1.8434,1.8159,1.9572,257.11295,257.1116,257.11401,4.629E6,1.586E5,3.793E4,4.629E6,2,1,67,,,,,,,,,DETECTED,257.11295,257.1116,257.11401,1.8434,1.8159,1.9572,4.629E6,1.586E5,3.793E4,4.629E6,0.0307,1.7987,2.1401,2,-0.0142,3,1
418,1.8513,1.8252,1.9005,279.09305,279.09201,279.09372,1.855E5,5.932E3,1.34E4,1.855E5,0,1,67,,,,,,,,,DETECTED,279.09305,279.09201,279.09372,1.8513,1.8252,1.9005,1.855E5,5.932E3,1.34E4,1.855E5,0.028,1.3236,1.4042,,,2,1
421,1.8588,1.7982,1.9515,187.05805,187.05754,187.0584,1.507E5,7.187E3,1.139E4,1.507E5,0,1,67,,,,,,,,,DETECTED,187.05805,187.05754,187.0584,1.8588,1.7982,1.9515,1.507E5,7.187E3,1.139E4,1.507E5,0.0274,1.4776,1.6357,,,6,1
422,1.8588,1.8085,1.9705,189.07384,189.07286,189.07437,2.856E5,1.514E4,1.273E4,2.856E5,1,1,67,,,,,,,,,DETECTED,189.07384,189.07286,189.07437,1.8588,1.8085,1.9705,2.856E5,1.514E4,1.273E4,2.856E5,0.0336,1.657,2.1429,1,-0.0035,3,1
423,1.8588,1.8085,2.011,315.07148,315.06921,315.07266,1.463E5,6.661E3,7.787E3,1.463E5,0,1,67,,,,,,,,,DETECTED,315.07148,315.06921,315.07266,1.8588,1.8085,2.011,1.463E5,6.661E3,7.787E3,1.463E5,0.0256,1.9676,1.9301,,,2,1
424,1.8663,1.8344,1.9229,315.10718,315.10629,315.10895,3.676E5,9.967E3,9.403E3,3.676E5,1,1,,,,,,,,,,DETECTED,315.10718,315.10629,315.10895,1.8663,1.8344,1.9229,3.676E5,9.967E3,9.403E3,3.676E5,0.0233,1.5294,1.5193,1,-0.0035,2,1
425,1.8721,1.8513,1.9229,275.07542,275.07507,275.07596,1.547E5,3.606E3,9.627E3,1.547E5,0,1,,,,,,,,,,DETECTED,275.07542,275.07507,275.07596,1.8721,1.8513,1.9229,1.547E5,3.606E3,9.627E3,1.547E5,0.0215,1.7605,1.5177,,,2,1
427,1.9005,1.8434,1.9338,233.10079,233.10057,233.10146,1.286E5,3.806E3,1.201E4,1.286E5,0,1,,,,,,,,,,DETECTED,233.10079,233.10057,233.10146,1.9005,1.8434,1.9338,1.286E5,3.806E3,1.201E4,1.286E5,0.0238,1.1574,0.9623,,,2,1
429,1.9062,1.8588,2.0319,218.10098,218.09962,218.10246,5.915E4,5.514E3,1.026E4,5.915E4,0,1,,,,,,,,,,DETECTED,218.10098,218.09962,218.10246,1.9062,1.8588,2.0319,5.915E4,5.514E3,1.026E4,5.915E4,0.0852,1.8243,2.5395,,,2,1
430,1.9062,1.8766,2.0393,355.0654,355.06482,355.06589,7.051E5,3.632E4,4.256E4,7.051E5,1,1,,,,,,,,,,DETECTED,355.0654,355.06482,355.06589,1.9062,1.8766,2.0393,7.051E5,3.632E4,4.256E4,7.051E5,0.0352,2.736,4.1196,1,-0.0092,4,1
432,1.9229,1.8914,1.9962,240.13297,240.13237,240.13423,1.184E5,3.68E3,8.227E3,1.184E5,0,1,,,,,,,,,,DETECTED,240.13297,240.13237,240.13423,1.9229,1.8914,1.9962,1.184E5,3.68E3,8.227E3,1.184E5,0.0222,1.3056,2.2263,,,2,1
435,1.9338,1.9005,2.0007,191.01703,191.01674,191.01727,4.177E5,1.816E4,1.072E5,4.177E5,1,1,28,,,,,,,,,DETECTED,191.01703,191.01674,191.01727,1.9338,1.9005,2.0007,4.177E5,1.816E4,1.072E5,4.177E5,0.0259,1.5023,2.0047,1,0.0074,2,1
438,1.9338,1.884,2.0053,351.07227,351.06976,351.07278,6.885E6,2.421E5,3.979E4,6.885E6,2,1,28,,,,,,,,,DETECTED,351.07227,351.06976,351.07278,1.9338,1.884,2.0053,6.885E6,2.421E5,3.979E4,6.885E6,0.0293,1.5666,2.0393,2,-0.0144,6,1
439,1.9338,1.8766,2.011,352.07614,352.07373,352.07788,8.893E5,3.231E4,9.116E3,8.893E5,1,1,28,,,,,,,,,DETECTED,352.07614,352.07373,352.07788,1.9338,1.8766,2.011,8.893E5,3.231E4,9.116E3,8.893E5,0.0292,1.7683,2.4791,1,-0.0031,6,1
444,1.9338,1.8721,2.011,353.08715,353.08475,353.08743,3.623E7,1.187E6,1.754E4,3.623E7,2,1,28,,,,,,,,,DETECTED,353.08715,353.08475,353.08743,1.9338,1.8721,2.011,3.623E7,1.187E6,1.754E4,3.623E7,0.0271,1.8637,2.2065,2,-0.016,4,1
446,1.9338,1.9137,1.963,379.54157,379.53928,379.54233,8.816E4,2.215E3,1.231E4,8.816E4,0,1,28,,,,,,,,,DETECTED,379.54157,379.53928,379.54233,1.9338,1.9137,1.963,8.816E4,2.215E3,1.231E4,8.816E4,0.0241,1.2238,1.2042,,,2,1
447,1.9338,1.9062,2.0053,453.01059,453.009,453.01229,8.729E5,2.388E4,1.669E4,8.729E5,1,1,28,,,,,,,,,DETECTED,453.01059,453.009,453.01229,1.9338,1.9062,2.0053,8.729E5,2.388E4,1.669E4,8.729E5,0.024,1.5652,1.5381,1,0.004,7,1
449,1.9338,1.9137,2.0007,705.1592,705.15466,705.1604,6.594E5,1.504E4,7.744E3,6.594E5,0,1,28,,,,,,,,,DETECTED,705.1592,705.15466,705.1604,1.9338,1.9137,2.0007,6.594E5,1.504E4,7.744E3,6.594E5,0.0213,1.0882,1.0875,,,2,1
450,1.9338,1.9137,1.9705,707.17354,707.17053,707.17969,6.5E5,1.454E4,2.276E4,6.5E5,0,1,28,,,,,,,,,DETECTED,707.17354,707.17053,707.17969,1.9338,1.9137,1.9705,6.5E5,1.454E4,2.276E4,6.5E5,0.0212,1.1694,1.1013,,,4,1
452,1.9338,1.9137,1.9572,772.08031,772.07886,772.08203,5.745E4,1.331E3,1.762E4,5.745E4,0,1,,,,,,,,,,DETECTED,772.08031,772.07886,772.08203,1.9338,1.9137,1.9572,5.745E4,1.331E3,1.762E4,5.745E4,0.0234,1.0811,1.1623,,,4,1
454,1.944,1.8914,2.0053,369.08008,369.0795,369.08209,3.576E5,1.27E4,1.208E4,3.576E5,1,1,28,,,,,,,,,DETECTED,369.08008,369.0795,369.08209,1.944,1.8914,2.0053,3.576E5,1.27E4,1.208E4,3.576E5,0.0279,1.338,1.0423,1,0.004,2,1
455,1.944,1.9005,2.011,375.06749,375.06659,375.06839,1.002E6,3.499E4,9.697E3,1.002E6,1,1,28,,,,,,,,,DETECTED,375.06749,375.06659,375.06839,1.944,1.9005,2.011,1.002E6,3.499E4,9.697E3,1.002E6,0.0292,1.3619,1.3944,1,-0.015,3,1
456,1.944,1.9062,2.011,391.04087,391.04007,391.04312,4.092E5,1.479E4,1.252E4,4.092E5,1,1,28,,,,,,,,,DETECTED,391.04087,391.04007,391.04312,1.944,1.9062,2.011,4.092E5,1.479E4,1.252E4,4.092E5,0.0327,1.3216,1.1101,1,0.0023,3,1
458,1.944,1.9062,1.9962,451.06083,451.05865,451.0629,1.426E5,4.61E3,1.059E4,1.426E5,0,1,28,,,,,,,,,DETECTED,451.06083,451.05865,451.0629,1.944,1.9062,1.9962,1.426E5,4.61E3,1.059E4,1.426E5,0.0255,1.3351,1.123,,,2,1
463,1.9705,1.9515,2.1192,371.09665,371.09436,371.09909,1.179E5,5.964E3,1.419E4,1.179E5,0,1,,,,,,,,,,DETECTED,371.09665,371.09436,371.09909,1.9705,1.9515,2.1192,1.179E5,5.964E3,1.419E4,1.179E5,0.1525,4.4141,13.3902,,,2,1
465,1.9779,1.9572,2.0724,263.14802,263.14651,263.14832,4.168E5,9.597E3,1.33E4,4.168E5,1,1,,,,,,,,,,DETECTED,263.14802,263.14651,263.14832,1.9779,1.9572,2.0724,4.168E5,9.597E3,1.33E4,4.168E5,0.0166,1.9345,1.6573,1,0.0056,2,1
469,2.0053,1.9572,2.1404,257.11242,257.11176,257.11313,1.465E5,1.367E4,1.888E4,1.465E5,0,1,,,,,,,,,,DETECTED,257.11242,257.11176,257.11313,2.0053,1.9572,2.1404,1.465E5,1.367E4,1.888E4,1.465E5,0.0879,1.9065,2.6831,,,2,1
476,2.0261,2.0007,2.0873,251.05373,251.0531,251.05437,1.068E5,3.766E3,9.021E3,1.068E5,0,1,30,10,[M-H]-,2,252.06153,476;478,,,,DETECTED,251.05373,251.0531,251.05437,2.0261,2.0007,2.0873,1.068E5,3.766E3,9.021E3,1.068E5,0.0309,1.8735,2.6651,,,2,1
477,2.0261,1.987,2.0724,295.04469,295.04401,295.04495,8.294E5,2.312E4,1.443E4,8.294E5,1,1,30,,,,,,,,,DETECTED,295.04469,295.04401,295.04495,2.0261,1.987,2.0724,8.294E5,2.312E4,1.443E4,8.294E5,0.0241,1.5856,2.1275,1,-0.0035,2,1
478,2.0261,1.9779,2.0949,297.06025,297.05945,297.06046,3.83E6,1.166E5,8.271E3,3.83E6,2,1,30,10,[M+FA]-,2,252.06153,476;478,,,,DETECTED,297.06025,297.05945,297.06046,2.0261,1.9779,2.0949,3.83E6,1.166E5,8.271E3,3.83E6,0.0273,1.9628,2.5238,2,-0.011,3,1
483,2.0393,2.011,2.2069,353.08643,353.08545,353.08664,1.794E6,1.474E5,1.33E5,1.794E6,2,1,,,,,,,,,,DETECTED,353.08643,353.08545,353.08664,2.0393,2.011,2.2069,1.794E6,1.474E5,1.33E5,1.794E6,0.0768,4.5632,4.6678,2,-0.0109,4,1
484,2.0512,1.963,2.1085,341.08602,341.08475,341.08685,4.576E5,1.786E4,1.029E4,4.576E5,1,1,,,,,,,,,,DETECTED,341.08602,341.08475,341.08685,2.0512,1.963,2.1085,4.576E5,1.786E4,1.029E4,4.576E5,0.0229,0.8909,0.6809,1,0.0023,2,1
486,2.0724,2.0512,2.1404,339.07058,339.0687,339.07092,5.237E5,1.657E4,2.584E4,5.237E5,1,1,,,,,,,,,,DETECTED,339.07058,339.0687,339.07092,2.0724,2.0512,2.1404,5.237E5,1.657E4,2.584E4,5.237E5,0.0278,1.813,2.0488,1,-0.0035,2,1
487,2.0815,2.0467,2.1404,243.04919,243.04807,243.04955,2.922E6,7.219E4,8.64E4,2.922E6,1,1,65,,,,,,,,,DETECTED,243.04919,243.04807,243.04955,2.0815,2.0467,2.1404,2.922E6,7.219E4,8.64E4,2.922E6,0.02,1.864,1.8131,1,-0.0035,3,1
488,2.0815,2.0604,2.1284,281.12218,281.12143,281.12302,1.92E5,5.83E3,1.708E4,1.92E5,0,1,65,,,,,,,,,DETECTED,281.12218,281.12143,281.12302,2.0815,2.0604,2.1284,1.92E5,5.83E3,1.708E4,1.92E5,0.03,1.8608,2.4947,,,2,1
489,2.0815,2.0604,2.1404,311.03668,311.03522,311.03763,1.324E5,3.39E3,9.737E3,1.324E5,0,1,65,,,,,,,,,DETECTED,311.03668,311.03522,311.03763,2.0815,2.0604,2.1404,1.324E5,3.39E3,9.737E3,1.324E5,0.0211,3.3973,2.664,,,2,1
491,2.0949,2.0815,2.1284,343.10147,343.10068,343.10184,7.914E4,1.885E3,2.046E4,7.914E4,0,1,,,,,,,,,,DETECTED,343.10147,343.10068,343.10184,2.0949,2.0815,2.1284,7.914E4,1.885E3,2.046E4,7.914E4,0.0214,1.7524,2.5049,,,2,1
492,2.1039,2.0873,2.1619,515.13738,515.13574,515.13953,1.694E5,3.828E3,1.049E4,1.694E5,0,1,,,,,,,,,,DETECTED,515.13738,515.13574,515.13953,2.1039,2.0873,2.1619,1.694E5,3.828E3,1.049E4,1.694E5,0.0183,2.0904,2.1823,,,3,1
493,2.1192,2.0393,2.262,355.06532,355.06406,355.06601,9.455E5,5.92E4,4.256E4,9.455E5,2,1,,,,,,,,,,DETECTED,355.06532,355.06406,355.06601,2.1192,2.0393,2.262,9.455E5,5.92E4,4.256E4,9.455E5,0.0397,1.6771,2.7199,2,-0.0084,5,1
495,2.1284,2.0724,2.2156,323.13322,323.13235,323.1347,1.097E6,2.805E4,1.084E4,1.097E6,1,1,,,,,,,,,,DETECTED,323.13322,323.13235,323.1347,2.1284,2.0724,2.2156,1.097E6,2.805E4,1.084E4,1.097E6,0.0379,1.6855,1.1412,1,-0.0051,3,1
496,2.1284,2.1085,2.183,335.01557,335.01345,335.01743,8.249E4,3.122E3,8.37E3,8.249E4,0,1,0,,,,,,,,,DETECTED,335.01557,335.01345,335.01743,2.1284,2.1085,2.183,8.249E4,3.122E3,8.37E3,8.249E4,0.0345,1.8729,2.2887,,,4,1
499,2.1404,2.1039,2.2739,135.02694,135.02625,135.02711,1.719E6,5.651E4,2.771E4,1.719E6,1,1,0,,,,,,,,,DETECTED,135.02694,135.02625,135.02711,2.1404,2.1039,2.2739,1.719E6,5.651E4,2.771E4,1.719E6,0.0345,1.3647,1.9246,1,-0.008,4,1
503,2.1404,2.0604,2.1887,177.01619,177.01567,177.01634,6.958E5,2.555E4,2.138E4,6.958E5,1,1,0,,,,,,,,,DETECTED,177.01619,177.01567,177.01634,2.1404,2.0604,2.1887,6.958E5,2.555E4,2.138E4,6.958E5,0.0301,1.0474,1.2637,1,-0.0047,2,1
504,2.1404,2.0949,2.1887,177.05228,177.05194,177.05261,2.059E5,7.576E3,1.118E4,2.059E5,0,1,0,,,,,,,,,DETECTED,177.05228,177.05194,177.05261,2.1404,2.0949,2.1887,2.059E5,7.576E3,1.118E4,2.059E5,0.0322,1.1356,1.3449,,,3,1
508,2.1404,2.0873,2.183,207.06385,207.06274,207.06429,2.187E5,8.219E3,7.427E3,2.187E5,0,1,0,,,,,,,,,DETECTED,207.06385,207.06274,207.06429,2.1404,2.0873,2.183,2.187E5,8.219E3,7.427E3,2.187E5,0.0326,1.0042,1.3689,,,2,1
509,2.1404,2.0873,2.3161,251.05381,251.05284,251.05424,8.677E5,3.369E4,8.008E3,8.677E5,1,1,0,11,[M-H]-,2,252.06173,509;514,,,,DETECTED,251.05381,251.05284,251.05424,2.1404,2.0873,2.3161,8.677E5,3.369E4,8.008E3,8.677E5,0.0296,1.8305,1.29,1,-0.0155,2,1
510,2.1404,2.0724,2.2864,295.04534,295.0434,295.04593,4.621E6,1.813E5,6.712E4,4.621E6,3,1,0,,,,,,,,,DETECTED,295.04534,295.0434,295.04593,2.1404,2.0724,2.2864,4.621E6,1.813E5,6.712E4,4.621E6,0.031,1.2047,1.225,3,-0.0263,2,1
511,2.1404,2.0815,2.2564,296.04865,296.04642,296.04941,4.32E5,1.861E4,1.247E4,4.32E5,1,1,0,,,,,,,,,DETECTED,296.04865,296.04642,296.04941,2.1404,2.0815,2.2564,4.32E5,1.861E4,1.247E4,4.32E5,0.0327,1.7001,2.343,1,0.0073,2,1
514,2.1404,2.0949,2.4712,297.06057,297.05862,297.06091,2.749E7,1.01E6,4.757E4,2.749E7,4,1,0,11,[M+FA]-,2,252.06173,509;514,,,,DETECTED,297.06057,297.05862,297.06091,2.1404,2.0949,2.4712,2.749E7,1.01E6,4.757E4,2.749E7,0.0374,2.0768,1.7964,4,0.0023,3,1
516,2.1404,2.0873,2.262,313.0548,313.0538,313.05554,3.108E5,1.238E4,9.031E3,3.108E5,0,1,0,,,,,,,,,DETECTED,313.0548,313.0538,313.05554,2.1404,2.0873,2.262,3.108E5,1.238E4,9.031E3,3.108E5,0.031,1.617,1.8262,,,2,1
518,2.1404,2.1085,2.2739,341.08535,341.08371,341.08655,2.616E5,2.061E4,3.105E4,2.616E5,0,1,,,,,,,,,,DETECTED,341.08535,341.08371,341.08655,2.1404,2.1085,2.2739,2.616E5,2.061E4,3.105E4,2.616E5,0.101,2.5894,3.8676,,,2,1
519,2.1404,2.0873,2.2491,365.04707,365.04663,365.04916,6.886E5,2.713E4,7.607E3,6.886E5,1,1,0,,,,,,,,,DETECTED,365.04707,365.04663,365.04916,2.1404,2.0873,2.2491,6.886E5,2.713E4,7.607E3,6.886E5,0.0397,1.125,2.4472,1,0.004,3,1
521,2.1404,2.1085,2.1887,394.96812,394.9653,394.96866,4.642E5,1.456E4,1.13E4,4.642E5,1,1,0,,,,,,,,,DETECTED,394.96812,394.9653,394.96866,2.1404,2.1085,2.1887,4.642E5,1.456E4,1.13E4,4.642E5,0.0306,1.06,1.1914,1,0.0056,3,1
528,2.1404,2.1085,2.183,593.11167,593.10864,593.11218,1.554E6,3.144E4,1.375E4,1.554E6,1,1,0,,,,,,,,,DETECTED,593.11167,593.10864,593.11218,2.1404,2.1085,2.183,1.554E6,3.144E4,1.375E4,1.554E6,0.0193,1.0103,0.9265,1,-0.0063,2,1
529,2.1404,2.1085,2.1887,595.1258,595.12286,595.12915,8.423E5,1.675E4,8.19E3,8.423E5,0,1,0,,,,,,,,,DETECTED,595.1258,595.12286,595.12915,2.1404,2.1085,2.1887,8.423E5,1.675E4,8.19E3,8.423E5,0.018,1.019,0.9475,,,3,1
530,2.1619,2.0649,2.2938,137.02165,137.02055,137.0218,2.072E6,1.002E5,1.439E4,2.072E6,1,1,,,,,,,,,,DETECTED,137.02165,137.02055,137.0218,2.1619,2.0649,2.2938,2.072E6,1.002E5,1.439E4,2.072E6,0.044,2.0719,2.7833,1,-0.0035,9,1
531,2.1693,2.1529,2.2023,343.10162,343.09998,343.10275,8.014E4,1.756E3,1.756E4,8.014E4,0,1,,,,,,,,,,DETECTED,343.10162,343.09998,343.10275,2.1693,2.1529,2.2023,8.014E4,1.756E3,1.756E4,8.014E4,0.019,1.5027,2.0055,,,2,1
532,2.183,2.1619,2.2372,259.12799,259.12778,259.12857,1.951E5,5.333E3,1.062E4,1.951E5,0,1,,,,,,,,,,DETECTED,259.12799,259.12778,259.12857,2.183,2.1619,2.2372,1.951E5,5.333E3,1.062E4,1.951E5,0.026,1.6035,2.1907,,,3,1
534,2.1933,2.1751,2.2739,188.03185,188.03143,188.03235,9.694E4,3.732E3,1.177E4,9.694E4,0,1,,,,,,,,,,DETECTED,188.03185,188.03143,188.03235,2.1933,2.1751,2.2739,9.694E4,3.732E3,1.177E4,9.694E4,0.0281,2.7191,3.9862,,,2,1
535,2.2069,2.1887,2.262,327.10678,327.10541,327.108,1.315E5,3.285E3,8.774E3,1.315E5,0,1,,,,,,,,,,DETECTED,327.10678,327.10541,327.108,2.2069,2.1887,2.262,1.315E5,3.285E3,8.774E3,1.315E5,0.0208,2.89,3.7277,,,2,1
536,2.2156,2.1887,2.3294,163.03662,163.03616,163.03755,4.738E5,1.825E4,9.664E3,4.738E5,1,1,22,,,,,,,,,DETECTED,163.03662,163.03616,163.03755,2.2156,2.1887,2.3294,4.738E5,1.825E4,9.664E3,4.738E5,0.0262,3.2378,5.717,1,0.009,3,1
538,2.2156,2.183,2.5215,337.09225,337.09064,337.09268,2.805E7,1.362E6,9.86E3,2.805E7,4,1,22,,,,,,,,,DETECTED,337.09225,337.09064,337.09268,2.2156,2.183,2.5215,2.805E7,1.362E6,9.86E3,2.805E7,0.0291,3.4259,5.2322,4,-0.0064,2,1
542,2.2156,2.1933,2.3984,405.07772,405.07556,405.07986,7.173E5,3.386E4,1.085E4,7.173E5,1,1,22,,,,,,,,,DETECTED,405.07772,405.07556,405.07986,2.2156,2.1933,2.3984,7.173E5,3.386E4,1.085E4,7.173E5,0.0301,3.2386,4.7883,1,-0.0031,3,1
543,2.2156,2.1933,2.3693,437.01498,437.0112,437.0172,5.4E5,2.713E4,1.395E4,5.4E5,0,1,22,,,,,,,,,DETECTED,437.01498,437.0112,437.0172,2.2156,2.1933,2.3693,5.4E5,2.713E4,1.395E4,5.4E5,0.0267,7.361,6.1157,,,7,1
545,2.2156,2.1933,2.3477,482.0129,482.00943,482.01447,2.379E5,9.339E3,8.326E3,2.379E5,1,1,22,,,,,,,,,DETECTED,482.0129,482.00943,482.01447,2.2156,2.1933,2.3477,2.379E5,9.339E3,8.326E3,2.379E5,0.0302,3.1011,1.8247,1,0.0164,4,1
546,2.2156,2.1933,2.2739,633.13813,633.13464,633.14142,5.419E4,2.083E3,7.945E3,5.419E4,0,1,22,,,,,,,,,DETECTED,633.13813,633.13464,633.14142,2.2156,2.1933,2.2739,5.419E4,2.083E3,7.945E3,5.419E4,0.0286,1.8046,4.1241,,,4,1
548,2.2156,2.1933,2.2864,675.18619,675.18378,675.1886,8.27E5,1.977E4,1.402E4,8.27E5,1,1,22,,,,,,,,,DETECTED,675.18619,675.18378,675.1886,2.2156,2.1933,2.2864,8.27E5,1.977E4,1.402E4,8.27E5,0.0254,2.3593,4.8397,1,0.0057,3,1
549,2.2156,2.2023,2.262,697.16491,697.16394,697.1687,1.247E5,3.201E3,1.483E4,1.247E5,0,1,,,,,,,,,,DETECTED,697.16491,697.16394,697.1687,2.2156,2.2023,2.262,1.247E5,3.201E3,1.483E4,1.247E5,0.0416,2.2463,3.1495,,,3,1
550,2.2156,2.1933,2.262,740.09429,740.09344,740.09613,9.933E4,3.901E3,7.638E3,9.933E4,0,1,22,,,,,,,,,DETECTED,740.09429,740.09344,740.09613,2.2156,2.1933,2.262,9.933E4,3.901E3,7.638E3,9.933E4,0.0332,2.2061,3.2064,,,3,1
551,2.228,2.2023,2.2864,311.07562,311.0751,311.07697,5.654E5,1.477E4,2.018E4,5.654E5,1,1,,,,,,,,,,DETECTED,311.07562,311.0751,311.07697,2.228,2.2023,2.2864,5.654E5,1.477E4,2.018E4,5.654E5,0.0223,2.0022,1.7895,1,0.0057,4,1
555,2.228,2.1933,2.2564,421.05177,421.05103,421.05295,7.195E4,2.712E3,1.939E4,7.195E4,0,1,22,,,,,,,,,DETECTED,421.05177,421.05103,421.05295,2.228,2.1933,2.2564,7.195E4,2.712E3,1.939E4,7.195E4,0.0467,0.9092,0.8183,,,2,1
558,2.2372,2.2156,2.3477,299.07545,299.07468,299.07779,3.552E5,9.596E3,9.786E3,3.552E5,0,1,,,,,,,,,,DETECTED,299.07545,299.07468,299.07779,2.2372,2.2156,2.3477,3.552E5,9.596E3,9.786E3,3.552E5,0.0194,2.2719,1.1867,,,2,1
559,2.2445,2.2023,2.3237,359.07318,359.07211,359.07578,1.072E5,4.355E3,9.408E3,1.072E5,0,1,,,,,,,,,,DETECTED,359.07318,359.07211,359.07578,2.2445,2.2023,2.3237,1.072E5,4.355E3,9.408E3,1.072E5,0.0226,1.4054,1.2231,,,3,1
563,2.2564,2.2372,2.3477,289.06978,289.0694,289.07034,2.568E5,6.833E3,1.522E4,2.568E5,0,1,,,,,,,,,,DETECTED,289.06978,289.0694,289.07034,2.2564,2.2372,2.3477,2.568E5,6.833E3,1.522E4,2.568E5,0.0158,2.7688,3.2182,,,2,1
568,2.262,2.2445,2.3294,691.17961,691.17651,691.18073,2.844E5,8.187E3,1.007E4,2.844E5,0,1,32,,,,,,,,,DETECTED,691.17961,691.17651,691.18073,2.262,2.2445,2.3294,2.844E5,8.187E3,1.007E4,2.844E5,0.0265,3.1101,3.0659,,,4,1
569,2.2739,2.1887,2.3029,191.01689,191.01671,191.01723,3.731E5,1.65E4,6.814E4,3.731E5,1,1,32,,,,,,,,,DETECTED,191.01689,191.01671,191.01723,2.2739,2.1887,2.3029,3.731E5,1.65E4,6.814E4,3.731E5,0.0691,0.67,0.1985,1,0.0148,2,1
570,2.2739,2.2372,2.3385,191.05333,191.05301,191.05344,1.969E6,8.873E4,4.306E5,1.969E6,2,1,32,,,,,,,,,DETECTED,191.05333,191.05301,191.05344,2.2739,2.2372,2.3385,1.969E6,8.873E4,4.306E5,1.969E6,0.0291,1.3793,1.7586,2,0.0023,3,1
571,2.2739,2.2445,2.5049,351.07164,351.06943,351.0748,5.534E6,1.847E5,2.998E4,5.534E6,2,1,32,,,,,,,,,DETECTED,351.07164,351.06943,351.0748,2.2739,2.2445,2.5049,5.534E6,1.847E5,2.998E4,5.534E6,0.0247,2.2739,3.8448,2,-0.0079,2,1
572,2.2739,2.2445,2.3237,352.07547,352.07434,352.07665,6.918E5,2.07E4,3.884E4,6.918E5,1,1,32,,,,,,,,,DETECTED,352.07547,352.07434,352.07665,2.2739,2.2445,2.3237,6.918E5,2.07E4,3.884E4,6.918E5,0.0264,1.496,34.2792,1,-0.0028,2,1
576,2.2739,2.2069,2.5393,353.08673,353.08502,353.08704,2.662E7,9.188E5,7.467E4,2.662E7,4,1,32,,,,,,,,,DETECTED,353.08673,353.08502,353.08704,2.2739,2.2069,2.5393,2.662E7,9.188E5,7.467E4,2.662E7,0.0272,2.2456,2.4294,4,-0.0208,4,1
578,2.2739,2.2445,2.3984,355.09064,355.08966,355.09302,5.523E5,1.758E4,8.843E3,5.523E5,0,1,32,,,,,,,,,DETECTED,355.09064,355.08966,355.09302,2.2739,2.2445,2.3984,5.523E5,1.758E4,8.843E3,5.523E5,0.0269,2.2472,2.2651,,,4,1
580,2.2739,2.2491,2.3029,379.54118,379.54031,379.54349,2.43E5,4.651E3,1.783E4,2.43E5,0,1,32,,,,,,,,,DETECTED,379.54118,379.54031,379.54349,2.2739,2.2491,2.3029,2.43E5,4.651E3,1.783E4,2.43E5,0.0187,1.1057,1.0028,,,2,1
582,2.2739,2.2491,2.3984,421.0724,421.07059,421.07468,6.085E5,1.971E4,8.619E3,6.085E5,1,1,32,,,,,,,,,DETECTED,421.0724,421.07059,421.07468,2.2739,2.2491,2.3984,6.085E5,1.971E4,8.619E3,6.085E5,0.024,2.1442,2.281,1,0.009,2,1
586,2.2739,2.2491,2.3693,453.01007,453.00851,453.01229,8.288E5,2.026E4,1.449E4,8.288E5,1,1,32,,,,,,,,,DETECTED,453.01007,453.00851,453.01229,2.2739,2.2491,2.3693,8.288E5,2.026E4,1.449E4,8.288E5,0.0227,1.3519,1.1047,1,-0.0063,3,1
588,2.2739,2.2491,2.3103,498.00861,498.00415,498.01102,6.365E4,1.816E3,1.645E4,6.365E4,0,1,32,,,,,,,,,DETECTED,498.00861,498.00415,498.01102,2.2739,2.2491,2.3103,6.365E4,1.816E3,1.645E4,6.365E4,0.0268,1.2352,1.4705,,,2,1
591,2.2739,2.2491,2.3294,705.16008,705.15564,705.16455,8.277E5,1.572E4,1.049E4,8.277E5,1,1,32,,,,,,,,,DETECTED,705.16008,705.15564,705.16455,2.2739,2.2491,2.3294,8.277E5,1.572E4,1.049E4,8.277E5,0.0179,1.055,0.9673,1,0.0073,2,1
592,2.2739,2.2491,2.3161,707.17554,707.17023,707.17633,1.084E6,1.948E4,1.83E4,1.084E6,1,1,32,,,,,,,,,DETECTED,707.17554,707.17023,707.17633,2.2739,2.2491,2.3161,1.084E6,1.948E4,1.83E4,1.084E6,0.0173,1.0398,0.7613,1,-0.0045,3,1
594,2.2938,2.262,2.5896,355.06523,355.06326,355.06891,2.872E5,1.685E4,8.298E3,2.872E5,0,1,,,,,,,,,,DETECTED,355.06523,355.06326,355.06891,2.2938,2.262,2.5896,2.872E5,1.685E4,8.298E3,2.872E5,0.0317,3.7347,4.3903,,,5,1
595,2.2938,2.2739,2.3294,369.11727,369.11514,369.11882,7.621E4,1.787E3,1.211E4,7.621E4,0,1,,,,,,,,,,DETECTED,369.11727,369.11514,369.11882,2.2938,2.2739,2.3294,7.621E4,1.787E3,1.211E4,7.621E4,0.0226,1.3949,1.7584,,,2,1
596,2.3103,2.2739,2.3877,175.05807,175.05751,175.05817,6.748E5,2.103E4,2.174E4,6.748E5,1,1,,,,,,,,,,DETECTED,175.05807,175.05751,175.05817,2.3103,2.2739,2.3877,6.748E5,2.103E4,2.174E4,6.748E5,0.0253,1.8206,1.7698,1,-0.0035,3,1
599,2.3237,2.2864,2.3586,311.07539,311.07477,311.07642,1.34E5,4.555E3,1.841E4,1.34E5,0,1,,,,,,,,,,DETECTED,311.07539,311.07477,311.07642,2.3237,2.2864,2.3586,1.34E5,4.555E3,1.841E4,1.34E5,0.027,0.9681,0.9361,,,2,1
600,2.3237,2.2739,2.406,341.0859,341.08438,341.08636,3.416E5,1.483E4,3.206E4,3.416E5,2,1,,,,,,,,,,DETECTED,341.0859,341.08438,341.08636,2.3237,2.2739,2.406,3.416E5,1.483E4,3.206E4,3.416E5,0.0484,0.8024,2.8814,2,-0.0035,5,1
603,2.3385,2.3161,2.3586,349.18571,349.18484,349.18698,5.197E4,9.755E2,1.295E4,5.197E4,0,1,,,,,,,,,,DETECTED,349.18571,349.18484,349.18698,2.3385,2.3161,2.3586,5.197E4,9.755E2,1.295E4,5.197E4,0.0217,0.9482,0.8965,,,2,1
605,2.3477,2.3294,2.4168,499.10665,499.10452,499.10754,1.202E5,3.697E3,9.682E3,1.202E5,0,1,47,,,,,,,,,DETECTED,499.10665,499.10452,499.10754,2.3477,2.3294,2.4168,1.202E5,3.697E3,9.682E3,1.202E5,0.0257,1.6856,3.1633,,,2,1
606,2.3477,2.3294,2.3801,535.08228,535.08087,535.08374,8.509E4,2.265E3,2.649E4,8.509E4,0,1,,,,,,,,,,DETECTED,535.08228,535.08087,535.08374,2.3477,2.3294,2.3801,8.509E4,2.265E3,2.649E4,8.509E4,0.0256,1.3881,1.7761,,,4,1
607,2.3477,2.3294,2.4456,545.11135,545.10938,545.11462,2.983E5,9.241E3,7.593E3,2.983E5,0,1,47,,,,,,,,,DETECTED,545.11135,545.10938,545.11462,2.3477,2.3294,2.4456,2.983E5,9.241E3,7.593E3,2.983E5,0.025,2.7994,2.0856,,,3,1
608,2.3586,2.3294,2.4168,163.03693,163.03654,163.03705,5.536E5,2.015E4,2.161E4,5.536E5,1,1,47,,,,,,,,,DETECTED,163.03693,163.03654,163.03705,2.3586,2.3294,2.4168,5.536E5,2.015E4,2.161E4,5.536E5,0.0302,1.4987,2.4571,1,0.0039,4,1
609,2.3586,2.3294,2.4168,281.06512,281.06433,281.06543,2.036E6,5.441E4,1.108E5,2.036E6,1,1,47,,,,,,,,,DETECTED,281.06512,281.06433,281.06543,2.3586,2.3294,2.4168,2.036E6,5.441E4,1.108E5,2.036E6,0.0251,1.9242,1.3956,1,-0.0068,3,1
610,2.3586,2.3294,2.5543,293.1229,293.12167,293.12366,2.275E6,5.978E4,8.199E3,2.275E6,1,1,47,,,,,,,,,DETECTED,293.1229,293.12167,293.12366,2.3586,2.3294,2.5543,2.275E6,5.978E4,8.199E3,2.275E6,0.0197,2.7024,5.9456,1,-0.0052,3,1
613,2.3586,2.3029,2.4168,439.15824,439.15475,439.16025,3.28E5,9.45E3,1.133E4,3.28E5,1,1,47,,,,,,,,,DETECTED,439.15824,439.15475,439.16025,2.3586,2.3029,2.4168,3.28E5,9.45E3,1.133E4,3.28E5,0.0303,1.2514,0.8414,1,0.0073,2,1
614,2.3693,2.2739,2.6974,325.09144,325.08875,325.09467,4.542E6,1.287E5,9.179E3,4.542E6,3,1,64,12,[M-H]-,2,326.09854,617;614,,,,DETECTED,325.09144,325.08875,325.09467,2.3693,2.2739,2.6974,4.542E6,1.287E5,9.179E3,4.542E6,0.02,2.906,1.4917,3,-0.0052,4,1
616,2.3693,2.3477,2.4168,357.11738,357.11517,357.11786,1.219E5,3.07E3,9.793E3,1.219E5,0,1,,,,,,,,,,DETECTED,357.11738,357.11517,357.11786,2.3693,2.3477,2.4168,1.219E5,3.07E3,9.793E3,1.219E5,0.022,1.3996,3.1071,,,2,1
617,2.3693,2.3477,2.4638,371.09656,371.095,371.09836,3.169E5,9.073E3,9.804E3,3.169E5,1,1,64,12,[M+FA]-,2,326.09854,617;614,,,,DETECTED,371.09656,371.095,371.09836,2.3693,2.3477,2.4638,3.169E5,9.073E3,9.804E3,3.169E5,0.0215,2.0639,2.0864,1,0.0057,3,1
618,2.3693,2.3477,2.4381,393.07838,393.07727,393.08112,2.273E5,5.582E3,9.42E3,2.273E5,1,1,,,,,,,,,,DETECTED,393.07838,393.07727,393.08112,2.3693,2.3477,2.4381,2.273E5,5.582E3,9.42E3,2.273E5,0.0187,1.8934,1.5856,1,0.0073,2,1
623,2.3877,2.3586,2.4168,720.14892,720.14691,720.15277,5.927E4,1.515E3,1.392E4,5.927E4,0,1,,,,,,,,,,DETECTED,720.14892,720.14691,720.15277,2.3877,2.3586,2.4168,5.927E4,1.515E3,1.392E4,5.927E4,0.0232,1.0007,1.0013,,,3,1
624,2.3984,2.3693,2.6026,367.10202,367.09894,367.10309,4.076E6,1.299E5,1.15E4,4.076E6,2,1,7,,,,,,,,,DETECTED,367.10202,367.09894,367.10309,2.3984,2.3693,2.6026,4.076E6,1.299E5,1.15E4,4.076E6,0.0231,3.5051,5.2621,2,-0.0035,6,1
625,2.3984,2.3385,2.5049,373.03143,373.02768,373.03278,2.744E5,1.039E4,8.258E3,2.744E5,1,1,58,13,[M+Cl]-,2,338.06199,625;627,,,,DETECTED,373.03143,373.02768,373.03278,2.3984,2.3385,2.5049,2.744E5,1.039E4,8.258E3,2.744E5,0.0261,1.1474,1.1186,1,0.004,3,1
626,2.3984,2.3586,2.4456,375.02842,375.02682,375.02963,8.46E4,2.733E3,8.045E3,8.46E4,0,1,58,,,,,,,,,DETECTED,375.02842,375.02682,375.02963,2.3984,2.3586,2.4456,8.46E4,2.733E3,8.045E3,8.46E4,0.0275,1.5209,1.1489,,,2,1
627,2.3984,2.3294,2.5696,383.06016,383.05817,383.06332,5.993E5,2.181E4,7.008E3,5.993E5,0,1,58,13,[M+FA]-,2,338.06199,625;627,,,,DETECTED,383.06016,383.05817,383.06332,2.3984,2.3294,2.5696,5.993E5,2.181E4,7.008E3,5.993E5,0.026,1.3871,1.2531,,,3,1
628,2.3984,2.3586,2.4456,400.04922,400.04779,400.05029,6.615E4,2.15E3,9.031E3,6.615E4,0,1,58,,,,,,,,,DETECTED,400.04922,400.04779,400.05029,2.3984,2.3586,2.4456,6.615E4,2.15E3,9.031E3,6.615E4,0.0254,1.0917,1.312,,,2,1
631,2.406,2.3801,2.4564,349.18497,349.18451,349.18726,3.075E5,7.059E3,1.513E4,3.075E5,1,1,7,14,[M-H]-,3,350.1923,632;631;634,,,,DETECTED,349.18497,349.18451,349.18726,2.406,2.3801,2.4564,3.075E5,7.059E3,1.513E4,3.075E5,0.0198,1.5467,1.7703,1,0.0057,2,1
632,2.406,2.3801,2.4381,385.16158,385.15973,385.16183,1.145E5,2.844E3,1.053E4,1.145E5,0,1,7,14,[M+Cl]-,3,350.1923,631;632;634,,,,DETECTED,385.16158,385.15973,385.16183,2.406,2.3801,2.4381,1.145E5,2.844E3,1.053E4,1.145E5,0.0217,1.3068,1.6993,,,3,1
634,2.406,2.3161,2.5393,395.19068,395.18832,395.19104,6.331E6,1.761E5,1.324E4,6.331E6,2,1,7,14,[M+FA]-,3,350.1923,631;632;634,,,,DETECTED,395.19068,395.18832,395.19104,2.406,2.3161,2.5393,6.331E6,1.761E5,1.324E4,6.331E6,0.0218,0.7674,1.594,2,-0.0709,3,1
637,2.4168,2.3877,2.4712,433.20574,433.20401,433.20676,1.45E6,2.873E4,2.442E4,1.45E6,1,1,,,,,,,,,,DETECTED,433.20574,433.20401,433.20676,2.4168,2.3877,2.4712,1.45E6,2.873E4,2.442E4,1.45E6,0.0165,1.3246,1.2277,1,-0.0068,3,1
639,2.4242,2.406,2.5347,341.08568,341.08438,341.08627,1.634E5,1.105E4,1.567E4,1.634E5,0,1,,,,,,,,,,DETECTED,341.08568,341.08438,341.08627,2.4242,2.406,2.5347,1.634E5,1.105E4,1.567E4,1.634E5,0.0686,3.5242,5.6911,,,4,1
641,2.4335,2.406,2.5049,595.16535,595.16235,595.16614,1.833E6,3.722E4,9.924E3,1.833E6,0,1,101,,,,,,,,,DETECTED,595.16535,595.16235,595.16614,2.4335,2.406,2.5049,1.833E6,3.722E4,9.924E3,1.833E6,0.0158,1.0331,1.3081,,,4,1
643,2.4335,2.406,2.4564,663.14655,663.14246,663.14819,7.663E4,1.478E3,1.469E4,7.663E4,0,1,101,,,,,,,,,DETECTED,663.14655,663.14246,663.14819,2.4335,2.406,2.4564,7.663E4,1.478E3,1.469E4,7.663E4,0.0153,0.9151,1.2234,,,2,1
644,2.4456,2.4242,2.5468,311.07567,311.07416,311.07626,2.732E5,1.539E4,1.442E4,2.732E5,0,1,,,,,,,,,,DETECTED,311.07567,311.07416,311.07626,2.4456,2.4242,2.5468,2.732E5,1.539E4,1.442E4,2.732E5,0.0534,2.8645,1.3425,,,2,1
646,2.4456,2.4242,2.4924,481.0973,481.09375,481.0983,3.324E5,7.684E3,1.064E4,3.324E5,1,1,,,,,,,,,,DETECTED,481.0973,481.09375,481.0983,2.4456,2.4242,2.4924,3.324E5,7.684E3,1.064E4,3.324E5,0.0203,1.2748,1.1673,1,-0.0035,3,1
647,2.4564,2.4168,2.5393,163.03715,163.03662,163.03735,1.672E6,6.964E4,5.21E4,1.672E6,2,1,44,,,,,,,,,DETECTED,163.03715,163.03662,163.03735,2.4564,2.4168,2.5393,1.672E6,6.964E4,5.21E4,1.672E6,0.0404,2.5169,3.561,2,-0.0051,5,1
651,2.4564,2.4168,2.7487,281.06557,281.064,281.06583,1.204E7,6.335E5,1.917E4,1.204E7,3,1,44,,,,,,,,,DETECTED,281.06557,281.064,281.06583,2.4564,2.4168,2.7487,1.204E7,6.335E5,1.917E4,1.204E7,0.0407,2.8843,4.8066,3,-0.016,4,1
653,2.4564,2.4335,2.5696,283.0691,283.06839,283.0704,1.582E5,8.528E3,8.945E3,1.582E5,0,1,44,,,,,,,,,DETECTED,283.0691,283.06839,283.0704,2.4564,2.4335,2.5696,1.582E5,8.528E3,8.945E3,1.582E5,0.0386,2.7793,3.9637,,,4,1
654,2.4564,2.4381,2.514,339.07074,339.06979,339.0726,9.603E4,2.448E3,8.439E3,9.603E4,0,1,,,,,,,,,,DETECTED,339.07074,339.06979,339.0726,2.4564,2.4381,2.514,9.603E4,2.448E3,8.439E3,9.603E4,0.0206,2.1574,2.4358,,,2,1
655,2.4564,2.4242,2.6313,349.05234,349.04962,349.05405,5.342E5,3.151E4,1.008E4,5.342E5,1,1,44,,,,,,,,,DETECTED,349.05234,349.04962,349.05405,2.4564,2.4242,2.6313,5.342E5,3.151E4,1.008E4,5.342E5,0.0614,4.1083,5.0533,1,-0.0035,2,1
656,2.4564,2.3801,2.514,463.18032,463.17706,463.18283,5.785E5,1.469E4,1.218E4,5.785E5,1,1,,,,,,,,,,DETECTED,463.18032,463.17706,463.18283,2.4564,2.3801,2.514,5.785E5,1.469E4,1.218E4,5.785E5,0.0189,0.874,0.4002,1,0.0097,3,1
660,2.4712,2.4456,2.5049,489.15875,489.15692,489.15927,7.869E4,1.978E3,1.329E4,7.869E4,0,1,71,,,,,,,,,DETECTED,489.15875,489.15692,489.15927,2.4712,2.4456,2.5049,7.869E4,1.978E3,1.329E4,7.869E4,0.0267,1.1571,2.1329,,,2,1
661,2.4712,2.3877,2.5215,527.23133,527.22949,527.23376,2.766E5,6.694E3,9.459E3,2.766E5,0,1,71,,,,,,,,,DETECTED,527.23133,527.22949,527.23376,2.4712,2.3877,2.5215,2.766E5,6.694E3,9.459E3,2.766E5,0.0151,0.7961,0.9657,,,3,1
662,2.4924,2.4381,2.5896,135.02695,135.02628,135.02715,1.214E6,4.42E4,2.16E4,1.214E6,1,1,44,,,,,,,,,DETECTED,135.02695,135.02628,135.02715,2.4924,2.4381,2.5896,1.214E6,4.42E4,2.16E4,1.214E6,0.0219,1.1652,0.8426,1,-0.0172,2,1
663,2.4924,2.4381,2.5696,303.04686,303.04633,303.04803,9.555E4,4.081E3,7.915E3,9.555E4,0,1,44,,,,,,,,,DETECTED,303.04686,303.04633,303.04803,2.4924,2.4381,2.5696,9.555E4,4.081E3,7.915E3,9.555E4,0.029,1.1801,1.5026,,,2,1
666,2.4924,2.4242,2.5896,380.98948,380.98639,380.99246,4.624E5,2.071E4,8.684E3,4.624E5,1,1,44,,,,,,,,,DETECTED,380.98948,380.98639,380.99246,2.4924,2.4242,2.5896,4.624E5,2.071E4,8.684E3,4.624E5,0.0387,1.0488,0.5386,1,-0.008,7,1
668,2.4924,2.4381,2.5347,563.13706,563.13409,563.13971,4.075E5,1.049E4,8.015E3,4.075E5,1,1,44,,,,,,,,,DETECTED,563.13706,563.13409,563.13971,2.4924,2.4381,2.5347,4.075E5,1.049E4,8.015E3,4.075E5,0.0562,0.7051,0.3909,1,0.004,3,1
669,2.4924,2.4381,2.514,564.13852,564.13684,564.14203,1.068E5,2.711E3,1.158E4,1.068E5,0,1,,,,,,,,,,DETECTED,564.13852,564.13684,564.14203,2.4924,2.4381,2.514,1.068E5,2.711E3,1.158E4,1.068E5,0.0682,0.6994,0.9961,,,3,1
670,2.5049,2.4381,2.6422,295.04431,295.04306,295.04565,1.022E6,3.106E4,1.456E4,1.022E6,1,1,111,,,,,,,,,DETECTED,295.04431,295.04306,295.04565,2.5049,2.4381,2.6422,1.022E6,3.106E4,1.456E4,1.022E6,0.021,2.0032,2.5245,1,-0.0052,2,1
671,2.5049,2.4712,2.6146,297.05992,297.05893,297.06036,1.61E6,4.631E4,3.849E4,1.61E6,1,1,111,,,,,,,,,DETECTED,297.05992,297.05893,297.06036,2.5049,2.4712,2.6146,1.61E6,4.631E4,3.849E4,1.61E6,0.0209,1.9993,2.5404,1,-0.0068,3,1
674,2.5215,2.4564,2.5806,451.21645,451.21262,451.21875,1.362E5,4.917E3,8.85E3,1.362E5,0,1,,,,,,,,,,DETECTED,451.21645,451.21262,451.21875,2.5215,2.4564,2.5806,1.362E5,4.917E3,8.85E3,1.362E5,0.0674,0.9213,0.5659,,,2,1
675,2.5347,2.4803,2.5806,355.10172,355.09879,355.10199,6.262E5,1.384E4,9.877E3,6.262E5,1,1,,,,,,,,,,DETECTED,355.10172,355.09879,355.10199,2.5347,2.4803,2.5806,6.262E5,1.384E4,9.877E3,6.262E5,0.0181,1.4407,1.6276,1,-0.0035,3,1
676,2.5347,2.514,2.5543,433.20503,433.20435,433.2063,1.616E5,3.146E3,5.491E4,1.616E5,0,1,,,,,,,,,,DETECTED,433.20503,433.20435,433.2063,2.5347,2.514,2.5543,1.616E5,3.146E3,5.491E4,1.616E5,0.0179,0.9745,0.949,,,2,1
678,2.5468,2.5272,2.6422,315.10692,315.10461,315.10736,6.62E5,1.774E4,1.367E4,6.62E5,0,1,,,,,,,,,,DETECTED,315.10692,315.10461,315.10736,2.5468,2.5272,2.6422,6.62E5,1.774E4,1.367E4,6.62E5,0.0206,2.0389,2.8329,,,3,1
681,2.5589,2.5272,2.6515,295.08063,295.07941,295.08112,9.523E5,2.431E4,7.205E3,9.523E5,1,1,,,,,,,,,,DETECTED,295.08063,295.07941,295.08112,2.5589,2.5272,2.6515,9.523E5,2.431E4,7.205E3,9.523E5,0.0222,2.0116,2.3622,1,0.0039,3,1
682,2.5696,2.5468,2.6222,193.04747,193.04727,193.04785,1.119E5,3.212E3,8.453E3,1.119E5,0,1,84,,,,,,,,,DETECTED,193.04747,193.04727,193.04785,2.5696,2.5468,2.6222,1.119E5,3.212E3,8.453E3,1.119E5,0.024,2.1359,3.698,,,4,1
683,2.5696,2.5468,2.679,289.07032,289.06909,289.07074,1.516E6,3.741E4,1.073E4,1.516E6,1,1,84,,,,,,,,,DETECTED,289.07032,289.06909,289.07074,2.5696,2.5468,2.679,1.516E6,3.741E4,1.073E4,1.516E6,0.0275,2.0628,3.1504,1,0.0041,3,1
684,2.5696,2.5543,2.6313,305.06829,305.06775,305.06934,1.02E5,2.945E3,8.423E3,1.02E5,0,1,84,,,,,,,,,DETECTED,305.06829,305.06775,305.06934,2.5696,2.5543,2.6313,1.02E5,2.945E3,8.423E3,1.02E5,0.0233,2.7107,4.1335,,,2,1
685,2.5696,2.5468,2.6146,311.07579,311.07541,311.07626,1.202E6,3.093E4,4.154E4,1.202E6,1,1,84,,,,,,,,,DETECTED,311.07579,311.07541,311.07626,2.5696,2.5468,2.6146,1.202E6,3.093E4,4.154E4,1.202E6,0.0226,1.9348,2.8453,1,-0.0035,3,1
687,2.5696,2.5543,2.6026,335.07565,335.073,335.07626,6.556E4,1.62E3,1.301E4,6.556E4,0,1,84,,,,,,,,,DETECTED,335.07565,335.073,335.07626,2.5696,2.5543,2.6026,6.556E4,1.62E3,1.301E4,6.556E4,0.0236,1.5779,2.7333,,,2,1
691,2.5806,2.5543,2.6222,287.05359,287.052,287.05438,5.713E4,1.884E3,7.718E3,5.713E4,0,1,84,,,,,,,,,DETECTED,287.05359,287.052,287.05438,2.5806,2.5543,2.6222,5.713E4,1.884E3,7.718E3,5.713E4,0.0291,1.2942,1.8805,,,2,1
694,2.5806,2.5393,2.7487,353.08613,353.0845,353.08804,1.44E6,4.906E4,3.116E4,1.44E6,1,1,84,,,,,,,,,DETECTED,353.08613,353.0845,353.08804,2.5806,2.5393,2.7487,1.44E6,4.906E4,3.116E4,1.44E6,0.0237,1.4451,1.5852,1,-0.0052,2,1
695,2.5806,2.5589,2.6026,489.15865,489.15723,489.15897,5.096E4,9.26E2,1.462E4,5.096E4,0,1,,,,,,,,,,DETECTED,489.15865,489.15723,489.15897,2.5806,2.5589,2.6026,5.096E4,9.26E2,1.462E4,5.096E4,0.0154,1.0089,1.0179,,,2,1
699,2.5951,2.5589,2.6422,401.14205,401.13922,401.14368,9.625E4,2.859E3,8.938E3,9.625E4,0,1,17,15,[M-H]-,2,402.14996,699;714,,,,DETECTED,401.14205,401.13922,401.14368,2.5951,2.5589,2.6422,9.625E4,2.859E3,8.938E3,9.625E4,0.0229,1.3311,1.4897,,,2,1
702,2.6026,2.5215,2.8086,337.09162,337.08954,337.09207,7.42E6,2.382E5,2.816E4,7.42E6,3,1,17,,,,,,,,,DETECTED,337.09162,337.08954,337.09207,2.6026,2.5215,2.8086,7.42E6,2.382E5,2.816E4,7.42E6,0.0201,1.1666,1.3531,3,-0.0381,6,1
703,2.6026,2.5589,2.6515,349.18451,349.18292,349.18527,1.958E5,4.593E3,8.976E3,1.958E5,0,1,17,16,[M-H]-,3,350.19243,703;704;707,,,,DETECTED,349.18451,349.18292,349.18527,2.6026,2.5589,2.6515,1.958E5,4.593E3,8.976E3,1.958E5,0.0148,0.9414,0.7935,,,2,1
704,2.6026,2.5589,2.6515,385.16191,385.15952,385.16281,3.694E5,8.441E3,1.2E4,3.694E5,0,1,17,16,[M+Cl]-,3,350.19243,703;704;707,,,,DETECTED,385.16191,385.15952,385.16281,2.6026,2.5589,2.6515,3.694E5,8.441E3,1.2E4,3.694E5,0.0155,0.9785,0.8807,,,4,1
707,2.6026,2.5393,2.659,395.1912,395.18793,395.19183,1.308E7,3.134E5,1.324E4,1.308E7,2,1,17,16,[M+FA]-,3,350.19243,703;704;707,,,,DETECTED,395.1912,395.18793,395.19183,2.6026,2.5393,2.659,1.308E7,3.134E5,1.324E4,1.308E7,0.0159,0.9734,0.8533,2,-0.0255,5,1
709,2.6026,2.5589,2.6515,397.19415,397.1929,397.19571,3.007E5,6.986E3,1.208E4,3.007E5,0,1,17,,,,,,,,,DETECTED,397.19415,397.1929,397.19571,2.6026,2.5589,2.6515,3.007E5,6.986E3,1.208E4,3.007E5,0.015,0.9337,0.83,,,5,1
710,2.6026,2.5543,2.6711,405.07726,405.07504,405.0802,1.983E5,5.832E3,1.365E4,1.983E5,0,1,17,,,,,,,,,DETECTED,405.07726,405.07504,405.0802,2.6026,2.5543,2.6711,1.983E5,5.832E3,1.365E4,1.983E5,0.0167,2.3987,2.2876,,,3,1
712,2.6026,2.5806,2.6422,420.01225,420.01053,420.01352,8.501E4,2.276E3,2.48E4,8.501E4,0,1,17,,,,,,,,,DETECTED,420.01225,420.01053,420.01352,2.6026,2.5806,2.6422,8.501E4,2.276E3,2.48E4,8.501E4,0.0216,1.3979,1.7959,,,2,1
714,2.6026,2.5696,2.6883,447.1488,447.14813,447.15265,8.185E5,2.358E4,9.022E3,8.185E5,1,1,17,15,[M+FA]-,2,402.14996,699;714,,,,DETECTED,447.1488,447.14813,447.15265,2.6026,2.5696,2.6883,8.185E5,2.358E4,9.022E3,8.185E5,0.0285,1.3636,1.3427,1,-0.0052,3,1
717,2.6026,2.5589,2.6422,494.10573,494.10394,494.1102,1.304E5,3.211E3,1.522E4,1.304E5,0,1,17,,,,,,,,,DETECTED,494.10573,494.10394,494.1102,2.6026,2.5589,2.6422,1.304E5,3.211E3,1.522E4,1.304E5,0.016,0.9529,0.8376,,,3,1
718,2.6026,2.5806,2.6313,687.27805,687.27496,687.28119,1.662E5,2.707E3,1.111E4,1.662E5,0,1,17,,,,,,,,,DETECTED,687.27805,687.27496,687.28119,2.6026,2.5806,2.6313,1.662E5,2.707E3,1.111E4,1.662E5,0.0132,1.5817,1.595,,,2,1
721,2.6146,2.5951,2.6711,771.18971,771.18359,771.1908,5.333E5,1.16E4,8.537E3,5.333E5,1,1,60,,,,,,,,,DETECTED,771.18971,771.18359,771.1908,2.6146,2.5951,2.6711,5.333E5,1.16E4,8.537E3,5.333E5,0.0195,1.3805,2.1276,1,0.0041,4,1
722,2.6222,2.5896,2.8028,121.02634,121.02605,121.02679,1.993E5,9.285E3,7.13E3,1.993E5,0,1,60,,,,,,,,,DETECTED,121.02634,121.02605,121.02679,2.6222,2.5896,2.8028,1.993E5,9.285E3,7.13E3,1.993E5,0.0322,2.9419,3.7608,,,3,1
723,2.6222,2.5215,2.6974,387.16404,387.16223,387.16498,1.201E6,3.484E4,1.527E4,1.201E6,1,1,60,,,,,,,,,DETECTED,387.16404,387.16223,387.16498,2.6222,2.5215,2.6974,1.201E6,3.484E4,1.527E4,1.201E6,0.0196,0.8699,0.2351,1,-0.0713,5,1
725,2.6222,2.6026,2.6515,493.19026,493.18973,493.19186,1.403E5,2.957E3,1.89E4,1.403E5,0,1,60,,,,,,,,,DETECTED,493.19026,493.18973,493.19186,2.6222,2.6026,2.6515,1.403E5,2.957E3,1.89E4,1.403E5,0.0189,1.2476,1.3507,,,2,1
727,2.6222,2.6072,2.6515,608.13505,608.13245,608.13574,2.37E5,4.603E3,4.29E4,2.37E5,1,1,,,,,,,,,,DETECTED,608.13505,608.13245,608.13574,2.6222,2.6072,2.6515,2.37E5,4.603E3,4.29E4,2.37E5,0.0191,1.4739,1.4548,1,0.0056,2,1
728,2.6313,2.5896,2.7169,355.10158,355.09967,355.10394,1.412E5,5.377E3,1.139E4,1.412E5,0,1,59,,,,,,,,,DETECTED,355.10158,355.09967,355.10394,2.6313,2.5896,2.7169,1.412E5,5.377E3,1.139E4,1.412E5,0.0282,2.0096,2.2949,,,2,1
729,2.6313,2.5696,2.6636,449.10689,449.10556,449.11014,3.13E5,9.244E3,1.132E4,3.13E5,1,1,59,,,,,,,,,DETECTED,449.10689,449.10556,449.11014,2.6313,2.5696,2.6636,3.13E5,9.244E3,1.132E4,3.13E5,0.0258,0.8276,1.2364,1,0.0057,3,1
732,2.6422,2.6222,2.7816,193.04774,193.0468,193.048,6.558E5,1.939E4,6.999E3,6.558E5,1,1,98,,,,,,,,,DETECTED,193.04774,193.0468,193.048,2.6422,2.6222,2.7816,6.558E5,1.939E4,6.999E3,6.558E5,0.0222,1.8603,3.9649,1,0.0116,3,1
734,2.6422,2.6146,2.7759,297.05982,297.05817,297.0603,1.11E5,6.46E3,1.652E4,1.11E5,0,1,59,,,,,,,,,DETECTED,297.05982,297.05817,297.0603,2.6422,2.6146,2.7759,1.11E5,6.46E3,1.652E4,1.11E5,0.0308,2.9183,4.2481,,,2,1
737,2.6422,2.6146,2.9856,311.07615,311.07385,311.07864,9.173E6,3.07E5,8.768E3,9.173E6,2,1,98,,,,,,,,,DETECTED,311.07615,311.07385,311.07864,2.6422,2.6146,2.9856,9.173E6,3.07E5,8.768E3,9.173E6,0.026,2.1308,3.1188,2,-0.0069,4,1
740,2.6422,2.6146,2.7307,379.06317,379.06207,379.06448,4.096E5,1.32E4,7.672E3,4.096E5,1,1,98,,,,,,,,,DETECTED,379.06317,379.06207,379.06448,2.6422,2.6146,2.7307,4.096E5,1.32E4,7.672E3,4.096E5,0.0249,2.3402,3.1029,1,0.0041,3,1
742,2.6422,2.6222,2.7095,410.99946,410.99765,411.00177,3.05E5,7.819E3,7.738E3,3.05E5,1,1,,,,,,,,,,DETECTED,410.99946,410.99765,411.00177,2.6422,2.6222,2.7095,3.05E5,7.819E3,7.738E3,3.05E5,0.0209,1.7927,3.3921,1,0.0058,4,1
744,2.6515,2.5951,2.679,393.17446,393.1727,393.17639,6.633E4,3.263E3,1.388E4,6.633E4,0,1,,,,,,,,,,DETECTED,393.17446,393.1727,393.17639,2.6515,2.5951,2.679,6.633E4,3.263E3,1.388E4,6.633E4,0.0489,0.7437,0.4873,,,2,1
746,2.659,2.6313,2.7215,379.15905,379.15662,379.16083,1.526E5,4.398E3,9.275E3,1.526E5,0,1,82,,,,,,,,,DETECTED,379.15905,379.15662,379.16083,2.659,2.6313,2.7215,1.526E5,4.398E3,9.275E3,1.526E5,0.0243,1.5972,1.9047,,,2,1
747,2.659,2.5696,2.7383,435.22062,435.21826,435.22202,4.826E5,1.798E4,1.499E4,4.826E5,1,1,82,,,,,,,,,DETECTED,435.22062,435.21826,435.22202,2.659,2.5696,2.7383,4.826E5,1.798E4,1.499E4,4.826E5,0.0772,0.9585,1.6147,1,0.0069,2,1
748,2.6636,2.6422,2.7169,335.07604,335.07462,335.07654,1.42E5,3.564E3,8.288E3,1.42E5,0,1,,,,,,,,,,DETECTED,335.07604,335.07462,335.07654,2.6636,2.6422,2.7169,1.42E5,3.564E3,8.288E3,1.42E5,0.0235,1.4829,13.6588,,,2,1
750,2.6636,2.6146,2.7429,575.11468,575.11224,575.11914,5.641E4,3.305E3,1.071E4,5.641E4,0,1,,,,,,,,,,DETECTED,575.11468,575.11224,575.11914,2.6636,2.6146,2.7429,5.641E4,3.305E3,1.071E4,5.641E4,0.0814,1.3093,1.6187,,,2,1
753,2.6711,2.6515,2.7713,295.08035,295.07971,295.08115,5.324E5,1.489E4,1.045E4,5.324E5,1,1,117,,,,,,,,,DETECTED,295.08035,295.07971,295.08115,2.6711,2.6515,2.7713,5.324E5,1.489E4,1.045E4,5.324E5,0.0212,2.3031,5.6959,1,-0.0035,3,1
754,2.6711,2.6313,2.7487,323.13315,323.13229,323.13565,5.04E5,2.043E4,9.202E3,5.04E5,0,1,19,,,,,,,,,DETECTED,323.13315,323.13229,323.13565,2.6711,2.6313,2.7487,5.04E5,2.043E4,9.202E3,5.04E5,0.0453,1.2889,1.1835,,,3,1
755,2.6711,2.6515,2.7049,371.09681,371.09626,371.09717,7.374E4,2.044E3,1.379E4,7.374E4,0,1,117,,,,,,,,,DETECTED,371.09681,371.09626,371.09717,2.6711,2.6515,2.7049,7.374E4,2.044E3,1.379E4,7.374E4,0.025,1.3624,2.533,,,2,1
756,2.6711,2.6515,2.7049,435.12703,435.12476,435.12808,9.134E4,1.947E3,9.442E3,9.134E4,0,1,19,,,,,,,,,DETECTED,435.12703,435.12476,435.12808,2.6711,2.6515,2.7049,9.134E4,1.947E3,9.442E3,9.134E4,0.0186,1.3624,1.357,,,2,1
757,2.6711,2.6072,2.7049,462.07819,462.0755,462.08197,1.212E5,4.555E3,1.25E4,1.212E5,0,1,19,,,,,,,,,DETECTED,462.07819,462.0755,462.08197,2.6711,2.6072,2.7049,1.212E5,4.555E3,1.25E4,1.212E5,0.0363,0.7644,0.4557,,,2,1
758,2.679,2.6636,2.7169,349.18428,349.18329,349.18524,5.929E4,1.498E3,9.17E3,5.929E4,0,1,92,,,,,,,,,DETECTED,349.18428,349.18329,349.18524,2.679,2.6636,2.7169,5.929E4,1.498E3,9.17E3,5.929E4,0.0237,1.7313,2.7894,,,2,1
759,2.679,2.659,2.7095,377.1798,377.17767,377.181,5.651E4,1.18E3,8.497E3,5.651E4,0,1,6,,,,,,,,,DETECTED,377.1798,377.17767,377.181,2.679,2.659,2.7095,5.651E4,1.18E3,8.497E3,5.651E4,0.0189,1.2642,1.8709,,,2,1
760,2.679,2.659,2.8086,395.19058,395.18851,395.19162,3.257E6,8.455E4,1.06E4,3.257E6,1,1,6,,,,,,,,,DETECTED,395.19058,395.18851,395.19162,2.679,2.659,2.8086,3.257E6,8.455E4,1.06E4,3.257E6,0.0241,1.6526,1.8786,1,0.0116,2,1
761,2.679,2.659,2.7638,563.23164,563.22723,563.23462,7.914E5,2.34E4,8.742E3,7.914E5,1,1,6,,,,,,,,,DETECTED,563.23164,563.22723,563.23462,2.679,2.659,2.7638,7.914E5,2.34E4,8.742E3,7.914E5,0.025,2.303,3.3332,1,0.0041,3,1
765,2.6883,2.6636,2.7215,553.20224,553.19897,553.20337,6.383E4,1.671E3,8.41E3,6.383E4,0,1,92,,,,,,,,,DETECTED,553.20224,553.19897,553.20337,2.6883,2.6636,2.7215,6.383E4,1.671E3,8.41E3,6.383E4,0.0221,1.1727,1.2619,,,3,1
766,2.6974,2.679,2.7759,393.1743,393.17191,393.17712,8.462E4,3.44E3,9.526E3,8.462E4,0,1,,,,,,,,,,DETECTED,393.1743,393.17191,393.17712,2.6974,2.679,2.7759,8.462E4,3.44E3,9.526E3,8.462E4,0.0278,2.6368,5.3715,,,3,1
768,2.7049,2.6422,2.7862,495.24259,495.23755,495.24597,6.585E4,2.815E3,8.431E3,6.585E4,0,1,,,,,,,,,,DETECTED,495.24259,495.23755,495.24597,2.7049,2.6422,2.7862,6.585E4,2.815E3,8.431E3,6.585E4,0.0816,1.1481,2.1894,,,2,1
770,2.7095,2.6636,2.7638,437.19972,437.19766,437.20193,1.868E5,5.4E3,8.818E3,1.868E5,0,1,,,,,,,,,,DETECTED,437.19972,437.19766,437.20193,2.7095,2.6636,2.7638,1.868E5,5.4E3,8.818E3,1.868E5,0.0171,0.984,1.6736,,,4,1
771,2.7169,2.6883,2.7937,421.16067,421.15778,421.16379,1.312E5,3.599E3,8.331E3,1.312E5,0,1,76,17,[M+Cl]-,2,386.19168,773;771,,,,DETECTED,421.16067,421.15778,421.16379,2.7169,2.6883,2.7937,1.312E5,3.599E3,8.331E3,1.312E5,0.0184,2.2799,1.7147,,,4,1
773,2.7169,2.679,2.8337,431.19029,431.18726,431.19116,2.34E6,6.89E4,1.633E4,2.34E6,1,1,76,17,[M+FA]-,2,386.19168,773;771,,,,DETECTED,431.19029,431.18726,431.19116,2.7169,2.679,2.8337,2.34E6,6.89E4,1.633E4,2.34E6,0.0197,3.0774,1.3607,1,-0.0051,2,1
775,2.7215,2.6974,2.7816,281.13748,281.13663,281.13824,3.416E5,8.258E3,8.924E3,3.416E5,1,1,78,,,,,,,,,DETECTED,281.13748,281.13663,281.13824,2.7215,2.6974,2.7816,3.416E5,8.258E3,8.924E3,3.416E5,0.0195,1.7622,2.036,1,0.0023,2,1
777,2.7215,2.7049,2.7862,363.16442,363.16266,363.16638,9.149E4,2.759E3,1.045E4,9.149E4,0,1,78,,,,,,,,,DETECTED,363.16442,363.16266,363.16638,2.7215,2.7049,2.7862,9.149E4,2.759E3,1.045E4,9.149E4,0.02,2.458,3.9101,,,2,1
779,2.7307,2.6883,2.8143,389.17982,389.17847,389.18152,1.181E6,2.483E4,1.478E4,1.181E6,1,1,18,,,,,,,,,DETECTED,389.17982,389.17847,389.18152,2.7307,2.6883,2.8143,1.181E6,2.483E4,1.478E4,1.181E6,0.0168,1.7853,1.578,1,-0.0052,3,1
780,2.7307,2.6883,2.8028,625.13688,625.13214,625.14215,5.552E5,1.364E4,1.126E4,5.552E5,0,1,18,,,,,,,,,DETECTED,625.13688,625.13214,625.14215,2.7307,2.6883,2.8028,5.552E5,1.364E4,1.126E4,5.552E5,0.0218,1.383,1.3178,,,3,1
781,2.7307,2.679,2.8143,720.15067,720.14624,720.15387,2.955E5,1.444E4,2.007E4,2.955E5,0,1,18,,,,,,,,,DETECTED,720.15067,720.14624,720.15387,2.7307,2.679,2.8143,2.955E5,1.444E4,2.007E4,2.955E5,0.0348,1.3497,1.4508,,,2,1
782,2.7383,2.7169,2.8383,355.1016,355.09909,355.10394,9.299E4,3.306E3,7.258E3,9.299E4,0,1,13,,,,,,,,,DETECTED,355.1016,355.09909,355.10394,2.7383,2.7169,2.8383,9.299E4,3.306E3,7.258E3,9.299E4,0.0238,2.707,3.7063,,,2,1
784,2.7429,2.7215,2.8143,221.04308,221.04231,221.04402,6.702E4,2.131E3,7.568E3,6.702E4,0,1,13,,,,,,,,,DETECTED,221.04308,221.04231,221.04402,2.7429,2.7215,2.8143,6.702E4,2.131E3,7.568E3,6.702E4,0.0257,2.1657,2.5036,,,2,1
785,2.7429,2.7215,2.8292,351.12771,351.12607,351.12912,1.824E5,6.952E3,7.552E3,1.824E5,0,1,13,,,,,,,,,DETECTED,351.12771,351.12607,351.12912,2.7429,2.7215,2.8292,1.824E5,6.952E3,7.552E3,1.824E5,0.0434,2.2725,4.4976,,,2,1
786,2.7429,2.7215,2.8143,433.2059,433.20361,433.20618,1.842E6,4.094E4,2.833E4,1.842E6,1,1,13,,,,,,,,,DETECTED,433.2059,433.20361,433.20618,2.7429,2.7215,2.8143,1.842E6,4.094E4,2.833E4,1.842E6,0.0193,1.8313,2.3359,1,0.0232,3,1
788,2.7487,2.7215,2.8189,491.04837,491.04739,491.0499,5.19E5,1.495E4,1.228E4,5.19E5,1,1,13,,,,,,,,,DETECTED,491.04837,491.04739,491.0499,2.7487,2.7215,2.8189,5.19E5,1.495E4,1.228E4,5.19E5,0.0245,1.8309,1.9083,1,-0.0035,3,1
789,2.7487,2.7049,2.7816,541.24629,541.24481,541.24799,1.926E5,6.04E3,1.013E4,1.926E5,0,1,13,,,,,,,,,DETECTED,541.24629,541.24481,541.24799,2.7487,2.7049,2.7816,1.926E5,6.04E3,1.013E4,1.926E5,0.0364,0.816,0.5319,,,3,1
793,2.7713,2.7169,2.8028,377.18003,377.17905,377.18192,5.725E4,2.47E3,8.665E3,5.725E4,0,1,,,,,,,,,,DETECTED,377.18003,377.17905,377.18192,2.7713,2.7169,2.8028,5.725E4,2.47E3,8.665E3,5.725E4,0.0377,0.7894,0.6677,,,2,1
794,2.7713,2.7487,2.7862,467.17727,467.17621,467.18088,1.637E5,3.151E3,9.387E3,1.637E5,0,1,,,,,,,,,,DETECTED,467.17727,467.17621,467.18088,2.7713,2.7487,2.7862,1.637E5,3.151E3,9.387E3,1.637E5,0.0184,0.9409,0.9086,,,2,1
795,2.7862,2.7638,2.8579,172.09469,172.09438,172.09486,1.35E5,4.086E3,9.011E3,1.35E5,0,1,43,,,,,,,,,DETECTED,172.09469,172.09438,172.09486,2.7862,2.7638,2.8579,1.35E5,4.086E3,9.011E3,1.35E5,0.0239,1.9719,2.3294,,,2,1
798,2.7862,2.7487,2.8189,576.12413,576.12036,576.12592,1.376E5,4.136E3,1.725E4,1.376E5,0,1,43,,,,,,,,,DETECTED,576.12413,576.12036,576.12592,2.7862,2.7487,2.8189,1.376E5,4.136E3,1.725E4,1.376E5,0.0238,0.9354,0.9383,,,3,1
799,2.7862,2.6974,2.8189,864.17724,864.17065,864.18512,1.421E5,6.32E3,1.797E4,1.421E5,0,1,43,,,,,,,,,DETECTED,864.17724,864.17065,864.18512,2.7862,2.6974,2.8189,1.421E5,6.32E3,1.797E4,1.421E5,0.0397,0.6838,0.3893,,,3,1
801,2.7983,2.7638,2.9553,367.10175,367.09909,367.10269,1.576E6,4.902E4,8.985E3,1.576E6,2,1,20,,,,,,,,,DETECTED,367.10175,367.09909,367.10269,2.7983,2.7638,2.9553,1.576E6,4.902E4,8.985E3,1.576E6,0.0201,2.2357,1.9893,2,-0.008,3,1
802,2.7983,2.7759,2.8475,385.11157,385.10947,385.11295,6.4E4,1.769E3,9.03E3,6.4E4,0,1,20,,,,,,,,,DETECTED,385.11157,385.10947,385.11295,2.7983,2.7759,2.8475,6.4E4,1.769E3,9.03E3,6.4E4,0.0213,1.6003,2.5912,,,2,1
803,2.8028,2.7862,2.8521,427.17895,427.17828,427.18204,1.72E5,4.859E3,7.561E3,1.72E5,0,1,79,,,,,,,,,DETECTED,427.17895,427.17828,427.18204,2.8028,2.7862,2.8521,1.72E5,4.859E3,7.561E3,1.72E5,0.0277,1.8168,2.1472,,,2,1
804,2.8028,2.7862,2.8521,449.20062,449.19617,449.20285,1.086E5,2.516E3,1.011E4,1.086E5,0,1,79,,,,,,,,,DETECTED,449.20062,449.19617,449.20285,2.8028,2.7862,2.8521,1.086E5,2.516E3,1.011E4,1.086E5,0.0251,3.3257,2.1476,,,2,1
806,2.8086,2.7545,2.8803,437.23651,437.23572,437.2381,4.023E5,1.412E4,9.124E3,4.023E5,0,1,79,,,,,,,,,DETECTED,437.23651,437.23572,437.2381,2.8086,2.7545,2.8803,4.023E5,1.412E4,9.124E3,4.023E5,0.041,0.8871,1.4641,,,3,1
807,2.8143,2.7937,2.8579,295.11691,295.11654,295.11792,9.121E4,2.36E3,1.182E4,9.121E4,0,1,79,,,,,,,,,DETECTED,295.11691,295.11654,295.11792,2.8143,2.7937,2.8579,9.121E4,2.36E3,1.182E4,9.121E4,0.0259,1.5576,2.2203,,,2,1
808,2.8189,2.7983,2.8757,387.16391,387.16275,387.16635,3.914E5,8.722E3,7.81E3,3.914E5,1,1,73,,,,,,,,,DETECTED,387.16391,387.16275,387.16635,2.8189,2.7983,2.8757,3.914E5,8.722E3,7.81E3,3.914E5,0.0181,1.6156,1.781,1,0.0023,3,1
809,2.8246,2.8028,2.8636,353.17945,353.1781,353.18079,5.434E4,1.291E3,8.936E3,5.434E4,0,1,73,,,,,,,,,DETECTED,353.17945,353.1781,353.18079,2.8246,2.8028,2.8636,5.434E4,1.291E3,8.936E3,5.434E4,0.0197,1.3932,1.5619,,,2,1
810,2.8246,2.7049,2.8636,459.09121,459.08875,459.095,1.068E5,6.62E3,7.46E3,1.068E5,0,1,73,,,,,,,,,DETECTED,459.09121,459.08875,459.095,2.8246,2.7049,2.8636,1.068E5,6.62E3,7.46E3,1.068E5,0.0316,0.6536,0.2378,,,2,1
812,2.8383,2.8246,2.8999,595.12767,595.12164,595.1297,4.134E5,1.162E4,1.681E4,4.134E5,0,1,,,,,,,,,,DETECTED,595.12767,595.12164,595.1297,2.8383,2.8246,2.8999,4.134E5,1.162E4,1.681E4,4.134E5,0.0293,2.3983,3.1803,,,3,1
814,2.8521,2.8292,2.9553,281.06461,281.06403,281.06503,3.849E5,1.225E4,1.531E4,3.849E5,1,1,,,,,,,,,,DETECTED,281.06461,281.06403,281.06503,2.8521,2.8292,2.9553,3.849E5,1.225E4,1.531E4,3.849E5,0.0224,2.6879,3.9377,1,0.0023,2,1
815,2.8636,2.8337,2.8923,431.18955,431.18674,431.19116,9.445E4,2.588E3,2.238E4,9.445E4,0,1,91,,,,,,,,,DETECTED,431.18955,431.18674,431.19116,2.8636,2.8337,2.8923,9.445E4,2.588E3,2.238E4,9.445E4,0.0213,0.981,0.9621,,,2,1
817,2.8636,2.8475,2.9324,565.24729,565.24518,565.24902,1.174E5,4.389E3,1.008E4,1.174E5,0,1,91,,,,,,,,,DETECTED,565.24729,565.24518,565.24902,2.8636,2.8475,2.9324,1.174E5,4.389E3,1.008E4,1.174E5,0.0339,2.3509,3.5364,,,3,1
818,2.8712,2.8475,2.9044,239.08988,239.08862,239.09013,6.26E4,1.657E3,1.031E4,6.26E4,0,1,91,,,,,,,,,DETECTED,239.08988,239.08862,239.09013,2.8712,2.8475,2.9044,6.26E4,1.657E3,1.031E4,6.26E4,0.0217,1.2045,1.425,,,2,1
819,2.8712,2.8521,2.8999,411.09166,411.09009,411.09271,8.681E4,1.645E3,1.058E4,8.681E4,0,1,69,,,,,,,,,DETECTED,411.09166,411.09009,411.09271,2.8712,2.8521,2.8999,8.681E4,1.645E3,1.058E4,8.681E4,0.0176,1.2533,1.5707,,,2,1
820,2.8712,2.8521,2.8999,539.20985,539.20599,539.211,2.103E5,3.463E3,2.05E4,2.103E5,0,1,69,,,,,,,,,DETECTED,539.20985,539.20599,539.211,2.8712,2.8521,2.8999,2.103E5,3.463E3,2.05E4,2.103E5,0.0135,1.1669,1.4841,,,3,1
823,2.8712,2.8521,2.8999,711.13533,711.13367,711.13959,1.082E5,2.117E3,1.27E4,1.082E5,0,1,69,,,,,,,,,DETECTED,711.13533,711.13367,711.13959,2.8712,2.8521,2.8999,1.082E5,2.117E3,1.27E4,1.082E5,0.0177,1.2533,1.7764,,,2,1
824,2.8757,2.8579,2.9136,379.15859,379.15649,379.15976,8.137E4,1.894E3,1.228E4,8.137E4,0,1,,,,,,,,,,DETECTED,379.15859,379.15649,379.15976,2.8757,2.8579,2.9136,8.137E4,1.894E3,1.228E4,8.137E4,0.0206,1.5606,2.7878,,,2,1
828,2.8923,2.8086,2.9969,337.09159,337.08963,337.09286,5.062E6,1.247E5,1.45E4,5.062E6,2,1,,,,,,,,,,DETECTED,337.09159,337.08963,337.09286,2.8923,2.8086,2.9969,5.062E6,1.247E5,1.45E4,5.062E6,0.0206,1.7107,1.8653,2,-0.0052,3,1
835,2.8999,2.7095,2.9856,163.03678,163.03645,163.03719,1.549E5,1.293E4,1.675E4,1.549E5,0,1,52,,,,,,,,,DETECTED,163.03678,163.03645,163.03719,2.8999,2.7095,2.9856,1.549E5,1.293E4,1.675E4,1.549E5,0.0551,0.7251,0.4724,,,3,1
836,2.8999,2.8848,3.0039,423.17756,423.17422,423.18045,8.838E5,2.209E4,1.42E4,8.838E5,1,1,,,,,,,,,,DETECTED,423.17756,423.17422,423.18045,2.8999,2.8848,3.0039,8.838E5,2.209E4,1.42E4,8.838E5,0.0777,1.5393,1.4015,1,0.0577,5,1
837,2.8999,2.8848,2.9753,425.17463,425.17212,425.17535,2.132E5,5.82E3,1.003E4,2.132E5,0,1,,,,,,,,,,DETECTED,425.17463,425.17212,425.17535,2.8999,2.8848,2.9753,2.132E5,5.82E3,1.003E4,2.132E5,0.0686,1.6741,1.458,,,5,1
838,2.8999,2.8383,3.0475,433.2072,433.20364,433.20798,1.479E7,5.278E5,2.473E4,1.479E7,3,1,52,,,,,,,,,DETECTED,433.2072,433.20364,433.20798,2.8999,2.8383,3.0475,1.479E7,5.278E5,2.473E4,1.479E7,0.0572,1.6102,5.3361,3,-0.011,4,1
840,2.8999,2.8848,2.9211,433.26934,433.26849,433.2699,9.004E4,1.616E3,3.516E4,9.004E4,0,1,,,,,,,,,,DETECTED,433.26934,433.26849,433.2699,2.8999,2.8848,2.9211,9.004E4,1.616E3,3.516E4,9.004E4,0.018,1.2046,1.4091,,,2,1
846,2.8999,2.8803,2.9931,501.1932,501.19116,501.19516,2.639E5,9.704E3,1.273E4,2.639E5,1,1,52,,,,,,,,,DETECTED,501.1932,501.19116,501.19516,2.8999,2.8803,2.9931,2.639E5,9.704E3,1.273E4,2.639E5,0.0551,3.4061,5.3013,1,0.0069,2,1
848,2.8999,2.8848,2.9931,505.13533,505.13358,505.13901,1.391E5,5.098E3,8.445E3,1.391E5,0,1,,,,,,,,,,DETECTED,505.13533,505.13358,505.13901,2.8999,2.8848,2.9931,1.391E5,5.098E3,8.445E3,1.391E5,0.0197,3.2551,4.9732,,,2,1
850,2.9044,2.8383,2.937,295.08036,295.07953,295.08084,2.597E5,8.482E3,8.96E3,2.597E5,1,1,52,,,,,,,,,DETECTED,295.08036,295.07953,295.08084,2.9044,2.8383,2.937,2.597E5,8.482E3,8.96E3,2.597E5,0.025,0.7915,0.622,1,0.004,2,1
851,2.9136,2.8923,2.9856,391.19491,391.19269,391.19644,4.473E5,1.627E4,1.515E4,4.473E5,1,1,83,18,[M-H]-,2,392.20269,852;851,,,,DETECTED,391.19491,391.19269,391.19644,2.9136,2.8923,2.9856,4.473E5,1.627E4,1.515E4,4.473E5,0.0305,2.8459,5.5207,1,0.0041,3,1
852,2.9136,2.8923,3.0183,437.2014,437.1973,437.20175,4.277E6,1.479E5,1.613E4,4.277E6,1,1,83,18,[M+FA]-,2,392.20269,852;851,,,,DETECTED,437.2014,437.1973,437.20175,2.9136,2.8923,3.0183,4.277E6,1.479E5,1.613E4,4.277E6,0.0294,2.9705,5.6635,1,-0.0035,8,1
855,2.9136,2.8636,2.937,515.11703,515.11469,515.11926,5.492E4,2.14E3,8.015E3,5.492E4,0,1,52,,,,,,,,,DETECTED,515.11703,515.11469,515.11926,2.9136,2.8636,2.937,5.492E4,2.14E3,8.015E3,5.492E4,0.0387,0.734,0.5895,,,2,1
857,2.9211,2.8999,2.9753,535.109,535.10266,535.11139,1.305E5,4.717E3,1.412E4,1.305E5,0,1,,,,,,,,,,DETECTED,535.109,535.10266,535.11139,2.9211,2.8999,2.9753,1.305E5,4.717E3,1.412E4,1.305E5,0.0299,1.7755,2.6454,,,4,1
858,2.9211,2.9044,2.9753,539.21064,539.20978,539.21301,1.515E5,4.817E3,1.655E4,1.515E5,0,1,,,,,,,,,,DETECTED,539.21064,539.20978,539.21301,2.9211,2.9044,2.9753,1.515E5,4.817E3,1.655E4,1.515E5,0.0283,2.1235,2.7325,,,3,1
859,2.9324,2.9044,2.9662,739.20305,739.19794,739.20477,7.797E5,1.379E4,2.617E4,7.797E5,1,1,,,,,,,,,,DETECTED,739.20305,739.19794,739.20477,2.9324,2.9044,2.9662,7.797E5,1.379E4,2.617E4,7.797E5,0.0142,1.1234,0.934,1,-0.0052,4,1
861,2.948,2.9211,2.9969,365.17994,365.17886,365.18069,1.02E6,2.129E4,1.535E4,1.02E6,1,1,68,,,,,,,,,DETECTED,365.17994,365.17886,365.18069,2.948,2.9211,2.9969,1.02E6,2.129E4,1.535E4,1.02E6,0.0181,1.0205,1.1636,1,-0.0069,3,1
862,2.948,2.9211,2.9969,725.19004,725.18536,725.19287,2.467E6,4.866E4,2.088E4,2.467E6,1,1,68,,,,,,,,,DETECTED,725.19004,725.18536,725.19287,2.948,2.9211,2.9969,2.467E6,4.866E4,2.088E4,2.467E6,0.0206,1.4568,2.0421,1,-0.0052,5,1
864,2.948,2.9324,2.9753,793.16985,793.16565,793.1759,7.219E4,1.38E3,1.011E4,7.219E4,0,1,,,,,,,,,,DETECTED,793.16985,793.16565,793.1759,2.948,2.9324,2.9753,7.219E4,1.38E3,1.011E4,7.219E4,0.0212,1.3802,2.3789,,,2,1
867,2.9553,2.9044,2.9931,585.21625,585.21356,585.21747,8.853E5,2.863E4,3.966E4,8.853E5,1,1,68,,,,,,,,,DETECTED,585.21625,585.21356,585.21747,2.9553,2.9044,2.9931,8.853E5,2.863E4,3.966E4,8.853E5,0.0242,0.788,0.4772,1,-0.0263,3,1
868,2.9662,2.937,2.9931,295.0802,295.07986,295.08084,9.221E4,3.704E3,3.818E4,9.221E4,0,1,80,,,,,,,,,DETECTED,295.0802,295.07986,295.08084,2.9662,2.937,2.9931,9.221E4,3.704E3,3.818E4,9.221E4,0.0459,0.9606,0.9212,,,2,1
869,2.9662,2.937,3.0291,391.10152,391.10062,391.10403,7.937E5,1.771E4,1.555E4,7.937E5,1,1,80,,,,,,,,,DETECTED,391.10152,391.10062,391.10403,2.9662,2.937,3.0291,7.937E5,1.771E4,1.555E4,7.937E5,0.0182,1.8427,1.698,1,-0.0051,3,1
871,2.9662,2.937,2.9969,479.24825,479.24738,479.25101,5.285E4,1.465E3,1.073E4,5.285E4,0,1,80,,,,,,,,,DETECTED,479.24825,479.24738,479.25101,2.9662,2.937,2.9969,5.285E4,1.465E3,1.073E4,5.285E4,0.0258,1.0262,1.0523,,,2,1
872,2.9662,2.948,2.9931,615.22617,615.22455,615.22705,9.808E5,1.777E4,9.167E4,9.808E5,1,1,,,,,,,,,,DETECTED,615.22617,615.22455,615.22705,2.9662,2.948,2.9931,9.808E5,1.777E4,9.167E4,9.808E5,0.0165,1.0834,1.0491,1,-0.0068,4,1
873,2.9662,2.937,2.9969,616.22767,616.22614,616.22992,2.537E5,4.92E3,8.984E3,2.537E5,0,1,80,,,,,,,,,DETECTED,616.22767,616.22614,616.22992,2.9662,2.937,2.9969,2.537E5,4.92E3,8.984E3,2.537E5,0.0172,1.236,1.1971,,,4,1
874,2.9753,2.948,3.0039,461.16505,461.16452,461.16904,3.036E5,7.154E3,1.359E4,3.036E5,1,1,,,,,,,,,,DETECTED,461.16505,461.16452,461.16904,2.9753,2.948,3.0039,3.036E5,7.154E3,1.359E4,3.036E5,0.0385,1.0756,1.0687,1,-0.0035,3,1
876,2.9931,2.9811,3.0382,425.19283,425.1918,425.19479,1.186E5,2.037E3,1.24E4,1.186E5,0,1,,,,,,,,,,DETECTED,425.19283,425.1918,425.19479,2.9931,2.9811,3.0382,1.186E5,2.037E3,1.24E4,1.186E5,0.0094,2.3715,4.4794,,,3,1
878,2.9931,2.9753,3.1029,435.22134,435.21994,435.22366,4.458E6,8.056E4,1.498E4,4.458E6,1,1,,,,,,,,,,DETECTED,435.22134,435.21994,435.22366,2.9931,2.9753,3.1029,4.458E6,8.056E4,1.498E4,4.458E6,0.0095,2.3726,3.1077,1,-0.0035,4,1
879,2.9931,2.948,3.0731,509.22092,509.21906,509.22217,1.011E5,4.964E3,1.408E4,1.011E5,0,1,,,,,,,,,,DETECTED,509.22092,509.21906,509.22217,2.9931,2.948,3.0731,1.011E5,4.964E3,1.408E4,1.011E5,0.0303,1.3862,1.0145,,,2,1
885,3.0039,2.9856,3.0291,191.01653,191.01643,191.01691,2.876E5,6.86E3,1.3E5,2.876E5,1,1,,,,,,,,,,DETECTED,191.01653,191.01643,191.01691,3.0039,2.9856,3.0291,2.876E5,6.86E3,1.3E5,2.876E5,0.0241,1.1892,1.3784,1,0.0167,2,1
886,3.0039,2.9753,3.1029,206.07958,206.07941,206.08032,9.533E5,2.83E4,1.627E4,9.533E5,1,1,5,,,,,,,,,DETECTED,206.07958,206.07941,206.08032,3.0039,2.9753,3.1029,9.533E5,2.83E4,1.627E4,9.533E5,0.0267,2.2566,2.3582,1,-0.0047,2,1
887,3.0039,2.9553,3.0637,281.06429,281.06354,281.06485,6.775E5,1.685E4,1.131E4,6.775E5,1,1,5,,,,,,,,,DETECTED,281.06429,281.06354,281.06485,3.0039,2.9553,3.0637,6.775E5,1.685E4,1.131E4,6.775E5,0.0207,1.9479,2.35,1,0.0078,2,1
888,3.0039,2.937,3.0637,391.15883,391.15543,391.16037,2.587E5,8.029E3,9.993E3,2.587E5,1,1,5,,,,,,,,,DETECTED,391.15883,391.15543,391.16037,3.0039,2.937,3.0637,2.587E5,8.029E3,9.993E3,2.587E5,0.022,0.7875,2.6072,1,0.0184,2,1
889,3.0039,2.9553,3.0475,607.13225,607.12769,607.13348,1.114E6,2.764E4,1.104E4,1.114E6,0,1,5,,,,,,,,,DETECTED,607.13225,607.12769,607.13348,3.0039,2.9553,3.0475,1.114E6,2.764E4,1.104E4,1.114E6,0.0207,1.7029,2.3033,,,2,1
890,3.0039,2.9753,3.0637,609.14813,609.14343,609.14941,5.406E7,1.339E6,3.022E5,5.406E7,2,1,5,,,,,,,,,DETECTED,609.14813,609.14343,609.14941,3.0039,2.9753,3.0637,5.406E7,1.339E6,3.022E5,5.406E7,0.0222,1.7565,1.9853,2,-0.0159,5,1
899,3.0039,2.9753,3.0637,677.12543,677.11926,677.12646,3.976E5,1.508E4,8.539E3,3.976E5,0,1,5,,,,,,,,,DETECTED,677.12543,677.11926,677.12646,3.0039,2.9753,3.0637,3.976E5,1.508E4,8.539E3,3.976E5,0.0503,1.76,2.6039,,,3,1
900,3.0039,2.9753,3.0637,708.05373,708.05151,708.05823,2.045E5,7.838E3,1.033E4,2.045E5,0,1,5,,,,,,,,,DETECTED,708.05373,708.05151,708.05823,3.0039,2.9753,3.0637,2.045E5,7.838E3,1.033E4,2.045E5,0.0347,1.5993,2.6092,,,4,1
901,3.0039,2.9811,3.0637,727.07478,727.07141,727.07648,7.008E5,1.806E4,1.526E4,7.008E5,1,1,5,,,,,,,,,DETECTED,727.07478,727.07141,727.07648,3.0039,2.9811,3.0637,7.008E5,1.806E4,1.526E4,7.008E5,0.0246,1.7301,1.793,1,0.0061,5,1
902,3.0039,2.9856,3.0291,860.21514,860.21307,860.22125,2.287E5,4.3E3,3.998E4,2.287E5,0,1,,,,,,,,,,DETECTED,860.21514,860.21307,860.22125,3.0039,2.9856,3.0291,2.287E5,4.3E3,3.998E4,2.287E5,0.0181,1.1892,0.8608,,,2,1
903,3.0039,2.9856,3.0291,891.20039,891.19916,891.20294,1.074E5,1.803E3,1.731E4,1.074E5,0,1,,,,,,,,,,DETECTED,891.20039,891.19916,891.20294,3.0039,2.9856,3.0291,1.074E5,1.803E3,1.731E4,1.074E5,0.0161,1.1892,1.4062,,,3,1
904,3.0183,2.9931,3.0942,295.0801,295.07916,295.08124,2.617E5,8.533E3,8.572E3,2.617E5,1,1,72,,,,,,,,,DETECTED,295.0801,295.07916,295.08124,3.0183,2.9931,3.0942,2.617E5,8.533E3,8.572E3,2.617E5,0.0309,1.5385,1.8585,1,0.0056,2,1
905,3.0183,2.9969,3.0851,329.12183,329.11951,329.12405,2.481E5,7.488E3,8.431E3,2.481E5,0,1,,,,,,,,,,DETECTED,329.12183,329.11951,329.12405,3.0183,2.9969,3.0851,2.481E5,7.488E3,8.431E3,2.481E5,0.0259,2.4441,3.2329,,,2,1
906,3.0183,2.9856,3.0637,367.10116,367.09949,367.10461,1.412E5,3.989E3,1.017E4,1.412E5,0,1,72,,,,,,,,,DETECTED,367.10116,367.09949,367.10461,3.0183,2.9856,3.0637,1.412E5,3.989E3,1.017E4,1.412E5,0.0349,1.0404,0.7633,,,2,1
910,3.0475,3.0183,3.1145,311.07529,311.07385,311.07565,3.56E5,1.082E4,1.074E4,3.56E5,1,1,56,,,,,,,,,DETECTED,311.07529,311.07385,311.07565,3.0475,3.0183,3.1145,3.56E5,1.082E4,1.074E4,3.56E5,0.021,1.4638,1.7346,1,-0.0035,3,1
911,3.0475,3.0183,3.1029,385.11191,385.11026,385.11261,5.744E5,1.451E4,1.509E4,5.744E5,1,1,56,,,,,,,,,DETECTED,385.11191,385.11026,385.11261,3.0475,3.0183,3.1029,5.744E5,1.451E4,1.509E4,5.744E5,0.0193,1.3581,1.329,1,-0.0051,3,1
912,3.0475,3.0291,3.0942,439.17951,439.17838,439.17972,2.678E5,4.863E3,1.115E4,2.678E5,1,1,,,,,,,,,,DETECTED,439.17951,439.17838,439.17972,3.0475,3.0291,3.0942,2.678E5,4.863E3,1.115E4,2.678E5,0.0131,1.712,1.2555,1,0.0085,2,1
913,3.052,3.0291,3.1029,217.10568,217.10484,217.10599,2.713E5,6.941E3,1.731E4,2.713E5,1,1,,,,,,,,,,DETECTED,217.10568,217.10484,217.10599,3.052,3.0291,3.1029,2.713E5,6.941E3,1.731E4,2.713E5,0.0232,2.1395,8.1076,1,0.009,2,1
918,3.0637,2.9662,3.1358,377.18023,377.17749,377.18118,3.014E6,1.197E5,7.542E3,3.014E6,1,1,,,,,,,,,,DETECTED,377.18023,377.17749,377.18118,3.0637,2.9662,3.1358,3.014E6,1.197E5,7.542E3,3.014E6,0.0306,0.7057,0.7625,1,0.027,3,1
928,3.0637,3.0475,3.0851,925.15067,925.14838,925.15863,1.094E5,1.694E3,1.493E4,1.094E5,0,1,,,,,,,,,,DETECTED,925.15067,925.14838,925.15863,3.0637,3.0475,3.0851,1.094E5,1.694E3,1.493E4,1.094E5,0.0141,1.1562,1.4736,,,2,1
929,3.0851,3.0637,3.1507,579.13265,579.12848,579.13354,1.392E6,2.543E4,2.054E4,1.392E6,1,1,,,,,,,,,,DETECTED,579.13265,579.12848,579.13354,3.0851,3.0637,3.1507,1.392E6,2.543E4,2.054E4,1.392E6,0.0142,1.8698,2.0315,1,0.004,4,1
932,3.1029,3.0475,3.1358,928.17318,928.16559,928.17456,5.631E5,1.902E4,1.714E4,5.631E5,0,1,77,,,,,,,,,DETECTED,928.17318,928.16559,928.17456,3.1029,3.0475,3.1358,5.631E5,1.902E4,1.714E4,5.631E5,0.0191,0.8628,1.1055,,,4,1
936,3.1071,3.0291,3.2087,461.07384,461.0704,461.07462,2.567E6,1.105E5,2.018E4,2.567E6,2,1,77,,,,,,,,,DETECTED,461.07384,461.0704,461.07462,3.1071,3.0291,3.2087,2.567E6,1.105E5,2.018E4,2.567E6,0.0425,0.9543,0.4729,2,-0.0494,3,1
937,3.1071,3.0475,3.16,462.07691,462.07526,462.07822,4.561E5,2.021E4,3.391E4,4.561E5,1,1,77,,,,,,,,,DETECTED,462.07691,462.07526,462.07822,3.1071,3.0475,3.16,4.561E5,2.021E4,3.391E4,4.561E5,0.0208,0.931,0.5906,1,-0.0316,3,1
939,3.1071,3.0291,3.3455,463.08815,463.08575,463.08878,3.822E7,1.987E6,4.274E4,3.822E7,5,1,77,,,,,,,,,DETECTED,463.08815,463.08575,463.08878,3.1071,3.0291,3.3455,3.822E7,1.987E6,4.274E4,3.822E7,0.0429,1.0743,0.6375,5,-0.0528,4,1
946,3.1071,3.0382,3.2283,531.07183,531.06982,531.07465,7.044E5,3.977E4,1.229E4,7.044E5,2,1,77,,,,,,,,,DETECTED,531.07183,531.06982,531.07465,3.1071,3.0382,3.2283,7.044E5,3.977E4,1.229E4,7.044E5,0.0634,1.3972,1.1557,2,-0.0477,2,1
952,3.1145,3.0942,3.2087,357.11747,357.1156,357.11911,1.327E6,3.354E4,7.189E3,1.327E6,0,1,85,,,,,,,,,DETECTED,357.11747,357.1156,357.11911,3.1145,3.0942,3.2087,1.327E6,3.354E4,7.189E3,1.327E6,0.0225,1.6089,2.5712,,,3,1
953,3.1145,3.0942,3.1852,413.14239,413.13998,413.14404,3.606E5,1.02E4,7.22E3,3.606E5,0,1,85,,,,,,,,,DETECTED,413.14239,413.13998,413.14404,3.1145,3.0942,3.1852,3.606E5,1.02E4,7.22E3,3.606E5,0.0274,2.5669,3.1388,,,3,1
955,3.1358,3.1071,3.1955,435.22105,435.21869,435.22305,1.879E5,5.679E3,1.191E4,1.879E5,0,1,57,,,,,,,,,DETECTED,435.22105,435.21869,435.22305,3.1358,3.1071,3.1955,1.879E5,5.679E3,1.191E4,1.879E5,0.0242,1.6608,3.3954,,,3,1
956,3.1358,3.1145,3.1722,441.17408,441.17249,441.1752,1.812E5,3.737E3,8.677E3,1.812E5,0,1,57,,,,,,,,,DETECTED,441.17408,441.17249,441.1752,3.1358,3.1145,3.1722,1.812E5,3.737E3,8.677E3,1.812E5,0.0208,1.7586,2.1101,,,2,1
958,3.1432,3.1237,3.2744,224.13832,224.13795,224.13867,4.304E6,1.26E5,9.966E3,4.304E6,2,1,54,,,,,,,,,DETECTED,224.13832,224.13795,224.13867,3.1432,3.1237,3.2744,4.304E6,1.26E5,9.966E3,4.304E6,0.0302,2.8265,3.4212,2,-0.0035,3,1
960,3.1432,3.1237,3.2029,292.12608,292.12576,292.12653,1.368E5,4.12E3,8.7E3,1.368E5,0,1,54,,,,,,,,,DETECTED,292.12608,292.12576,292.12653,3.1432,3.1237,3.2029,1.368E5,4.12E3,8.7E3,1.368E5,0.0264,3.5489,4.0309,,,2,1
962,3.1432,3.1145,3.2468,449.10854,449.1051,449.10916,3.349E6,7.424E4,9.094E3,3.349E6,1,1,54,19,[M-H]-,2,450.11567,962;966,,,,DETECTED,449.10854,449.1051,449.10916,3.1432,3.1145,3.2468,3.349E6,7.424E4,9.094E3,3.349E6,0.0197,1.6213,2.0603,1,-0.0051,4,1
963,3.1432,3.052,3.1676,449.1408,449.13803,449.14374,4.498E5,9.781E3,1.245E4,4.498E5,1,1,54,,,,,,,,,DETECTED,449.1408,449.13803,449.14374,3.1432,3.052,3.1676,4.498E5,9.781E3,1.245E4,4.498E5,0.0196,0.7974,0.2633,1,0.0041,3,1
964,3.1432,3.1237,3.1676,450.14824,450.14667,450.14966,7.284E4,1.537E3,2.374E4,7.284E4,0,1,54,,,,,,,,,DETECTED,450.14824,450.14667,450.14966,3.1432,3.1237,3.1676,7.284E4,1.537E3,2.374E4,7.284E4,0.0194,1.1269,1.2537,,,3,1
966,3.1432,3.1237,3.1676,485.08492,485.08398,485.08926,9.296E4,2.032E3,1.38E4,9.296E4,0,1,54,19,[M+Cl]-,2,450.11567,962;966,,,,DETECTED,485.08492,485.08398,485.08926,3.1432,3.1237,3.1676,9.296E4,2.032E3,1.38E4,9.296E4,0.0226,1.1269,1.9159,,,3,1
967,3.1432,3.1312,3.1722,567.03969,567.03762,567.04321,7.267E4,1.398E3,1.101E4,7.267E4,0,1,,,,,,,,,,DETECTED,567.03969,567.03762,567.04321,3.1432,3.1312,3.1722,7.267E4,1.398E3,1.101E4,7.267E4,0.0183,1.7099,2.2454,,,2,1
969,3.16,3.1237,3.2145,447.09254,447.08878,447.09729,1.146E5,3.365E3,9.749E3,1.146E5,0,1,,,,,,,,,,DETECTED,447.09254,447.08878,447.09729,3.16,3.1237,3.2145,1.146E5,3.365E3,9.749E3,1.146E5,0.0221,1.245,0.9591,,,2,1
970,3.16,3.1432,3.2237,469.21846,469.21613,469.2222,6.669E4,1.901E3,7.048E3,6.669E4,0,1,,,,,,,,,,DETECTED,469.21846,469.21613,469.2222,3.16,3.1432,3.2237,6.669E4,1.901E3,7.048E3,6.669E4,0.0185,2.3904,3.2592,,,3,1
971,3.16,3.1312,3.279,479.24833,479.24597,479.24902,2.251E6,6.807E4,2.198E4,2.251E6,1,1,66,,,,,,,,,DETECTED,479.24833,479.24597,479.24902,3.16,3.1312,3.279,2.251E6,6.807E4,2.198E4,2.251E6,0.0164,3.4821,5.4283,1,-0.0052,4,1
972,3.16,3.1237,3.2283,509.22139,509.21906,509.22577,5.023E5,1.292E4,1.093E4,5.023E5,1,1,66,,,,,,,,,DETECTED,509.22139,509.21906,509.22577,3.16,3.1237,3.2283,5.023E5,1.292E4,1.093E4,5.023E5,0.0213,1.4142,0.091,1,0.0041,3,1
975,3.1722,3.1507,3.2686,405.17347,405.17139,405.17667,6.538E4,3.431E3,1.185E4,6.538E4,0,1,,,,,,,,,,DETECTED,405.17347,405.17139,405.17667,3.1722,3.1507,3.2686,6.538E4,3.431E3,1.185E4,6.538E4,0.0236,2.7495,3.5049,,,2,1
977,3.1777,3.1507,3.2578,303.04914,303.04688,303.0495,2.473E5,7.7E3,1.08E4,2.473E5,1,1,90,,,,,,,,,DETECTED,303.04914,303.04688,303.0495,3.1777,3.1507,3.2578,2.473E5,7.7E3,1.08E4,2.473E5,0.0277,1.7525,1.5834,1,0.0041,2,1
979,3.1777,3.16,3.2087,623.19292,623.19031,623.19653,8.686E4,1.674E3,8.01E3,8.686E4,0,1,90,,,,,,,,,DETECTED,623.19292,623.19031,623.19653,3.1777,3.16,3.2087,8.686E4,1.674E3,8.01E3,8.686E4,0.0157,1.3173,1.395,,,3,1
980,3.1955,3.1777,3.2911,295.08007,295.07864,295.08145,5.647E4,2.495E3,8.078E3,5.647E4,0,1,114,,,,,,,,,DETECTED,295.08007,295.07864,295.08145,3.1955,3.1777,3.2911,5.647E4,2.495E3,8.078E3,5.647E4,0.0686,3.173,5.0297,,,2,1
981,3.1955,3.1777,3.2283,539.23189,539.23077,539.23511,8.388E4,1.642E3,1.198E4,8.388E4,0,1,114,,,,,,,,,DETECTED,539.23189,539.23077,539.23511,3.1955,3.1777,3.2283,8.388E4,1.642E3,1.198E4,8.388E4,0.0175,1.4167,3.2648,,,2,1
982,3.2029,3.1358,3.2237,377.17982,377.17874,377.18021,2.685E5,1.415E4,3.787E4,2.685E5,0,1,,,,,,,,,,DETECTED,377.17982,377.17874,377.18021,3.2029,3.1358,3.2237,2.685E5,1.415E4,3.787E4,2.685E5,0.0406,0.6548,0.3097,,,3,1
985,3.2237,3.1955,3.2468,435.22006,435.21869,435.2218,8.565E4,2.27E3,1.206E4,8.565E4,0,1,,,,,,,,,,DETECTED,435.22006,435.21869,435.2218,3.2237,3.1955,3.2468,8.565E4,2.27E3,1.206E4,8.565E4,0.023,0.9096,1.0755,,,2,1
986,3.2237,3.1955,3.2987,503.08119,503.07788,503.08209,3.897E5,1.103E4,7.642E3,3.897E5,1,1,27,20,[M-H]-,2,504.08886,990;986,,,,DETECTED,503.08119,503.07788,503.08209,3.2237,3.1955,3.2987,3.897E5,1.103E4,7.642E3,3.897E5,0.0251,2.1068,2.7854,1,0.0103,2,1
987,3.2237,3.1955,3.2911,505.09742,505.09454,505.09818,2.108E6,4.456E4,9.975E3,2.108E6,1,1,27,,,,,,,,,DETECTED,505.09742,505.09454,505.09818,3.2237,3.1955,3.2911,2.108E6,4.456E4,9.975E3,2.108E6,0.0173,1.8504,2.1358,1,-0.0035,4,1
988,3.2237,3.2029,3.2911,506.09893,506.09607,506.10104,3.864E5,8.83E3,8.112E3,3.864E5,0,1,27,,,,,,,,,DETECTED,506.09893,506.09607,506.10104,3.2237,3.2029,3.2911,3.864E5,8.83E3,8.112E3,3.864E5,0.0184,1.9344,2.3063,,,4,1
989,3.2237,3.1955,3.2835,547.07097,547.06671,547.07178,6.955E5,1.969E4,8.607E3,6.955E5,1,1,27,,,,,,,,,DETECTED,547.07097,547.06671,547.07178,3.2237,3.1955,3.2835,6.955E5,1.969E4,8.607E3,6.955E5,0.0254,2.1218,2.8705,1,0.0086,2,1
990,3.2237,3.1676,3.3985,549.08747,549.08313,549.08826,4.264E6,9.509E4,1.014E4,4.264E6,1,1,27,20,[M+FA]-,2,504.08886,990;986,,,,DETECTED,549.08747,549.08313,549.08826,3.2237,3.1676,3.3985,4.264E6,9.509E4,1.014E4,4.264E6,0.0178,1.8097,2.0749,1,-0.0052,4,1
993,3.2237,3.2029,3.2578,571.06795,571.06677,571.07019,6.151E4,1.348E3,7.512E3,6.151E4,0,1,27,,,,,,,,,DETECTED,571.06795,571.06677,571.07019,3.2237,3.2029,3.2578,6.151E4,1.348E3,7.512E3,6.151E4,0.0185,1.3176,2.1998,,,3,1
1004,3.2375,3.2145,3.3032,593.15161,593.14764,593.1524,1.48E7,3.519E5,1.308E5,1.48E7,2,1,26,,,,,,,,,DETECTED,593.15161,593.14764,593.1524,3.2375,3.2145,3.3032,1.48E7,3.519E5,1.308E5,1.48E7,0.0227,1.208,0.9181,2,-0.0069,5,1
1005,3.2375,3.2145,3.2578,593.22818,593.2262,593.22925,1.429E5,2.706E3,2.58E4,1.429E5,0,1,,,,,,,,,,DETECTED,593.22818,593.2262,593.22925,3.2375,3.2145,3.2578,1.429E5,2.706E3,2.58E4,1.429E5,0.0182,0.9396,1.3249,,,2,1
1006,3.2375,3.2145,3.2686,593.24906,593.24713,593.25024,1.151E5,2.65E3,1.488E4,1.151E5,0,1,26,,,,,,,,,DETECTED,593.24906,593.24713,593.25024,3.2375,3.2145,3.2686,1.151E5,2.65E3,1.488E4,1.151E5,0.0256,1.1754,0.9126,,,2,1
1008,3.2375,3.2145,3.2987,595.15264,595.15137,595.15759,6.394E5,1.576E4,1.597E4,6.394E5,0,1,26,,,,,,,,,DETECTED,595.15264,595.15137,595.15759,3.2375,3.2145,3.2987,6.394E5,1.576E4,1.597E4,6.394E5,0.0242,1.3258,1.1989,,,5,1
1009,3.2375,3.2145,3.2987,661.13029,661.12488,661.13367,2.775E5,7.033E3,8.48E3,2.775E5,1,1,26,,,,,,,,,DETECTED,661.13029,661.12488,661.13367,3.2375,3.2145,3.2987,2.775E5,7.033E3,8.48E3,2.775E5,0.0234,1.367,1.4144,1,0.0041,3,1
1012,3.2375,3.2145,3.279,711.07944,711.07697,711.08264,2.409E5,5.422E3,7.826E3,2.409E5,0,1,26,,,,,,,,,DETECTED,711.07944,711.07697,711.08264,3.2375,3.2145,3.279,2.409E5,5.422E3,7.826E3,2.409E5,0.0198,1.1456,0.9006,,,3,1
1013,3.2468,3.1145,3.472,171.06297,171.06255,171.06342,2.126E5,1.67E4,8.553E3,2.126E5,1,1,,,,,,,,,,DETECTED,171.06297,171.06255,171.06342,3.2468,3.1145,3.472,2.126E5,1.67E4,8.553E3,2.126E5,0.0453,1.2796,1.094,1,0.0074,2,1
1014,3.2468,3.2283,3.279,363.1645,363.164,363.16605,1.003E5,2.213E3,8.087E3,1.003E5,0,1,,,,,,,,,,DETECTED,363.1645,363.164,363.16605,3.2468,3.2283,3.279,1.003E5,2.213E3,8.087E3,1.003E5,0.021,1.2875,1.4286,,,2,1
1015,3.2468,3.2237,3.2835,377.18035,377.17993,377.18149,1.453E6,3.105E4,5.321E4,1.453E6,1,1,95,,,,,,,,,DETECTED,377.18035,377.17993,377.18149,3.2468,3.2237,3.2835,1.453E6,3.105E4,5.321E4,1.453E6,0.0196,1.2969,1.1855,1,0.0023,3,1
1016,3.2468,3.2283,3.2911,401.17868,401.17773,401.17896,2.868E5,6.461E3,1.487E4,2.868E5,1,1,,,,,,,,,,DETECTED,401.17868,401.17773,401.17896,3.2468,3.2283,3.2911,2.868E5,6.461E3,1.487E4,2.868E5,0.0239,1.3696,1.5026,1,0.0058,3,1
1017,3.2468,3.2283,3.2911,509.2209,509.21906,509.22229,1.792E5,4.243E3,1.093E4,1.792E5,0,1,95,,,,,,,,,DETECTED,509.2209,509.21906,509.22229,3.2468,3.2283,3.2911,1.792E5,4.243E3,1.093E4,1.792E5,0.0185,1.6916,1.8971,,,3,1
1018,3.2468,3.2145,3.3319,523.23659,523.23474,523.24072,1.098E5,4.456E3,1.069E4,1.098E5,0,1,,,,,,,,,,DETECTED,523.23659,523.23474,523.24072,3.2468,3.2145,3.3319,1.098E5,4.456E3,1.069E4,1.098E5,0.0527,1.762,3.1487,,,2,1
1019,3.2578,3.2283,3.2987,361.14864,361.14676,361.14923,2.956E5,7.353E3,1.272E4,2.956E5,0,1,1,,,,,,,,,DETECTED,361.14864,361.14676,361.14923,3.2578,3.2283,3.2987,2.956E5,7.353E3,1.272E4,2.956E5,0.0221,1.5164,1.8882,,,2,1
1020,3.2578,3.2375,3.2835,375.16424,375.16321,375.16467,6.152E4,1.243E3,8.378E3,6.152E4,0,1,,,,,,,,,,DETECTED,375.16424,375.16321,375.16467,3.2578,3.2375,3.2835,6.152E4,1.243E3,8.378E3,6.152E4,0.0194,1.1358,1.231,,,2,1
1021,3.2578,3.2283,3.3135,433.07588,433.07498,433.07648,1.645E5,4.529E3,8.151E3,1.645E5,0,1,1,,,,,,,,,DETECTED,433.07588,433.07498,433.07648,3.2578,3.2283,3.3135,1.645E5,4.529E3,8.151E3,1.645E5,0.0344,1.3642,1.4309,,,3,1
1022,3.2578,3.2283,3.3135,447.09177,447.09048,447.09274,1.362E6,3.064E4,9.976E3,1.362E6,1,1,1,,,,,,,,,DETECTED,447.09177,447.09048,447.09274,3.2578,3.2283,3.3135,1.362E6,3.064E4,9.976E3,1.362E6,0.0201,1.6011,1.7938,1,-0.0068,3,1
1023,3.2578,3.2375,3.3032,493.18968,493.18637,493.19308,1.442E5,3.408E3,7.614E3,1.442E5,0,1,,,,,,,,,,DETECTED,493.18968,493.18637,493.19308,3.2578,3.2375,3.3032,1.442E5,3.408E3,7.614E3,1.442E5,0.0215,1.525,2.7896,,,2,1
1025,3.2686,3.2375,3.309,433.11197,433.10941,433.11356,9.911E4,2.841E3,1.081E4,9.911E4,0,1,,,,,,,,,,DETECTED,433.11197,433.10941,433.11356,3.2686,3.2375,3.309,9.911E4,2.841E3,1.081E4,9.911E4,0.0271,1.1487,1.6378,,,2,1
1026,3.2686,3.2468,3.2987,447.14802,447.14664,447.14883,1.278E5,2.446E3,1.418E4,1.278E5,0,1,,,,,,,,,,DETECTED,447.14802,447.14664,447.14883,3.2686,3.2468,3.2987,1.278E5,2.446E3,1.418E4,1.278E5,0.0159,1.1897,1.9192,,,4,1
1028,3.2911,3.2578,3.3226,393.11655,393.11584,393.11783,2.678E5,6.607E3,1.116E4,2.678E5,1,1,,,,,,,,,,DETECTED,393.11655,393.11584,393.11783,3.2911,3.2578,3.3226,2.678E5,6.607E3,1.116E4,2.678E5,0.0199,1.1672,1.5959,1,-0.0035,3,1
1030,3.2987,3.279,3.4146,479.24822,479.24646,479.25082,1.403E6,2.883E4,9.118E3,1.403E6,0,1,,,,,,,,,,DETECTED,479.24822,479.24646,479.25082,3.2987,3.279,3.4146,1.403E6,2.883E4,9.118E3,1.403E6,0.0159,1.5061,1.5946,,,4,1
1032,3.3032,3.2835,3.3688,377.18017,377.17947,377.18149,9.575E5,2.711E4,3.145E4,9.575E5,0,1,,,,,,,,,,DETECTED,377.18017,377.17947,377.18149,3.3032,3.2835,3.3688,9.575E5,2.711E4,3.145E4,9.575E5,0.0211,2.0782,3.9953,,,3,1
1034,3.3226,3.2987,3.4146,361.14867,361.14676,361.15067,3.576E5,9.337E3,7.534E3,3.576E5,1,1,,,,,,,,,,DETECTED,361.14867,361.14676,361.15067,3.3226,3.2987,3.4146,3.576E5,9.337E3,7.534E3,3.576E5,0.0191,1.6674,3.2539,1,0.0041,3,1
1036,3.3226,3.2744,3.3364,449.14257,449.14066,449.1441,1.857E5,5.972E3,4.562E4,1.857E5,0,1,,,,,,,,,,DETECTED,449.14257,449.14066,449.1441,3.3226,3.2744,3.3364,1.857E5,5.972E3,4.562E4,1.857E5,0.0312,0.643,0.2861,,,3,1
1038,3.3319,3.3135,3.363,537.09719,537.09357,537.09808,6.191E4,1.651E3,1.256E4,6.191E4,0,1,36,,,,,,,,,DETECTED,537.09719,537.09357,537.09808,3.3319,3.3135,3.363,6.191E4,1.651E3,1.256E4,6.191E4,0.0262,1.35,1.7001,,,2,1
1041,3.3364,3.3135,3.4043,257.05416,257.0535,257.05457,3.019E5,7.783E3,7.829E3,3.019E5,1,1,36,,,,,,,,,DETECTED,257.05416,257.0535,257.05457,3.3364,3.3135,3.4043,3.019E5,7.783E3,7.829E3,3.019E5,0.02,1.5043,1.5691,1,0.004,2,1
1043,3.3364,3.2911,3.3865,419.18993,419.18915,419.1925,4.256E5,1.424E4,8.813E3,4.256E5,0,1,36,,,,,,,,,DETECTED,419.18993,419.18915,419.1925,3.3364,3.2911,3.3865,4.256E5,1.424E4,8.813E3,4.256E5,0.0307,1.028,1.0268,,,2,1
1045,3.3364,3.309,3.46,515.11726,515.11542,515.11896,1.34E6,3.859E4,1.422E4,1.34E6,1,1,36,,,,,,,,,DETECTED,515.11726,515.11542,515.11896,3.3364,3.309,3.46,1.34E6,3.859E4,1.422E4,1.34E6,0.0201,1.4005,1.3927,1,-0.008,3,1
1048,3.3455,3.3226,3.3911,393.11652,393.11551,393.11707,3.215E5,7.562E3,2.734E4,3.215E5,1,1,109,,,,,,,,,DETECTED,393.11652,393.11551,393.11707,3.3455,3.3226,3.3911,3.215E5,7.562E3,2.734E4,3.215E5,0.0183,1.2245,1.8017,1,0.0095,3,1
1050,3.3455,3.3135,3.4313,447.09253,447.08997,447.09308,6.926E6,1.902E5,3.983E4,6.926E6,2,1,109,,,,,,,,,DETECTED,447.09253,447.08997,447.09308,3.3455,3.3135,3.4313,6.926E6,1.902E5,3.983E4,6.926E6,0.0234,1.3842,1.2711,2,-0.0068,4,1
1051,3.3455,3.3319,3.4237,449.16495,449.16406,449.16815,3.943E6,9.325E4,2.388E4,3.943E6,1,1,,,,,,,,,,DETECTED,449.16495,449.16406,449.16815,3.3455,3.3319,3.4237,3.943E6,9.325E4,2.388E4,3.943E6,0.0225,2.3958,3.1836,1,-0.0035,4,1
1052,3.3455,3.3319,3.4192,450.16785,450.16669,450.17065,5.695E5,1.398E4,7.595E3,5.695E5,1,1,,,,,,,,,,DETECTED,450.16785,450.16669,450.17065,3.3455,3.3319,3.4192,5.695E5,1.398E4,7.595E3,5.695E5,0.023,2.079,3.1698,1,0.0078,4,1
1054,3.3455,3.2911,3.4043,471.14642,471.14542,471.14899,1.741E5,5.402E3,8.254E3,1.741E5,0,1,,,,,,,,,,DETECTED,471.14642,471.14542,471.14899,3.3455,3.2911,3.4043,1.741E5,5.402E3,8.254E3,1.741E5,0.1095,2.1449,0.7331,,,2,1
1057,3.3585,3.3364,3.4192,419.22617,419.22519,419.22855,9.364E5,2.101E4,1.022E4,9.364E5,1,1,,,,,,,,,,DETECTED,419.22617,419.22519,419.22855,3.3585,3.3364,3.4192,9.364E5,2.101E4,1.022E4,9.364E5,0.0191,1.2231,1.1246,1,0.0069,3,1
1058,3.3585,3.2835,3.382,547.23516,547.23254,547.23724,6.264E4,2.437E3,8.263E3,6.264E4,0,1,,,,,,,,,,DETECTED,547.23516,547.23254,547.23724,3.3585,3.2835,3.382,6.264E4,2.437E3,8.263E3,6.264E4,0.0808,0.6568,0.7385,,,2,1
1060,3.3688,3.2911,3.507,509.22247,509.21826,509.22394,2.107E6,9.842E4,8.02E3,2.107E6,2,1,,,,,,,,,,DETECTED,509.22247,509.21826,509.22394,3.3688,3.2911,3.507,2.107E6,9.842E4,8.02E3,2.107E6,0.0502,1.8355,2.7708,2,-0.0172,4,1
1062,3.3745,3.3226,3.4237,431.18962,431.18829,431.19168,6.479E4,2.465E3,8.114E3,6.479E4,0,1,,,,,,,,,,DETECTED,431.18962,431.18829,431.19168,3.3745,3.3226,3.4237,6.479E4,2.465E3,8.114E3,6.479E4,0.0372,0.9737,1.0301,,,3,1
1064,3.3911,3.3745,3.472,279.12163,279.12057,279.12204,2.116E5,6.385E3,1.093E4,2.116E5,0,1,70,,,,,,,,,DETECTED,279.12163,279.12057,279.12204,3.3911,3.3745,3.472,2.116E5,6.385E3,1.093E4,2.116E5,0.0246,2.747,3.5208,,,2,1
1066,3.3985,3.3745,3.46,371.13305,371.13098,371.13406,1.456E5,4.446E3,9.28E3,1.456E5,0,1,70,,,,,,,,,DETECTED,371.13305,371.13098,371.13406,3.3985,3.3745,3.46,1.456E5,4.446E3,9.28E3,1.456E5,0.0247,1.6112,2.1416,,,3,1
1067,3.4043,3.3688,3.4978,377.18013,377.17935,377.18039,1.243E6,3.518E4,1.538E4,1.243E6,1,1,70,,,,,,,,,DETECTED,377.18013,377.17935,377.18039,3.4043,3.3688,3.4978,1.243E6,3.518E4,1.538E4,1.243E6,0.0228,1.6897,0.8337,1,-0.0109,4,1
1068,3.4043,3.3911,3.4388,475.25313,475.25189,475.25574,6.036E4,1.197E3,8.27E3,6.036E4,0,1,,,,,,,,,,DETECTED,475.25313,475.25189,475.25574,3.4043,3.3911,3.4388,6.036E4,1.197E3,8.27E3,6.036E4,0.0161,1.8057,2.4922,,,3,1
1069,3.4043,3.3911,3.46,519.24202,519.24023,519.24396,1.21E5,2.825E3,9.771E3,1.21E5,0,1,,,,,,,,,,DETECTED,519.24202,519.24023,519.24396,3.4043,3.3911,3.46,1.21E5,2.825E3,9.771E3,1.21E5,0.0184,5.9515,3.0575,,,2,1
1071,3.4043,3.3455,3.46,573.23002,573.22784,573.23425,9.195E4,4.022E3,1.733E4,9.195E4,0,1,70,,,,,,,,,DETECTED,573.23002,573.22784,573.23425,3.4043,3.3455,3.46,9.195E4,4.022E3,1.733E4,9.195E4,0.0232,0.9739,0.3717,,,3,1
1072,3.4101,3.3865,3.4388,477.10141,477.10086,477.10312,6.354E4,1.479E3,7.247E3,6.354E4,0,1,45,,,,,,,,,DETECTED,477.10141,477.10086,477.10312,3.4101,3.3865,3.4388,6.354E4,1.479E3,7.247E3,6.354E4,0.0228,1.1091,1.4568,,,4,1
1073,3.4101,3.3911,3.4508,505.13387,505.13055,505.13605,1.005E5,2.092E3,8.446E3,1.005E5,0,1,45,,,,,,,,,DETECTED,505.13387,505.13055,505.13605,3.4101,3.3911,3.4508,1.005E5,2.092E3,8.446E3,1.005E5,0.0208,1.9984,2.3716,,,2,1
1076,3.4388,3.4146,3.4645,449.10711,449.10516,449.10843,1.975E5,4.927E3,2.836E4,1.975E5,0,1,,,,,,,,,,DETECTED,449.10711,449.10516,449.10843,3.4388,3.4146,3.4645,1.975E5,4.927E3,2.836E4,1.975E5,0.0235,1.0334,1.1464,,,5,1
1077,3.4463,3.4146,3.5265,131.06838,131.06796,131.06853,6.44E5,1.871E4,9.058E3,6.44E5,1,1,81,,,,,,,,,DETECTED,131.06838,131.06796,131.06853,3.4463,3.4146,3.5265,6.44E5,1.871E4,9.058E3,6.44E5,0.0245,1.5451,1.5531,1,-0.011,2,1
1078,3.4463,3.3985,3.5191,173.07876,173.07808,173.07893,3.189E5,9.98E3,1.262E4,3.189E5,1,1,81,,,,,,,,,DETECTED,173.07876,173.07808,173.07893,3.4463,3.3985,3.5191,3.189E5,9.98E3,1.262E4,3.189E5,0.0245,1.3549,1.6996,1,-0.0035,2,1
1079,3.4463,3.4237,3.4932,445.11239,445.11166,445.11502,1.285E5,3.083E3,7.532E3,1.285E5,0,1,81,,,,,,,,,DETECTED,445.11239,445.11166,445.11502,3.4463,3.4237,3.4932,1.285E5,3.083E3,7.532E3,1.285E5,0.0215,1.6249,1.1256,,,4,1
1080,3.4508,3.4313,3.507,417.21041,417.20813,417.21078,5.459E5,1.058E4,1.34E4,5.459E5,1,1,81,,,,,,,,,DETECTED,417.21041,417.20813,417.21078,3.4508,3.4313,3.507,5.459E5,1.058E4,1.34E4,5.459E5,0.0167,1.4646,1.92,1,0.004,2,1
1081,3.4508,3.3865,3.5311,419.1895,419.18835,419.19159,2.632E5,1.117E4,1.208E4,2.632E5,0,1,81,,,,,,,,,DETECTED,419.1895,419.18835,419.19159,3.4508,3.3865,3.5311,2.632E5,1.117E4,1.208E4,2.632E5,0.0209,2.0743,1.3205,,,5,1
1082,3.4508,3.4237,3.4856,477.23194,477.22913,477.23459,1.653E5,3.998E3,8.335E3,1.653E5,0,1,81,,,,,,,,,DETECTED,477.23194,477.22913,477.23459,3.4508,3.4237,3.4856,1.653E5,3.998E3,8.335E3,1.653E5,0.0188,1.1431,11.4428,,,2,1
1084,3.46,3.4313,3.5265,447.09112,447.09024,447.0928,2.3E5,9.175E3,2.636E4,2.3E5,1,1,,,,,,,,,,DETECTED,447.09112,447.09024,447.0928,3.46,3.4313,3.5265,2.3E5,9.175E3,2.636E4,2.3E5,0.029,1.6602,2.5454,1,0.0085,2,1
1087,3.4645,3.4388,3.5581,421.24182,421.23856,421.24261,6.691E5,1.79E4,7.969E3,6.691E5,1,1,23,,,,,,,,,DETECTED,421.24182,421.23856,421.24261,3.4645,3.4388,3.5581,6.691E5,1.79E4,7.969E3,6.691E5,0.0201,1.4017,4.5451,1,0.0023,3,1
1088,3.4645,3.4463,3.4932,469.2197,469.21729,469.22046,8.232E4,1.866E3,1.115E4,8.232E4,0,1,23,21,[M+Cl]-,2,434.25039,1088;1090,,,,DETECTED,469.2197,469.21729,469.22046,3.4645,3.4463,3.4932,8.232E4,1.866E3,1.115E4,8.232E4,0.0211,1.2862,1.2235,,,3,1
1089,3.4645,3.4101,3.5311,475.21737,475.21448,475.21921,1.925E5,6.729E3,6.698E3,1.925E5,0,1,23,,,,,,,,,DETECTED,475.21737,475.21448,475.21921,3.4645,3.4101,3.5311,1.925E5,6.729E3,6.698E3,1.925E5,0.0512,1.2765,0.4077,,,2,1
1090,3.4645,3.4146,3.5952,479.24868,479.24454,479.25266,2.934E6,6.705E4,9.118E3,2.934E6,1,1,23,21,[M+FA]-,2,434.25039,1088;1090,,,,DETECTED,479.24868,479.24454,479.25266,3.4645,3.4146,3.5952,2.934E6,6.705E4,9.118E3,2.934E6,0.0198,1.2718,1.2351,1,-0.008,4,1
1091,3.4645,3.4463,3.4856,579.20318,579.20197,579.20453,5.531E4,1.13E3,1.85E4,5.531E4,0,1,23,,,,,,,,,DETECTED,579.20318,579.20197,579.20453,3.4645,3.4463,3.4856,5.531E4,1.13E3,1.85E4,5.531E4,0.019,1.0792,1.1584,,,2,1
1092,3.472,3.3911,3.5897,415.1945,415.19211,415.19635,1.7E5,7.983E3,9.569E3,1.7E5,0,1,,,,,,,,,,DETECTED,415.1945,415.19211,415.19635,3.472,3.3911,3.5897,1.7E5,7.983E3,9.569E3,1.7E5,0.0219,1.6822,1.2689,,,4,1
1094,3.4765,3.46,3.5145,271.05916,271.05862,271.05945,9.129E4,2.184E3,7.938E3,9.129E4,0,1,24,,,,,,,,,DETECTED,271.05916,271.05862,271.05945,3.4765,3.46,3.5145,9.129E4,2.184E3,7.938E3,9.129E4,0.0233,1.4841,2.4345,,,2,1
1095,3.4765,3.4508,3.5702,433.11189,433.10938,433.11533,1.21E6,2.867E4,1.417E4,1.21E6,1,1,24,,,,,,,,,DETECTED,433.11189,433.10938,433.11533,3.4765,3.4508,3.5702,1.21E6,2.867E4,1.417E4,1.21E6,0.0197,2.1717,2.454,1,0.004,3,1
1097,3.4765,3.4508,3.5191,549.25264,549.25006,549.25354,4.705E5,1.086E4,1.412E4,4.705E5,0,1,24,,,,,,,,,DETECTED,549.25264,549.25006,549.25354,3.4765,3.4508,3.5191,4.705E5,1.086E4,1.412E4,4.705E5,0.0219,1.6919,2.4786,,,3,1
1098,3.4856,3.46,3.5702,515.11685,515.11389,515.12091,1.183E5,4.09E3,9.019E3,1.183E5,0,1,24,,,,,,,,,DETECTED,515.11685,515.11389,515.12091,3.4856,3.46,3.5702,1.183E5,4.09E3,9.019E3,1.183E5,0.0244,2.5534,2.5383,,,2,1
1102,3.507,3.4856,3.5478,241.14215,241.14174,241.14247,8.544E4,2.086E3,8.377E3,8.544E4,0,1,34,,,,,,,,,DETECTED,241.14215,241.14174,241.14247,3.507,3.4856,3.5478,8.544E4,2.086E3,8.377E3,8.544E4,0.0227,1.776,1.4343,,,2,1
1104,3.507,3.4765,3.5952,461.23786,461.23508,461.24005,7.904E5,1.79E4,9.754E3,7.904E5,1,1,34,,,,,,,,,DETECTED,461.23786,461.23508,461.24005,3.507,3.4765,3.5952,7.904E5,1.79E4,9.754E3,7.904E5,0.0198,1.5858,1.5592,1,-0.0052,3,1
1105,3.507,3.4765,3.5747,489.10205,489.09857,489.10309,6.561E5,1.857E4,1.269E4,6.561E5,1,1,34,,,,,,,,,DETECTED,489.10205,489.09857,489.10309,3.507,3.4765,3.5747,6.561E5,1.857E4,1.269E4,6.561E5,0.0238,2.1389,1.702,1,-0.0035,3,1
1106,3.507,3.472,3.5839,533.0915,533.08868,533.09247,1.256E6,3.175E4,8.743E3,1.256E6,1,1,34,,,,,,,,,DETECTED,533.0915,533.08868,533.09247,3.507,3.472,3.5839,1.256E6,3.175E4,8.743E3,1.256E6,0.0216,1.6137,1.3872,1,-0.0069,4,1
1108,3.5145,3.4932,3.5897,341.06459,341.06229,341.0657,1.299E5,3.512E3,8.212E3,1.299E5,0,1,,,,,,,,,,DETECTED,341.06459,341.06229,341.0657,3.5145,3.4932,3.5897,1.299E5,3.512E3,8.212E3,1.299E5,0.0216,2.9706,2.4301,,,2,1
1109,3.5145,3.4978,3.5478,493.18995,493.18872,493.19098,6.213E4,1.209E3,8.931E3,6.213E4,0,1,,,,,,,,,,DETECTED,493.18995,493.18872,493.19098,3.5145,3.4978,3.5478,6.213E4,1.209E3,8.931E3,6.213E4,0.0171,1.4904,1.5891,,,2,1
1111,3.5265,3.4978,3.5626,221.06445,221.06331,221.0648,1.257E5,2.855E3,6.637E3,1.257E5,0,1,11,22,[M-H]-,2,222.07191,1111;1113,,,,DETECTED,221.06445,221.06331,221.0648,3.5265,3.4978,3.5626,1.257E5,2.855E3,6.637E3,1.257E5,0.024,4.5533,1.3581,,,2,1
1113,3.5265,3.507,3.5702,267.07029,267.06967,267.0712,1.331E5,3.26E3,9.717E3,1.331E5,0,1,11,22,[M+FA]-,2,222.07191,1111;1113,,,,DETECTED,267.07029,267.06967,267.0712,3.5265,3.507,3.5702,1.331E5,3.26E3,9.717E3,1.331E5,0.0226,1.4715,1.295,,,2,1
1114,3.5265,3.4978,3.6405,371.13372,371.13037,371.13425,3.594E6,9.363E4,1.134E4,3.594E6,1,1,11,,,,,,,,,DETECTED,371.13372,371.13037,371.13425,3.5265,3.4978,3.6405,3.594E6,9.363E4,1.134E4,3.594E6,0.0225,1.6203,1.3645,1,-0.0052,4,1
1118,3.5265,3.507,3.5478,469.04212,469.04138,469.04385,1.779E5,4.01E3,6.455E4,1.779E5,0,1,11,,,,,,,,,DETECTED,469.04212,469.04138,469.04385,3.5265,3.507,3.5478,1.779E5,4.01E3,6.455E4,1.779E5,0.0212,1.0428,1.0855,,,3,1
1119,3.5265,3.4856,3.5839,477.23209,477.22989,477.23376,9.468E4,4.389E3,1.15E4,9.468E4,0,1,11,,,,,,,,,DETECTED,477.23209,477.22989,477.23376,3.5265,3.4856,3.5839,9.468E4,4.389E3,1.15E4,9.468E4,0.0352,1.2012,1.1317,,,2,1
1120,3.5265,3.507,3.5478,739.23566,739.23407,739.23877,1.347E5,2.397E3,2.461E4,1.347E5,0,1,11,,,,,,,,,DETECTED,739.23566,739.23407,739.23877,3.5265,3.507,3.5478,1.347E5,2.397E3,2.461E4,1.347E5,0.0236,1.0428,1.6727,,,3,1
1123,3.5311,3.507,3.6026,427.15803,427.15466,427.15906,5.66E5,1.405E4,1.1E4,5.66E5,0,1,11,,,,,,,,,DETECTED,427.15803,427.15466,427.15906,3.5311,3.507,3.6026,5.66E5,1.405E4,1.1E4,5.66E5,0.0217,1.9442,1.7728,,,3,1
1125,3.5385,3.5145,3.5839,571.21445,571.2113,571.21735,3.507E5,8.527E3,1.465E4,3.507E5,0,1,,,,,,,,,,DETECTED,571.21445,571.2113,571.21735,3.5385,3.5145,3.5839,3.507E5,8.527E3,1.465E4,3.507E5,0.0217,1.383,1.6336,,,3,1
1129,3.5478,3.5191,3.6405,449.1072,449.10471,449.10806,1.032E6,2.348E4,9.553E3,1.032E6,1,1,41,,,,,,,,,DETECTED,449.1072,449.10471,449.10806,3.5478,3.5191,3.6405,1.032E6,2.348E4,9.553E3,1.032E6,0.0189,1.7644,1.6285,1,-0.0052,3,1
1132,3.5523,3.5311,3.6405,359.07553,359.07404,359.07596,3.885E5,1.118E4,8.267E3,3.885E5,1,1,41,,,,,,,,,DETECTED,359.07553,359.07404,359.07596,3.5523,3.5311,3.6405,3.885E5,1.118E4,8.267E3,3.885E5,0.0225,2.098,2.7928,1,0.0023,3,1
1133,3.5523,3.4978,3.7206,377.18042,377.17761,377.18192,3.357E6,1.447E5,1.381E4,3.357E6,1,1,41,,,,,,,,,DETECTED,377.18042,377.17761,377.18192,3.5523,3.4978,3.7206,3.357E6,1.447E5,1.381E4,3.357E6,0.0282,1.0741,1.0287,1,0.0247,4,1
1138,3.5626,3.5265,3.6462,447.09118,447.08902,447.09277,2.791E5,9.246E3,2.249E4,2.791E5,0,1,,,,,,,,,,DETECTED,447.09118,447.08902,447.09277,3.5626,3.5265,3.6462,2.791E5,9.246E3,2.249E4,2.791E5,0.0194,1.7319,2.4716,,,2,1
1139,3.5702,3.5523,3.6192,373.1849,373.18411,373.18689,1.604E5,4.292E3,9.377E3,1.604E5,0,1,39,23,[M-H]-,2,374.19197,1139;1142,,,,DETECTED,373.1849,373.18411,373.18689,3.5702,3.5523,3.6192,1.604E5,4.292E3,9.377E3,1.604E5,0.0252,1.8479,1.8087,,,5,1
1141,3.5702,3.5523,3.6026,505.13367,505.13095,505.1376,6.016E4,1.349E3,7.91E3,6.016E4,0,1,39,,,,,,,,,DETECTED,505.13367,505.13095,505.1376,3.5702,3.5523,3.6026,6.016E4,1.349E3,7.91E3,6.016E4,0.0235,1.4072,2.0859,,,2,1
1142,3.5747,3.5311,3.6192,419.18997,419.18823,419.19073,1.19E6,3.014E4,3.344E4,1.19E6,0,1,39,23,[M+FA]-,2,374.19197,1139;1142,,,,DETECTED,419.18997,419.18823,419.19073,3.5747,3.5311,3.6192,1.19E6,3.014E4,3.344E4,1.19E6,0.0252,1.207,1.0702,,,3,1
1143,3.5747,3.5265,3.6405,487.12302,487.11905,487.12527,3.302E5,8.645E3,9.533E3,3.302E5,1,1,39,,,,,,,,,DETECTED,487.12302,487.11905,487.12527,3.5747,3.5265,3.6405,3.302E5,8.645E3,9.533E3,3.302E5,0.0219,1.1262,1.8505,1,0.004,2,1
1144,3.5839,3.5581,3.6147,461.10726,461.10593,461.10837,1.04E5,2.791E3,1.136E4,1.04E5,0,1,,,,,,,,,,DETECTED,461.10726,461.10593,461.10837,3.5839,3.5581,3.6147,1.04E5,2.791E3,1.136E4,1.04E5,0.0244,1.0958,1.2173,,,2,1
1145,3.5897,3.5626,3.7103,417.21123,417.20819,417.2117,2.319E6,6.864E4,9.003E3,2.319E6,0,1,,,,,,,,,,DETECTED,417.21123,417.20819,417.2117,3.5897,3.5626,3.7103,2.319E6,6.864E4,9.003E3,2.319E6,0.0289,1.7971,2.6247,,,3,1
1146,3.5897,3.5702,3.6313,551.26791,551.26575,551.27289,2.982E5,5.833E3,1.169E4,2.982E5,0,1,,,,,,,,,,DETECTED,551.26791,551.26575,551.27289,3.5897,3.5702,3.6313,2.982E5,5.833E3,1.169E4,2.982E5,0.0171,1.7329,1.7421,,,3,1
1147,3.6026,3.5626,3.7046,187.09446,187.09377,187.09491,2.838E5,9.384E3,8.238E3,2.838E5,1,1,,,,,,,,,,DETECTED,187.09446,187.09377,187.09491,3.6026,3.5626,3.7046,2.838E5,9.384E3,8.238E3,2.838E5,0.0254,1.6616,0.8448,1,0.0068,2,1
1148,3.6071,3.5747,3.6885,385.14862,385.14728,385.15106,8.881E4,3.313E3,9.208E3,8.881E4,0,1,93,,,,,,,,,DETECTED,385.14862,385.14728,385.15106,3.6071,3.5747,3.6885,8.881E4,3.313E3,9.208E3,8.881E4,0.0919,1.7552,2.0123,,,2,1
1149,3.6147,3.5839,3.6702,349.14859,349.14734,349.14899,3.536E5,8.941E3,8.229E3,3.536E5,0,1,93,,,,,,,,,DETECTED,349.14859,349.14734,349.14899,3.6147,3.5839,3.6702,3.536E5,8.941E3,8.229E3,3.536E5,0.0224,1.4068,1.2289,,,3,1
1150,3.6192,3.5952,3.6611,147.04213,147.04175,147.04248,8.883E4,2.499E3,8.52E3,8.883E4,0,1,40,,,,,,,,,DETECTED,147.04213,147.04175,147.04248,3.6192,3.5952,3.6611,8.883E4,2.499E3,8.52E3,8.883E4,0.0268,2.3788,1.3143,,,3,1
1151,3.6192,3.5952,3.6656,165.05243,165.05214,165.0526,1.187E5,3.588E3,1.2E4,1.187E5,0,1,40,,,,,,,,,DETECTED,165.05243,165.05214,165.0526,3.6192,3.5952,3.6656,1.187E5,3.588E3,1.2E4,1.187E5,0.0272,1.4642,1.75,,,2,1
1152,3.6192,3.5897,3.6839,207.06379,207.06271,207.0641,1.275E5,3.969E3,6.876E3,1.275E5,0,1,40,,,,,,,,,DETECTED,207.06379,207.06271,207.0641,3.6192,3.5897,3.6839,1.275E5,3.969E3,6.876E3,1.275E5,0.0311,1.6468,1.6892,,,2,1
1153,3.6192,3.5952,3.6508,445.11234,445.11166,445.11291,1.262E5,2.885E3,1.175E4,1.262E5,0,1,40,,,,,,,,,DETECTED,445.11234,445.11166,445.11291,3.6192,3.5952,3.6508,1.262E5,2.885E3,1.175E4,1.262E5,0.0207,1.6699,0.8865,,,3,1
1154,3.6268,3.5952,3.6839,461.23745,461.23508,461.23898,4.136E5,1.056E4,9.754E3,4.136E5,1,1,116,,,,,,,,,DETECTED,461.23745,461.23508,461.23898,3.6268,3.5952,3.6839,4.136E5,1.056E4,9.754E3,4.136E5,0.0192,1.3011,1.2488,1,0.0086,3,1
1156,3.6268,3.5952,3.6656,473.16526,473.16318,473.16879,3.535E5,8.396E3,8.568E3,3.535E5,1,1,116,,,,,,,,,DETECTED,473.16526,473.16318,473.16879,3.6268,3.5952,3.6656,3.535E5,8.396E3,8.568E3,3.535E5,0.0211,1.3357,1.2357,1,-0.0035,2,1
1157,3.6313,3.5952,3.6839,479.24836,479.24588,479.24881,1.068E6,2.146E4,7.971E3,1.068E6,1,1,,,,,,,,,,DETECTED,479.24836,479.24588,479.24881,3.6313,3.5952,3.6839,1.068E6,2.146E4,7.971E3,1.068E6,0.0175,1.8652,2.1999,1,0.0023,4,1
1158,3.6405,3.6192,3.7149,419.19021,419.18848,419.19257,4.739E5,1.632E4,3.344E4,4.739E5,0,1,,,,,,,,,,DETECTED,419.19021,419.18848,419.19257,3.6405,3.6192,3.7149,4.739E5,1.632E4,3.344E4,4.739E5,0.0232,2.2489,3.6781,,,5,1
1159,3.6405,3.6026,3.7,523.23693,523.23444,523.23895,1.419E5,5.051E3,7.713E3,1.419E5,0,1,,,,,,,,,,DETECTED,523.23693,523.23444,523.23895,3.6405,3.6026,3.7,1.419E5,5.051E3,7.713E3,1.419E5,0.0253,1.3108,1.4927,,,2,1
1160,3.6462,3.6268,3.6943,415.19387,415.19186,415.19479,1.361E5,3.111E3,9.805E3,1.361E5,0,1,4,,,,,,,,,DETECTED,415.19387,415.19186,415.19479,3.6462,3.6268,3.6943,1.361E5,3.111E3,9.805E3,1.361E5,0.0207,1.9236,1.7517,,,4,1
1161,3.6462,3.6147,3.6839,461.10692,461.10458,461.10864,5.177E4,1.615E3,6.963E3,5.177E4,0,1,,,,,,,,,,DETECTED,461.10692,461.10458,461.10864,3.6462,3.6147,3.6839,5.177E4,1.615E3,6.963E3,5.177E4,0.0269,1.0972,1.2306,,,2,1
1162,3.6462,3.6268,3.6943,491.15359,491.15091,491.15591,1.102E5,2.39E3,7.478E3,1.102E5,0,1,4,,,,,,,,,DETECTED,491.15359,491.15091,491.15591,3.6462,3.6268,3.6943,1.102E5,2.39E3,7.478E3,1.102E5,0.0177,1.2578,2.9337,,,2,1
1163,3.6508,3.6268,3.6943,239.12649,239.12598,239.12704,9.443E4,2.534E3,7.206E3,9.443E4,0,1,4,,,,,,,,,DETECTED,239.12649,239.12598,239.12704,3.6508,3.6268,3.6943,9.443E4,2.534E3,7.206E3,9.443E4,0.023,1.351,1.7647,,,3,1
1164,3.6508,3.6268,3.7567,459.09124,459.08902,459.09277,2.225E5,6.667E3,8.456E3,2.225E5,0,1,4,,,,,,,,,DETECTED,459.09124,459.08902,459.09277,3.6508,3.6268,3.7567,2.225E5,6.667E3,8.456E3,2.225E5,0.0226,2.8829,2.0779,,,3,1
1165,3.6611,3.6405,3.6885,419.22626,419.22562,419.22705,1.372E5,2.783E3,7.175E3,1.372E5,0,1,112,,,,,,,,,DETECTED,419.22626,419.22562,419.22705,3.6611,3.6405,3.6885,1.372E5,2.783E3,7.175E3,1.372E5,0.0182,1.0614,0.6965,,,2,1
1166,3.6611,3.6405,3.6839,435.12679,435.12451,435.12842,6.572E4,1.274E3,1.607E4,6.572E4,0,1,112,,,,,,,,,DETECTED,435.12679,435.12451,435.12842,3.6611,3.6405,3.6839,6.572E4,1.274E3,1.607E4,6.572E4,0.0183,1.0547,1.1095,,,2,1
1170,3.6885,3.6656,3.751,449.14331,449.14078,449.1442,8.253E4,3.789E3,2.953E4,8.253E4,0,1,35,,,,,,,,,DETECTED,449.14331,449.14078,449.1442,3.6885,3.6656,3.751,8.253E4,3.789E3,2.953E4,8.253E4,0.0316,1.8666,2.7332,,,2,1
1171,3.6885,3.6656,3.7252,485.10631,485.10428,485.10794,9.007E4,2.218E3,7.894E3,9.007E4,0,1,35,,,,,,,,,DETECTED,485.10631,485.10428,485.10794,3.6885,3.6656,3.7252,9.007E4,2.218E3,7.894E3,9.007E4,0.0218,1.4482,1.9409,,,2,1
1172,3.6885,3.6702,3.7434,501.13769,501.13333,501.1424,7.008E4,1.854E3,7.602E3,7.008E4,0,1,35,,,,,,,,,DETECTED,501.13769,501.13333,501.1424,3.6885,3.6702,3.7434,7.008E4,1.854E3,7.602E3,7.008E4,0.0232,2.0014,2.9153,,,2,1
1174,3.7,3.6656,3.775,473.1655,473.16223,473.16925,3.92E6,8.467E4,1.141E4,3.92E6,1,1,38,,,,,,,,,DETECTED,473.1655,473.16223,473.16925,3.7,3.6656,3.775,3.92E6,8.467E4,1.141E4,3.92E6,0.0182,1.0885,1.2261,1,-0.0092,4,1
1175,3.7,3.6747,3.7252,489.13865,489.13763,489.13947,8.441E4,1.777E3,1.288E4,8.441E4,0,1,38,,,,,,,,,DETECTED,489.13865,489.13763,489.13947,3.7,3.6747,3.7252,8.441E4,1.777E3,1.288E4,8.441E4,0.0178,0.9981,1.2838,,,2,1
1176,3.7,3.6747,3.7389,495.14559,495.14328,495.14874,1.343E5,3.312E3,8.987E3,1.343E5,0,1,38,,,,,,,,,DETECTED,495.14559,495.14328,495.14874,3.7,3.6747,3.7389,1.343E5,3.312E3,8.987E3,1.343E5,0.0254,1.1245,1.0254,,,2,1
1178,3.7206,3.6885,3.7389,419.22636,419.22455,419.22702,1.152E6,1.86E4,9.172E3,1.152E6,0,1,102,,,,,,,,,DETECTED,419.22636,419.22455,419.22702,3.7206,3.6885,3.7389,1.152E6,1.86E4,9.172E3,1.152E6,0.0153,1.0631,1.1946,,,3,1
1179,3.7206,3.7046,3.751,625.26645,625.263,625.26953,1.182E5,2.13E3,9.58E3,1.182E5,0,1,102,,,,,,,,,DETECTED,625.26645,625.263,625.26953,3.7206,3.7046,3.751,1.182E5,2.13E3,9.58E3,1.182E5,0.0159,1.3002,1.3064,,,3,1
1180,3.7297,3.7046,3.8163,193.04746,193.04692,193.04836,9.613E4,3.906E3,9.912E3,9.613E4,0,1,14,,,,,,,,,DETECTED,193.04746,193.04692,193.04836,3.7297,3.7046,3.8163,9.613E4,3.906E3,9.912E3,9.613E4,0.027,2.218,3.2837,,,3,1
1181,3.7297,3.7103,3.8311,529.13141,529.12878,529.13434,1.839E5,7.643E3,2.083E4,1.839E5,0,1,14,,,,,,,,,DETECTED,529.13141,529.12878,529.13434,3.7297,3.7103,3.8311,1.839E5,7.643E3,2.083E4,1.839E5,0.0235,3.1078,6.1322,,,2,1
1182,3.7389,3.7149,3.8163,373.18488,373.18414,373.18634,2.477E5,6.813E3,8.116E3,2.477E5,1,1,21,24,[M-H]-,2,374.19251,1182;1186,,,,DETECTED,373.18488,373.18414,373.18634,3.7389,3.7149,3.8163,2.477E5,6.813E3,8.116E3,2.477E5,0.0218,2.686,3.7233,1,0.0069,5,1
1183,3.7389,3.7103,3.7957,511.21565,511.21344,511.21863,4.13E5,1.077E4,1.048E4,4.13E5,1,1,14,,,,,,,,,DETECTED,511.21565,511.21344,511.21863,3.7389,3.7103,3.7957,4.13E5,1.077E4,1.048E4,4.13E5,0.0243,1.2166,0.811,1,-0.0035,3,1
1184,3.7434,3.7206,3.8002,377.1801,377.17883,377.18106,8.67E4,2.613E3,7.822E3,8.67E4,0,1,21,,,,,,,,,DETECTED,377.1801,377.17883,377.18106,3.7434,3.7206,3.8002,8.67E4,2.613E3,7.822E3,8.67E4,0.0215,2.5434,2.0229,,,4,1
1186,3.7434,3.7149,3.8414,419.19106,419.18942,419.19388,6.498E6,1.852E5,4.733E4,6.498E6,1,1,21,24,[M+FA]-,2,374.19251,1182;1186,,,,DETECTED,419.19106,419.18942,419.19388,3.7434,3.7149,3.8414,6.498E6,1.852E5,4.733E4,6.498E6,0.0201,2.3415,3.6348,1,-0.0097,2,1
1187,3.7434,3.7252,3.8208,421.19449,421.19119,421.19653,1.442E5,4.522E3,8.075E3,1.442E5,0,1,21,,,,,,,,,DETECTED,421.19449,421.19119,421.19653,3.7434,3.7252,3.8208,1.442E5,4.522E3,8.075E3,1.442E5,0.0216,2.3573,3.4315,,,3,1
1189,3.7434,3.6839,3.8208,461.23715,461.23511,461.23898,2.299E5,1.232E4,2.356E4,2.299E5,0,1,,,,,,,,,,DETECTED,461.23715,461.23511,461.23898,3.7434,3.6839,3.8208,2.299E5,1.232E4,2.356E4,2.299E5,0.0373,1.1502,0.5919,,,3,1
1190,3.7434,3.7206,3.8208,485.16134,485.15723,485.16309,1.938E5,5.905E3,7.701E3,1.938E5,0,1,21,,,,,,,,,DETECTED,485.16134,485.15723,485.16309,3.7434,3.7206,3.8208,1.938E5,5.905E3,7.701E3,1.938E5,0.069,2.3294,4.3727,,,2,1
1193,3.7567,3.7297,3.8048,451.10097,451.09866,451.10303,2.446E5,6.108E3,1.099E4,2.446E5,1,1,,,,,,,,,,DETECTED,451.10097,451.09866,451.10303,3.7567,3.7297,3.8048,2.446E5,6.108E3,1.099E4,2.446E5,0.023,1.6417,1.8194,1,0.0058,3,1
1195,3.7659,3.7389,3.8766,429.21014,429.20767,429.21368,1.781E5,5.888E3,7.06E3,1.781E5,0,1,,,,,,,,,,DETECTED,429.21014,429.20767,429.21368,3.7659,3.7389,3.8766,1.781E5,5.888E3,7.06E3,1.781E5,0.0211,2.7068,2.9908,,,2,1
1197,3.7841,3.7659,3.8266,245.13708,245.13669,245.13737,8.824E4,2.022E3,7.207E3,8.824E4,0,1,108,,,,,,,,,DETECTED,245.13708,245.13669,245.13737,3.7841,3.7659,3.8266,8.824E4,2.022E3,7.207E3,8.824E4,0.0211,1.7558,1.6809,,,2,1
1198,3.7841,3.751,3.8515,463.25275,463.25162,463.25623,1.589E5,4.372E3,7.094E3,1.589E5,0,1,108,,,,,,,,,DETECTED,463.25275,463.25162,463.25623,3.7841,3.751,3.8515,1.589E5,4.372E3,7.094E3,1.589E5,0.0194,1.4239,0.8405,,,3,1
1199,3.7957,3.775,3.8357,473.16444,473.16312,473.16806,1.244E5,3.016E3,1.226E4,1.244E5,0,1,,,,,,,,,,DETECTED,473.16444,473.16312,473.16806,3.7957,3.775,3.8357,1.244E5,3.016E3,1.226E4,1.244E5,0.0316,1.6438,2.0417,,,2,1
1202,3.8048,3.7841,3.856,519.14768,519.14441,519.14874,1.434E5,3.121E3,8.61E3,1.434E5,0,1,94,,,,,,,,,DETECTED,519.14768,519.14441,519.14874,3.8048,3.7841,3.856,1.434E5,3.121E3,8.61E3,1.434E5,0.0183,1.7698,1.8808,,,3,1
1203,3.8048,3.7567,3.8311,775.27154,775.26849,775.27606,6.563E4,2.108E3,1.189E4,6.563E4,0,1,94,,,,,,,,,DETECTED,775.27154,775.26849,775.27606,3.8048,3.7567,3.8311,6.563E4,2.108E3,1.189E4,6.563E4,0.0157,0.774,0.5031,,,3,1
1207,3.8414,3.7796,3.8766,745.26228,745.25623,745.26562,1.341E5,5.235E3,9.574E3,1.341E5,0,1,,,,,,,,,,DETECTED,745.26228,745.25623,745.26562,3.8414,3.7796,3.8766,1.341E5,5.235E3,9.574E3,1.341E5,0.0327,0.7903,0.4512,,,3,1
1211,3.8841,3.856,3.9485,473.16495,473.16235,473.16687,6.146E5,1.309E4,7.233E3,6.146E5,0,1,53,,,,,,,,,DETECTED,473.16495,473.16235,473.16687,3.8841,3.856,3.9485,6.146E5,1.309E4,7.233E3,6.146E5,0.0181,1.5214,1.5601,,,3,1
1212,3.8841,3.8606,3.9048,481.17021,481.16672,481.17294,7.801E4,1.648E3,8.804E3,7.801E4,0,1,53,,,,,,,,,DETECTED,481.17021,481.16672,481.17294,3.8841,3.8606,3.9048,7.801E4,1.648E3,8.804E3,7.801E4,0.0211,0.9377,1.1458,,,2,1
1214,3.8887,3.8606,3.9811,199.09464,199.09399,199.09544,9.569E4,3.042E3,7.002E3,9.569E4,0,1,53,,,,,,,,,DETECTED,199.09464,199.09399,199.09544,3.8887,3.8606,3.9811,9.569E4,3.042E3,7.002E3,9.569E4,0.0222,1.7289,2.4337,,,2,1
1217,3.8887,3.8663,3.9335,471.12752,471.12466,471.12851,1.883E5,4.092E3,7.739E3,1.883E5,0,1,53,,,,,,,,,DETECTED,471.12752,471.12466,471.12851,3.8887,3.8663,3.9335,1.883E5,4.092E3,7.739E3,1.883E5,0.0182,2.318,0.9942,,,2,1
1218,3.9093,3.8414,3.9948,419.18983,419.18832,419.19232,8.851E5,2.945E4,7.475E3,8.851E5,0,1,,,,,,,,,,DETECTED,419.18983,419.18832,419.19232,3.9093,3.8414,3.9948,8.851E5,2.945E4,7.475E3,8.851E5,0.0187,0.8393,0.629,,,3,1
1221,3.9213,3.8208,3.9576,461.23737,461.23508,461.23901,6.36E5,2.07E4,2.356E4,6.36E5,0,1,,,,,,,,,,DETECTED,461.23737,461.23508,461.23901,3.9213,3.8208,3.9576,6.36E5,2.07E4,2.356E4,6.36E5,0.0224,0.7018,0.5959,,,3,1
1223,3.9289,3.5626,4.1746,291.0057,291.00504,291.00638,1.617E5,6.549E4,4.694E4,1.617E5,0,1,,,,,,,,,,DETECTED,291.0057,291.00504,291.00638,3.9289,3.5626,4.1746,1.617E5,6.549E4,4.694E4,1.617E5,0.4559,0.8353,0.6707,,,14,1
1224,3.9289,3.8766,4.0175,447.06827,447.06494,447.07028,2.666E5,8.839E3,6.945E3,2.666E5,1,1,,,,,,,,,,DETECTED,447.06827,447.06494,447.07028,3.9289,3.8766,4.0175,2.666E5,8.839E3,6.945E3,2.666E5,0.0225,1.8733,3.121,1,0.0069,3,1
1225,3.9335,3.9139,3.9634,209.11573,209.11555,209.11623,8.385E4,2.035E3,1.264E4,8.385E4,0,1,115,,,,,,,,,DETECTED,209.11573,209.11555,209.11623,3.9335,3.9139,3.9634,8.385E4,2.035E3,1.264E4,8.385E4,0.024,1.2617,1.9065,,,2,1
1226,3.9335,3.9139,4.0005,227.12656,227.12564,227.12743,2.746E5,7.235E3,6.691E3,2.746E5,1,1,115,,,,,,,,,DETECTED,227.12656,227.12564,227.12743,3.9335,3.9139,4.0005,2.746E5,7.235E3,6.691E3,2.746E5,0.0262,1.7085,2.345,1,0.004,2,1
1228,3.953,3.9335,4.0063,513.15793,513.15649,513.1604,2.09E5,4.719E3,7.601E3,2.09E5,0,1,,,,,,,,,,DETECTED,513.15793,513.15649,513.1604,3.953,3.9335,4.0063,2.09E5,4.719E3,7.601E3,2.09E5,0.0197,1.5568,2.2862,,,3,1
1229,3.9576,3.899,4.0063,575.26736,575.26337,575.26904,1.75E5,5.075E3,1.003E4,1.75E5,0,1,104,25,[M-H]-,2,576.27477,1230;1229,,,,DETECTED,575.26736,575.26337,575.26904,3.9576,3.899,4.0063,1.75E5,5.075E3,1.003E4,1.75E5,0.0214,1.6173,1.1115,,,3,1
1230,3.9576,3.9048,4.0063,621.2731,621.2691,621.27576,6.384E5,1.561E4,9.283E3,6.384E5,1,1,104,25,[M+FA]-,2,576.27477,1230;1229,,,,DETECTED,621.2731,621.2691,621.27576,3.9576,3.9048,4.0063,6.384E5,1.561E4,9.283E3,6.384E5,0.0213,0.8111,0.2578,1,0.0023,4,1
1234,3.9811,3.9576,4.0118,461.23823,461.23648,461.23856,2.113E6,4.342E4,1.04E5,2.113E6,0,1,105,,,,,,,,,DETECTED,461.23823,461.23648,461.23856,3.9811,3.9576,4.0118,2.113E6,4.342E4,1.04E5,2.113E6,0.0256,1.3827,1.184,,,3,1
1235,3.9811,3.9576,4.0336,501.13796,501.13571,501.13977,2.051E5,4.984E3,9.484E3,2.051E5,0,1,105,,,,,,,,,DETECTED,501.13796,501.13571,501.13977,3.9811,3.9576,4.0336,2.051E5,4.984E3,9.484E3,2.051E5,0.025,1.8446,1.7611,,,3,1
1236,4.0005,3.9856,4.0278,463.21524,463.21292,463.21719,8.726E4,1.616E3,9.227E3,8.726E4,0,1,,,,,,,,,,DETECTED,463.21524,463.21292,463.21719,4.0005,3.9856,4.0278,8.726E4,1.616E3,9.227E3,8.726E4,0.0178,1.4191,2.1624,,,3,1
1237,4.0063,3.9737,4.056,523.23637,523.23517,523.23724,2.936E5,7.135E3,8.849E3,2.936E5,0,1,,,,,,,,,,DETECTED,523.23637,523.23517,523.23724,4.0063,3.9737,4.056,2.936E5,7.135E3,8.849E3,2.936E5,0.0203,1.1668,1.2051,,,3,1
1239,4.0336,4.0118,4.1403,287.0543,287.05307,287.05554,1.718E5,6.094E3,7.564E3,1.718E5,0,1,49,,,,,,,,,DETECTED,287.0543,287.05307,287.05554,4.0336,4.0118,4.1403,1.718E5,6.094E3,7.564E3,1.718E5,0.03,2.8866,4.2666,,,2,1
1240,4.0336,4.0118,4.0949,415.23064,415.2298,415.23242,9.309E4,2.567E3,1.002E4,9.309E4,0,1,49,26,[M-H]-,2,416.23866,1240;1241,,,,DETECTED,415.23064,415.2298,415.23242,4.0336,4.0118,4.0949,9.309E4,2.567E3,1.002E4,9.309E4,0.0259,1.9,2.5084,,,2,1
1241,4.0336,4.0118,4.1198,461.23761,461.23602,461.23871,5.649E5,2.148E4,2.272E4,5.649E5,0,1,49,26,[M+FA]-,2,416.23866,1240;1241,,,,DETECTED,461.23761,461.23602,461.23871,4.0336,4.0118,4.1198,5.649E5,2.148E4,2.272E4,5.649E5,0.0285,2.4367,3.2759,,,4,1
1242,4.0336,4.0118,4.0949,481.16973,481.1676,481.17252,3.597E5,8.577E3,1.482E4,3.597E5,1,1,49,,,,,,,,,DETECTED,481.16973,481.1676,481.17252,4.0336,4.0118,4.0949,3.597E5,8.577E3,1.482E4,3.597E5,0.0221,1.818,2.2143,1,0.0041,3,1
1243,4.0503,4.0336,4.0754,413.14202,413.14053,413.14368,5.253E4,1.136E3,1.443E4,5.253E4,0,1,,,,,,,,,,DETECTED,413.14202,413.14053,413.14368,4.0503,4.0336,4.0754,5.253E4,1.136E3,1.443E4,5.253E4,0.0198,1.2551,1.5103,,,4,1
1244,4.0709,4.0175,4.1552,447.06872,447.06506,447.07007,2.128E5,7.512E3,6.945E3,2.128E5,0,1,113,,,,,,,,,DETECTED,447.06872,447.06506,447.07007,4.0709,4.0175,4.1552,2.128E5,7.512E3,6.945E3,2.128E5,0.0246,1.2782,1.5931,,,2,1
1245,4.0709,4.056,4.1049,493.22739,493.22662,493.23141,7.88E4,1.684E3,9.904E3,7.88E4,0,1,113,,,,,,,,,DETECTED,493.22739,493.22662,493.23141,4.0709,4.056,4.1049,7.88E4,1.684E3,9.904E3,7.88E4,0.0191,1.6461,3.3746,,,2,1
1247,4.0857,4.0606,4.1655,463.2537,463.25089,463.25412,2.172E6,5.372E4,9.156E3,2.172E6,1,1,29,,,,,,,,,DETECTED,463.2537,463.25089,463.25412,4.0857,4.0606,4.1655,2.172E6,5.372E4,9.156E3,2.172E6,0.021,3.3956,3.1791,1,0.0023,4,1
1249,4.0857,4.0663,4.1255,497.1638,497.16083,497.16492,8.246E4,1.83E3,8.167E3,8.246E4,0,1,29,,,,,,,,,DETECTED,497.1638,497.16083,497.16492,4.0857,4.0663,4.1255,8.246E4,1.83E3,8.167E3,8.246E4,0.0196,1.6529,2.3138,,,2,1
1250,4.0949,4.0709,4.1746,457.24263,457.23868,457.24576,2.146E5,6.516E3,1.045E4,2.146E5,0,1,29,,,,,,,,,DETECTED,457.24263,457.23868,457.24576,4.0949,4.0709,4.1746,2.146E5,6.516E3,1.045E4,2.146E5,0.0218,2.426,2.3095,,,4,1
1254,4.1255,4.1049,4.1598,419.19031,419.18857,419.19223,6.562E4,1.362E3,7.55E3,6.562E4,0,1,,,,,,,,,,DETECTED,419.19031,419.18857,419.19223,4.1255,4.1049,4.1598,6.562E4,1.362E3,7.55E3,6.562E4,0.0172,1.3317,1.9907,,,2,1
1255,4.1255,4.1049,4.1506,653.297,653.29535,653.30133,1.013E5,1.999E3,8.705E3,1.013E5,0,1,,,,,,,,,,DETECTED,653.297,653.29535,653.30133,4.1255,4.1049,4.1506,1.013E5,1.999E3,8.705E3,1.013E5,0.0316,1.0183,0.905,,,3,1
1256,4.1358,4.0857,4.209,585.23065,585.22498,585.23529,1.605E5,5.521E3,6.772E3,1.605E5,0,1,,,,,,,,,,DETECTED,585.23065,585.22498,585.23529,4.1358,4.0857,4.209,1.605E5,5.521E3,6.772E3,1.605E5,0.0204,1.8531,0.9894,,,3,1
1257,4.1506,4.13,4.2044,525.23139,525.22729,525.23511,2.285E5,5.37E3,7.211E3,2.285E5,0,1,,,,,,,,,,DETECTED,525.23139,525.22729,525.23511,4.1506,4.13,4.2044,2.285E5,5.37E3,7.211E3,2.285E5,0.0196,1.649,1.729,,,4,1
1258,4.1701,4.13,4.1941,493.22786,493.22592,493.23181,9.162E4,2.572E3,8.647E3,9.162E4,0,1,,,,,,,,,,DETECTED,493.22786,493.22592,493.23181,4.1701,4.13,4.1941,9.162E4,2.572E3,8.647E3,9.162E4,0.0335,0.8378,0.7058,,,2,1
1259,4.1821,4.1701,4.209,587.24613,587.24542,587.24701,5.222E4,9.807E2,1.045E4,5.222E4,0,1,46,,,,,,,,,DETECTED,587.24613,587.24542,587.24701,4.1821,4.1701,4.209,5.222E4,9.807E2,1.045E4,5.222E4,0.0184,1.6103,2.2206,,,2,1
1260,4.1867,4.1198,4.2528,461.23712,461.23407,461.2403,1.163E5,5.403E3,1.089E4,1.163E5,0,1,46,,,,,,,,,DETECTED,461.23712,461.23407,461.2403,4.1867,4.1198,4.2528,1.163E5,5.403E3,1.089E4,1.163E5,0.0354,0.9942,0.9002,,,2,1
1261,4.1867,4.1655,4.3013,463.25338,463.25027,463.25446,7.843E5,1.885E4,9.054E3,7.843E5,1,1,46,,,,,,,,,DETECTED,463.25338,463.25027,463.25446,4.1867,4.1655,4.3013,7.843E5,1.885E4,9.054E3,7.843E5,0.0187,1.738,2.1408,1,0.004,2,1
1262,4.2135,4.0606,4.7666,323.01238,323.01132,323.01382,9.718E4,5.044E4,3.87E4,9.718E4,0,1,,,,,,,,,,DETECTED,323.01238,323.01132,323.01382,4.2135,4.0606,4.7666,9.718E4,5.044E4,3.87E4,9.718E4,0.6423,2.3081,3.6161,,,8,1
1263,4.2135,4.1987,4.3629,493.22772,493.22623,493.22961,8.428E5,5.95E4,1.34E4,8.428E5,1,1,,,,,,,,,,DETECTED,493.22772,493.22623,493.22961,4.2135,4.1987,4.3629,8.428E5,5.95E4,1.34E4,8.428E5,0.0827,4.6566,11.8908,1,0.0632,3,1
1264,4.221,4.1987,4.2744,563.2464,563.24426,563.24762,9.569E4,2.495E3,7.946E3,9.569E4,0,1,,,,,,,,,,DETECTED,563.2464,563.24426,563.24762,4.221,4.1987,4.2744,9.569E4,2.495E3,7.946E3,9.569E4,0.0224,1.9426,1.7399,,,2,1
1270,4.2483,4.2301,4.2686,415.19482,415.1929,415.19662,5.456E4,1.167E3,1.53E4,5.456E4,0,1,,,,,,,,,,DETECTED,415.19482,415.1929,415.19662,4.2483,4.2301,4.2686,5.456E4,1.167E3,1.53E4,5.456E4,0.0232,1.0578,1.1157,,,2,1
1275,4.2968,4.2744,4.3219,505.26351,505.26099,505.26791,9.639E4,2.206E3,9.819E3,9.639E4,0,1,,,,,,,,,,DETECTED,505.26351,505.26099,505.26791,4.2968,4.2744,4.3219,9.639E4,2.206E3,9.819E3,9.639E4,0.0201,1.0616,0.9344,,,2,1
1276,4.3013,4.0412,4.3834,308.9966,308.99591,308.99774,1.156E5,2.625E4,3.133E4,1.156E5,0,1,,,,,,,,,,DETECTED,308.9966,308.99591,308.99774,4.3013,4.0412,4.3834,1.156E5,2.625E4,3.133E4,1.156E5,0.288,0.6578,0.3157,,,10,1
1279,4.3219,4.2392,4.4087,393.11661,393.11349,393.11786,8.095E4,7.963E3,1.527E4,8.095E4,0,1,,,,,,,,,,DETECTED,393.11661,393.11349,393.11786,4.3219,4.2392,4.4087,8.095E4,7.963E3,1.527E4,8.095E4,0.1045,1.0243,1.0486,,,2,1
1281,4.3219,4.3013,4.419,625.15058,625.14636,625.15424,1.119E5,3.617E3,9.345E3,1.119E5,0,1,,,,,,,,,,DETECTED,625.15058,625.14636,625.15424,4.3219,4.3013,4.419,1.119E5,3.617E3,9.345E3,1.119E5,0.0199,1.8195,4.1831,,,3,1
1283,4.3322,4.2044,4.6943,246.99874,246.99826,246.99919,1.433E5,4.821E4,3.198E4,1.433E5,0,1,,,,,,,,,,DETECTED,246.99874,246.99826,246.99919,4.3322,4.2044,4.6943,1.433E5,4.821E4,3.198E4,1.433E5,0.3814,1.9165,2.833,,,12,1
1284,4.3322,4.2255,4.388,449.14244,449.13809,449.14417,7.764E4,5.748E3,1.618E4,7.764E4,0,1,,,,,,,,,,DETECTED,449.14244,449.13809,449.14417,4.3322,4.2255,4.388,7.764E4,5.748E3,1.618E4,7.764E4,0.0642,0.7614,0.5228,,,2,1
1285,4.3413,4.2819,4.4645,523.23637,523.23389,523.2403,1.418E5,8.739E3,7.996E3,1.418E5,0,1,,,,,,,,,,DETECTED,523.23637,523.23389,523.2403,4.3413,4.2819,4.4645,1.418E5,8.739E3,7.996E3,1.418E5,0.076,1.6084,2.9096,,,3,1
1286,4.3468,4.3322,4.3777,491.18968,491.18655,491.19223,8.899E4,2.007E3,1.118E4,8.899E4,0,1,107,,,,,,,,,DETECTED,491.18968,491.18655,491.19223,4.3468,4.3322,4.3777,8.899E4,2.007E3,1.118E4,8.899E4,0.0231,1.5586,2.5732,,,2,1
1287,4.3468,4.3174,4.3777,505.22618,505.22507,505.22818,5.482E4,1.742E3,1.025E4,5.482E4,0,1,107,,,,,,,,,DETECTED,505.22618,505.22507,505.22818,4.3468,4.3174,4.3777,5.482E4,1.742E3,1.025E4,5.482E4,0.0295,1.0247,0.8741,,,2,1
1288,4.3629,4.3413,4.3834,505.26478,505.26349,505.26721,8.936E4,1.868E3,1.565E4,8.936E4,0,1,,,,,,,,,,DETECTED,505.26478,505.26349,505.26721,4.3629,4.3413,4.3834,8.936E4,1.868E3,1.565E4,8.936E4,0.0198,0.978,0.944,,,2,1
1289,4.3686,4.3468,4.3971,695.28564,695.28284,695.28876,1.473E5,2.457E3,1.059E4,1.473E5,0,1,,,,,,,,,,DETECTED,695.28564,695.28284,695.28876,4.3686,4.3468,4.3971,1.473E5,2.457E3,1.059E4,1.473E5,0.0155,1.3872,1.2912,,,3,1
1292,4.3971,4.3834,4.4405,706.33016,706.32397,706.33282,2.347E5,4.621E3,8.165E3,2.347E5,0,1,,,,,,,,,,DETECTED,706.33016,706.32397,706.33282,4.3971,4.3834,4.4405,2.347E5,4.621E3,8.165E3,2.347E5,0.018,1.861,2.847,,,4,1
1293,4.4132,4.3971,4.436,507.18278,507.18091,507.18542,8.993E4,1.781E3,1.982E4,8.993E4,0,1,,,,,,,,,,DETECTED,507.18278,507.18091,507.18542,4.4132,4.3971,4.436,8.993E4,1.781E3,1.982E4,8.993E4,0.0192,1.2045,1.4089,,,2,1
1295,4.4496,4.436,4.4805,507.2061,507.20486,507.2067,1.246E5,2.515E3,6.823E3,1.246E5,0,1,,,,,,,,,,DETECTED,507.2061,507.20486,507.2067,4.4496,4.436,4.4805,1.246E5,2.515E3,6.823E3,1.246E5,0.0189,1.4275,1.718,,,2,1
1296,4.469,4.4542,4.517,429.20924,429.20706,429.21112,5.189E4,1.365E3,8.567E3,5.189E4,0,1,,,,,,,,,,DETECTED,429.20924,429.20706,429.21112,4.469,4.4542,4.517,5.189E4,1.365E3,8.567E3,5.189E4,0.0199,2.1146,2.8753,,,2,1
1297,4.4805,4.4542,4.5433,301.16387,301.16318,301.16476,1.597E5,4.174E3,6.882E3,1.597E5,0,1,,,,,,,,,,DETECTED,301.16387,301.16318,301.16476,4.4805,4.4542,4.5433,1.597E5,4.174E3,6.882E3,1.597E5,0.0238,1.6721,1.2234,,,2,1
1300,4.4954,4.469,4.5834,271.0594,271.05838,271.05988,1.015E5,3.911E3,7.64E3,1.015E5,0,1,31,,,,,,,,,DETECTED,271.0594,271.05838,271.05988,4.4954,4.469,4.5834,1.015E5,3.911E3,7.64E3,1.015E5,0.0295,2.1513,2.7929,,,2,1
1301,4.4954,4.4748,4.5215,835.38762,835.38171,835.39117,6.919E4,1.486E3,1.064E4,6.919E4,0,1,31,,,,,,,,,DETECTED,835.38762,835.38171,835.39117,4.4954,4.4748,4.5215,6.919E4,1.486E3,1.064E4,6.919E4,0.0209,1.1349,1.2836,,,3,1
1302,4.4999,4.4645,4.5479,577.28343,577.2793,577.28784,3.034E5,7.554E3,1.316E4,3.034E5,0,1,31,,,,,,,,,DETECTED,577.28343,577.2793,577.28784,4.4999,4.4645,4.5479,3.034E5,7.554E3,1.316E4,3.034E5,0.0204,1.0048,1.2966,,,3,1
1304,4.5273,4.5112,4.5628,507.24215,507.24127,507.24481,8.996E4,2.236E3,8.287E3,8.996E4,0,1,,,,,,,,,,DETECTED,507.24215,507.24127,507.24481,4.5273,4.5112,4.5628,8.996E4,2.236E3,8.287E3,8.996E4,0.0231,1.5355,1.9033,,,2,1
1305,4.5537,4.5273,4.6058,361.1851,361.18314,361.18701,1.332E5,3.388E3,7.434E3,1.332E5,0,1,110,,,,,,,,,DETECTED,361.1851,361.18314,361.18701,4.5537,4.5273,4.6058,1.332E5,3.388E3,7.434E3,1.332E5,0.0216,1.5778,1.2318,,,2,1
1306,4.5537,4.5215,4.5967,711.28112,711.27631,711.28278,4.718E5,1.13E4,2.497E4,4.718E5,0,1,110,,,,,,,,,DETECTED,711.28112,711.27631,711.28278,4.5537,4.5215,4.5967,4.718E5,1.13E4,2.497E4,4.718E5,0.0205,1.2252,1.1888,,,4,1
1308,4.6103,4.5891,4.6488,809.29329,809.28918,809.29572,2.269E5,5.295E3,2.305E4,2.269E5,0,1,,,,,,,,,,DETECTED,809.29329,809.28918,809.29572,4.6103,4.5891,4.6488,2.269E5,5.295E3,2.305E4,2.269E5,0.0201,1.4065,1.5598,,,3,1
1309,4.643,4.6058,4.7108,413.21506,413.21323,413.21658,3.412E5,9.526E3,7.301E3,3.412E5,0,1,,,,,,,,,,DETECTED,413.21506,413.21323,413.21658,4.643,4.6058,4.7108,3.412E5,9.526E3,7.301E3,3.412E5,0.0233,1.3212,1.2898,,,3,1
1310,4.6533,4.6058,4.7463,565.31874,565.31525,565.32147,7.199E4,3.222E3,6.854E3,7.199E4,0,1,,,,,,,,,,DETECTED,565.31874,565.31525,565.32147,4.6533,4.6058,4.7463,7.199E4,3.222E3,6.854E3,7.199E4,0.0239,1.406,1.0665,,,2,1
1312,4.6988,4.6488,4.7831,487.2533,487.25134,487.25598,3.448E5,1.272E4,7.899E3,3.448E5,0,1,,,,,,,,,,DETECTED,487.2533,487.25134,487.25598,4.6988,4.6488,4.7831,3.448E5,1.272E4,7.899E3,3.448E5,0.0439,1.0404,0.5139,,,3,1
1313,4.7257,4.6988,4.7889,223.09527,223.09448,223.09615,8.301E4,2.723E3,1.049E4,8.301E4,0,1,,,,,,,,,,DETECTED,223.09527,223.09448,223.09615,4.7257,4.6988,4.7889,8.301E4,2.723E3,1.049E4,8.301E4,0.0292,1.677,3.662,,,2,1
1314,4.7302,4.7108,4.7666,349.18484,349.18372,349.18637,8.303E4,1.941E3,7.81E3,8.303E4,0,1,118,,,,,,,,,DETECTED,349.18484,349.18372,349.18637,4.7302,4.7108,4.7666,8.303E4,1.941E3,7.81E3,8.303E4,0.0217,1.5204,2.0227,,,2,1
1316,4.736,4.7108,4.7712,445.24132,445.23932,445.24332,6.178E4,1.706E3,6.794E3,6.178E4,0,1,118,,,,,,,,,DETECTED,445.24132,445.23932,445.24332,4.736,4.7108,4.7712,6.178E4,1.706E3,6.794E3,6.178E4,0.0232,1.1997,1.6245,,,3,1
1317,4.7463,4.6943,4.8204,327.21606,327.21475,327.21735,1.334E5,4.82E3,8.25E3,1.334E5,0,1,,,,,,,,,,DETECTED,327.21606,327.21475,327.21735,4.7463,4.6943,4.8204,1.334E5,4.82E3,8.25E3,1.334E5,0.0295,1.1496,1.1322,,,2,1
1320,4.7757,4.6355,5.0267,279.0055,279.00482,279.00629,1.658E5,2.508E4,2.222E4,1.658E5,0,1,,,,,,,,,,DETECTED,279.0055,279.00482,279.00629,4.7757,4.6355,5.0267,1.658E5,2.508E4,2.222E4,1.658E5,0.1105,1.3949,2.0877,,,15,1
1323,4.7889,4.7666,4.8752,357.1902,357.1886,357.19208,2.198E5,9.153E3,8.411E3,2.198E5,0,1,33,27,[M-H]-,2,358.19774,1323;1325,,,,DETECTED,357.1902,357.1886,357.19208,4.7889,4.7666,4.8752,2.198E5,9.153E3,8.411E3,2.198E5,0.0226,2.3585,3.6025,,,4,1
1325,4.7889,4.7566,4.9582,403.19621,403.19366,403.19675,6.97E6,3.08E5,6.62E3,6.97E6,2,1,33,27,[M+FA]-,2,358.19774,1323;1325,,,,DETECTED,403.19621,403.19366,403.19675,4.7889,4.7566,4.9582,6.97E6,3.08E5,6.62E3,6.97E6,0.0329,2.3729,3.4117,2,-0.0092,2,1
1327,4.7889,4.7666,4.8677,425.17577,425.17377,425.17676,1.053E5,4.81E3,7.774E3,1.053E5,0,1,33,,,,,,,,,DETECTED,425.17577,425.17377,425.17676,4.7889,4.7666,4.8677,1.053E5,4.81E3,7.774E3,1.053E5,0.025,6.131,3.2498,,,2,1
1330,4.7889,4.7712,4.8411,803.35871,803.35693,803.36017,2.081E5,5.192E3,1.258E4,2.081E5,0,1,33,,,,,,,,,DETECTED,803.35871,803.35693,803.36017,4.7889,4.7712,4.8411,2.081E5,5.192E3,1.258E4,2.081E5,0.0478,2.4624,3.7203,,,3,1
1332,4.8128,4.7934,4.8901,673.33751,673.33325,673.3418,2.544E5,7.022E3,7.384E3,2.544E5,1,1,96,28,[M-H]-,2,674.34416,1332;1333,,,,DETECTED,673.33751,673.33325,673.3418,4.8128,4.7934,4.8901,2.544E5,7.022E3,7.384E3,2.544E5,0.0235,2.2704,3.2764,1,0.0041,3,1
1333,4.8128,4.798,4.8752,719.34173,719.33759,719.34637,2.389E5,6.583E3,1.091E4,2.389E5,0,1,96,28,[M+FA]-,2,674.34416,1332;1333,,,,DETECTED,719.34173,719.33759,719.34637,4.8128,4.798,4.8752,2.389E5,6.583E3,1.091E4,2.389E5,0.0256,2.2894,3.9032,,,3,1
1335,4.825,4.3834,4.9628,341.00259,341.00131,341.00403,1.094E5,3.741E4,3.259E4,1.094E5,0,1,,,,,,,,,,DETECTED,341.00259,341.00131,341.00403,4.825,4.3834,4.9628,1.094E5,3.741E4,3.259E4,1.094E5,0.3668,0.656,0.312,,,3,1
1339,4.8466,4.825,4.8946,242.17398,242.17166,242.17461,1.135E5,2.943E3,8.146E3,1.135E5,0,1,,,,,,,,,,DETECTED,242.17398,242.17166,242.17461,4.8466,4.825,4.8946,1.135E5,2.943E3,8.146E3,1.135E5,0.0214,1.9081,1.5155,,,2,1
1340,4.8798,4.8632,4.9285,183.13582,183.13535,183.13617,1.278E5,3.041E3,1.05E4,1.278E5,0,1,12,,,,,,,,,DETECTED,183.13582,183.13535,183.13617,4.8798,4.8632,4.9285,1.278E5,3.041E3,1.05E4,1.278E5,0.0207,2.2442,2.7335,,,2,1
1342,4.8798,4.8557,5.0667,227.12689,227.12585,227.12747,3.579E6,9.919E4,7.081E3,3.579E6,2,1,12,,,,,,,,,DETECTED,227.12689,227.12585,227.12747,4.8798,4.8557,5.0667,3.579E6,9.919E4,7.081E3,3.579E6,0.0233,2.0538,2.7069,2,-0.008,3,1
1344,4.8798,4.8632,4.9343,249.10859,249.10739,249.10904,1.07E5,2.83E3,8.368E3,1.07E5,0,1,12,,,,,,,,,DETECTED,249.10859,249.10739,249.10904,4.8798,4.8632,4.9343,1.07E5,2.83E3,8.368E3,1.07E5,0.0226,3.7937,2.8105,,,2,1
1345,4.8901,4.8677,4.9285,577.28276,577.27979,577.28723,5.966E4,1.752E3,7.775E3,5.966E4,0,1,,,,,,,,,,DETECTED,577.28276,577.27979,577.28723,4.8901,4.8677,4.9285,5.966E4,1.752E3,7.775E3,5.966E4,0.0272,1.3619,1.7873,,,2,1
1347,4.9004,4.8557,4.9445,505.22677,505.22583,505.22882,1.621E5,4.751E3,9.26E3,1.621E5,0,1,62,,,,,,,,,DETECTED,505.22677,505.22583,505.22882,4.9004,4.8557,4.9445,1.621E5,4.751E3,9.26E3,1.621E5,0.0215,1.0414,2.3435,,,3,1
1348,4.9049,4.8752,4.9343,487.25307,487.25104,487.25601,9.373E4,2.77E3,1.531E4,9.373E4,0,1,62,,,,,,,,,DETECTED,487.25307,487.25104,487.25601,4.9049,4.8752,4.9343,9.373E4,2.77E3,1.531E4,9.373E4,0.0285,0.993,1.0089,,,2,1
1352,5.0052,4.9491,5.3359,264.98992,264.9892,264.99026,4.2E5,4.46E4,1.832E4,4.2E5,2,1,42,,,,,,,,,DETECTED,264.98992,264.9892,264.99026,5.0052,4.9491,5.3359,4.2E5,4.46E4,1.832E4,4.2E5,0.0828,3.2395,3.569,2,-0.0183,13,1
1356,5.021,4.8083,5.1352,218.98622,218.98537,218.98717,1.152E5,1.785E4,2.043E4,1.152E5,0,1,42,,,,,,,,,DETECTED,218.98622,218.98537,218.98717,5.021,4.8083,5.1352,1.152E5,1.785E4,2.043E4,1.152E5,0.1766,0.7686,0.5251,,,11,1
1357,5.021,4.9582,5.1179,238.99257,238.99225,238.99295,1.207E5,1.1E4,2.913E4,1.207E5,0,1,42,,,,,,,,,DETECTED,238.99257,238.99225,238.99295,5.021,4.9582,5.1179,1.207E5,1.1E4,2.913E4,1.207E5,0.0794,1.2728,1.5456,,,14,1
1359,5.0324,5.0052,5.094,329.23178,329.23105,329.23428,8.766E4,2.519E3,6.843E3,8.766E4,0,1,,,,,,,,,,DETECTED,329.23178,329.23105,329.23428,5.0324,5.0052,5.094,8.766E4,2.519E3,6.843E3,8.766E4,0.0222,1.596,2.7239,,,2,1
1360,5.094,5.0667,5.1294,213.14733,213.14684,213.14778,7.049E4,1.751E3,7.211E3,7.049E4,0,1,,,,,,,,,,DETECTED,213.14733,213.14684,213.14778,5.094,5.0667,5.1294,7.049E4,1.751E3,7.211E3,7.049E4,0.0217,1.15,1.3471,,,2,1
1361,5.1179,5.077,5.3359,296.99632,296.99591,296.99689,2.72E5,2.568E4,1.884E4,2.72E5,1,1,,,,,,,,,,DETECTED,296.99632,296.99591,296.99689,5.1179,5.077,5.3359,2.72E5,2.568E4,1.884E4,2.72E5,0.0595,3.3705,6.0208,1,0.0023,14,1
1363,5.1546,5.1088,5.191,287.2209,287.22018,287.22174,6.71E4,2.033E3,7.192E3,6.71E4,0,1,,,,,,,,,,DETECTED,287.2209,287.22018,287.22174,5.1546,5.1088,5.191,6.71E4,2.033E3,7.192E3,6.71E4,0.0234,0.8977,0.7554,,,2,1
1373,5.2856,5.2104,5.6371,287.01116,287.01059,287.01196,7.023E4,2.196E4,3.352E4,7.023E4,0,1,,,,,,,,,,DETECTED,287.01116,287.01059,287.01196,5.2856,5.2104,5.6371,7.023E4,2.196E4,3.352E4,7.023E4,0.3707,2.8381,4.6762,,,15,1
1375,5.3636,5.3074,5.5599,240.98851,240.98811,240.98929,2.043E5,1.418E4,1.674E4,2.043E5,0,1,88,,,,,,,,,DETECTED,240.98851,240.98811,240.98929,5.3636,5.3074,5.5599,2.043E5,1.418E4,1.674E4,2.043E5,0.0404,2.3314,3.801,,,12,1
1376,5.3636,5.3074,5.4387,251.09037,251.08838,251.09177,6.615E4,2.923E3,7.266E3,6.615E4,0,1,88,,,,,,,,,DETECTED,251.09037,251.08838,251.09177,5.3636,5.3074,5.4387,6.615E4,2.923E3,7.266E3,6.615E4,0.0344,1.1676,1.3888,,,2,1
1377,5.3876,5.3517,5.4689,503.33505,503.33038,503.33725,9.461E4,3.295E3,6.905E3,9.461E4,0,1,,,,,,,,,,DETECTED,503.33505,503.33038,503.33725,5.3876,5.3517,5.4689,9.461E4,3.295E3,6.905E3,9.461E4,0.0237,2.5461,2.4682,,,2,1
1379,5.4163,5.3921,5.4644,441.24647,441.24469,441.24908,2.5E5,5.702E3,6.861E3,2.5E5,0,1,50,,,,,,,,,DETECTED,441.24647,441.24469,441.24908,5.4163,5.3921,5.4644,2.5E5,5.702E3,6.861E3,2.5E5,0.02,1.7977,1.788,,,2,1
1380,5.4163,5.4012,5.4387,487.32866,487.32657,487.32947,6.212E4,1.238E3,1.868E4,6.212E4,0,1,50,,,,,,,,,DETECTED,487.32866,487.32657,487.32947,5.4163,5.4012,5.4387,6.212E4,1.238E3,1.868E4,6.212E4,0.023,1.2439,1.4878,,,2,1
1381,5.4208,5.383,5.72,193.08443,193.08351,193.08481,1.647E6,5.285E4,1.003E4,1.647E6,1,1,50,,,,,,,,,DETECTED,193.08443,193.08351,193.08481,5.4208,5.383,5.72,1.647E6,5.285E4,1.003E4,1.647E6,0.0232,1.8443,1.9045,1,-0.008,3,1
1385,5.4208,5.0006,5.5896,405.01437,405.0123,405.01691,6.077E4,2.175E4,1.8E4,6.077E4,0,1,50,,,,,,,,,DETECTED,405.01437,405.0123,405.01691,5.4208,5.0006,5.5896,6.077E4,2.175E4,1.8E4,6.077E4,0.341,0.7008,0.4016,,,2,1
1386,5.4208,5.3876,5.5048,487.25483,487.25089,487.25555,9.055E6,2.032E5,1.846E4,9.055E6,0,1,50,,,,,,,,,DETECTED,487.25483,487.25089,487.25555,5.4208,5.3876,5.5048,9.055E6,2.032E5,1.846E4,9.055E6,0.0189,1.372,1.1071,,,4,1
1388,5.4208,5.4012,5.4478,509.23327,509.23193,509.23572,5.979E4,1.218E3,7.042E3,5.979E4,0,1,50,,,,,,,,,DETECTED,509.23327,509.23193,509.23572,5.4208,5.4012,5.4478,5.979E4,1.218E3,7.042E3,5.979E4,0.0188,1.1874,0.9297,,,2,1
1395,5.5149,5.4433,5.6371,256.98366,256.98291,256.98532,2.975E5,1.487E4,1.152E4,2.975E5,1,1,,,,,,,,,,DETECTED,256.98366,256.98291,256.98532,5.5149,5.4433,5.6371,2.975E5,1.487E4,1.152E4,2.975E5,0.0357,2.0025,3.6399,1,0.0039,12,1
1396,5.5268,5.5048,5.5896,487.25304,487.25089,487.2551,2.285E5,6.718E3,1.301E4,2.285E5,0,1,,,,,,,,,,DETECTED,487.25304,487.25089,487.2551,5.5268,5.5048,5.5896,2.285E5,6.718E3,1.301E4,2.285E5,0.0316,1.8446,2.9001,,,3,1
1398,5.5702,5.5359,5.6565,253.14254,253.1422,253.14366,8.601E4,3.347E3,7.415E3,8.601E4,0,1,,,,,,,,,,DETECTED,253.14254,253.1422,253.14366,5.5702,5.5359,5.6565,8.601E4,3.347E3,7.415E3,8.601E4,0.0284,1.7286,2.2706,,,2,1
1399,5.5702,5.2343,5.652,305.0019,305.00113,305.00275,1.302E5,2.101E4,2.084E4,1.302E5,0,1,,,,,,,,,,DETECTED,305.0019,305.00113,305.00275,5.5702,5.2343,5.652,1.302E5,2.101E4,2.084E4,1.302E5,0.0862,0.6218,0.2505,,,12,1
1401,5.6824,5.6474,5.8168,320.99628,320.99548,320.99728,8.794E4,8.716E3,2.809E4,8.794E4,0,1,,,,,,,,,,DETECTED,320.99628,320.99548,320.99728,5.6824,5.6474,5.8168,8.794E4,8.716E3,2.809E4,8.794E4,0.082,2.4226,3.8453,,,16,1
1405,5.7348,5.6474,5.9227,314.9872,314.98526,314.98779,1.804E5,9.09E3,6.745E3,1.804E5,0,1,,,,,,,,,,DETECTED,314.9872,314.98526,314.98779,5.7348,5.6474,5.9227,1.804E5,9.09E3,6.745E3,1.804E5,0.0279,2.8528,1.1657,,,15,1
1406,5.7689,5.744,5.9227,274.97459,274.97375,274.9765,1.38E5,6.895E3,6.801E3,1.38E5,0,1,,,,,,,,,,DETECTED,274.97459,274.97375,274.9765,5.7689,5.744,5.9227,1.38E5,6.895E3,6.801E3,1.38E5,0.0295,3.2845,6.306,,,2,1
1408,5.8884,5.8657,5.963,331.24732,331.24631,331.2482,1.042E5,3.107E3,6.685E3,1.042E5,0,1,,,,,,,,,,DETECTED,331.24732,331.24631,331.2482,5.8884,5.8657,5.963,1.042E5,3.107E3,6.685E3,1.042E5,0.0245,1.905,3.3988,,,2,1
1409,5.963,5.9373,6.071,293.17443,293.17365,293.17517,5.827E5,1.926E4,8.905E3,5.827E5,1,1,,,,,,,,,,DETECTED,293.17443,293.17365,293.17517,5.963,5.9373,6.071,5.827E5,1.926E4,8.905E3,5.827E5,0.0271,2.3191,2.0899,1,-0.0035,3,1
1410,6.0959,6.0619,6.2428,309.16916,309.16788,309.17062,2.369E5,9.718E3,7.235E3,2.369E5,1,1,,,,,,,,,,DETECTED,309.16916,309.16788,309.17062,6.0959,6.0619,6.2428,2.369E5,9.718E3,7.235E3,2.369E5,0.0334,2.5734,1.5182,1,0.0023,2,1
1411,6.1812,6.153,6.2519,239.12668,239.12598,239.12727,9.36E4,3.257E3,7.916E3,9.36E4,0,1,,,,,,,,,,DETECTED,239.12668,239.12598,239.12727,6.1812,6.153,6.2519,9.36E4,3.257E3,7.916E3,9.36E4,0.0302,1.8149,2.3433,,,2,1
1412,6.3236,6.2519,6.4867,487.34209,487.33963,487.3428,1.351E6,9.602E4,8.23E3,1.351E6,2,1,103,,,,,,,,,DETECTED,487.34209,487.33963,487.3428,6.3236,6.2519,6.4867,1.351E6,9.602E4,8.23E3,1.351E6,0.0792,1.3303,1.3786,2,-0.0456,3,1
1414,6.3236,6.2564,6.4913,533.34568,533.3429,533.34955,3.058E5,2.345E4,6.662E3,3.058E5,0,1,103,,,,,,,,,DETECTED,533.34568,533.3429,533.34955,6.3236,6.2564,6.4913,3.058E5,2.345E4,6.662E3,3.058E5,0.0587,1.5939,1.3353,,,3,1
1416,6.3998,6.365,6.791,194.07999,194.07909,194.08018,4.209E6,1.872E5,1.38E4,4.209E6,2,1,,,,,,,,,,DETECTED,194.07999,194.07909,194.08018,6.3998,6.365,6.791,4.209E6,1.872E5,1.38E4,4.209E6,0.0318,2.3395,2.7056,2,-0.0143,3,1
1418,6.4309,6.3907,6.7218,293.17457,293.1734,293.17548,1.283E6,5.099E4,9.154E3,1.283E6,1,1,,,,,,,,,,DETECTED,293.17457,293.1734,293.17548,6.4309,6.3907,6.7218,1.283E6,5.099E4,9.154E3,1.283E6,0.0279,1.7525,1.5588,1,-0.0152,3,1
1419,6.5332,6.5049,6.6944,263.16359,263.16254,263.16464,1.816E5,8.461E3,6.666E3,1.816E5,0,1,,,,,,,,,,DETECTED,263.16359,263.16254,263.16464,6.5332,6.5049,6.6944,1.816E5,8.461E3,6.666E3,1.816E5,0.0362,2.9493,4.2761,,,2,1
1420,6.5696,6.5469,6.6662,266.1017,266.10025,266.10248,1.504E5,5.792E3,8.162E3,1.504E5,0,1,,,,,,,,,,DETECTED,266.1017,266.10025,266.10248,6.5696,6.5469,6.6662,1.504E5,5.792E3,8.162E3,1.504E5,0.0332,3.0158,3.3766,,,2,1
1422,6.6343,6.6115,6.6853,473.3615,473.35681,473.3634,1.17E5,3.072E3,8.636E3,1.17E5,0,1,,,,,,,,,,DETECTED,473.3615,473.35681,473.3634,6.6343,6.6115,6.6853,1.17E5,3.072E3,8.636E3,1.17E5,0.0237,3.044,1.7908,,,3,1
1423,6.7728,6.7536,6.8092,721.35967,721.35443,721.36487,5.842E4,1.489E3,5.938E3,5.842E4,0,1,,,,,,,,,,DETECTED,721.35967,721.35443,721.36487,6.7728,6.7536,6.8092,5.842E4,1.489E3,5.938E3,5.842E4,0.0233,1.4502,2.3281,,,2,1
1425,7.0215,6.9886,7.0998,485.32566,485.32321,485.32767,9.478E4,4.129E3,6.919E3,9.478E4,0,1,,,,,,,,,,DETECTED,485.32566,485.32321,485.32767,7.0215,6.9886,7.0998,9.478E4,4.129E3,6.919E3,9.478E4,0.0439,1.1803,2.2129,,,3,1
1426,7.0624,7.0306,7.1726,277.14261,277.14169,277.1442,5.79E4,3.627E3,6.489E3,5.79E4,0,1,,,,,,,,,,DETECTED,277.14261,277.14169,277.1442,7.0624,7.0306,7.1726,5.79E4,3.627E3,6.489E3,5.79E4,0.054,2.2291,3.3736,,,2,1
1427,7.0998,7.067,7.1408,293.21069,293.2099,293.2114,6.042E4,1.811E3,6.445E3,6.042E4,0,1,,,,,,,,,,DETECTED,293.21069,293.2099,293.2114,7.0998,7.067,7.1408,6.042E4,1.811E3,6.445E3,6.042E4,0.0286,1.1243,1.2039,,,2,1
1428,7.3621,7.3384,7.3985,559.30922,559.30566,559.31055,5.479E4,1.56E3,6.363E3,5.479E4,0,1,,,,,,,,,,DETECTED,559.30922,559.30566,559.31055,7.3621,7.3384,7.3985,5.479E4,1.56E3,6.363E3,5.479E4,0.0298,1.2679,3.2937,,,2,1
1429,7.3849,7.3576,7.5452,233.15246,233.15205,233.15292,1.155E5,8.317E3,1.501E4,1.155E5,0,1,,,,,,,,,,DETECTED,233.15246,233.15205,233.15292,7.3849,7.3576,7.5452,1.155E5,8.317E3,1.501E4,1.155E5,0.0443,3.4357,6.6473,,,2,1
1430,7.4192,7.3712,7.5361,517.35054,517.34814,517.3526,1.2E5,7.526E3,6.318E3,1.2E5,0,1,63,29,[M+FA]-,2,472.35289,1430;1432,,,,DETECTED,517.35054,517.34814,517.3526,7.4192,7.3712,7.5361,1.2E5,7.526E3,6.318E3,1.2E5,0.0574,2.354,2.3765,,,3,1
1431,7.4192,7.3803,7.5134,633.3757,633.37158,633.37665,2.808E5,1.263E4,8.317E3,2.808E5,1,1,63,,,,,,,,,DETECTED,633.3757,633.37158,633.37665,7.4192,7.3803,7.5134,2.808E5,1.263E4,8.317E3,2.808E5,0.0367,1.7344,2.0174,1,-0.0035,3,1
1432,7.4238,7.3621,7.5634,471.34617,471.34274,471.34912,4.196E5,2.934E4,8.364E3,4.196E5,1,1,63,29,[M-H]-,2,472.35289,1430;1432,,,,DETECTED,471.34617,471.34274,471.34912,7.4238,7.3621,7.5634,4.196E5,2.934E4,8.364E3,4.196E5,0.0565,1.7043,2.0079,1,-0.0229,2,1
1433,7.476,7.3247,7.5862,297.15116,297.15027,297.15234,5.788E4,7.342E3,6.155E3,5.788E4,0,1,,,,,,,,,,DETECTED,297.15116,297.15027,297.15234,7.476,7.3247,7.5862,5.788E4,7.342E3,6.155E3,5.788E4,0.1372,0.8643,0.7028,,,2,1
1434,7.4851,7.4429,7.6521,221.1526,221.15125,221.15306,1.218E6,4.457E4,5.978E3,1.218E6,1,1,87,,,,,,,,,DETECTED,221.1526,221.15125,221.15306,7.4851,7.4429,7.6521,1.218E6,4.457E4,5.978E3,1.218E6,0.0304,1.7897,1.7847,1,-0.0126,3,1
1435,7.4851,7.4611,7.527,564.32685,564.32269,564.32904,7.302E4,2.348E3,8.231E3,7.302E4,0,1,87,,,,,,,,,DETECTED,564.32685,564.32269,564.32904,7.4851,7.4611,7.527,7.302E4,2.348E3,8.231E3,7.302E4,0.0297,1.3748,3.3001,,,2,1
1437,7.602,7.5634,7.6476,471.34611,471.34427,471.34668,5.385E5,1.96E4,8.768E3,5.385E5,1,1,99,30,[M-H]-,2,472.35292,1437;1438,,,,DETECTED,471.34611,471.34427,471.34668,7.602,7.5634,7.6476,5.385E5,1.96E4,8.768E3,5.385E5,0.0332,1.1889,1.7536,1,-0.0135,3,1
1438,7.602,7.568,7.6476,517.35066,517.34912,517.35248,1.903E5,7.009E3,1.991E4,1.903E5,0,1,99,30,[M+FA]-,2,472.35292,1437;1438,,,,DETECTED,517.35066,517.34912,517.35248,7.602,7.568,7.6476,1.903E5,7.009E3,1.991E4,1.903E5,0.0336,1.1687,2.1544,,,3,1
1439,7.6612,7.5862,7.8373,297.15106,297.14969,297.15302,6.165E4,5.382E3,5.439E3,6.165E4,0,1,,,,,,,,,,DETECTED,297.15106,297.14969,297.15302,7.6612,7.5862,7.8373,6.165E4,5.382E3,5.439E3,6.165E4,0.0518,1.5254,2.162,,,2,1
1440,7.6804,7.6567,7.7135,931.47945,931.47382,931.4859,5.552E4,1.47E3,8.868E3,5.552E4,0,1,,,,,,,,,,DETECTED,931.47945,931.47382,931.4859,7.6804,7.6567,7.7135,5.552E4,1.47E3,8.868E3,5.552E4,0.0245,1.1981,1.48,,,3,1
1441,7.6907,7.6476,7.8145,471.34599,471.34225,471.34692,4.234E5,2.405E4,1.193E4,4.234E5,1,1,8,31,[M-H]-,2,472.35289,1441;1442,,,,DETECTED,471.34599,471.34225,471.34692,7.6907,7.6476,7.8145,4.234E5,2.405E4,1.193E4,4.234E5,0.043,1.6639,1.6573,1,-0.008,3,1
1442,7.6907,7.6476,7.7963,517.35072,517.34808,517.35297,1.68E5,9.522E3,8.468E3,1.68E5,0,1,8,31,[M+FA]-,2,472.35289,1441;1442,,,,DETECTED,517.35072,517.34808,517.35297,7.6907,7.6476,7.7963,1.68E5,9.522E3,8.468E3,1.68E5,0.042,1.6735,1.5281,,,3,1
1443,7.6952,7.6521,7.7544,539.33195,539.32758,539.33551,5.213E4,2.296E3,6.947E3,5.213E4,0,1,8,,,,,,,,,DETECTED,539.33195,539.32758,539.33551,7.6952,7.6521,7.7544,5.213E4,2.296E3,6.947E3,5.213E4,0.0368,1.1858,1.0464,,,2,1
1445,7.861,7.8282,7.9111,540.32794,540.32623,540.3324,1.696E5,5.496E3,1.244E4,1.696E5,0,1,,,,,,,,,,DETECTED,540.32794,540.32623,540.3324,7.861,7.8282,7.9111,1.696E5,5.496E3,1.244E4,1.696E5,0.0303,1.4379,1.2663,,,2,1
1446,8.0587,8.0314,8.1789,250.14276,250.14243,250.14383,1.574E5,6.075E3,6.207E3,1.574E5,0,1,,,,,,,,,,DETECTED,250.14276,250.14243,250.14383,8.0587,8.0314,8.1789,1.574E5,6.075E3,6.207E3,1.574E5,0.0278,2.5759,3.4486,,,2,1
1447,8.229,8.2017,8.3314,249.14751,249.14651,249.14842,1.009E5,3.702E3,5.948E3,1.009E5,0,1,,,,,,,,,,DETECTED,249.14751,249.14651,249.14842,8.229,8.2017,8.3314,1.009E5,3.702E3,5.948E3,1.009E5,0.0275,2.0818,3.1514,,,2,1
1448,8.229,7.8974,8.3733,311.16675,311.16534,311.16769,1.005E5,2.199E4,1.104E4,1.005E5,0,1,,,,,,,,,,DETECTED,311.16675,311.16534,311.16769,8.229,7.8974,8.3733,1.005E5,2.199E4,1.104E4,1.005E5,0.1487,0.7176,0.4056,,,2,1
1449,8.321,8.2937,8.3596,769.43082,769.42456,769.4325,3.122E5,8.694E3,1.092E4,3.122E5,0,1,,,,,,,,,,DETECTED,769.43082,769.42456,769.4325,8.321,8.2937,8.3596,3.122E5,8.694E3,1.092E4,3.122E5,0.0249,1.3844,1.8439,,,4,1
1450,8.3824,8.3551,8.4334,617.38028,617.37622,617.38293,1.232E5,3.531E3,7.559E3,1.232E5,0,1,,,,,,,,,,DETECTED,617.38028,617.37622,617.38293,8.3824,8.3551,8.4334,1.232E5,3.531E3,7.559E3,1.232E5,0.0244,1.5814,1.9543,,,3,1
1451,8.3915,8.3596,8.4516,769.43045,769.42444,769.43335,2.229E5,7.398E3,1.945E4,2.229E5,0,1,,,,,,,,,,DETECTED,769.43045,769.42444,769.43335,8.3915,8.3596,8.4516,2.229E5,7.398E3,1.945E4,2.229E5,0.0255,1.6505,1.4856,,,3,1
1454,8.4744,8.4516,8.5208,785.42427,785.41925,785.4295,6.083E4,1.873E3,7.989E3,6.083E4,0,1,,,,,,,,,,DETECTED,785.42427,785.41925,785.4295,8.4744,8.4516,8.5208,6.083E4,1.873E3,7.989E3,6.083E4,0.0245,1.5208,2.1549,,,3,1
1455,8.4926,8.3733,8.7048,311.16675,311.16608,311.16788,9.952E4,1.441E4,1.069E4,9.952E4,0,1,,,,,,,,,,DETECTED,311.16675,311.16608,311.16788,8.4926,8.3733,8.7048,9.952E4,1.441E4,1.069E4,9.952E4,0.125,1.3897,1.7985,,,2,1
1456,8.5481,8.5208,8.6356,617.38068,617.37793,617.38495,2.25E5,7.045E3,5.852E3,2.25E5,0,1,,,,,,,,,,DETECTED,617.38068,617.37793,617.38495,8.5481,8.5208,8.6356,2.25E5,7.045E3,5.852E3,2.25E5,0.0259,2.1432,2.0217,,,3,1
1458,8.6447,8.6128,8.7048,909.49829,909.48999,909.5022,1.558E5,5.473E3,1.036E4,1.558E5,0,1,,,,,,,,,,DETECTED,909.49829,909.48999,909.5022,8.6447,8.6128,8.7048,1.558E5,5.473E3,1.036E4,1.558E5,0.0303,1.4974,23.3982,,,3,1
1459,8.7185,8.6957,8.7561,861.47753,861.47205,861.48187,5.599E4,1.624E3,6.012E3,5.599E4,0,1,,,,,,,,,,DETECTED,861.47753,861.47205,861.48187,8.7185,8.6957,8.7561,5.599E4,1.624E3,6.012E3,5.599E4,0.0266,1.3265,1.2663,,,3,1
1461,8.723,8.6174,8.8593,767.41491,767.4104,767.42279,2.438E5,1.366E4,5.81E3,2.438E5,0,1,,,,,,,,,,DETECTED,767.41491,767.4104,767.42279,8.723,8.6174,8.8593,2.438E5,1.366E4,5.81E3,2.438E5,0.0584,1.21,1.5562,,,3,1
1462,8.7752,8.747,8.9003,455.3506,455.34821,455.35239,3.393E5,1.211E4,6.853E3,3.393E5,1,1,37,32,[M-H]-,2,456.35786,1462;1463,,,,DETECTED,455.3506,455.34821,455.35239,8.7752,8.747,8.9003,3.393E5,1.211E4,6.853E3,3.393E5,0.0269,2.505,2.2054,1,0.0023,3,1
1463,8.7752,8.7515,8.8265,501.35604,501.35422,501.3602,6.408E4,2.031E3,6.749E3,6.408E4,0,1,37,32,[M+FA]-,2,456.35786,1462;1463,,,,DETECTED,501.35604,501.35422,501.3602,8.7752,8.7515,8.8265,6.408E4,2.031E3,6.749E3,6.408E4,0.0285,1.5817,2.3541,,,2,1
1465,9.0026,8.9513,9.0445,134.89182,134.89124,134.89198,7.652E5,2.961E4,2.988E4,7.652E5,1,1,16,,,,,,,,,DETECTED,134.89182,134.89124,134.89198,9.0026,8.9513,9.0445,7.652E5,2.961E4,2.988E4,7.652E5,0.0324,0.9669,0.6703,1,-0.0155,5,1
1471,9.0026,8.9094,9.2012,455.35074,455.34726,455.35254,5.551E5,3.29E4,6.083E3,5.551E5,1,1,16,33,[M-H]-,2,456.35787,1471;1477,,,,DETECTED,455.35074,455.34726,455.35254,9.0026,8.9094,9.2012,5.551E5,3.29E4,6.083E3,5.551E5,0.0568,1.3694,1.525,1,-0.0171,3,1
1472,9.0026,8.9377,9.09,523.33715,523.33331,523.34149,1.074E5,5.303E3,7.129E3,1.074E5,0,1,16,,,,,,,,,DETECTED,523.33715,523.33331,523.34149,9.0026,8.9377,9.09,1.074E5,5.303E3,7.129E3,1.074E5,0.0371,1.1657,1.2966,,,3,1
1473,9.0026,8.9422,9.1274,555.27539,555.27301,555.27783,5.288E5,1.801E4,5.925E3,5.288E5,1,1,16,,,,,,,,,DETECTED,555.27539,555.27301,555.27783,9.0026,8.9422,9.1274,5.288E5,1.801E4,5.925E3,5.288E5,0.0262,0.9324,0.669,1,-0.0035,6,1
1476,9.0026,8.9695,9.0218,623.2609,623.25787,623.263,5.626E4,1.421E3,6.919E3,5.626E4,0,1,16,,,,,,,,,DETECTED,623.2609,623.25787,623.263,9.0026,8.9695,9.0218,5.626E4,1.421E3,6.919E3,5.626E4,0.0236,0.7896,0.6174,,,2,1
1477,9.0071,8.9231,9.1547,501.35594,501.35178,501.35757,2.243E5,1.357E4,5.932E3,2.243E5,0,1,16,33,[M+FA]-,2,456.35787,1471;1477,,,,DETECTED,501.35594,501.35178,501.35757,9.0071,8.9231,9.1547,2.243E5,1.357E4,5.932E3,2.243E5,0.0608,1.4,1.1632,,,3,1
1480,9.2194,9.1921,9.2841,715.42192,715.41846,715.42474,9.611E4,2.919E3,6.689E3,9.611E4,0,1,,,,,,,,,,DETECTED,715.42192,715.41846,715.42474,9.2194,9.1921,9.2841,9.611E4,2.919E3,6.689E3,9.611E4,0.0258,1.2887,2.4592,,,3,1
1481,9.2886,9.2421,9.3353,617.38058,617.3775,617.38336,7.685E4,3.261E3,7.398E3,7.685E4,0,1,,,,,,,,,,DETECTED,617.38058,617.3775,617.38336,9.2886,9.2421,9.3353,7.685E4,3.261E3,7.398E3,7.685E4,0.0379,0.9094,0.9931,,,3,1
1482,9.2932,9.2613,9.3296,747.44594,747.44379,747.44867,8.021E4,2.286E3,7.839E3,8.021E4,0,1,,,,,,,,,,DETECTED,747.44594,747.44379,747.44867,9.2932,9.2613,9.3296,8.021E4,2.286E3,7.839E3,8.021E4,0.0241,1.1293,1.1855,,,3,1
1483,9.3454,9.2239,9.434,325.1823,325.18088,325.18323,1.161E5,8.73E3,1.759E4,1.161E5,0,1,,,,,,,,,,DETECTED,325.1823,325.18088,325.18323,9.3454,9.2239,9.434,1.161E5,8.73E3,1.759E4,1.161E5,0.0353,0.865,0.6813,,,2,1
1487,9.3499,9.3205,9.3818,144.92067,144.92052,144.92076,1.375E6,4.328E4,1.881E5,1.375E6,1,1,,,,,,,,,,DETECTED,144.92067,144.92052,144.92076,9.3499,9.3205,9.3818,1.375E6,4.328E4,1.881E5,1.375E6,0.0351,1.041,1.0819,1,-0.0181,8,1
1489,9.5578,9.4704,9.6134,713.40623,713.39966,713.41113,9.169E4,3.338E3,5.524E3,9.169E4,0,1,,,,,,,,,,DETECTED,713.40623,713.39966,713.41113,9.5578,9.4704,9.6134,9.169E4,3.338E3,5.524E3,9.169E4,0.0277,31.3702,0.6456,,,3,1
1492,9.6453,9.6134,9.7157,905.5037,905.49695,905.50812,1.351E5,4.239E3,6.639E3,1.351E5,0,1,,,,,,,,,,DETECTED,905.5037,905.49695,905.50812,9.6453,9.6134,9.7157,1.351E5,4.239E3,6.639E3,1.351E5,0.0225,1.6056,1.6971,,,3,1
1498,11.1996,11.1859,11.2974,873.43955,873.43542,873.44482,5.298E4,2.415E3,5.953E3,5.298E4,0,1,48,,,,,,,,,DETECTED,873.43955,873.43542,873.44482,11.1996,11.1859,11.2974,5.298E4,2.415E3,5.953E3,5.298E4,0.0395,4.0823,7.0122,,,3,1
1499,11.21,11.1814,11.3541,819.52274,819.5163,819.52643,1.156E6,4.316E4,6.119E3,1.156E6,0,1,48,,,,,,,,,DETECTED,819.52274,819.5163,819.52643,11.21,11.1814,11.3541,1.156E6,4.316E4,6.119E3,1.156E6,0.0201,2.2731,2.9522,,,7,1
1501,11.2701,11.2418,11.3395,621.43237,621.43018,621.43719,5.109E4,2.11E3,5.253E3,5.109E4,0,1,,,,,,,,,,DETECTED,621.43237,621.43018,621.43719,11.2701,11.2418,11.3395,5.109E4,2.11E3,5.253E3,5.109E4,0.0414,1.7298,2.3289,,,2,1
1502,11.3645,11.3247,11.4157,758.53687,758.53369,758.53809,4.275E5,1.526E4,1.747E4,4.275E5,0,1,,,,,,,,,,DETECTED,758.53687,758.53369,758.53809,11.3645,11.3247,11.4157,4.275E5,1.526E4,1.747E4,4.275E5,0.0351,1.1485,1.6845,,,4,1
1503,11.4634,11.4157,11.5474,758.5357,758.53253,758.54034,1.775E5,6.904E3,9.463E3,1.775E5,0,1,,,,,,,,,,DETECTED,758.5357,758.53253,758.54034,11.4634,11.4157,11.5474,1.775E5,6.904E3,9.463E3,1.775E5,0.0332,1.3413,1.5247,,,3,1
1506,11.9699,11.9142,12.0017,765.50956,765.50775,765.51471,2.048E5,9.221E3,9.151E3,2.048E5,0,1,,,,,,,,,,DETECTED,765.50956,765.50775,765.51471,11.9699,11.9142,12.0017,2.048E5,9.221E3,9.151E3,2.048E5,0.0403,0.8151,0.6966,,,3,1
