id,rt,rt_range:min,rt_range:max,mz,mz_range:min,mz_range:max,height,area,intensity_range:min,intensity_range:max,fragment_scans,charge,feature_group,ion_identities:iin_id,ion_identities:ion_identities,ion_identities:list_size,ion_identities:neutral_mass,ion_identities:partner_row_ids,ion_identities:iin_relationship,ion_identities:consensus_formulas,ion_identities:simple_formulas,datafile:202406251802_PMA_dbgi_003196_01_01.mzML:feature_state,datafile:202406251802_PMA_dbgi_003196_01_01.mzML:mz,datafile:202406251802_PMA_dbgi_003196_01_01.mzML:mz_range:min,datafile:202406251802_PMA_dbgi_003196_01_01.mzML:mz_range:max,datafile:202406251802_PMA_dbgi_003196_01_01.mzML:rt,datafile:202406251802_PMA_dbgi_003196_01_01.mzML:rt_range:min,datafile:202406251802_PMA_dbgi_003196_01_01.mzML:rt_range:max,datafile:202406251802_PMA_dbgi_003196_01_01.mzML:height,datafile:202406251802_PMA_dbgi_003196_01_01.mzML:area,datafile:202406251802_PMA_dbgi_003196_01_01.mzML:intensity_range:min,datafile:202406251802_PMA_dbgi_003196_01_01.mzML:intensity_range:max,datafile:202406251802_PMA_dbgi_003196_01_01.mzML:fwhm,datafile:202406251802_PMA_dbgi_003196_01_01.mzML:tailing_factor,datafile:202406251802_PMA_dbgi_003196_01_01.mzML:asymmetry_factor,datafile:202406251802_PMA_dbgi_003196_01_01.mzML:fragment_scans,datafile:202406251802_PMA_dbgi_003196_01_01.mzML:rt_ms2_apex_distance,datafile:202406251802_PMA_dbgi_003196_01_01.mzML:isotopes,datafile:202406251802_PMA_dbgi_003196_01_01.mzML:charge
1,0.4802,0.3055,0.551,173.92312,173.9229,173.92346,7.216E5,7.59E4,1.813E5,7.216E5,4,1,2,,,,,,,,,DETECTED,173.92312,173.9229,173.92346,0.4802,0.3055,0.551,7.216E5,7.59E4,1.813E5,7.216E5,0.0534,0.7024,0.4048,4,-0.1593,2,1
2,0.4802,0.3496,0.5969,226.96348,226.96208,226.9639,5.021E5,2.836E4,8.026E3,5.021E5,1,1,2,,,,,,,,,DETECTED,226.96348,226.96208,226.9639,0.4802,0.3496,0.5969,5.021E5,2.836E4,8.026E3,5.021E5,0.035,3.1311,5.5864,1,0.0039,3,1
6,0.4802,0.4524,0.5627,275.90368,275.90308,275.90405,5.884E5,2.355E4,8.081E3,5.884E5,1,1,2,,,,,,,,,DETECTED,275.90368,275.90308,275.90405,0.4802,0.4524,0.5627,5.884E5,2.355E4,8.081E3,5.884E5,0.0392,2.3166,3.5296,1,-0.0031,5,1
8,0.4802,0.3055,0.551,291.88161,291.87997,291.8829,1.789E5,1.135E4,1.351E4,1.789E5,0,1,2,,,,,,,,,DETECTED,291.88161,291.87997,291.8829,0.4802,0.3055,0.551,1.789E5,1.135E4,1.351E4,1.789E5,0.0487,1.1894,0.4456,,,3,1
16,0.4919,0.4639,0.5284,389.88408,389.8815,389.88498,1.207E5,4.62E3,3.268E4,1.207E5,0,1,,,,,,,,,,DETECTED,389.88408,389.8815,389.88498,0.4919,0.4639,0.5284,1.207E5,4.62E3,3.268E4,1.207E5,0.0393,1.1503,1.3007,,,3,1
18,0.4919,0.4714,0.551,470.90084,470.89801,470.9035,1.735E5,8.01E3,5.159E4,1.735E5,0,1,115,,,,,,,,,DETECTED,470.90084,470.89801,470.9035,0.4919,0.4714,0.551,1.735E5,8.01E3,5.159E4,1.735E5,0.0483,1.9384,2.8768,,,2,1
23,0.5034,0.4639,0.5627,386.93735,386.93649,386.93854,8.775E5,3.933E4,2.351E4,8.775E5,1,1,115,,,,,,,,,DETECTED,386.93735,386.93649,386.93854,0.5034,0.4639,0.5627,8.775E5,3.933E4,2.351E4,8.775E5,0.0431,1.2505,1.409,1,-0.0058,5,1
26,0.5034,0.4639,0.5744,402.91457,402.91284,402.91504,2.541E6,1.088E5,3.14E4,2.541E6,1,1,115,,,,,,,,,DETECTED,402.91457,402.91284,402.91504,0.5034,0.4639,0.5744,2.541E6,1.088E5,3.14E4,2.541E6,0.041,1.2886,1.5252,1,-0.0158,5,1
28,0.5034,0.4639,0.5627,404.91219,404.90845,404.91263,6.704E5,2.959E4,1.479E4,6.704E5,0,1,115,,,,,,,,,DETECTED,404.91219,404.90845,404.91263,0.5034,0.4639,0.5627,6.704E5,2.959E4,1.479E4,6.704E5,0.043,1.298,1.5427,,,5,1
29,0.5034,0.4639,0.5744,418.89125,418.88992,418.8956,1.364E6,5.705E4,2.196E4,1.364E6,1,1,115,,,,,,,,,DETECTED,418.89125,418.88992,418.8956,0.5034,0.4639,0.5744,1.364E6,5.705E4,2.196E4,1.364E6,0.0401,1.3093,1.5654,1,-0.0075,4,1
36,0.5034,0.4714,0.5394,532.8698,532.86884,532.87274,3.345E5,1.187E4,6.266E4,3.345E5,1,1,115,,,,,,,,,DETECTED,532.8698,532.86884,532.87274,0.5034,0.4714,0.5394,3.345E5,1.187E4,6.266E4,3.345E5,0.0458,1.0634,1.4484,1,0.011,3,1
40,0.517,0.3055,0.6081,146.95813,146.95772,146.95827,8.322E5,7.146E4,1.824E4,8.322E5,2,,115,,,,,,,,,DETECTED,146.95813,146.95772,146.95827,0.517,0.3055,0.6081,8.322E5,7.146E4,1.824E4,8.322E5,0.0863,1.3616,1.6411,2,-0.0278,,
41,0.517,0.3055,0.6404,174.95365,174.95248,174.95383,1.813E7,1.722E6,1.701E5,1.813E7,5,1,115,,,,,,,,,DETECTED,174.95365,174.95248,174.95383,0.517,0.3055,0.6404,1.813E7,1.722E6,1.701E5,1.813E7,0.0934,1.3828,1.6862,5,-0.1651,5,1
43,0.517,0.4582,0.6081,175.95583,175.95547,175.95709,3.902E5,3.33E4,7.877E3,3.902E5,1,1,115,,,,,,,,,DETECTED,175.95583,175.95547,175.95709,0.517,0.4582,0.6081,3.902E5,3.33E4,7.877E3,3.902E5,0.0936,1.356,1.8374,1,-0.0043,5,1
48,0.517,0.4639,0.5744,244.96127,244.95976,244.96159,5.622E5,2.996E4,2.253E4,5.622E5,1,1,115,,,,,,,,,DETECTED,244.96127,244.95976,244.96159,0.517,0.4639,0.5744,5.622E5,2.996E4,2.253E4,5.622E5,0.0632,1.022,0.9964,1,-0.0161,4,1
50,0.517,0.4639,0.5627,246.95804,246.95732,246.95848,1.579E5,9.979E3,1.837E4,1.579E5,0,1,115,,,,,,,,,DETECTED,246.95804,246.95732,246.95848,0.517,0.4639,0.5627,1.579E5,9.979E3,1.837E4,1.579E5,0.0643,0.9308,0.9943,,,4,1
51,0.517,0.4582,0.6081,272.95802,272.95663,272.95813,1.408E7,7.919E5,7.914E3,1.408E7,2,1,115,,,,,,,,,DETECTED,272.95802,272.95663,272.95813,0.517,0.4582,0.6081,1.408E7,7.919E5,7.914E3,1.408E7,0.069,1.0084,0.9738,2,-0.0344,5,1
54,0.517,0.4582,0.6081,288.93549,288.93332,288.93607,1.114E7,6.85E5,1.589E4,1.114E7,2,1,115,,,,,,,,,DETECTED,288.93549,288.93332,288.93607,0.517,0.4582,0.6081,1.114E7,6.85E5,1.589E4,1.114E7,0.0621,1.1095,1.0431,2,-0.0415,4,1
57,0.517,0.4639,0.5857,290.93238,290.9317,290.93323,1.217E6,7.28E4,5.042E4,1.217E6,0,1,115,,,,,,,,,DETECTED,290.93238,290.9317,290.93323,0.517,0.4639,0.5857,1.217E6,7.28E4,5.042E4,1.217E6,0.0601,1.1337,1.0333,,,4,1
58,0.517,0.4639,0.5969,304.91227,304.91071,304.91248,2.726E6,1.645E5,8.268E4,2.726E6,2,1,115,,,,,,,,,DETECTED,304.91227,304.91071,304.91248,0.517,0.4639,0.5969,2.726E6,1.645E5,8.268E4,2.726E6,0.0661,1.1298,1.079,2,-0.0311,4,1
65,0.5284,0.3055,0.551,178.97464,178.97389,178.97487,1.255E6,1.154E5,1.104E5,1.255E6,5,1,60,,,,,,,,,DETECTED,178.97464,178.97389,178.97487,0.5284,0.3055,0.551,1.255E6,1.154E5,1.104E5,1.255E6,0.0838,0.5507,0.1013,5,-0.2206,2,1
69,0.5284,0.4639,0.5744,275.95528,275.95367,275.95667,4.077E5,2.16E4,1.737E4,4.077E5,1,1,115,,,,,,,,,DETECTED,275.95528,275.95367,275.95667,0.5284,0.4639,0.5744,4.077E5,2.16E4,1.737E4,4.077E5,0.0618,0.8042,0.5627,1,-0.0075,5,1
70,0.5284,0.4919,0.5744,486.8762,486.87457,486.8801,4.402E5,1.563E4,3.173E4,4.402E5,1,1,60,,,,,,,,,DETECTED,486.8762,486.87457,486.8801,0.5284,0.4919,0.5744,4.402E5,1.563E4,3.173E4,4.402E5,0.0333,0.9849,0.9048,1,-0.0041,4,1
71,0.5284,0.4714,0.5744,502.85296,502.85211,502.85739,4.102E5,1.37E4,1.958E4,4.102E5,0,1,60,,,,,,,,,DETECTED,502.85296,502.85211,502.85739,0.5284,0.4714,0.5744,4.102E5,1.37E4,1.958E4,4.102E5,0.0307,0.876,1.2824,,,3,1
72,0.5284,0.5034,0.5627,554.8562,554.85327,554.8576,1.272E5,4.011E3,5.2E4,1.272E5,0,1,,,,,,,,,,DETECTED,554.8562,554.85327,554.8576,0.5284,0.5034,0.5627,1.272E5,4.011E3,5.2E4,1.272E5,0.0307,1.1859,1.3718,,,3,1
77,0.5394,0.3055,0.6617,158.97597,158.97464,158.97607,1.876E7,1.618E6,9.91E4,1.876E7,3,1,115,,,,,,,,,DETECTED,158.97597,158.97464,158.97607,0.5394,0.3055,0.6617,1.876E7,1.618E6,9.91E4,1.876E7,0.0929,0.9444,0.7775,3,-0.0714,4,1
82,0.5394,0.5034,0.5969,372.8963,372.89557,372.89789,6.907E5,2.788E4,3.43E4,6.907E5,1,1,115,,,,,,,,,DETECTED,372.8963,372.89557,372.89789,0.5394,0.5034,0.5969,6.907E5,2.788E4,3.43E4,6.907E5,0.0388,1.1426,0.9966,1,-0.0134,4,1
86,0.5394,0.5034,0.5969,440.87919,440.87775,440.87997,1.056E6,3.48E4,4.949E4,1.056E6,1,1,20,,,,,,,,,DETECTED,440.87919,440.87775,440.87997,0.5394,0.5034,0.5969,1.056E6,3.48E4,4.949E4,1.056E6,0.0305,1.4834,1.6445,1,-0.0042,5,1
89,0.5394,0.5034,0.5969,456.85718,456.8555,456.86041,8.637E5,3.263E4,6.266E4,8.637E5,1,1,20,,,,,,,,,DETECTED,456.85718,456.8555,456.86041,0.5394,0.5034,0.5969,8.637E5,3.263E4,6.266E4,8.637E5,0.0341,1.5333,1.939,1,0.009,5,1
90,0.5394,0.5034,0.5744,570.83538,570.83374,570.83923,3.205E5,1.036E4,5.232E4,3.205E5,0,1,115,,,,,,,,,DETECTED,570.83538,570.83374,570.83923,0.5394,0.5034,0.5744,3.205E5,1.036E4,5.232E4,3.205E5,0.0295,0.9861,0.7102,,,3,1
91,0.551,0.5034,0.6189,242.93811,242.93756,242.93985,3.398E6,1.438E5,8.053E4,3.398E6,2,1,20,,,,,,,,,DETECTED,242.93811,242.93756,242.93985,0.551,0.5034,0.6189,3.398E6,1.438E5,8.053E4,3.398E6,0.0391,1.0423,1.254,2,-0.0284,4,1
93,0.551,0.5034,0.6081,244.93503,244.93423,244.93556,5.038E5,2.277E4,5.64E4,5.038E5,0,1,20,,,,,,,,,DETECTED,244.93503,244.93423,244.93556,0.551,0.5034,0.6081,5.038E5,2.277E4,5.64E4,5.038E5,0.0419,1.0998,1.3577,,,4,1
94,0.551,0.5034,0.6189,258.91546,258.91425,258.91626,1.284E6,6.147E4,6.631E4,1.284E6,1,1,20,,,,,,,,,DETECTED,258.91546,258.91425,258.91626,0.551,0.5034,0.6189,1.284E6,6.147E4,6.631E4,1.284E6,0.0458,1.1022,1.4026,1,-0.0141,4,1
95,0.551,0.5034,0.6081,326.9,326.8989,326.90094,2.105E6,7.674E4,5.041E4,2.105E6,1,1,20,,,,,,,,,DETECTED,326.9,326.8989,326.90094,0.551,0.5034,0.6081,2.105E6,7.674E4,5.041E4,2.105E6,0.0337,1.2121,1.2501,1,-0.0059,5,1
98,0.551,0.5034,0.6081,342.8771,342.8757,342.8786,8.057E5,3.521E4,3.58E4,8.057E5,1,1,20,,,,,,,,,DETECTED,342.8771,342.8757,342.8786,0.551,0.5034,0.6081,8.057E5,3.521E4,3.58E4,8.057E5,0.0444,1.3474,1.4933,1,0.009,4,1
101,0.551,0.517,0.6081,410.86058,410.85892,410.86426,1.499E6,5.148E4,6.475E4,1.499E6,1,1,20,,,,,,,,,DETECTED,410.86058,410.85892,410.86426,0.551,0.517,0.6081,1.499E6,5.148E4,6.475E4,1.499E6,0.0312,1.1663,1.7721,1,0.0073,5,1
103,0.551,0.517,0.5969,412.85773,412.85715,412.85812,4.785E5,1.656E4,5.777E4,4.785E5,0,1,20,,,,,,,,,DETECTED,412.85773,412.85715,412.85812,0.551,0.517,0.5969,4.785E5,1.656E4,5.777E4,4.785E5,0.0315,1.1755,1.7118,,,5,1
104,0.551,0.517,0.6081,426.83719,426.83636,426.83905,6.203E5,2.547E4,6.224E4,6.203E5,0,1,20,,,,,,,,,DETECTED,426.83719,426.83636,426.83905,0.551,0.517,0.6081,6.203E5,2.547E4,6.224E4,6.203E5,0.0398,1.3397,1.9643,,,4,1
107,0.551,0.5284,0.5969,494.82172,494.81912,494.8244,2.192E5,7.571E3,3.394E4,2.192E5,0,1,,,,,,,,,,DETECTED,494.82172,494.81912,494.8244,0.551,0.5284,0.5969,2.192E5,7.571E3,3.394E4,2.192E5,0.0328,1.5169,1.6207,,,4,1
111,0.551,0.517,0.5857,542.81576,542.81458,542.81702,1.727E5,5.304E3,3.555E4,1.727E5,0,1,20,,,,,,,,,DETECTED,542.81576,542.81458,542.81702,0.551,0.517,0.5857,1.727E5,5.304E3,3.555E4,1.727E5,0.0277,1.0114,1.0229,,,4,1
112,0.551,0.517,0.5744,608.79827,608.79626,608.80255,1.301E5,4.031E3,4.149E4,1.301E5,0,1,,,,,,,,,,DETECTED,608.79827,608.79626,608.80255,0.551,0.517,0.5744,1.301E5,4.031E3,4.149E4,1.301E5,0.0313,0.8448,0.6895,,,4,1
115,0.5627,0.5034,0.6404,128.95669,128.95599,128.95728,2.881E6,1.25E5,6.157E4,2.881E6,1,1,137,,,,,,,,,DETECTED,128.95669,128.95599,128.95728,0.5627,0.5034,0.6404,2.881E6,1.25E5,6.157E4,2.881E6,0.0378,1.05,1.2205,1,-0.0095,3,1
119,0.5627,0.517,0.6081,296.88058,296.87842,296.88107,8.717E5,3.422E4,3.798E4,8.717E5,1,1,137,,,,,,,,,DETECTED,296.88058,296.87842,296.88107,0.5627,0.517,0.6081,8.717E5,3.422E4,3.798E4,8.717E5,0.0376,1.1707,1.2156,1,0.0056,3,1
121,0.5627,0.5284,0.6081,380.84172,380.84018,380.84229,4.489E5,1.697E4,4.994E4,4.489E5,0,1,137,,,,,,,,,DETECTED,380.84172,380.84018,380.84229,0.5627,0.5284,0.6081,4.489E5,1.697E4,4.994E4,4.489E5,0.0379,1.1611,1.3679,,,3,1
125,0.5857,0.551,0.6189,638.98758,638.98413,638.99194,3.287E5,1.125E4,4.039E4,3.287E5,0,1,,,,,,,,,,DETECTED,638.98758,638.98413,638.99194,0.5857,0.551,0.6189,3.287E5,1.125E4,4.039E4,3.287E5,0.0344,0.977,1.4051,,,3,1
128,0.5969,0.5284,0.8064,143.03183,143.03056,143.03295,1.627E6,1.137E5,2.657E4,1.627E6,2,1,6,,,,,,,,,DETECTED,143.03183,143.03056,143.03295,0.5969,0.5284,0.8064,1.627E6,1.137E5,2.657E4,1.627E6,0.0511,2.0108,2.2732,2,-0.0252,3,1
129,0.5969,0.5284,0.7506,146.04276,146.04263,146.04326,1.192E6,9.886E4,6.648E4,1.192E6,1,1,6,,,,,,,,,DETECTED,146.04276,146.04263,146.04326,0.5969,0.5284,0.7506,1.192E6,9.886E4,6.648E4,1.192E6,0.07,1.8278,2.5083,1,-0.0022,3,1
130,0.5969,0.5284,0.7506,161.04219,161.04156,161.04238,1.856E6,1.454E5,4.443E4,1.856E6,1,1,6,,,,,,,,,DETECTED,161.04219,161.04156,161.04238,0.5969,0.5284,0.7506,1.856E6,1.454E5,4.443E4,1.856E6,0.0641,2.0816,3.0073,1,-0.0186,4,1
131,0.5969,0.5394,0.6617,181.06827,181.06779,181.06865,5.686E5,3.549E4,9.126E4,5.686E5,0,1,6,,,,,,,,,DETECTED,181.06827,181.06779,181.06865,0.5969,0.5394,0.6617,5.686E5,3.549E4,9.126E4,5.686E5,0.0628,1.0639,0.7998,,,3,1
133,0.5969,0.517,0.795,225.05936,225.05856,225.05978,5.439E6,4.235E5,1.388E5,5.439E6,3,1,6,0,[M+FA]-,3,180.06097,133;168,,,,DETECTED,225.05936,225.05856,225.05978,0.5969,0.517,0.795,5.439E6,4.235E5,1.388E5,5.439E6,0.0789,1.6168,6.5479,3,-0.0502,4,1
135,0.5969,0.517,0.7726,471.07442,471.07056,471.07474,1.341E7,5.499E5,3.652E4,1.341E7,2,1,6,,,,,,,,,DETECTED,471.07442,471.07056,471.07474,0.5969,0.517,0.7726,1.341E7,5.499E5,3.652E4,1.341E7,0.0344,1.3347,1.3301,2,-0.0269,4,1
139,0.6081,0.551,0.685,215.03042,215.03018,215.03174,1.324E6,7.72E4,9.684E4,1.324E6,1,1,6,0,[M+Cl]-,3,180.06097,139;168,,,,DETECTED,215.03042,215.03018,215.03174,0.6081,0.551,0.685,1.324E6,7.72E4,9.684E4,1.324E6,0.0519,1.2985,1.8156,1,-0.0038,2,1
143,0.6081,0.5394,0.685,313.11269,313.11142,313.11502,7.643E5,4.475E4,2.766E4,7.643E5,1,1,6,,,,,,,,,DETECTED,313.11269,313.11142,313.11502,0.6081,0.5394,0.685,7.643E5,4.475E4,2.766E4,7.643E5,0.0503,1.1882,1.1143,1,0.0088,2,1
144,0.6081,0.551,0.6617,329.10745,329.10669,329.1091,3.725E5,2.067E4,3.201E4,3.725E5,0,1,6,,,,,,,,,DETECTED,329.10745,329.10669,329.1091,0.6081,0.551,0.6617,3.725E5,2.067E4,3.201E4,3.725E5,0.0535,1.0664,1.2045,,,2,1
145,0.6081,0.517,0.9282,341.1073,341.10638,341.10779,3.44E7,2.111E6,5.953E4,3.44E7,5,1,6,1,[M-H]-,3,342.11501,183;145;150,,,,DETECTED,341.1073,341.10638,341.10779,0.6081,0.517,0.9282,3.44E7,2.111E6,5.953E4,3.44E7,0.0466,2.0836,2.1897,5,-0.0281,4,1
146,0.6081,0.5394,0.9184,342.11016,342.10837,342.11237,3.252E6,2.042E5,3.948E4,3.252E6,1,1,6,,,,,,,,,DETECTED,342.11016,342.10837,342.11237,0.6081,0.5394,0.9184,3.252E6,2.042E5,3.948E4,3.252E6,0.0462,2.3295,3.0996,1,0.0303,4,1
150,0.6081,0.517,0.9105,387.1136,387.11127,387.11407,1.136E8,7.581E6,2.179E5,1.136E8,7,1,6,1,[M+FA]-,3,342.11501,183;145;150,,,,DETECTED,387.1136,387.11127,387.11407,0.6081,0.517,0.9105,1.136E8,7.581E6,2.179E5,1.136E8,0.0484,2.231,3.0034,7,-0.0531,4,1
151,0.6081,0.5394,0.7506,389.11602,389.11441,389.11975,2.824E6,1.59E5,2.734E4,2.824E6,0,1,6,,,,,,,,,DETECTED,389.11602,389.11441,389.11975,0.6081,0.5394,0.7506,2.824E6,1.59E5,2.734E4,2.824E6,0.0452,2.1332,2.2738,,,4,1
158,0.6189,0.551,0.6617,549.16318,549.16077,549.16498,1.778E6,8.27E4,2.198E4,1.778E6,0,1,6,,,,,,,,,DETECTED,549.16318,549.16077,549.16498,0.6189,0.551,0.6617,1.778E6,8.27E4,2.198E4,1.778E6,0.0408,0.966,1.0474,,,2,1
160,0.6189,0.5744,0.685,683.21639,683.21265,683.21753,2.339E6,6.671E4,5.816E4,2.339E6,1,1,6,,,,,,,,,DETECTED,683.21639,683.21265,683.21753,0.6189,0.5744,0.685,2.339E6,6.671E4,5.816E4,2.339E6,0.0206,1.3957,1.3511,1,-0.0037,3,1
161,0.6299,0.551,0.9184,135.02695,135.02606,135.02716,1.666E7,8.158E5,1.67E5,1.666E7,3,1,6,,,,,,,,,DETECTED,135.02695,135.02606,135.02716,0.6299,0.551,0.9184,1.666E7,8.158E5,1.67E5,1.666E7,0.0374,1.1728,0.9112,3,-0.0482,8,1
162,0.6299,0.5857,1.0043,142.99546,142.99512,142.996,3.406E6,2.457E5,8.49E4,3.406E6,4,1,6,,,,,,,,,DETECTED,142.99546,142.99512,142.996,0.6299,0.5857,1.0043,3.406E6,2.457E5,8.49E4,3.406E6,0.0204,5.0023,10.585,4,-0.0054,2,1
164,0.6299,0.5394,0.9184,149.04242,149.04208,149.04292,5.765E6,2.721E5,5.619E4,5.765E6,3,1,6,,,,,,,,,DETECTED,149.04242,149.04208,149.04292,0.6299,0.5394,0.9184,5.765E6,2.721E5,5.619E4,5.765E6,0.0255,2.079,4.3219,3,-0.007,4,1
165,0.6299,0.5394,0.8064,165.03731,165.03632,165.03752,8.419E6,4.241E5,9.428E4,8.419E6,3,1,6,2,[M-H]-,2,166.04385,165;183,,,,DETECTED,165.03731,165.03632,165.03752,0.6299,0.5394,0.8064,8.419E6,4.241E5,9.428E4,8.419E6,0.0399,1.6963,0.8189,3,-0.0466,3,1
168,0.6299,0.517,0.8407,179.05345,179.05255,179.05386,1.588E7,1.217E6,4.382E4,1.588E7,5,1,6,0,[M-H]-,3,180.06097,133;139;168,,,,DETECTED,179.05345,179.05255,179.05386,0.6299,0.517,0.8407,1.588E7,1.217E6,4.382E4,1.588E7,0.0644,1.1223,0.9524,5,-0.0733,3,1
171,0.6299,0.5284,0.8064,195.04825,195.04747,195.04875,5.696E6,3.271E5,2.723E4,5.696E6,2,1,6,,,,,,,,,DETECTED,195.04825,195.04747,195.04875,0.6299,0.5284,0.8064,5.696E6,3.271E5,2.723E4,5.696E6,0.0442,1.067,0.8484,2,-0.0386,4,1
172,0.6299,0.5627,0.9105,207.0485,207.04813,207.04915,1.029E6,1.157E5,4.425E4,1.029E6,1,,6,,,,,,,,,DETECTED,207.0485,207.04813,207.04915,0.6299,0.5627,0.9105,1.029E6,1.157E5,4.425E4,1.029E6,0.0857,3.0897,6.414,1,0.053,,
173,0.6299,0.5394,0.7175,209.06424,209.06384,209.06554,7.246E5,4.615E4,5.277E4,7.246E5,0,1,6,,,,,,,,,DETECTED,209.06424,209.06384,209.06554,0.6299,0.5394,0.7175,7.246E5,4.615E4,5.277E4,7.246E5,0.0568,1.0317,1.2152,,,2,1
174,0.6299,0.5857,0.6959,219.01208,219.01047,219.01239,2.021E6,7.246E4,8.231E4,2.021E6,1,1,6,,,,,,,,,DETECTED,219.01208,219.01047,219.01239,0.6299,0.5857,0.6959,2.021E6,7.246E4,8.231E4,2.021E6,0.0198,1.5265,2.5032,1,-0.0021,2,1
181,0.6299,0.6081,0.6728,327.05606,327.05423,327.05771,7.385E5,1.932E4,1.302E5,7.385E5,0,1,,,,,,,,,,DETECTED,327.05606,327.05423,327.05771,0.6299,0.6081,0.6728,7.385E5,1.932E4,1.302E5,7.385E5,0.0239,1.4823,1.62,,,2,1
183,0.6299,0.5627,0.8407,377.08445,377.08121,377.0871,1.006E7,4.457E5,3.387E4,1.006E7,2,1,6,1,[M+Cl]-,3,342.11501,145;183;150,,,,DETECTED,377.08445,377.08121,377.0871,0.6299,0.5627,0.8407,1.006E7,4.457E5,3.387E4,1.006E7,0.0414,1.1064,1.0015,2,-0.0307,5,1
186,0.6299,0.5969,0.6507,404.10105,404.10013,404.10208,3.078E5,9.028E3,1.201E5,3.078E5,0,1,,,,,,,,,,DETECTED,404.10105,404.10013,404.10208,0.6299,0.5969,0.6507,3.078E5,9.028E3,1.201E5,3.078E5,0.0299,0.8161,0.6323,,,2,1
187,0.6299,0.5627,0.8657,439.08255,439.07913,439.08533,9.629E6,6.774E5,5.763E4,9.629E6,3,1,6,,,,,,,,,DETECTED,439.08255,439.07913,439.08533,0.6299,0.5627,0.8657,9.629E6,6.774E5,5.763E4,9.629E6,0.0743,2.326,2.832,3,-0.0273,3,1
188,0.6299,0.5969,0.6617,447.13247,447.13021,447.13309,1.233E6,3.4E4,2.028E5,1.233E6,0,1,6,,,,,,,,,DETECTED,447.13247,447.13021,447.13309,0.6299,0.5969,0.6617,1.233E6,3.4E4,2.028E5,1.233E6,0.0255,0.9828,0.7957,,,2,1
190,0.6299,0.5627,0.6959,477.14448,477.14261,477.14557,1.752E7,5.796E5,7.575E4,1.752E7,1,1,6,,,,,,,,,DETECTED,477.14448,477.14261,477.14557,0.6299,0.5627,0.6959,1.752E7,5.796E5,7.575E4,1.752E7,0.031,0.8718,0.5795,1,-0.029,4,1
192,0.6299,0.5969,0.6728,491.15935,491.15796,491.16003,2.111E6,4.826E4,1.829E5,2.111E6,0,1,6,,,,,,,,,DETECTED,491.15935,491.15796,491.16003,0.6299,0.5969,0.6728,2.111E6,4.826E4,1.829E5,2.111E6,0.0175,1.2915,1.4348,,,4,1
193,0.6299,0.5744,0.685,507.15382,507.15234,507.1546,1.987E6,8.04E4,1.113E5,1.987E6,1,1,6,,,,,,,,,DETECTED,507.15382,507.15234,507.1546,0.6299,0.5744,0.685,1.987E6,8.04E4,1.113E5,1.987E6,0.0375,1.0185,0.7868,1,-0.0164,5,1
194,0.6299,0.5857,0.6617,508.15564,508.15454,508.15689,4.121E5,1.414E4,9.643E4,4.121E5,0,1,6,,,,,,,,,DETECTED,508.15564,508.15454,508.15689,0.6299,0.5857,0.6617,4.121E5,1.414E4,9.643E4,4.121E5,0.0378,0.8608,0.7216,,,5,1
195,0.6299,0.5969,0.6617,521.16896,521.16746,521.17017,1.011E6,2.754E4,2.416E5,1.011E6,0,1,6,,,,,,,,,DETECTED,521.16896,521.16746,521.17017,0.6299,0.5969,0.6617,1.011E6,2.754E4,2.416E5,1.011E6,0.0221,0.9828,0.9656,,,3,1
199,0.6507,0.6189,0.9184,133.01169,133.01071,133.01184,1.117E8,9.602E6,3.542E5,1.117E8,5,1,6,,,,,,,,,DETECTED,133.01169,133.01071,133.01184,0.6507,0.6189,0.9184,1.117E8,9.602E6,3.542E5,1.117E8,0.0794,3.9607,7.4541,5,-0.0157,4,1
201,0.6507,0.6189,0.9184,134.01417,134.01364,134.01476,3.851E6,2.74E5,6.667E4,3.851E6,3,1,6,,,,,,,,,DETECTED,134.01417,134.01364,134.01476,0.6507,0.6189,0.9184,3.851E6,2.74E5,6.667E4,3.851E6,0.0468,3.5156,6.9363,3,-0.0038,4,1
203,0.6507,0.551,0.7506,239.07463,239.07397,239.07498,3.11E6,2.304E5,4.694E4,3.11E6,2,1,6,,,,,,,,,DETECTED,239.07463,239.07397,239.07498,0.6507,0.551,0.7506,3.11E6,2.304E5,4.694E4,3.11E6,0.1221,2.0554,1.5958,2,-0.0021,2,1
204,0.6507,0.6189,0.7396,337.07606,337.07559,337.07657,1.783E6,8.928E4,1.594E5,1.783E6,2,1,6,,,,,,,,,DETECTED,337.07606,337.07559,337.07657,0.6507,0.6189,0.7396,1.783E6,8.928E4,1.594E5,1.783E6,0.0632,2.5756,4.2892,2,0.0056,2,1
205,0.6507,0.6189,0.877,475.12824,475.12518,475.13065,5.996E6,2.743E5,3.625E4,5.996E6,2,1,6,,,,,,,,,DETECTED,475.12824,475.12518,475.13065,0.6507,0.6189,0.877,5.996E6,2.743E5,3.625E4,5.996E6,0.029,2.3638,2.7213,2,-0.0053,2,1
207,0.6617,0.6081,1.2861,191.01748,191.01637,191.01773,2.909E7,6.413E6,2.124E5,2.909E7,11,1,6,,,,,,,,,DETECTED,191.01748,191.01637,191.01773,0.6617,0.6081,1.2861,2.909E7,6.413E6,2.124E5,2.909E7,0.2306,5.2696,9.846,11,-0.0251,3,1
210,0.6728,0.5744,1.2787,129.01625,129.01588,129.01643,4.102E6,6.282E5,2.462E4,4.102E6,6,1,6,,,,,,,,,DETECTED,129.01625,129.01588,129.01643,0.6728,0.5744,1.2787,4.102E6,6.282E5,2.462E4,4.102E6,0.1448,3.5925,8.1298,6,-0.0054,5,1
212,0.6728,0.6404,1.2584,154.99567,154.99522,154.99585,1.086E7,1.45E6,8.517E4,1.086E7,8,1,6,,,,,,,,,DETECTED,154.99567,154.99522,154.99585,0.6728,0.6404,1.2584,1.086E7,1.45E6,8.517E4,1.086E7,0.1399,5.0261,9.124,8,-0.0147,2,1
213,0.6728,0.6081,1.2787,173.00706,173.00558,173.00725,1.893E8,2.635E7,3.28E5,1.893E8,12,1,6,,,,,,,,,DETECTED,173.00706,173.00558,173.00725,0.6728,0.6081,1.2787,1.893E8,2.635E7,3.28E5,1.893E8,0.141,2.1364,9.8657,12,-0.0466,3,1
217,0.6728,0.6081,1.2787,174.00922,174.00822,174.0097,9.999E6,1.379E6,6.687E4,9.999E6,1,1,6,,,,,,,,,DETECTED,174.00922,174.00822,174.0097,0.6728,0.6081,1.2787,9.999E6,1.379E6,6.687E4,9.999E6,0.1441,1.3256,10.0794,1,-0.0131,4,1
221,0.6728,0.6404,0.8657,344.98456,344.98309,344.98584,5.378E5,5.987E4,5.662E4,5.378E5,1,,6,,,,,,,,,DETECTED,344.98456,344.98309,344.98584,0.6728,0.6404,0.8657,5.378E5,5.987E4,5.662E4,5.378E5,0.1408,3.4859,5.6599,1,0.0976,,
222,0.6728,0.5857,0.9282,459.04155,459.03674,459.04474,6.249E5,7.803E4,6.583E4,6.249E5,1,1,6,,,,,,,,,DETECTED,459.04155,459.03674,459.04474,0.6728,0.5857,0.9282,6.249E5,7.803E4,6.583E4,6.249E5,0.0971,1.9679,3.033,1,0.0211,2,1
223,0.6728,0.6081,0.9382,515.12198,515.11792,515.12506,5.095E6,3.877E5,2.931E4,5.095E6,3,1,6,,,,,,,,,DETECTED,515.12198,515.11792,515.12506,0.6728,0.6081,0.9382,5.095E6,3.877E5,2.931E4,5.095E6,0.0742,2.9318,3.3645,3,-0.007,3,1
225,0.6728,0.6404,0.877,553.07643,553.07269,553.07935,1.176E6,7.829E4,5.455E4,1.176E6,2,1,6,,,,,,,,,DETECTED,553.07643,553.07269,553.07935,0.6728,0.6404,0.877,1.176E6,7.829E4,5.455E4,1.176E6,0.0358,3.4372,4.7123,2,-0.0037,3,1
231,0.7285,0.6404,0.9282,331.94669,331.94482,331.94775,1.046E6,1.298E5,6.257E4,1.046E6,3,1,6,,,,,,,,,DETECTED,331.94669,331.94482,331.94775,0.7285,0.6404,0.9282,1.046E6,1.298E5,6.257E4,1.046E6,0.1317,1.6279,2.0383,3,-0.0473,3,1
233,0.7838,0.6507,0.9614,272.93229,272.93146,272.93292,8.552E5,1.274E5,1.184E5,8.552E5,3,1,147,,,,,,,,,DETECTED,272.93229,272.93146,272.93292,0.7838,0.6507,0.9614,8.552E5,1.274E5,1.184E5,8.552E5,0.1682,1.1675,3.5635,3,-0.0795,3,1
235,0.7838,0.6507,0.8543,369.00576,369.00461,369.00812,9.655E5,1.007E5,1.366E5,9.655E5,2,1,147,,,,,,,,,DETECTED,369.00576,369.00461,369.00812,0.7838,0.6507,0.8543,9.655E5,1.007E5,1.366E5,9.655E5,0.1211,0.7651,0.5681,2,-0.0685,2,1
236,0.7838,0.6404,0.9382,384.97969,384.97839,384.98083,2.422E6,3.019E5,3.093E4,2.422E6,3,1,6,,,,,,,,,DETECTED,384.97969,384.97839,384.98083,0.7838,0.6404,0.9382,2.422E6,3.019E5,3.093E4,2.422E6,0.1221,0.9052,0.5937,3,-0.113,3,1
237,0.7838,0.6617,0.8878,399.93383,399.93179,399.93588,5.979E5,5.93E4,3.948E4,5.979E5,1,,147,,,,,,,,,DETECTED,399.93383,399.93179,399.93588,0.7838,0.6617,0.8878,5.979E5,5.93E4,3.948E4,5.979E5,0.0919,0.8983,0.7264,1,0.0299,,
240,0.8064,0.6728,1.0469,205.0326,205.03137,205.03313,5.435E5,8.579E4,6.217E4,5.435E5,1,1,89,,,,,,,,,DETECTED,205.0326,205.03137,205.03313,0.8064,0.6728,1.0469,5.435E5,8.579E4,6.217E4,5.435E5,0.1754,1.4003,1.7775,1,-0.0153,2,1
242,0.8178,0.685,0.9282,147.02675,147.02553,147.02716,6.813E5,7.025E4,7.836E4,6.813E5,2,1,89,,,,,,,,,DETECTED,147.02675,147.02553,147.02716,0.8178,0.685,0.9282,6.813E5,7.025E4,7.836E4,6.813E5,0.0733,0.916,0.8065,2,-0.0138,2,1
247,0.8291,0.6189,1.0379,192.01982,192.01936,192.02063,1.422E6,2.621E5,4.352E4,1.422E6,2,1,89,,,,,,,,,DETECTED,192.01982,192.01936,192.02063,0.8291,0.6189,1.0379,1.422E6,2.621E5,4.352E4,1.422E6,0.1026,0.8958,0.6432,2,-0.1386,4,1
248,0.8291,0.7838,0.9495,289.93477,289.93427,289.93555,3.966E5,3.418E4,8.106E4,3.966E5,1,1,89,,,,,,,,,DETECTED,289.93477,289.93427,289.93555,0.8291,0.7838,0.9495,3.966E5,3.418E4,8.106E4,3.966E5,0.0898,1.827,2.6541,1,0.0089,2,1
249,0.8407,0.6728,1.3115,203.01717,203.01555,203.01897,1.29E6,1.87E5,1.281E4,1.29E6,4,1,89,,,,,,,,,DETECTED,203.01717,203.01555,203.01897,0.8407,0.6728,1.3115,1.29E6,1.87E5,1.281E4,1.29E6,0.1019,1.1452,1.0888,4,-0.1143,2,1
251,0.8878,0.8064,1.3346,139.00093,139.0005,139.00108,4.264E6,5.267E5,5.809E4,4.264E6,5,1,57,,,,,,,,,DETECTED,139.00093,139.0005,139.00108,0.8878,0.8064,1.3346,4.264E6,5.267E5,5.809E4,4.264E6,0.1215,2.3576,3.0126,5,-0.0514,3,1
252,0.8878,0.795,1.4222,182.99137,182.98947,182.99156,3.409E7,4.684E6,1.225E5,3.409E7,11,1,57,,,,,,,,,DETECTED,182.99137,182.98947,182.99156,0.8878,0.795,1.4222,3.409E7,4.684E6,1.225E5,3.409E7,0.1241,2.4954,3.2053,11,-0.0644,3,1
256,0.8878,0.8178,1.2378,220.94718,220.94667,220.94754,3.603E5,7.285E4,4.052E4,3.603E5,2,,57,3,[M-H]-,2,221.9546,257;256,,,,DETECTED,220.94718,220.94667,220.94754,0.8878,0.8178,1.2378,3.603E5,7.285E4,4.052E4,3.603E5,0.2579,2.9994,4.8441,2,0.0072,,
257,0.8878,0.8178,1.2304,266.95295,266.95187,266.95407,2.936E5,5.697E4,3.248E4,2.936E5,1,,57,3,[M+FA]-,2,221.9546,257;256,,,,DETECTED,266.95295,266.95187,266.95407,0.8878,0.8178,1.2304,2.936E5,5.697E4,3.248E4,2.936E5,0.2193,2.9466,5.4044,1,0.0202,,
258,0.8878,0.8178,1.1229,280.96844,280.96747,280.96954,4.106E5,5.159E4,1.669E4,4.106E5,2,,57,,,,,,,,,DETECTED,280.96844,280.96747,280.96954,0.8878,0.8178,1.1229,4.106E5,5.159E4,1.669E4,4.106E5,0.1381,2.0683,2.9218,2,-0.0132,,
259,0.8878,0.8064,1.3223,282.91703,282.91431,282.9187,1.431E6,1.891E5,1.104E4,1.431E6,3,1,57,,,,,,,,,DETECTED,282.91703,282.91431,282.9187,0.8878,0.8064,1.3223,1.431E6,1.891E5,1.104E4,1.431E6,0.1309,1.8752,2.5672,3,-0.0263,3,1
260,0.8878,0.8291,1.0469,283.91805,283.9169,283.91974,2.059E5,2.481E4,2.745E4,2.059E5,0,1,57,,,,,,,,,DETECTED,283.91805,283.9169,283.91974,0.8878,0.8291,1.0469,2.059E5,2.481E4,2.745E4,2.059E5,0.1574,1.8565,2.6871,,,3,1
265,0.8878,0.8178,1.0651,357.00857,357.00681,357.01028,3.335E5,2.907E4,1.101E4,3.335E5,0,1,57,,,,,,,,,DETECTED,357.00857,357.00681,357.01028,0.8878,0.8178,1.0651,3.335E5,2.907E4,1.101E4,3.335E5,0.07,1.5455,1.7414,,,2,1
266,0.8878,0.8178,1.1731,366.99332,366.99219,366.99519,1.302E7,1.188E6,1.898E4,1.302E7,4,1,57,,,,,,,,,DETECTED,366.99332,366.99219,366.99519,0.8878,0.8178,1.1731,1.302E7,1.188E6,1.898E4,1.302E7,0.0899,1.7036,2.3294,4,-0.0393,3,1
267,0.8878,0.8064,1.1731,375.01899,375.01749,375.02243,9.724E5,1.129E5,1.585E4,9.724E5,3,1,57,,,,,,,,,DETECTED,375.01899,375.01749,375.02243,0.8878,0.8064,1.1731,9.724E5,1.129E5,1.585E4,9.724E5,0.0862,1.9688,2.1993,3,-0.0376,4,1
268,0.8878,0.8178,1.1492,378.99113,378.98694,378.99384,2.79E5,3.422E4,1.414E4,2.79E5,0,1,57,,,,,,,,,DETECTED,378.99113,378.98694,378.99384,0.8878,0.8178,1.1492,2.79E5,3.422E4,1.414E4,2.79E5,0.1176,2.3441,2.8867,,,2,1
269,0.8878,0.8291,1.1138,388.97431,388.97159,388.97815,8.022E5,8.158E4,1.962E4,8.022E5,3,1,57,,,,,,,,,DETECTED,388.97431,388.97159,388.97815,0.8878,0.8291,1.1138,8.022E5,8.158E4,1.962E4,8.022E5,0.0921,2.2611,3.2102,3,-0.0149,3,1
271,0.8878,0.8064,1.0725,394.963,394.96017,394.96439,6.395E5,6.685E4,4.938E4,6.395E5,1,1,57,,,,,,,,,DETECTED,394.963,394.96017,394.96439,0.8878,0.8064,1.0725,6.395E5,6.685E4,4.938E4,6.395E5,0.073,1.6516,2.3136,1,-0.0359,2,1
273,0.8878,0.8291,1.1377,404.94756,404.94482,404.94952,1.348E6,1.387E5,1.339E4,1.348E6,3,1,57,,,,,,,,,DETECTED,404.94756,404.94482,404.94952,0.8878,0.8291,1.1377,1.348E6,1.387E5,1.339E4,1.348E6,0.0915,2.17,3.0544,3,-0.0246,3,1
276,0.8878,0.8064,1.2452,525.107,525.10278,525.10834,2.407E6,3.379E5,4.706E4,2.407E6,5,1,57,,,,,,,,,DETECTED,525.107,525.10278,525.10834,0.8878,0.8064,1.2452,2.407E6,3.379E5,4.706E4,2.407E6,0.1123,2.5422,2.8112,5,-0.053,3,1
280,0.9495,0.685,1.2787,187.02253,187.02121,187.02284,6.193E6,8.606E5,9.01E4,6.193E6,6,1,132,4,[M+FA]-,2,142.02408,280;285,,,,DETECTED,187.02253,187.02121,187.02284,0.9495,0.685,1.2787,6.193E6,8.606E5,9.01E4,6.193E6,0.146,1.1493,1.3661,6,-0.1229,7,1
282,0.9495,0.8178,1.4222,250.97863,250.9774,250.97984,3.926E5,9.561E4,1.465E4,3.926E5,3,1,132,,,,,,,,,DETECTED,250.97863,250.9774,250.97984,0.9495,0.8178,1.4222,3.926E5,9.561E4,1.465E4,3.926E5,0.2292,2.2526,2.6508,3,-0.0641,2,1
285,0.9614,0.7506,1.1731,141.01654,141.01611,141.01761,2.729E5,5.341E4,2.344E4,2.729E5,0,1,132,4,[M-H]-,2,142.02408,280;285,,,,DETECTED,141.01654,141.01611,141.01761,0.9614,0.7506,1.1731,2.729E5,5.341E4,2.344E4,2.729E5,0.167,1.0023,0.8659,,,3,1
300,1.0561,0.9105,1.2139,471.07382,471.07016,471.07489,2.177E5,4.753E4,6.094E4,2.177E5,0,1,131,,,,,,,,,DETECTED,471.07382,471.07016,471.07489,1.0561,0.9105,1.2139,2.177E5,4.753E4,6.094E4,2.177E5,0.2866,1.0425,1.085,,,3,1
304,1.0651,0.9105,1.2139,377.08393,377.08151,377.08517,1.241E5,2.32E4,2.613E4,1.241E5,0,1,131,5,[M+Cl]-,3,342.11502,305;306;304,,,,DETECTED,377.08393,377.08151,377.08517,1.0651,0.9105,1.2139,1.241E5,2.32E4,2.613E4,1.241E5,0.1583,0.9815,0.963,,,3,1
305,1.0833,0.9282,1.2304,341.10777,341.10721,341.10858,9.181E5,2.032E5,3.612E5,9.181E5,5,1,131,5,[M-H]-,3,342.11502,305;306;304,,,,DETECTED,341.10777,341.10721,341.10858,1.0833,0.9282,1.2304,9.181E5,2.032E5,3.612E5,9.181E5,0.2542,0.9744,0.9487,5,-0.1381,3,1
306,1.0833,0.9105,1.2304,387.11368,387.11261,387.11401,4.076E6,9.298E5,1.548E6,4.076E6,5,1,131,5,[M+FA]-,3,342.11502,305;306;304,,,,DETECTED,387.11368,387.11261,387.11401,1.0833,0.9105,1.2304,4.076E6,9.298E5,1.548E6,4.076E6,0.2326,0.9258,0.8516,5,-0.118,4,1
307,1.1048,1.0135,1.2584,243.96567,243.96472,243.96602,2.053E5,2.37E4,1.22E4,2.053E5,0,1,109,,,,,,,,,DETECTED,243.96567,243.96472,243.96602,1.1048,1.0135,1.2584,2.053E5,2.37E4,1.22E4,2.053E5,0.1136,1.3254,1.8531,,,2,1
310,1.1138,0.7506,1.2787,161.04286,161.04144,161.04308,3.914E6,6.835E5,1.017E5,3.914E6,7,1,109,,,,,,,,,DETECTED,161.04286,161.04144,161.04308,1.1138,0.7506,1.2787,3.914E6,6.835E5,1.017E5,3.914E6,0.1185,2.968,0.4991,7,-0.23,5,1
312,1.1138,1.0135,1.3009,205.06932,205.06786,205.06981,2.158E5,2.916E4,1.075E4,2.158E5,0,1,109,,,,,,,,,DETECTED,205.06932,205.06786,205.06981,1.1138,1.0135,1.3009,2.158E5,2.916E4,1.075E4,2.158E5,0.1251,1.3816,1.8721,,,3,1
320,1.1377,1.0379,1.3009,133.04729,133.04633,133.04749,4.22E5,4.524E4,1.298E4,4.22E5,2,1,109,,,,,,,,,DETECTED,133.04729,133.04633,133.04749,1.1377,1.0379,1.3009,4.22E5,4.524E4,1.298E4,4.22E5,0.0972,1.5474,1.6465,2,-0.0273,2,1
322,1.1641,1.0725,1.3346,200.05385,200.05327,200.05463,1.974E5,2.243E4,1.11E4,1.974E5,0,1,109,,,,,,,,,DETECTED,200.05385,200.05327,200.05463,1.1641,1.0725,1.3346,1.974E5,2.243E4,1.11E4,1.974E5,0.1124,1.454,1.5798,,,2,1
323,1.1641,0.9614,1.3748,207.92898,207.92863,207.92912,1.151E6,3.347E5,4.132E5,1.151E6,7,1,109,,,,,,,,,DETECTED,207.92898,207.92863,207.92912,1.1641,0.9614,1.3748,1.151E6,3.347E5,4.132E5,1.151E6,0.328,1.0198,1.0395,7,-0.1971,3,1
325,1.1641,0.9382,1.3346,331.06612,331.06354,331.06668,2.6E6,3.778E5,3.094E4,2.6E6,5,1,109,,,,,,,,,DETECTED,331.06612,331.06354,331.06668,1.1641,0.9382,1.3346,2.6E6,3.778E5,3.094E4,2.6E6,0.1358,1.2772,1.6228,5,-0.0859,3,1
326,1.2009,1.1435,1.3009,257.94516,257.94424,257.94595,6.487E4,5.815E3,9.864E3,6.487E4,0,1,48,,,,,,,,,DETECTED,257.94516,257.94424,257.94595,1.2009,1.1435,1.3009,6.487E4,5.815E3,9.864E3,6.487E4,0.0906,1.3697,2.2885,,,2,1
327,1.2009,1.1435,1.3223,291.95094,291.94989,291.952,9.716E4,9.573E3,1.222E4,9.716E4,0,1,48,,,,,,,,,DETECTED,291.95094,291.94989,291.952,1.2009,1.1435,1.3223,9.716E4,9.573E3,1.222E4,9.716E4,0.1189,1.5563,1.9167,,,5,1
329,1.2067,1.1377,1.3437,243.01002,243.0097,243.011,1.417E5,1.461E4,1.146E4,1.417E5,0,1,48,,,,,,,,,DETECTED,243.01002,243.0097,243.011,1.2067,1.1377,1.3437,1.417E5,1.461E4,1.146E4,1.417E5,0.1885,1.4199,2.1108,,,2,1
331,1.2139,1.1138,1.3865,157.01133,157.01071,157.01216,2.207E5,2.292E4,1.012E4,2.207E5,0,1,48,,,,,,,,,DETECTED,157.01133,157.01071,157.01216,1.2139,1.1138,1.3865,2.207E5,2.292E4,1.012E4,2.207E5,0.1034,1.2436,2.2142,,,2,1
332,1.223,1.1229,1.4222,175.02227,175.02098,175.0224,4.672E6,4.899E5,1.425E4,4.672E6,3,1,48,,,,,,,,,DETECTED,175.02227,175.02098,175.0224,1.223,1.1229,1.4222,4.672E6,4.899E5,1.425E4,4.672E6,0.1329,1.2918,1.3361,3,-0.0698,5,1
333,1.223,1.1567,1.3115,389.01072,389.00891,389.01334,9.371E4,7.467E3,1.161E4,9.371E4,0,1,48,,,,,,,,,DETECTED,389.01072,389.00891,389.01334,1.223,1.1567,1.3115,9.371E4,7.467E3,1.161E4,9.371E4,0.0863,1.1676,1.1027,,,2,1
344,1.2934,0.7396,1.5982,158.97578,158.97485,158.97612,2.034E6,6.708E5,6.831E4,2.034E6,11,1,32,,,,,,,,,DETECTED,158.97578,158.97485,158.97612,1.2934,0.7396,1.5982,2.034E6,6.708E5,6.831E4,2.034E6,0.2396,0.7926,0.7956,11,-0.3231,3,1
345,1.2934,0.9282,1.5982,174.95349,174.95238,174.95419,2.605E6,8.25E5,2.629E5,2.605E6,11,1,32,,,,,,,,,DETECTED,174.95349,174.95238,174.95419,1.2934,0.9282,1.5982,2.605E6,8.25E5,2.629E5,2.605E6,0.2401,0.9172,0.7266,11,-0.3248,3,1
349,1.3009,1.2067,1.5081,287.03929,287.0376,287.04053,2.752E5,2.898E4,1.177E4,2.752E5,1,1,32,,,,,,,,,DETECTED,287.03929,287.0376,287.04053,1.3009,1.2067,1.5081,2.752E5,2.898E4,1.177E4,2.752E5,0.1007,1.9345,1.714,1,0.0254,2,1
357,1.3223,1.1731,1.4961,399.0262,399.02298,399.02832,4.355E5,6.758E4,2.213E4,4.355E5,2,1,,,,,,,,,,DETECTED,399.0262,399.02298,399.02832,1.3223,1.1731,1.4961,4.355E5,6.758E4,2.213E4,4.355E5,0.1641,1.0614,0.78,2,-0.1028,2,1
359,1.3437,1.2378,1.4723,205.03328,205.03288,205.03343,5.64E6,5.394E5,2.329E4,5.64E6,4,1,,,,,,,,,,DETECTED,205.03328,205.03288,205.03343,1.3437,1.2378,1.4723,5.64E6,5.394E5,2.329E4,5.64E6,0.0885,1.246,1.2099,4,-0.0718,3,1
361,1.3562,1.2009,1.9093,179.05342,179.0527,179.05399,2.142E6,5.767E5,2.144E5,2.142E6,11,1,90,6,[M-H]-,2,180.06099,364;361,,,,DETECTED,179.05342,179.0527,179.05399,1.3562,1.2009,1.9093,2.142E6,5.767E5,2.144E5,2.142E6,0.2298,2.2815,4.328,11,-0.1144,4,1
364,1.3562,1.2009,1.5982,225.05948,225.05896,225.05975,7.825E5,1.734E5,1.162E5,7.825E5,4,1,90,6,[M+FA]-,2,180.06099,364;361,,,,DETECTED,225.05948,225.05896,225.05975,1.3562,1.2009,1.5982,7.825E5,1.734E5,1.162E5,7.825E5,0.2488,1.2794,1.5819,4,-0.0827,2,1
373,1.3633,1.2304,1.4364,277.971,277.96976,277.97195,1.488E5,1.977E4,4.741E4,1.488E5,0,1,90,,,,,,,,,DETECTED,277.971,277.96976,277.97195,1.3633,1.2304,1.4364,1.488E5,1.977E4,4.741E4,1.488E5,0.2672,0.7749,0.5499,,,2,1
375,1.3633,1.2509,1.5546,335.09753,335.09457,335.10043,4.519E6,2.934E5,1.253E4,4.519E6,0,1,90,,,,,,,,,DETECTED,335.09753,335.09457,335.10043,1.3633,1.2509,1.5546,4.519E6,2.934E5,1.253E4,4.519E6,0.0635,1.285,1.479,,,3,1
377,1.3633,1.2304,1.8481,341.10781,341.10696,341.10828,4.143E6,1.002E6,3.612E5,4.143E6,10,1,90,7,[M-H]-,2,342.11544,379;377,,,,DETECTED,341.10781,341.10696,341.10828,1.3633,1.2304,1.8481,4.143E6,1.002E6,3.612E5,4.143E6,0.2104,1.9501,4.0323,10,-0.1084,3,1
379,1.3633,1.2304,1.6812,387.11401,387.11337,387.11438,1.466E7,3.384E6,1.548E6,1.466E7,8,1,90,7,[M+FA]-,2,342.11544,377;379,,,,DETECTED,387.11401,387.11337,387.11438,1.3633,1.2304,1.6812,1.466E7,3.384E6,1.548E6,1.466E7,0.246,1.6958,2.2685,8,-0.1101,4,1
381,1.3633,1.2139,1.9793,471.07402,471.07016,471.07541,1.421E6,2.965E5,2.181E4,1.421E6,5,1,90,,,,,,,,,DETECTED,471.07402,471.07016,471.07541,1.3633,1.2139,1.9793,1.421E6,2.965E5,2.181E4,1.421E6,0.4102,1.4554,2.8774,5,-0.0231,3,1
383,1.3633,1.2452,1.4103,525.10688,525.10254,525.10864,1.225E5,1.32E4,4.706E4,1.225E5,0,1,90,,,,,,,,,DETECTED,525.10688,525.10254,525.10864,1.3633,1.2452,1.4103,1.225E5,1.32E4,4.706E4,1.225E5,0.1214,0.6991,0.3982,,,2,1
386,1.3748,1.2304,1.5338,555.03084,555.02832,555.03558,1.125E5,1.897E4,1.036E4,1.125E5,0,1,90,,,,,,,,,DETECTED,555.03084,555.02832,555.03558,1.3748,1.2304,1.5338,1.125E5,1.897E4,1.036E4,1.125E5,0.2035,1.0028,1.2092,,,3,1
387,1.3748,1.3346,1.448,683.21561,683.21246,683.22357,5.672E4,3.763E3,2.58E4,5.672E4,0,1,,,,,,,,,,DETECTED,683.21561,683.21246,683.22357,1.3748,1.3346,1.448,5.672E4,3.763E3,2.58E4,5.672E4,0.0399,1.4099,1.8197,,,2,1
389,1.3981,1.3633,1.4601,331.10237,331.10123,331.10269,3.306E5,2.017E4,1.184E5,3.306E5,0,1,114,,,,,,,,,DETECTED,331.10237,331.10123,331.10269,1.3981,1.3633,1.4601,3.306E5,2.017E4,1.184E5,3.306E5,0.0635,1.392,1.784,,,6,1
392,1.3981,1.3437,1.4723,375.12934,375.12506,375.13235,1.178E5,7.558E3,1.479E4,1.178E5,0,1,114,,,,,,,,,DETECTED,375.12934,375.12506,375.13235,1.3981,1.3437,1.4723,1.178E5,7.558E3,1.479E4,1.178E5,0.0666,1.1821,1.1811,,,2,1
394,1.3981,1.2509,1.4842,421.1319,421.12866,421.13531,1.694E5,1.303E4,9.4E3,1.694E5,0,1,114,,,,,,,,,DETECTED,421.1319,421.12866,421.13531,1.3981,1.2509,1.4842,1.694E5,1.303E4,9.4E3,1.694E5,0.0653,0.8298,0.7696,,,2,1
398,1.4103,1.2304,1.6717,219.01252,219.01219,219.01309,3.262E5,7.38E4,3.314E4,3.262E5,1,1,90,,,,,,,,,DETECTED,219.01252,219.01219,219.01309,1.4103,1.2304,1.6717,3.262E5,7.38E4,3.314E4,3.262E5,0.2039,1.2263,1.6857,1,-0.0151,2,1
399,1.4103,1.3633,1.4961,315.07098,315.06967,315.07199,2.546E5,1.585E4,1.602E4,2.546E5,0,1,114,,,,,,,,,DETECTED,315.07098,315.06967,315.07199,1.4103,1.3633,1.4961,2.546E5,1.585E4,1.602E4,2.546E5,0.0563,1.1789,3.1632,,,2,1
400,1.4222,1.2584,1.5876,297.11763,297.11639,297.11884,2.067E5,2.454E4,1.707E4,2.067E5,0,1,97,,,,,,,,,DETECTED,297.11763,297.11639,297.11884,1.4222,1.2584,1.5876,2.067E5,2.454E4,1.707E4,2.067E5,0.1378,1.0195,0.8633,,,2,1
401,1.4222,1.3748,1.5637,301.09161,301.09116,301.09274,8.142E5,5.343E4,2.553E4,8.142E5,1,1,97,8,[M-H]-,2,302.09867,403;401,,,,DETECTED,301.09161,301.09116,301.09274,1.4222,1.3748,1.5637,8.142E5,5.343E4,2.553E4,8.142E5,0.0574,1.7776,2.8123,1,-0.0151,4,1
402,1.4222,1.3009,1.5802,309.11778,309.11627,309.12009,3.954E5,3.256E4,1.024E4,3.954E5,0,1,97,,,,,,,,,DETECTED,309.11778,309.11627,309.12009,1.4222,1.3009,1.5802,3.954E5,3.256E4,1.024E4,3.954E5,0.0674,1.3003,2.2809,,,3,1
403,1.4222,1.3633,1.5217,347.09666,347.09579,347.0983,3.733E5,2.806E4,3.522E4,3.733E5,1,1,97,8,[M+FA]-,2,302.09867,403;401,,,,DETECTED,347.09666,347.09579,347.0983,1.4222,1.3633,1.5217,3.733E5,2.806E4,3.522E4,3.733E5,0.0758,1.3922,1.6925,1,0.0094,2,1
405,1.4601,1.2009,1.8481,135.02687,135.02637,135.02713,1.145E6,2.628E5,1.008E5,1.145E6,6,1,90,,,,,,,,,DETECTED,135.02687,135.02637,135.02713,1.4601,1.2009,1.8481,1.145E6,2.628E5,1.008E5,1.145E6,0.1963,1.0571,1.6212,6,-0.152,9,1
407,1.4601,1.2304,1.7332,142.9957,142.99533,142.99593,7.095E5,1.371E5,4.261E4,7.095E5,4,1,90,,,,,,,,,DETECTED,142.9957,142.99533,142.99593,1.4601,1.2304,1.7332,7.095E5,1.371E5,4.261E4,7.095E5,0.1715,1.1019,1.0475,4,-0.1306,3,1
410,1.4601,1.2378,1.6214,149.04258,149.0424,149.04279,6.643E5,1.115E5,3.948E4,6.643E5,3,1,90,9,[M-H]-,2,150.04987,410;412,,,,DETECTED,149.04258,149.0424,149.04279,1.4601,1.2378,1.6214,6.643E5,1.115E5,3.948E4,6.643E5,0.1702,0.8016,1.5022,3,-0.0912,2,1
411,1.4601,1.2378,1.7922,165.03721,165.03673,165.03752,5.75E5,1.264E5,4.992E4,5.75E5,4,1,90,11,[M-H]-,2,166.0438,411;423,,,,DETECTED,165.03721,165.03673,165.03752,1.4601,1.2378,1.7922,5.75E5,1.264E5,4.992E4,5.75E5,0.1961,1.2469,1.5233,4,-0.1289,5,1
412,1.4601,1.2304,1.8386,195.04808,195.04742,195.04866,3.115E5,8.246E4,3.59E4,3.115E5,1,1,90,9,[M+FA]-,2,150.04987,410;412,,,,DETECTED,195.04808,195.04742,195.04866,1.4601,1.2304,1.8386,3.115E5,8.246E4,3.59E4,3.115E5,0.2246,1.3237,1.3798,1,0.033,2,1
416,1.4601,1.4222,1.5546,299.07561,299.07492,299.07608,2.748E5,1.557E4,1.607E4,2.748E5,0,1,90,10,[M-H]-,2,300.08284,417;416,,,,DETECTED,299.07561,299.07492,299.07608,1.4601,1.4222,1.5546,2.748E5,1.557E4,1.607E4,2.748E5,0.0557,1.4835,8.8214,,,2,1
417,1.4601,1.4222,1.5442,345.081,345.08057,345.08197,3.094E5,1.773E4,2.74E4,3.094E5,0,1,90,10,[M+FA]-,2,300.08284,417;416,,,,DETECTED,345.081,345.08057,345.08197,1.4601,1.4222,1.5442,3.094E5,1.773E4,2.74E4,3.094E5,0.054,1.7373,1.6507,,,2,1
421,1.4842,1.4364,1.5876,337.11314,337.10968,337.11554,6.435E5,3.352E4,2.306E4,6.435E5,1,1,,,,,,,,,,DETECTED,337.11314,337.10968,337.11554,1.4842,1.4364,1.5876,6.435E5,3.352E4,2.306E4,6.435E5,0.0577,1.1425,1.0433,1,-0.0168,6,1
423,1.4842,1.2139,1.6812,377.08445,377.08203,377.08618,3.313E5,7.926E4,3.663E4,3.313E5,0,1,90,11,[2M+FA]-,2,166.0438,411;423,,,,DETECTED,377.08445,377.08203,377.08618,1.4842,1.2139,1.6812,3.313E5,7.926E4,3.663E4,3.313E5,0.2636,0.8644,0.7582,,,4,1
434,1.5081,1.2787,1.5982,239.07495,239.07468,239.0753,4.137E5,1.013E5,1.126E5,4.137E5,4,1,,,,,,,,,,DETECTED,239.07495,239.07468,239.0753,1.5081,1.2787,1.5982,4.137E5,1.013E5,1.126E5,4.137E5,0.2666,0.6962,0.3924,4,-0.1376,2,1
435,1.5081,1.4364,1.715,245.02798,245.02742,245.02835,7.618E5,7.547E4,4.942E4,7.618E5,2,1,113,,,,,,,,,DETECTED,245.02798,245.02742,245.02835,1.5081,1.4364,1.715,7.618E5,7.547E4,4.942E4,7.618E5,0.0712,2.4944,2.6452,2,-0.0184,2,1
436,1.5081,1.3346,1.5802,331.06617,331.06534,331.06659,4.234E6,2.595E5,8.038E4,4.234E6,2,1,113,,,,,,,,,DETECTED,331.06617,331.06534,331.06659,1.5081,1.3346,1.5802,4.234E6,2.595E5,8.038E4,4.234E6,0.0521,1.803,0.9965,2,-0.0303,3,1
445,1.5338,1.2787,1.8481,133.01173,133.01155,133.01183,7.527E6,1.898E6,8.379E5,7.527E6,10,1,50,,,,,,,,,DETECTED,133.01173,133.01155,133.01183,1.5338,1.2787,1.8481,7.527E6,1.898E6,8.379E5,7.527E6,0.2301,1.116,1.2689,10,-0.2455,5,1
446,1.5338,1.2861,1.8386,191.01733,191.01683,191.01764,1.778E6,5.18E5,3.892E5,1.778E6,9,1,50,,,,,,,,,DETECTED,191.01733,191.01683,191.01764,1.5338,1.2861,1.8386,1.778E6,5.18E5,3.892E5,1.778E6,0.2254,1.1152,1.2304,9,-0.229,4,1
451,1.5637,1.2584,1.8386,154.99558,154.99527,154.99579,5.561E5,1.518E5,8.517E4,5.561E5,4,1,50,,,,,,,,,DETECTED,154.99558,154.99527,154.99579,1.5637,1.2584,1.8386,5.561E5,1.518E5,8.517E4,5.561E5,0.2245,0.9501,0.8945,4,-0.1068,2,1
452,1.5637,1.2787,1.8481,173.00696,173.00661,173.00711,1.253E7,3.692E6,2.215E6,1.253E7,9,1,50,,,,,,,,,DETECTED,173.00696,173.00661,173.00711,1.5637,1.2787,1.8481,1.253E7,3.692E6,2.215E6,1.253E7,0.245,0.9988,0.8452,9,-0.2391,4,1
455,1.5637,1.4103,2.0447,187.02176,187.02136,187.02202,4.25E5,1.25E5,4.439E4,4.25E5,3,1,50,,,,,,,,,DETECTED,187.02176,187.02136,187.02202,1.5637,1.4103,2.0447,4.25E5,1.25E5,4.439E4,4.25E5,0.3892,2.068,3.1576,3,-0.0587,4,1
459,1.5711,1.2787,1.8037,161.04244,161.04201,161.04262,8.08E5,2.006E5,1.348E5,8.08E5,7,1,50,,,,,,,,,DETECTED,161.04244,161.04201,161.04262,1.5711,1.2787,1.8037,8.08E5,2.006E5,1.348E5,8.08E5,0.1563,0.8977,0.7954,7,-0.2523,4,1
462,1.5802,1.5546,1.6214,461.12688,461.12589,461.12933,1.467E5,4.598E3,1.696E4,1.467E5,0,1,,,,,,,,,,DETECTED,461.12688,461.12589,461.12933,1.5802,1.5546,1.6214,1.467E5,4.598E3,1.696E4,1.467E5,0.0298,1.3066,1.1566,,,2,1
465,1.5876,1.5338,1.661,301.05541,301.05426,301.05615,4.704E5,2.606E4,1.325E4,4.704E5,1,1,,,,,,,,,,DETECTED,301.05541,301.05426,301.05615,1.5876,1.5338,1.661,4.704E5,2.606E4,1.325E4,4.704E5,0.0496,1.5975,2.3196,1,0.0056,2,1
466,1.6089,1.4222,2.1558,182.9909,182.98981,182.99139,1.863E6,4.792E5,6.567E4,1.863E6,9,1,50,,,,,,,,,DETECTED,182.9909,182.98981,182.99139,1.6089,1.4222,2.1558,1.863E6,4.792E5,6.567E4,1.863E6,0.1852,1.9258,2.3125,9,-0.1294,3,1
469,1.6214,1.5802,2.0447,331.06615,331.06506,331.0672,1.403E6,1.066E5,2.05E4,1.403E6,1,1,,,,,,,,,,DETECTED,331.06615,331.06506,331.0672,1.6214,1.5802,2.0447,1.403E6,1.066E5,2.05E4,1.403E6,0.0394,3.8711,3.7621,1,-0.0176,3,1
471,1.6214,1.5876,1.6717,867.19113,867.18549,867.19373,7.799E4,3.617E3,1.944E4,7.799E4,0,1,118,,,,,,,,,DETECTED,867.19113,867.18549,867.19373,1.6214,1.5876,1.6717,7.799E4,3.617E3,1.944E4,7.799E4,0.0462,1.2439,1.4878,,,4,1
472,1.6321,1.5802,1.7554,165.01614,165.01549,165.01677,2.671E5,1.343E4,8.908E3,2.671E5,0,1,118,,,,,,,,,DETECTED,165.01614,165.01549,165.01677,1.6321,1.5802,1.7554,2.671E5,1.343E4,8.908E3,2.671E5,0.0418,1.7696,1.2156,,,6,1
473,1.6321,1.5802,1.7773,281.0284,281.02716,281.02881,4.569E5,2.197E4,9.986E3,4.569E5,1,1,118,,,,,,,,,DETECTED,281.0284,281.02716,281.02881,1.6321,1.5802,1.7773,4.569E5,2.197E4,9.986E3,4.569E5,0.0415,1.6197,1.2439,1,0.0039,2,1
474,1.6519,1.5802,1.748,309.11841,309.11646,309.11954,4.875E5,2.003E4,1.315E4,4.875E5,1,1,62,,,,,,,,,DETECTED,309.11841,309.11646,309.11954,1.6519,1.5802,1.748,4.875E5,2.003E4,1.315E4,4.875E5,0.0324,1.4168,2.3275,1,-0.0035,3,1
476,1.661,1.5802,1.7043,195.02709,195.02661,195.02805,1.672E5,1.041E4,1.48E4,1.672E5,0,1,62,,,,,,,,,DETECTED,195.02709,195.02661,195.02805,1.661,1.5802,1.7043,1.672E5,1.041E4,1.48E4,1.672E5,0.0524,0.7825,0.5966,,,2,1
477,1.661,1.5711,1.715,311.04024,311.03754,311.04059,1.592E6,8.329E4,1.387E4,1.592E6,2,1,62,,,,,,,,,DETECTED,311.04024,311.03754,311.04059,1.661,1.5711,1.715,1.592E6,8.329E4,1.387E4,1.592E6,0.0391,0.8779,0.7043,2,-0.0447,2,1
478,1.661,1.5711,1.7043,313.05567,313.05341,313.0564,1.149E6,7.691E4,1.664E4,1.149E6,1,1,,,,,,,,,,DETECTED,313.05567,313.05341,313.0564,1.661,1.5711,1.7043,1.149E6,7.691E4,1.664E4,1.149E6,0.0674,0.7845,0.4877,1,-0.0481,2,1
479,1.661,1.6321,1.7332,369.04579,369.04495,369.04742,8.306E4,4.281E3,2.019E4,8.306E4,0,1,62,,,,,,,,,DETECTED,369.04579,369.04495,369.04742,1.661,1.6321,1.7332,8.306E4,4.281E3,2.019E4,8.306E4,0.0505,1.7485,2.4969,,,2,1
481,1.661,1.6089,1.7922,575.11689,575.11249,575.11798,1.72E6,8.863E4,3.76E4,1.72E6,0,1,62,,,,,,,,,DETECTED,575.11689,575.11249,575.11798,1.661,1.6089,1.7922,1.72E6,8.863E4,3.76E4,1.72E6,0.046,1.4237,1.4094,,,4,1
483,1.661,1.5802,1.7241,749.12537,749.11884,749.13104,7.998E4,5.536E3,1.185E4,7.998E4,0,1,62,,,,,,,,,DETECTED,749.12537,749.11884,749.13104,1.661,1.5802,1.7241,7.998E4,5.536E3,1.185E4,7.998E4,0.0556,0.8901,0.7226,,,2,1
486,1.6812,1.6089,1.8037,315.07127,315.06989,315.07333,1.878E6,8.184E4,1.459E4,1.878E6,2,1,10,,,,,,,,,DETECTED,315.07127,315.06989,315.07333,1.6812,1.6089,1.8037,1.878E6,8.184E4,1.459E4,1.878E6,0.041,1.174,1.4416,2,-0.0237,3,1
487,1.6812,1.6519,1.7332,323.13382,323.13278,323.13434,3.871E5,1.164E4,1.516E4,3.871E5,0,1,10,,,,,,,,,DETECTED,323.13382,323.13278,323.13434,1.6812,1.6519,1.7332,3.871E5,1.164E4,1.516E4,3.871E5,0.0309,1.3747,1.6329,,,3,1
488,1.6812,1.6519,1.7332,361.11237,361.11075,361.11328,1.358E5,4.476E3,1.541E4,1.358E5,0,1,10,,,,,,,,,DETECTED,361.11237,361.11075,361.11328,1.6812,1.6519,1.7332,1.358E5,4.476E3,1.541E4,1.358E5,0.0292,1.3876,1.2303,,,3,1
490,1.7043,1.2787,1.8386,129.01655,129.01576,129.01691,3.09E6,2.351E5,5.623E4,3.09E6,3,1,152,,,,,,,,,DETECTED,129.01655,129.01576,129.01691,1.7043,1.2787,1.8386,3.09E6,2.351E5,5.623E4,3.09E6,0.0464,0.6698,0.2969,3,-0.1736,9,1
491,1.7043,1.2934,1.8679,147.0269,147.02635,147.02745,3.07E5,3.941E4,1.612E4,3.07E5,0,1,152,,,,,,,,,DETECTED,147.0269,147.02635,147.02745,1.7043,1.2934,1.8679,3.07E5,3.941E4,1.612E4,3.07E5,0.0457,0.6755,0.3991,,,3,1
492,1.7043,1.6519,1.8481,189.03819,189.03702,189.03839,2.745E6,1.328E5,2.309E4,2.745E6,1,1,152,,,,,,,,,DETECTED,189.03819,189.03702,189.03839,1.7043,1.6519,1.8481,2.745E6,1.328E5,2.309E4,2.745E6,0.0472,1.1871,1.2429,1,-0.0158,3,1
497,1.7043,1.661,1.7847,531.15214,531.14728,531.15533,1.817E5,7.548E3,9.352E3,1.817E5,0,1,152,,,,,,,,,DETECTED,531.15214,531.14728,531.15533,1.7043,1.661,1.7847,1.817E5,7.548E3,9.352E3,1.817E5,0.0361,1.3489,1.6796,,,2,1
499,1.7241,1.5982,1.8481,175.02131,175.02107,175.02161,5.424E5,7.486E4,1.029E5,5.424E5,1,1,,,,,,,,,,DETECTED,175.02131,175.02107,175.02161,1.7241,1.5982,1.8481,5.424E5,7.486E4,1.029E5,5.424E5,0.1385,0.9924,0.9849,1,-0.0125,9,1
500,1.7241,1.6214,1.8481,205.03301,205.03273,205.03322,7.517E5,9.63E4,2.135E5,7.517E5,3,1,105,,,,,,,,,DETECTED,205.03301,205.03273,205.03322,1.7241,1.6214,1.8481,7.517E5,9.63E4,2.135E5,7.517E5,0.1452,1.1036,1.2073,3,-0.0249,2,1
501,1.7241,1.6812,1.8111,329.0871,329.08585,329.08765,1.709E6,4.036E4,9.804E3,1.709E6,1,1,105,12,[M-H]-,2,330.09408,501;503,,,,DETECTED,329.0871,329.08585,329.08765,1.7241,1.6812,1.8111,1.709E6,4.036E4,9.804E3,1.709E6,0.0186,1.2976,1.2763,1,-0.0035,2,1
502,1.7241,1.5546,1.8204,335.09767,335.0957,335.09952,1.097E5,1.514E4,2.181E4,1.097E5,0,1,105,,,,,,,,,DETECTED,335.09767,335.0957,335.09952,1.7241,1.5546,1.8204,1.097E5,1.514E4,2.181E4,1.097E5,0.1279,0.7841,0.5681,,,4,1
503,1.7241,1.6936,1.7773,375.09199,375.09085,375.09299,2.04E5,5.09E3,9.568E3,2.04E5,0,1,105,12,[M+FA]-,2,330.09408,501;503,,,,DETECTED,375.09199,375.09085,375.09299,1.7241,1.6936,1.7773,2.04E5,5.09E3,9.568E3,2.04E5,0.0204,1.5331,1.5042,,,4,1
504,1.7241,1.6936,1.7554,413.0471,413.04419,413.0502,6.624E4,1.638E3,7.559E3,6.624E4,0,1,105,,,,,,,,,DETECTED,413.0471,413.04419,413.0502,1.7241,1.6936,1.7554,6.624E4,1.638E3,7.559E3,6.624E4,0.0234,1.0129,1.1721,,,2,1
505,1.7332,1.6395,1.9003,331.10194,331.0993,331.10373,1.831E5,9.887E3,1.164E4,1.831E5,0,1,93,,,,,,,,,DETECTED,331.10194,331.0993,331.10373,1.7332,1.6395,1.9003,1.831E5,9.887E3,1.164E4,1.831E5,0.0317,1.5487,2.0996,,,4,1
506,1.7332,1.7043,1.7847,359.09659,359.0936,359.09784,1.026E5,3.392E3,1.088E4,1.026E5,0,1,,,,,,,,,,DETECTED,359.09659,359.0936,359.09784,1.7332,1.7043,1.7847,1.026E5,3.392E3,1.088E4,1.026E5,0.0282,1.3918,1.7346,,,2,1
508,1.7389,1.7043,1.8037,195.02696,195.02617,195.0273,1.58E5,6.244E3,1.224E4,1.58E5,0,1,93,,,,,,,,,DETECTED,195.02696,195.02617,195.0273,1.7389,1.7043,1.8037,1.58E5,6.244E3,1.224E4,1.58E5,0.0372,1.5823,2.3604,,,2,1
509,1.7389,1.715,1.8037,311.04004,311.03882,311.0405,1.363E6,4.636E4,6E4,1.363E6,1,1,93,,,,,,,,,DETECTED,311.04004,311.03882,311.0405,1.7389,1.715,1.8037,1.363E6,4.636E4,6E4,1.363E6,0.0318,1.5676,1.4969,1,-0.0035,2,1
510,1.7389,1.7043,1.8037,313.0555,313.05496,313.05704,8.214E5,3.067E4,6.268E4,8.214E5,0,1,93,,,,,,,,,DETECTED,313.0555,313.05496,313.05704,1.7389,1.7043,1.8037,8.214E5,3.067E4,6.268E4,8.214E5,0.0347,1.3115,1.5165,,,4,1
511,1.748,1.715,1.8311,245.028,245.02763,245.02866,9.438E4,8.49E3,4.942E4,9.438E4,0,1,55,,,,,,,,,DETECTED,245.028,245.02763,245.02866,1.748,1.715,1.8311,9.438E4,8.49E3,4.942E4,9.438E4,0.0548,1.7618,2.5237,,,2,1
512,1.748,1.715,1.8037,255.04883,255.04805,255.04955,1.433E5,6.011E3,1.78E4,1.433E5,0,1,55,,,,,,,,,DETECTED,255.04883,255.04805,255.04955,1.748,1.715,1.8037,1.433E5,6.011E3,1.78E4,1.433E5,0.04,1.3462,1.5435,,,2,1
513,1.748,1.715,1.7922,357.08052,357.07831,357.08197,5.058E4,2.587E3,2.354E4,5.058E4,0,1,55,,,,,,,,,DETECTED,357.08052,357.07831,357.08197,1.748,1.715,1.7922,5.058E4,2.587E3,2.354E4,5.058E4,0.0712,1.1718,1.3435,,,2,1
514,1.7554,1.5876,1.8555,157.01127,157.01085,157.01254,3.613E5,1.88E4,1.332E4,3.613E5,1,1,55,,,,,,,,,DETECTED,157.01127,157.01085,157.01254,1.7554,1.5876,1.8555,3.613E5,1.88E4,1.332E4,3.613E5,0.0359,0.8664,0.8326,1,0.0094,3,1
516,1.7554,1.7332,1.8204,218.1013,218.10085,218.10265,2.139E5,6.814E3,1.347E4,2.139E5,0,1,55,,,,,,,,,DETECTED,218.1013,218.10085,218.10265,1.7554,1.7332,1.8204,2.139E5,6.814E3,1.347E4,2.139E5,0.0291,2.1109,2.2251,,,2,1
517,1.7554,1.7043,1.7847,343.10118,343.10062,343.10336,1.587E5,5.159E3,1.161E4,1.587E5,0,1,55,,,,,,,,,DETECTED,343.10118,343.10062,343.10336,1.7554,1.7043,1.7847,1.587E5,5.159E3,1.161E4,1.587E5,0.0326,0.8455,0.7709,,,2,1
520,1.7922,1.7682,1.8311,313.09145,313.09131,313.09222,1.504E5,4.504E3,1.35E4,1.504E5,0,1,71,,,,,,,,,DETECTED,313.09145,313.09131,313.09222,1.7922,1.7682,1.8311,1.504E5,4.504E3,1.35E4,1.504E5,0.0261,1.3096,1.3027,,,2,1
521,1.7922,1.661,1.8555,345.08158,345.07797,345.08362,7.827E4,5.837E3,9.368E3,7.827E4,0,1,71,,,,,,,,,DETECTED,345.08158,345.07797,345.08362,1.7922,1.661,1.8555,7.827E4,5.837E3,9.368E3,7.827E4,0.089,0.741,0.4577,,,2,1
522,1.7922,1.7332,1.9184,369.04468,369.04401,369.04855,3.263E5,1.842E4,1.366E4,3.263E5,1,1,71,,,,,,,,,DETECTED,369.04468,369.04401,369.04855,1.7922,1.7332,1.9184,3.263E5,1.842E4,1.366E4,3.263E5,0.053,2.4486,2.7354,1,-0.0035,2,1
523,1.7922,1.7554,1.9229,371.06071,371.05829,371.06366,1.515E5,8.451E3,1.352E4,1.515E5,0,1,71,,,,,,,,,DETECTED,371.06071,371.05829,371.06366,1.7922,1.7554,1.9229,1.515E5,8.451E3,1.352E4,1.515E5,0.0452,2.973,2.9336,,,2,1
528,1.798,1.661,1.9093,301.05577,301.05463,301.05603,1.592E7,7.659E5,4.907E4,1.592E7,3,1,71,,,,,,,,,DETECTED,301.05577,301.05463,301.05603,1.798,1.661,1.9093,1.592E7,7.659E5,4.907E4,1.592E7,0.0414,2.011,2.043,3,-0.0242,5,1
529,1.798,1.748,1.9093,301.09138,301.09036,301.09195,9.063E4,5.283E3,9.857E3,9.063E4,0,1,71,,,,,,,,,DETECTED,301.09138,301.09036,301.09195,1.798,1.748,1.9093,9.063E4,5.283E3,9.857E3,9.063E4,0.0507,1.6132,1.4288,,,2,1
535,1.8111,1.7682,1.8894,247.0799,247.07945,247.08092,1.807E5,6.891E3,1.046E4,1.807E5,0,1,,,,,,,,,,DETECTED,247.0799,247.07945,247.08092,1.8111,1.7682,1.8894,1.807E5,6.891E3,1.046E4,1.807E5,0.0294,2.7426,1.5183,,,2,1
536,1.8111,1.7847,1.8679,749.12542,749.12103,749.12787,3.152E5,8.524E3,1.222E4,3.152E5,0,1,,,,,,,,,,DETECTED,749.12542,749.12103,749.12787,1.8111,1.7847,1.8679,3.152E5,8.524E3,1.222E4,3.152E5,0.0225,1.4922,2.6918,,,3,1
538,1.8204,1.7332,1.8894,323.13353,323.13205,323.13535,5.526E5,2.258E4,1.516E4,5.526E5,1,1,,,,,,,,,,DETECTED,323.13353,323.13205,323.13535,1.8204,1.7332,1.8894,5.526E5,2.258E4,1.516E4,5.526E5,0.0208,1.0684,3.9939,1,0.0056,2,1
539,1.8204,1.798,1.8894,345.1178,345.11597,345.11807,2.249E6,4.959E4,2.299E4,2.249E6,1,1,,,,,,,,,,DETECTED,345.1178,345.11597,345.11807,1.8204,1.798,1.8894,2.249E6,4.959E4,2.299E4,2.249E6,0.0199,1.7744,1.7598,1,-0.0052,4,1
540,1.8204,1.8037,1.9793,433.09629,433.09448,433.09967,2.227E5,1.157E4,1.015E4,2.227E5,1,1,77,,,,,,,,,DETECTED,433.09629,433.09448,433.09967,1.8204,1.8037,1.9793,2.227E5,1.157E4,1.015E4,2.227E5,0.0226,4.6425,5.25,1,0.0073,2,1
544,1.8481,1.7922,1.9305,357.08068,357.0773,357.08218,1.305E5,6.283E3,1.024E4,1.305E5,0,1,,,,,,,,,,DETECTED,357.08068,357.0773,357.08218,1.8481,1.7922,1.9305,1.305E5,6.283E3,1.024E4,1.305E5,0.0337,1.2814,1.9495,,,2,1
545,1.8555,1.8204,1.8894,151.03713,151.03694,151.0372,2.002E5,5.975E3,1.518E4,2.002E5,0,1,77,,,,,,,,,DETECTED,151.03713,151.03694,151.0372,1.8555,1.8204,1.8894,2.002E5,5.975E3,1.518E4,2.002E5,0.0249,1.1418,1.4551,,,2,1
547,1.8555,1.8037,2.0339,311.03968,311.03812,311.04132,2.119E5,2.341E4,2.771E4,2.119E5,0,1,77,,,,,,,,,DETECTED,311.03968,311.03812,311.04132,1.8555,1.8037,2.0339,2.119E5,2.341E4,2.771E4,2.119E5,0.1325,2.2245,3.8682,,,2,1
548,1.8555,1.8037,2.0339,313.05553,313.05414,313.05658,3.487E5,2.817E4,3.845E4,3.487E5,1,1,77,,,,,,,,,DETECTED,313.05553,313.05414,313.05658,1.8555,1.8037,2.0339,3.487E5,2.817E4,3.845E4,3.487E5,0.0234,2.2245,2.0803,1,0.0504,2,1
549,1.8555,1.8311,1.9093,327.05018,327.04819,327.0513,3.151E5,8.431E3,1.258E4,3.151E5,0,1,77,,,,,,,,,DETECTED,327.05018,327.04819,327.0513,1.8555,1.8311,1.9093,3.151E5,8.431E3,1.258E4,3.151E5,0.032,1.835,2.3737,,,3,1
551,1.8555,1.8311,1.9003,451.1221,451.12003,451.12317,3.505E5,8.422E3,3.017E4,3.505E5,1,1,77,,,,,,,,,DETECTED,451.1221,451.12003,451.12317,1.8555,1.8311,1.9003,3.505E5,8.422E3,3.017E4,3.505E5,0.023,1.4051,1.6748,1,0.009,3,1
552,1.8555,1.8386,1.9003,463.08712,463.08435,463.08981,4.444E5,1.125E4,1.428E4,4.444E5,1,1,77,,,,,,,,,DETECTED,463.08712,463.08435,463.08981,1.8555,1.8386,1.9003,4.444E5,1.125E4,1.428E4,4.444E5,0.0271,1.8257,2.1104,1,0.0073,3,1
553,1.8555,1.8386,1.9003,464.08769,464.08496,464.08981,1.015E5,2.349E3,1.217E4,1.015E5,0,1,77,,,,,,,,,DETECTED,464.08769,464.08496,464.08981,1.8555,1.8386,1.9003,1.015E5,2.349E3,1.217E4,1.015E5,0.0216,1.8257,2.1962,,,3,1
554,1.8679,1.8386,1.967,187.05807,187.05736,187.05867,2.668E5,1E4,1.615E4,2.668E5,1,1,77,,,,,,,,,DETECTED,187.05807,187.05736,187.05867,1.8679,1.8386,1.967,2.668E5,1E4,1.615E4,2.668E5,0.0279,2.1321,2.4272,1,0.0164,2,1
555,1.8679,1.8311,1.9305,313.09129,313.08926,313.0921,1.491E5,4.274E3,9.128E3,1.491E5,0,1,77,,,,,,,,,DETECTED,313.09129,313.08926,313.0921,1.8679,1.8311,1.9305,1.491E5,4.274E3,9.128E3,1.491E5,0.0224,1.3934,1.1283,,,2,1
556,1.8679,1.8037,2.0216,315.07195,315.07037,315.07361,1.294E6,5.012E4,2.885E4,1.294E6,1,1,77,,,,,,,,,DETECTED,315.07195,315.07037,315.07361,1.8679,1.8037,2.0216,1.294E6,5.012E4,2.885E4,1.294E6,0.0266,2.3603,1.4592,1,-0.0068,3,1
557,1.8679,1.7847,1.9412,315.10696,315.10483,315.10754,1.88E6,6.753E4,1.139E4,1.88E6,1,1,,,,,,,,,,DETECTED,315.10696,315.10483,315.10754,1.8679,1.7847,1.9412,1.88E6,6.753E4,1.139E4,1.88E6,0.0277,0.9351,0.9153,1,0.0073,4,1
558,1.8679,1.8386,1.9093,319.13875,319.13776,319.13962,2.447E5,6.486E3,8.68E3,2.447E5,0,1,77,,,,,,,,,DETECTED,319.13875,319.13776,319.13962,1.8679,1.8386,1.9093,2.447E5,6.486E3,8.68E3,2.447E5,0.046,1.3114,1.1721,,,5,1
560,1.8679,1.8386,1.9505,359.09625,359.09424,359.09796,1.409E5,5.885E3,8.868E3,1.409E5,0,1,,,,,,,,,,DETECTED,359.09625,359.09424,359.09796,1.8679,1.8386,1.9505,1.409E5,5.885E3,8.868E3,1.409E5,0.0227,2.3802,3.2028,,,2,1
566,1.8803,1.8555,2.0339,479.13998,479.13776,479.14322,4.34E6,9.531E4,1.039E4,4.34E6,1,1,,,,,,,,,,DETECTED,479.13998,479.13776,479.14322,1.8803,1.8555,2.0339,4.34E6,9.531E4,1.039E4,4.34E6,0.0179,0.91,0.7427,1,-0.0068,4,1
569,1.8894,1.8481,1.9505,347.09735,347.09668,347.09793,5.987E4,2.282E3,8.119E3,5.987E4,0,1,156,,,,,,,,,DETECTED,347.09735,347.09668,347.09793,1.8894,1.8481,1.9505,5.987E4,2.282E3,8.119E3,5.987E4,0.0283,1.2396,0.619,,,2,1
572,1.9003,1.8555,1.9793,863.17307,863.16632,863.17896,5.886E5,2.247E4,2.554E4,5.886E5,1,1,156,,,,,,,,,DETECTED,863.17307,863.16632,863.17896,1.9003,1.8555,1.9793,5.886E5,2.247E4,2.554E4,5.886E5,0.0286,1.6691,1.3065,1,-0.0052,4,1
575,1.9184,1.8894,1.9596,151.03715,151.03705,151.03735,1.413E5,5.612E3,2.55E4,1.413E5,0,1,66,,,,,,,,,DETECTED,151.03715,151.03705,151.03735,1.9184,1.8894,1.9596,1.413E5,5.612E3,2.55E4,1.413E5,0.0373,1.2095,1.419,,,5,1
577,1.9184,1.8894,1.967,323.13371,323.13287,323.13428,1.694E5,7.548E3,2.818E4,1.694E5,0,1,66,,,,,,,,,DETECTED,323.13371,323.13287,323.13428,1.9184,1.8894,1.967,1.694E5,7.548E3,2.818E4,1.694E5,0.0393,1.3368,1.6736,,,3,1
578,1.9184,1.8894,2.0557,533.14714,533.14178,533.14972,1.402E5,6.63E3,1.076E4,1.402E5,0,1,,,,,,,,,,DETECTED,533.14714,533.14178,533.14972,1.9184,1.8894,2.0557,1.402E5,6.63E3,1.076E4,1.402E5,0.0194,4.0483,5.2862,,,2,1
579,1.9184,1.8894,1.9505,619.12635,619.11969,619.12927,7.133E4,2E3,9.304E3,7.133E4,0,1,66,,,,,,,,,DETECTED,619.12635,619.11969,619.12927,1.9184,1.8894,1.9505,7.133E4,2E3,9.304E3,7.133E4,0.0254,1.0527,0.8349,,,2,1
580,1.9229,1.9003,1.9793,311.13357,311.13156,311.13498,1.851E5,5.004E3,1.294E4,1.851E5,0,1,66,,,,,,,,,DETECTED,311.13357,311.13156,311.13498,1.9229,1.9003,1.9793,1.851E5,5.004E3,1.294E4,1.851E5,0.0222,1.9827,3.2767,,,2,1
583,1.9305,1.9093,2.1411,301.05524,301.05417,301.05573,1.265E6,1.211E5,6.214E4,1.265E6,3,1,,,,,,,,,,DETECTED,301.05524,301.05417,301.05573,1.9305,1.9093,2.1411,1.265E6,1.211E5,6.214E4,1.265E6,0.0837,5.2066,8.3504,3,0.024,2,1
584,1.9305,1.9093,1.9793,341.08645,341.08411,341.08704,3.824E5,7.898E3,2.005E4,3.824E5,1,1,,,,,,,,,,DETECTED,341.08645,341.08411,341.08704,1.9305,1.9093,1.9793,3.824E5,7.898E3,2.005E4,3.824E5,0.0176,2.1499,2.267,1,0.0073,4,1
586,1.9305,1.8894,2.0339,751.13897,751.13501,751.14532,9.997E4,4.608E3,8.776E3,9.997E4,0,1,66,,,,,,,,,DETECTED,751.13897,751.13501,751.14532,1.9305,1.8894,2.0339,9.997E4,4.608E3,8.776E3,9.997E4,0.0366,1.3666,2.8304,,,2,1
589,1.9412,1.9093,2.0909,319.04457,319.04147,319.04565,4.968E5,1.693E4,1.243E4,4.968E5,1,1,61,,,,,,,,,DETECTED,319.04457,319.04147,319.04565,1.9412,1.9093,2.0909,4.968E5,1.693E4,1.243E4,4.968E5,0.0257,3.0665,9.5622,1,-0.0051,2,1
591,1.9412,1.9093,1.9793,447.11256,447.11069,447.11417,3.482E5,8.526E3,1.012E4,3.482E5,0,1,61,,,,,,,,,DETECTED,447.11256,447.11069,447.11417,1.9412,1.9093,1.9793,3.482E5,8.526E3,1.012E4,3.482E5,0.0228,1.0019,1.0743,,,4,1
592,1.9412,1.9229,1.9793,451.12286,451.12097,451.12439,4.039E5,9.127E3,4.206E4,4.039E5,1,1,,,,,,,,,,DETECTED,451.12286,451.12097,451.12439,1.9412,1.9229,1.9793,4.039E5,9.127E3,4.206E4,4.039E5,0.0208,1.5412,2.6244,1,0.0041,3,1
593,1.9505,1.4961,2.0557,207.92894,207.92862,207.92914,1.24E6,5.231E5,4.352E5,1.24E6,10,1,67,,,,,,,,,DETECTED,207.92894,207.92862,207.92914,1.9505,1.4961,2.0557,1.24E6,5.231E5,4.352E5,1.24E6,0.4602,0.6158,0.2316,10,-0.4488,6,1
594,1.9505,1.5338,2.0557,235.9241,235.9234,235.92447,1.054E6,4.05E5,4.27E5,1.054E6,9,1,67,,,,,,,,,DETECTED,235.9241,235.9234,235.92447,1.9505,1.5338,2.0557,1.054E6,4.05E5,4.27E5,1.054E6,0.497,0.6263,0.2526,9,-0.3828,6,1
595,1.9596,1.9412,1.9886,325.1492,325.14893,325.15021,8.327E4,1.69E3,1.343E4,8.327E4,0,1,,,,,,,,,,DETECTED,325.1492,325.14893,325.15021,1.9596,1.9412,1.9886,8.327E4,1.69E3,1.343E4,8.327E4,0.0179,1.2913,1.1744,,,2,1
596,1.9596,1.9229,2.0447,371.06034,371.0575,371.06122,1.127E5,5.793E3,1.195E4,1.127E5,0,1,104,,,,,,,,,DETECTED,371.06034,371.0575,371.06122,1.9596,1.9229,2.0447,1.127E5,5.793E3,1.195E4,1.127E5,0.036,1.6618,2.3638,,,2,1
599,1.967,1.9184,2.0447,369.04539,369.04446,369.04633,2.23E5,1.253E4,3.079E4,2.23E5,0,1,104,,,,,,,,,DETECTED,369.04539,369.04446,369.04633,1.967,1.9184,2.0447,2.23E5,1.253E4,3.079E4,2.23E5,0.0446,1.3001,1.2191,,,2,1
601,1.967,1.9505,2.0447,449.20081,449.19809,449.202,1.554E5,3.77E3,1.68E4,1.554E5,0,1,,,,,,,,,,DETECTED,449.20081,449.19809,449.202,1.967,1.9505,2.0447,1.554E5,3.77E3,1.68E4,1.554E5,0.0151,2.8567,4.3233,,,2,1
602,1.9793,1.9505,2.0557,163.0369,163.03653,163.03717,6.612E5,1.67E4,2.15E4,6.612E5,1,1,78,,,,,,,,,DETECTED,163.0369,163.03653,163.03717,1.9793,1.9505,2.0557,6.612E5,1.67E4,2.15E4,6.612E5,0.0228,2.8165,1.5355,1,-0.0051,5,1
604,1.9793,1.9505,2.0216,325.09199,325.09147,325.09351,4.042E5,9.809E3,2.177E4,4.042E5,1,1,78,13,[M-H]-,2,326.09923,604;606,,,,DETECTED,325.09199,325.09147,325.09351,1.9793,1.9505,2.0216,4.042E5,9.809E3,2.177E4,4.042E5,0.0231,1.5631,1.4923,1,0.0041,3,1
605,1.9793,1.9596,2.0216,361.06842,361.0679,361.06934,1.662E5,3.716E3,1.822E4,1.662E5,0,1,,,,,,,,,,DETECTED,361.06842,361.0679,361.06934,1.9793,1.9596,2.0216,1.662E5,3.716E3,1.822E4,1.662E5,0.0195,1.5675,1.436,,,2,1
606,1.9793,1.9505,2.1558,371.09739,371.0961,371.09924,7.697E6,2.06E5,2.166E4,7.697E6,1,1,78,13,[M+FA]-,2,326.09923,604;606,,,,DETECTED,371.09739,371.0961,371.09924,1.9793,1.9505,2.1558,7.697E6,2.06E5,2.166E4,7.697E6,0.0236,1.5091,1.5488,1,-0.0068,4,1
607,1.9793,1.9596,2.0216,393.07789,393.07654,393.08121,9.258E4,2.333E3,1.084E4,9.258E4,0,1,,,,,,,,,,DETECTED,393.07789,393.07654,393.08121,1.9793,1.9596,2.0216,9.258E4,2.333E3,1.084E4,9.258E4,0.0269,1.5675,1.4582,,,2,1
613,1.996,1.9596,2.0557,337.14916,337.14828,337.15195,4.089E5,1.035E4,1.707E4,4.089E5,1,1,19,,,,,,,,,DETECTED,337.14916,337.14828,337.15195,1.996,1.9596,2.0557,4.089E5,1.035E4,1.707E4,4.089E5,0.0182,1.0508,0.6084,1,0.0041,3,1
614,1.996,1.9596,2.0447,545.11018,545.10736,545.11139,2.346E5,7.181E3,1.057E4,2.346E5,0,1,19,,,,,,,,,DETECTED,545.11018,545.10736,545.11139,1.996,1.9596,2.0447,2.346E5,7.181E3,1.057E4,2.346E5,0.0289,1.1186,0.9943,,,3,1
616,1.996,1.967,2.0447,865.18735,865.18201,865.18939,3.608E5,1.057E4,1.763E4,3.608E5,1,1,19,,,,,,,,,DETECTED,865.18735,865.18201,865.18939,1.996,1.967,2.0447,3.608E5,1.057E4,1.763E4,3.608E5,0.0306,1.2753,1.9922,1,0.0058,3,1
617,2.007,1.9886,2.0557,329.08666,329.08594,329.08691,9.269E4,2.704E3,9.578E3,9.269E4,0,1,169,,,,,,,,,DETECTED,329.08666,329.08594,329.08691,2.007,1.9886,2.0557,9.269E4,2.704E3,9.578E3,9.269E4,0.0276,1.8252,2.39,,,3,1
618,2.007,1.9886,2.0909,361.1129,361.11108,361.11493,5.147E5,1.294E4,1.842E4,5.147E5,1,1,,,,,,,,,,DETECTED,361.1129,361.11108,361.11493,2.007,1.9886,2.0909,5.147E5,1.294E4,1.842E4,5.147E5,0.0248,3.6959,2.6778,1,0.0078,3,1
620,2.007,1.9793,2.0339,863.17085,863.16895,863.17279,1.529E5,4.587E3,3.879E4,1.529E5,0,1,,,,,,,,,,DETECTED,863.17085,863.16895,863.17279,2.007,1.9793,2.0339,1.529E5,4.587E3,3.879E4,1.529E5,0.0333,0.988,0.976,,,2,1
622,2.0216,1.9793,2.0447,287.07559,287.07401,287.07651,9.236E4,3.296E3,1.235E4,9.236E4,0,1,169,,,,,,,,,DETECTED,287.07559,287.07401,287.07651,2.0216,1.9793,2.0447,9.236E4,3.296E3,1.235E4,9.236E4,0.0367,0.7736,0.6796,,,3,1
623,2.0216,1.9793,2.1323,437.10659,437.10507,437.10983,4.212E5,1.826E4,1.257E4,4.212E5,1,1,169,,,,,,,,,DETECTED,437.10659,437.10507,437.10983,2.0216,1.9793,2.1323,4.212E5,1.826E4,1.257E4,4.212E5,0.0316,1.5279,1.7416,1,-0.0051,3,1
624,2.0216,1.9886,2.0557,513.11953,513.11707,513.1214,1.63E5,4.293E3,1.138E4,1.63E5,0,1,169,,,,,,,,,DETECTED,513.11953,513.11707,513.1214,2.0216,1.9886,2.0557,1.63E5,4.293E3,1.138E4,1.63E5,0.0241,1.1529,0.9913,,,2,1
626,2.0339,2.007,2.0909,203.08008,203.07948,203.08047,1.718E5,5.063E3,1.547E4,1.718E5,0,1,,,,,,,,,,DETECTED,203.08008,203.07948,203.08047,2.0339,2.007,2.0909,1.718E5,5.063E3,1.547E4,1.718E5,0.0272,1.7016,1.5542,,,2,1
628,2.0339,1.967,2.0909,297.05987,297.05942,297.06039,6.407E5,1.865E4,1.986E4,6.407E5,1,1,,,,,,,,,,DETECTED,297.05987,297.05942,297.06039,2.0339,1.967,2.0909,6.407E5,1.865E4,1.986E4,6.407E5,0.0201,2.7906,0.8816,1,0.0056,4,1
629,2.0339,1.996,2.1251,325.14911,325.14798,325.15088,5.786E5,1.784E4,1.411E4,5.786E5,1,1,,,,,,,,,,DETECTED,325.14911,325.14798,325.15088,2.0339,1.996,2.1251,5.786E5,1.784E4,1.411E4,5.786E5,0.103,1.5429,0.8388,1,-0.0068,4,1
630,2.0339,2.007,2.0824,331.10232,331.10065,331.10391,8.381E4,2.623E3,1.012E4,8.381E4,0,1,,,,,,,,,,DETECTED,331.10232,331.10065,331.10391,2.0339,2.007,2.0824,8.381E4,2.623E3,1.012E4,8.381E4,0.0264,1.3984,3.6239,,,2,1
631,2.0339,1.8803,2.0557,391.02879,391.02545,391.03088,5.221E5,1.694E4,2.354E4,5.221E5,1,1,,,,,,,,,,DETECTED,391.02879,391.02545,391.03088,2.0339,1.8803,2.0557,5.221E5,1.694E4,2.354E4,5.221E5,0.0319,0.5593,0.3015,1,-0.0051,2,1
632,2.0339,1.9793,2.0557,393.17385,393.17203,393.17661,1.311E5,2.894E3,1.283E4,1.311E5,0,1,,,,,,,,,,DETECTED,393.17385,393.17203,393.17661,2.0339,1.9793,2.0557,1.311E5,2.894E3,1.283E4,1.311E5,0.1148,0.6602,0.8683,,,2,1
634,2.0447,1.967,2.1323,367.15919,367.15836,367.16052,2.584E5,1.159E4,1.046E4,2.584E5,0,1,,,,,,,,,,DETECTED,367.15919,367.15836,367.16052,2.0447,1.967,2.1323,2.584E5,1.159E4,1.046E4,2.584E5,0.0387,1.2551,1.6831,,,2,1
638,2.0557,1.9596,2.1251,285.06033,285.05853,285.06064,1.038E7,3.402E5,1.084E4,1.038E7,1,1,99,,,,,,,,,DETECTED,285.06033,285.05853,285.06064,2.0557,1.9596,2.1251,1.038E7,3.402E5,1.084E4,1.038E7,0.0325,1.3146,1.6124,1,-0.006,3,1
641,2.0557,2.0216,2.1251,315.07088,315.07047,315.07166,1.05E7,2.905E5,3.227E4,1.05E7,2,1,99,,,,,,,,,DETECTED,315.07088,315.07047,315.07166,2.0557,2.0216,2.1251,1.05E7,2.905E5,3.227E4,1.05E7,0.0246,1.3734,1.6189,2,-0.0145,4,1
644,2.0557,1.9793,2.1003,341.08634,341.08411,341.08679,5.829E6,1.69E5,2.005E4,5.829E6,2,1,99,,,,,,,,,DETECTED,341.08634,341.08411,341.08679,2.0557,1.9793,2.1003,5.829E6,1.69E5,2.005E4,5.829E6,0.0276,1.2857,0.7463,2,-0.0376,3,1
646,2.0557,2.0339,2.0909,414.99157,414.98877,414.99364,9.718E4,2.566E3,1.506E4,9.718E4,0,1,,,,,,,,,,DETECTED,414.99157,414.98877,414.99364,2.0557,2.0339,2.0909,9.718E4,2.566E3,1.506E4,9.718E4,0.0256,1.3066,1.3554,,,3,1
650,2.0557,1.9793,2.2512,451.12378,451.12061,451.12448,1.858E7,4.953E5,2.672E4,1.858E7,2,1,99,14,[M-H]-,2,452.1309,656;650,,,,DETECTED,451.12378,451.12061,451.12448,2.0557,1.9793,2.2512,1.858E7,4.953E5,2.672E4,1.858E7,0.0223,1.3953,1.4034,2,-0.0073,4,1
656,2.0557,2.0216,2.167,497.12895,497.12717,497.12985,4.573E6,1.098E5,1.654E4,4.573E6,1,1,99,14,[M+FA]-,2,452.1309,650;656,,,,DETECTED,497.12895,497.12717,497.12985,2.0557,2.0216,2.167,4.573E6,1.098E5,1.654E4,4.573E6,0.0212,1.363,1.3729,1,-0.0043,4,1
659,2.0557,2.0339,2.1492,519.10808,519.10388,519.11182,5.501E5,1.618E4,2.32E4,5.501E5,1,1,,,,,,,,,,DETECTED,519.10808,519.10388,519.11182,2.0557,2.0339,2.1492,5.501E5,1.618E4,2.32E4,5.501E5,0.023,2.2154,1.7358,1,0.0129,3,1
665,2.0557,2.0339,2.0909,585.13941,585.13623,585.14105,8.93E4,2.08E3,1.383E4,8.93E4,0,1,,,,,,,,,,DETECTED,585.13941,585.13623,585.14105,2.0557,2.0339,2.0909,8.93E4,2.08E3,1.383E4,8.93E4,0.0203,1.3066,1.4133,,,2,1
667,2.0557,2.0339,2.0824,627.15131,627.15063,627.15668,3.719E5,7.315E3,3.821E4,3.719E5,0,1,,,,,,,,,,DETECTED,627.15131,627.15063,627.15668,2.0557,2.0339,2.0824,3.719E5,7.315E3,3.821E4,3.719E5,0.0169,1.1114,0.889,,,4,1
668,2.0557,2.0339,2.0824,737.18482,737.1825,737.18658,1.116E6,1.923E4,7.732E4,1.116E6,1,1,,,,,,,,,,DETECTED,737.18482,737.1825,737.18658,2.0557,2.0339,2.0824,1.116E6,1.923E4,7.732E4,1.116E6,0.0145,0.9549,0.8458,1,-0.0026,4,1
669,2.0557,2.0339,2.0824,767.19236,767.18756,767.19342,1.861E5,3.305E3,1.7E4,1.861E5,0,1,,,,,,,,,,DETECTED,767.19236,767.18756,767.19342,2.0557,2.0339,2.0824,1.861E5,3.305E3,1.7E4,1.861E5,0.0153,0.9668,0.875,,,2,1
670,2.0557,2.0339,2.0824,903.24489,903.24152,903.24536,7.266E5,1.11E4,2.94E4,7.266E5,1,1,,,,,,,,,,DETECTED,903.24489,903.24152,903.24536,2.0557,2.0339,2.0824,7.266E5,1.11E4,2.94E4,7.266E5,0.0129,0.9362,1.538,1,0.0095,3,1
675,2.0629,1.9886,2.1492,739.1788,739.17255,739.18335,3.463E5,1.298E4,9.352E3,3.463E5,0,1,99,,,,,,,,,DETECTED,739.1788,739.17255,739.18335,2.0629,1.9886,2.1492,3.463E5,1.298E4,9.352E3,3.463E5,0.0279,1.8468,1.0043,,,5,1
679,2.0824,2.0557,2.1251,321.0598,321.05801,321.06119,7.226E4,2.316E3,1.255E4,7.226E4,0,1,119,,,,,,,,,DETECTED,321.0598,321.05801,321.06119,2.0824,2.0557,2.1251,7.226E4,2.316E3,1.255E4,7.226E4,0.0301,1.3009,1.3354,,,2,1
680,2.0824,2.0557,2.1251,339.07093,339.0704,339.0715,2.801E6,6.634E4,5.681E4,2.801E6,1,1,119,,,,,,,,,DETECTED,339.07093,339.0704,339.0715,2.0824,2.0557,2.1251,2.801E6,6.634E4,5.681E4,2.801E6,0.0206,1.0462,0.9885,1,0.0023,2,1
683,2.0824,1.996,2.1127,385.07601,385.07474,385.07761,9.899E4,4.269E3,8.844E3,9.899E4,0,1,119,,,,,,,,,DETECTED,385.07601,385.07474,385.07761,2.0824,1.996,2.1127,9.899E4,4.269E3,8.844E3,9.899E4,0.04,0.8029,0.4897,,,2,1
686,2.0909,2.0629,2.1251,577.13482,577.13123,577.13538,1.099E7,2.734E5,9.642E5,1.099E7,1,1,,,,,,,,,,DETECTED,577.13482,577.13123,577.13538,2.0909,2.0629,2.1251,1.099E7,2.734E5,9.642E5,1.099E7,0.0317,1.1106,1.3497,1,-0.0048,4,1
691,2.0909,2.0629,2.1127,695.06075,695.05804,695.06482,7.442E4,1.662E3,1.354E4,7.442E4,0,1,,,,,,,,,,DETECTED,695.06075,695.05804,695.06482,2.0909,2.0629,2.1127,7.442E4,1.662E3,1.354E4,7.442E4,0.021,0.8891,1.296,,,2,1
693,2.1003,1.9229,2.1928,143.03221,143.03177,143.0325,3.336E6,1.085E5,3.17E4,3.336E6,1,1,153,,,,,,,,,DETECTED,143.03221,143.03177,143.0325,2.1003,1.9229,2.1928,3.336E6,1.085E5,3.17E4,3.336E6,0.0255,1.5677,1.0317,1,-0.0126,15,1
694,2.1003,2.0447,2.1411,187.02171,187.02097,187.02229,2.666E5,1.054E4,3.771E4,2.666E5,0,1,153,,,,,,,,,DETECTED,187.02171,187.02097,187.02229,2.1003,2.0447,2.1411,2.666E5,1.054E4,3.771E4,2.666E5,0.0287,0.8662,0.5947,,,3,1
698,2.1003,2.0824,2.1323,343.10224,343.10059,343.10251,1.188E6,2.596E4,1.627E5,1.188E6,1,1,,,,,,,,,,DETECTED,343.10224,343.10059,343.10251,2.1003,2.0824,2.1323,1.188E6,2.596E4,1.627E5,1.188E6,0.0215,1.3927,1.4357,1,0.0163,2,1
699,2.1003,2.075,2.2168,345.11768,345.11539,345.11929,2.2E6,4.204E4,1.518E4,2.2E6,1,1,,,,,,,,,,DETECTED,345.11768,345.11539,345.11929,2.1003,2.075,2.2168,2.2E6,4.204E4,1.518E4,2.2E6,0.0151,1.4457,1.686,1,0.0072,3,1
700,2.1003,2.0629,2.1251,373.11249,373.11179,373.11258,1.215E5,2.463E3,1.014E4,1.215E5,0,1,,,,,,,,,,DETECTED,373.11249,373.11179,373.11258,2.1003,2.0629,2.1251,1.215E5,2.463E3,1.014E4,1.215E5,0.0171,0.8501,1.3582,,,2,1
701,2.1127,2.0629,2.3366,281.02858,281.02747,281.02924,1.935E6,2.334E5,2.446E4,1.935E6,0,1,14,,,,,,,,,DETECTED,281.02858,281.02747,281.02924,2.1127,2.0629,2.3366,1.935E6,2.334E5,2.446E4,1.935E6,0.1085,4.4396,11.5288,,,3,1
702,2.1127,2.0629,2.3366,297.02385,297.02109,297.02512,3.534E5,4.8E4,1.488E4,3.534E5,0,1,14,,,,,,,,,DETECTED,297.02385,297.02109,297.02512,2.1127,2.0629,2.3366,3.534E5,4.8E4,1.488E4,3.534E5,0.1656,4.2269,10.2925,,,2,1
704,2.1127,2.0909,2.1492,361.93514,361.93356,361.93658,5.74E4,2.035E3,2.707E4,5.74E4,0,1,,,,,,,,,,DETECTED,361.93514,361.93356,361.93658,2.1127,2.0909,2.1492,5.74E4,2.035E3,2.707E4,5.74E4,0.0411,1.3388,1.6776,,,2,1
705,2.1127,2.0909,2.2168,378.93826,378.93683,378.9407,1.986E5,8.865E3,1.424E4,1.986E5,0,1,14,,,,,,,,,DETECTED,378.93826,378.93683,378.9407,2.1127,2.0909,2.2168,1.986E5,8.865E3,1.424E4,1.986E5,0.0354,2.6678,4.1221,,,2,1
710,2.1127,2.0909,2.167,561.04601,561.04419,561.04785,1.128E5,3.977E3,1.88E4,1.128E5,0,1,14,,,,,,,,,DETECTED,561.04601,561.04419,561.04785,2.1127,2.0909,2.167,1.128E5,3.977E3,1.88E4,1.128E5,0.0333,1.7468,4.0727,,,3,1
712,2.1323,2.0629,2.3366,279.01321,279.01227,279.01389,4.09E6,4.123E5,1.09E4,4.09E6,4,1,14,,,,,,,,,DETECTED,279.01321,279.01227,279.01389,2.1323,2.0629,2.3366,4.09E6,4.123E5,1.09E4,4.09E6,0.0641,2.9745,5.8833,4,-0.0232,2,1
713,2.1323,2.0557,2.2512,323.1335,323.13199,323.13614,1.338E6,3.617E4,1.291E4,1.338E6,1,1,126,,,,,,,,,DETECTED,323.1335,323.13199,323.13614,2.1323,2.0557,2.2512,1.338E6,3.617E4,1.291E4,1.338E6,0.0472,1.9535,1.0978,1,0.0023,3,1
714,2.1323,2.1003,2.167,341.08684,341.08572,341.08707,5.818E6,1.272E5,2.009E5,5.818E6,1,1,126,,,,,,,,,DETECTED,341.08684,341.08572,341.08707,2.1323,2.1003,2.167,5.818E6,1.272E5,2.009E5,5.818E6,0.0199,1.3769,1.3008,1,0.011,2,1
717,2.1411,2.0909,2.2168,295.04401,295.04257,295.04556,9.911E4,4.474E3,1.177E4,9.911E4,0,1,18,,,,,,,,,DETECTED,295.04401,295.04257,295.04556,2.1411,2.0909,2.2168,9.911E4,4.474E3,1.177E4,9.911E4,0.0301,1.2544,1.714,,,2,1
718,2.1411,2.0909,2.2844,297.05999,297.05872,297.06091,2.294E6,8.068E4,2.858E4,2.294E6,1,1,18,,,,,,,,,DETECTED,297.05999,297.05872,297.06091,2.1411,2.0909,2.2844,2.294E6,8.068E4,2.858E4,2.294E6,0.0313,2.3329,3.1385,1,-0.0031,4,1
719,2.1411,2.1127,2.167,300.10687,300.1058,300.10764,1.558E5,4.122E3,4.364E4,1.558E5,0,1,18,,,,,,,,,DETECTED,300.10687,300.1058,300.10764,2.1411,2.1127,2.167,1.558E5,4.122E3,4.364E4,1.558E5,0.025,0.956,0.9121,,,2,1
720,2.1411,2.1251,2.167,337.14888,337.14856,337.14923,1.561E5,3.016E3,5.709E4,1.561E5,0,1,,,,,,,,,,DETECTED,337.14888,337.14856,337.14923,2.1411,2.1251,2.167,1.561E5,3.016E3,5.709E4,1.561E5,0.0184,1.3093,1.6186,,,2,1
722,2.1558,2.075,2.3366,237.03801,237.0376,237.0385,8.185E5,1.071E5,2.307E4,8.185E5,0,1,14,16,[M+FA]-,2,192.03968,758;722,,,,DETECTED,237.03801,237.0376,237.0385,2.1558,2.075,2.3366,8.185E5,1.071E5,2.307E4,8.185E5,0.1616,1.7588,2.7465,,,2,1
724,2.1558,2.1323,2.2051,645.11664,645.11572,645.11792,1.855E5,7.44E3,5.561E4,1.855E5,0,1,14,15,[M+FA]-,2,600.11929,724;742,,,,DETECTED,645.11664,645.11572,645.11792,2.1558,2.1323,2.2051,1.855E5,7.44E3,5.561E4,1.855E5,0.0407,1.5478,2.0956,,,2,1
728,2.167,2.1251,2.4803,285.05958,285.05786,285.06128,4.373E5,3.877E4,9.172E3,4.373E5,0,1,14,,,,,,,,,DETECTED,285.05958,285.05786,285.06128,2.167,2.1251,2.4803,4.373E5,3.877E4,9.172E3,4.373E5,0.0842,3.3737,3.4592,,,2,1
730,2.167,2.1251,2.2405,315.07048,315.06934,315.07166,3.606E5,2.274E4,5.772E4,3.606E5,0,1,14,,,,,,,,,DETECTED,315.07048,315.06934,315.07166,2.167,2.1251,2.2405,3.606E5,2.274E4,5.772E4,3.606E5,0.0419,1.3771,1.6368,,,2,1
731,2.167,2.1492,2.2512,329.08582,329.08536,329.08774,5.453E5,1.456E4,4.165E4,5.453E5,1,1,,,,,,,,,,DETECTED,329.08582,329.08536,329.08774,2.167,2.1492,2.2512,5.453E5,1.456E4,4.165E4,5.453E5,0.0216,2.3026,4.4099,1,0.0176,2,1
732,2.167,2.1411,2.3626,355.0649,355.0621,355.06708,9.462E5,5.047E4,4.445E4,9.462E5,1,1,14,,,,,,,,,DETECTED,355.0649,355.0621,355.06708,2.167,2.1411,2.3626,9.462E5,5.047E4,4.445E4,9.462E5,0.0289,3.7428,6.9709,1,0.0072,2,1
733,2.167,2.0557,2.3963,357.08097,357.07944,357.08276,3.269E6,9.976E4,1.279E4,3.269E6,1,1,14,,,,,,,,,DETECTED,357.08097,357.07944,357.08276,2.167,2.0557,2.3963,3.269E6,9.976E4,1.279E4,3.269E6,0.0201,2.2536,1.4229,1,-0.006,3,1
735,2.167,2.1323,2.2512,475.14371,475.14062,475.14685,5.604E5,2.102E4,2.183E4,5.604E5,1,1,117,,,,,,,,,DETECTED,475.14371,475.14062,475.14685,2.167,2.1323,2.2512,5.604E5,2.102E4,2.183E4,5.604E5,0.0303,1.8734,2.4036,1,0.0089,2,1
736,2.167,2.0629,2.2617,575.11752,575.11267,575.12,5.707E5,4.391E4,5.34E4,5.707E5,0,1,14,,,,,,,,,DETECTED,575.11752,575.11267,575.12,2.167,2.0629,2.2617,5.707E5,4.391E4,5.34E4,5.707E5,0.0585,0.9548,0.9457,,,2,1
737,2.167,2.1251,2.3963,577.13518,577.13007,577.13629,4.382E7,1.837E6,2.112E5,4.382E7,3,1,14,,,,,,,,,DETECTED,577.13518,577.13007,577.13629,2.167,2.1251,2.3963,4.382E7,1.837E6,2.112E5,4.382E7,0.0333,1.7575,1.8422,3,-0.0222,5,1
740,2.167,2.1251,2.3859,578.13647,578.1308,578.13763,1.376E7,5.434E5,6.763E4,1.376E7,1,1,14,,,,,,,,,DETECTED,578.13647,578.1308,578.13763,2.167,2.1251,2.3859,1.376E7,5.434E5,6.763E4,1.376E7,0.0323,1.7564,2.8162,1,0.1131,5,1
742,2.167,2.1251,2.2168,599.11287,599.11133,599.1142,1.977E5,8.411E3,1.34E4,1.977E5,0,1,14,15,[M-H]-,2,600.11929,724;742,,,,DETECTED,599.11287,599.11133,599.1142,2.167,2.1251,2.2168,1.977E5,8.411E3,1.34E4,1.977E5,0.0407,1.0622,1.1288,,,2,1
744,2.167,2.1323,2.2051,677.0532,677.04974,677.05469,1.083E5,4.524E3,3.281E4,1.083E5,0,1,14,,,,,,,,,DETECTED,677.0532,677.04974,677.05469,2.167,2.1323,2.2051,1.083E5,4.524E3,3.281E4,1.083E5,0.0424,1.0501,1.1001,,,3,1
745,2.167,2.1323,2.2405,695.06103,695.05835,695.0639,2.398E5,9.53E3,2.292E4,2.398E5,0,1,14,,,,,,,,,DETECTED,695.06103,695.05835,695.0639,2.167,2.1323,2.2405,2.398E5,9.53E3,2.292E4,2.398E5,0.0367,1.0973,2.2121,,,2,1
749,2.167,2.0824,2.2168,859.15895,859.15173,859.16553,4.292E5,1.673E4,1.768E4,4.292E5,0,1,14,,,,,,,,,DETECTED,859.15895,859.15173,859.16553,2.167,2.0824,2.2168,4.292E5,1.673E4,1.768E4,4.292E5,0.0321,0.8736,1.0633,,,8,1
751,2.167,2.1323,2.2287,1155.26391,1155.25769,1155.26526,1.51E6,3.621E4,2.121E4,1.51E6,1,1,14,,,,,,,,,DETECTED,1155.26391,1155.25769,1155.26526,2.167,2.1323,2.2287,1.51E6,3.621E4,2.121E4,1.51E6,0.0228,1.0222,1.0629,1,-0.0042,5,1
754,2.1785,2.0629,2.2617,147.04235,147.04178,147.04251,5.829E6,6.428E5,1.423E4,5.829E6,3,1,14,,,,,,,,,DETECTED,147.04235,147.04178,147.04251,2.1785,2.0629,2.2617,5.829E6,6.428E5,1.423E4,5.829E6,0.1355,0.9739,0.9601,3,-0.0727,3,1
755,2.1785,2.0339,2.3366,161.02119,161.02065,161.022,1.074E6,1.082E5,1.468E4,1.074E6,3,1,14,,,,,,,,,DETECTED,161.02119,161.02065,161.022,2.1785,2.0339,2.3366,1.074E6,1.082E5,1.468E4,1.074E6,0.0505,1.4017,2.0741,3,-0.0586,2,1
756,2.1785,2.0557,2.2617,163.03671,163.03638,163.0372,2.587E5,2.299E4,2.252E4,2.587E5,0,1,14,,,,,,,,,DETECTED,163.03671,163.03638,163.0372,2.1785,2.0557,2.2617,2.587E5,2.299E4,2.252E4,2.587E5,0.0624,0.6402,0.7098,,,3,1
758,2.1785,2.0629,2.2728,191.03227,191.0316,191.03253,1.158E7,1.333E6,2.389E4,1.158E7,3,1,14,16,[M-H]-,2,192.03968,758;722,,,,DETECTED,191.03227,191.0316,191.03253,2.1785,2.0629,2.2728,1.158E7,1.333E6,2.389E4,1.158E7,0.124,1.0365,1.0476,3,-0.0743,3,1
760,2.1785,2.075,2.1928,193.04729,193.04707,193.04761,7.756E5,4.879E4,1.496E4,7.756E5,0,1,14,,,,,,,,,DETECTED,193.04729,193.04707,193.04761,2.1785,2.075,2.1928,7.756E5,4.879E4,1.496E4,7.756E5,0.0746,0.577,0.1632,,,3,1
762,2.1785,2.075,2.2617,235.02283,235.02187,235.02322,3.974E6,3.697E5,1.643E4,3.974E6,3,1,14,,,,,,,,,DETECTED,235.02283,235.02187,235.02322,2.1785,2.075,2.2617,3.974E6,3.697E5,1.643E4,3.974E6,0.0891,0.9763,0.8984,3,-0.0636,2,1
763,2.1785,2.1558,2.2512,326.04446,326.04312,326.04721,2.19E6,5.651E4,3.887E4,2.19E6,1,1,,,,,,,,,,DETECTED,326.04446,326.04312,326.04721,2.1785,2.1558,2.2512,2.19E6,5.651E4,3.887E4,2.19E6,0.0274,2.1634,2.863,1,0.0095,3,1
764,2.1785,2.1127,2.2512,327.07133,327.07016,327.07425,2.141E5,8.583E3,2.351E4,2.141E5,0,1,117,,,,,,,,,DETECTED,327.07133,327.07016,327.07425,2.1785,2.1127,2.2512,2.141E5,8.583E3,2.351E4,2.141E5,0.0239,1.0519,2.1582,,,3,1
766,2.1785,2.1558,2.2512,463.08706,463.08609,463.08798,1.093E6,3.333E4,5.578E4,1.093E6,1,1,,,,,,,,,,DETECTED,463.08706,463.08609,463.08798,2.1785,2.1558,2.2512,1.093E6,3.333E4,5.578E4,1.093E6,0.0268,3.3521,4.4506,1,0.0112,3,1
768,2.1785,2.1558,2.2168,609.1193,609.11798,609.12054,1.484E5,3.838E3,1.573E4,1.484E5,0,1,,,,,,,,,,DETECTED,609.1193,609.11798,609.12054,2.1785,2.1558,2.2168,1.484E5,3.838E3,1.573E4,1.484E5,0.0246,1.3433,1.1793,,,3,1
769,2.1785,2.1558,2.2512,651.07759,651.07037,651.08051,6.27E5,1.734E4,2.375E4,6.27E5,1,1,,,,,,,,,,DETECTED,651.07759,651.07037,651.08051,2.1785,2.1558,2.2512,6.27E5,1.734E4,2.375E4,6.27E5,0.0431,2.7266,2.4431,1,0.0183,2,1
771,2.1928,2.167,2.2728,311.03879,311.03793,311.03928,3.396E5,1.563E4,4.415E4,3.396E5,1,1,,,,,,,,,,DETECTED,311.03879,311.03793,311.03928,2.1928,2.167,2.2728,3.396E5,1.563E4,4.415E4,3.396E5,0.0401,2.045,4.5746,1,0.0091,2,1
772,2.1928,2.167,2.2512,331.06574,331.06442,331.06659,1.829E5,6.329E3,3.264E4,1.829E5,0,1,,,,,,,,,,DETECTED,331.06574,331.06442,331.06659,2.1928,2.167,2.2512,1.829E5,6.329E3,3.264E4,1.829E5,0.0291,1.629,3.7252,,,3,1
775,2.2051,2.1251,2.4553,133.01108,133.01071,133.01129,8.284E5,1.96E5,3.037E5,8.284E5,5,1,,,,,,,,,,DETECTED,133.01108,133.01071,133.01129,2.2051,2.1251,2.4553,8.284E5,1.96E5,3.037E5,8.284E5,0.2973,2.0635,3.1269,5,-0.052,5,1
777,2.2168,2.1928,2.3366,193.04737,193.04688,193.04764,6.072E5,4.263E4,1.183E5,6.072E5,0,1,,,,,,,,,,DETECTED,193.04737,193.04688,193.04764,2.2168,2.1928,2.3366,6.072E5,4.263E4,1.183E5,6.072E5,0.808,2.9987,4.9975,,,4,1
779,2.2168,2.1492,2.2512,327.10669,327.10443,327.10779,8.059E5,2.181E4,3.89E4,8.059E5,1,1,,,,,,,,,,DETECTED,327.10669,327.10443,327.10779,2.2168,2.1492,2.2512,8.059E5,2.181E4,3.89E4,8.059E5,0.0205,1.2199,0.6003,1,0.0056,3,1
785,2.2287,2.1928,2.2512,285.09573,285.09527,285.09653,3.681E5,9.362E3,1.537E4,3.681E5,0,1,,,,,,,,,,DETECTED,285.09573,285.09527,285.09653,2.2287,2.1928,2.2512,3.681E5,9.362E3,1.537E4,3.681E5,0.0544,0.9777,0.9849,,,2,1
786,2.2287,2.2051,2.3366,445.13247,445.13052,445.13431,5.11E5,1.802E4,1.95E4,5.11E5,1,1,,,,,,,,,,DETECTED,445.13247,445.13052,445.13431,2.2287,2.2051,2.3366,5.11E5,1.802E4,1.95E4,5.11E5,0.0194,2.4363,2.6933,1,0.0089,3,1
787,2.2287,2.1785,2.3626,465.10147,465.09772,465.10587,3.793E5,1.726E4,1.994E4,3.793E5,1,1,154,,,,,,,,,DETECTED,465.10147,465.09772,465.10587,2.2287,2.1785,2.3626,3.793E5,1.726E4,1.994E4,3.793E5,0.0838,3.0411,1.6782,1,0.0157,2,1
788,2.2287,2.1785,2.2617,503.13859,503.13651,503.1405,2.83E5,8.27E3,3.545E4,2.83E5,0,1,154,,,,,,,,,DETECTED,503.13859,503.13651,503.1405,2.2287,2.1785,2.2617,2.83E5,8.27E3,3.545E4,2.83E5,0.0206,0.8277,0.8553,,,3,1
789,2.2405,2.0909,2.4283,133.02591,133.02531,133.0267,4.25E5,1.969E4,1.292E4,4.25E5,1,1,65,,,,,,,,,DETECTED,133.02591,133.02531,133.0267,2.2405,2.0909,2.4283,4.25E5,1.969E4,1.292E4,4.25E5,0.1238,0.9124,0.5901,1,0.0084,7,1
791,2.2405,2.2168,2.4429,137.02106,137.02083,137.02135,7.5E5,4.701E4,3.973E4,7.5E5,1,1,65,,,,,,,,,DETECTED,137.02106,137.02083,137.02135,2.2405,2.2168,2.4429,7.5E5,4.701E4,3.973E4,7.5E5,0.0398,4.1722,7.7662,1,0.0068,7,1
794,2.2405,1.9793,2.3366,177.01578,177.01526,177.01637,3.04E5,1.865E4,8.793E3,3.04E5,0,1,65,,,,,,,,,DETECTED,177.01578,177.01526,177.01637,2.2405,1.9793,2.3366,3.04E5,1.865E4,8.793E3,3.04E5,0.0238,0.7411,0.5205,,,7,1
795,2.2405,2.2168,2.5053,299.07556,299.0737,299.07693,8.7E6,2.088E5,1.499E4,8.7E6,2,1,,,,,,,,,,DETECTED,299.07556,299.0737,299.07693,2.2405,2.2168,2.5053,8.7E6,2.088E5,1.499E4,8.7E6,0.017,1.6531,0.9065,2,-0.0062,3,1
796,2.2405,2.2168,2.2728,437.06998,437.0686,437.07172,1.397E5,3.482E3,1.936E4,1.397E5,0,1,,,,,,,,,,DETECTED,437.06998,437.0686,437.07172,2.2405,2.2168,2.2728,1.397E5,3.482E3,1.936E4,1.397E5,0.0245,1.1798,2.6219,,,2,1
797,2.2405,2.2168,2.2728,637.0974,637.09302,637.09827,2.386E5,5.684E3,2.257E4,2.386E5,0,1,,,,,,,,,,DETECTED,637.0974,637.09302,637.09827,2.2405,2.2168,2.2728,2.386E5,5.684E3,2.257E4,2.386E5,0.0231,1.8053,2.7557,,,2,1
798,2.2405,2.1492,2.2962,640.11818,640.11292,640.1217,1.18E6,2.967E4,2.555E4,1.18E6,0,1,65,,,,,,,,,DETECTED,640.11818,640.11292,640.1217,2.2405,2.1492,2.2962,1.18E6,2.967E4,2.555E4,1.18E6,0.2331,2.2464,0.8648,,,4,1
802,2.2512,2.167,2.2728,341.08608,341.08493,341.08658,6.518E6,2.573E5,3.275E5,6.518E6,2,1,,,,,,,,,,DETECTED,341.08608,341.08493,341.08658,2.2512,2.167,2.2728,6.518E6,2.573E5,3.275E5,6.518E6,0.0378,0.6462,0.359,2,-0.0421,3,1
805,2.2512,2.2287,2.3242,663.14841,663.14355,663.15137,8.367E5,1.545E4,1.255E4,8.367E5,0,1,,,,,,,,,,DETECTED,663.14841,663.14355,663.15137,2.2512,2.2287,2.3242,8.367E5,1.545E4,1.255E4,8.367E5,0.0135,1.3713,2.8281,,,3,1
807,2.2617,2.2287,2.3741,289.03742,289.03702,289.03809,8.813E5,4.063E4,3.973E4,8.813E5,0,1,76,,,,,,,,,DETECTED,289.03742,289.03702,289.03809,2.2617,2.2287,2.3741,8.813E5,4.063E4,3.973E4,8.813E5,0.0454,2.0102,3.9085,,,2,1
809,2.2617,2.167,2.555,289.07108,289.06885,289.0715,1.42E8,6.61E6,2.698E4,1.42E8,5,1,76,17,[M-H]-,2,290.0778,809;813,,,,DETECTED,289.07108,289.06885,289.0715,2.2617,2.167,2.555,1.42E8,6.61E6,2.698E4,1.42E8,0.0597,2.75,3.6278,5,-0.016,2,1
811,2.2617,2.2168,2.555,290.07317,290.07166,290.07489,2.282E7,1.036E6,1.648E4,2.282E7,1,1,76,,,,,,,,,DETECTED,290.07317,290.07166,290.07489,2.2617,2.2168,2.555,2.282E7,1.036E6,1.648E4,2.282E7,0.061,2.6866,3.6213,1,0.0454,3,1
812,2.2617,2.2287,2.4803,291.07399,291.07321,291.07611,2.297E6,1.049E5,1.471E4,2.297E6,0,1,76,,,,,,,,,DETECTED,291.07399,291.07321,291.07611,2.2617,2.2287,2.4803,2.297E6,1.049E5,1.471E4,2.297E6,0.0688,2.7126,3.4561,,,3,1
813,2.2617,2.2287,2.5426,335.07546,335.07291,335.07812,4.208E6,1.799E5,1.476E4,4.208E6,2,1,76,17,[M+FA]-,2,290.0778,809;813,,,,DETECTED,335.07546,335.07291,335.07812,2.2617,2.2287,2.5426,4.208E6,1.799E5,1.476E4,4.208E6,0.0347,2.7022,3.6285,2,-0.0022,3,1
815,2.2617,2.2051,2.5053,417.10176,417.09863,417.1037,1.622E7,4.715E5,1.966E4,1.622E7,2,1,76,,,,,,,,,DETECTED,417.10176,417.09863,417.1037,2.2617,2.2051,2.5053,1.622E7,4.715E5,1.966E4,1.622E7,0.029,1.7818,1.7229,2,-0.0052,4,1
816,2.2617,2.2287,2.3626,580.14985,580.14697,580.15021,2.924E6,9.413E4,2.342E4,2.924E6,0,1,76,,,,,,,,,DETECTED,580.14985,580.14697,580.15021,2.2617,2.2287,2.3626,2.924E6,9.413E4,2.342E4,2.924E6,0.0493,1.3442,1.5254,,,4,1
817,2.2728,2.1785,2.4803,287.05598,287.05328,287.05713,1.515E6,1.271E5,3.64E4,1.515E6,3,1,76,,,,,,,,,DETECTED,287.05598,287.05328,287.05713,2.2728,2.1785,2.4803,1.515E6,1.271E5,3.64E4,1.515E6,0.1103,1.355,2.7804,3,-0.062,3,1
818,2.2728,2.2287,2.3487,325.04668,325.04535,325.04764,1.019E6,6.134E4,1.025E5,1.019E6,2,1,76,,,,,,,,,DETECTED,325.04668,325.04535,325.04764,2.2728,2.2287,2.3487,1.019E6,6.134E4,1.025E5,1.019E6,0.0421,1.3631,2.3558,2,-0.0038,3,1
821,2.2728,2.2287,2.3741,357.05761,357.05737,357.05835,1.36E6,8.18E4,8.992E4,1.36E6,2,1,76,,,,,,,,,DETECTED,357.05761,357.05737,357.05835,2.2728,2.2287,2.3741,1.36E6,8.18E4,8.992E4,1.36E6,0.1848,1.5396,2.626,2,-0.0054,2,1
822,2.2728,2.2512,2.3119,361.14828,361.14697,361.15125,4.715E5,9.506E3,3.397E4,4.715E5,1,,,,,,,,,,,DETECTED,361.14828,361.14697,361.15125,2.2728,2.2512,2.3119,4.715E5,9.506E3,3.397E4,4.715E5,0.0168,1.3522,1.1128,1,0.009,,
825,2.2728,2.2512,2.3741,405.13678,405.13553,405.13968,1.286E6,2.728E4,1.827E4,1.286E6,1,1,,,,,,,,,,DETECTED,405.13678,405.13553,405.13968,2.2728,2.2512,2.3741,1.286E6,2.728E4,1.827E4,1.286E6,0.0162,1.29,1.9893,1,0.0056,2,1
826,2.2728,2.2405,2.3626,407.00446,407.00131,407.0058,2.503E5,1.083E4,3.086E4,2.503E5,0,1,76,,,,,,,,,DETECTED,407.00446,407.00131,407.0058,2.2728,2.2405,2.3626,2.503E5,1.083E4,3.086E4,2.503E5,0.0322,1.893,2.7366,,,2,1
829,2.2728,2.2512,2.3626,583.10343,583.10144,583.10785,4.134E5,1.269E4,3.45E4,4.134E5,0,1,,,,,,,,,,DETECTED,583.10343,583.10144,583.10785,2.2728,2.2512,2.3626,4.134E5,1.269E4,3.45E4,4.134E5,0.0163,2.5869,5.2432,,,2,1
830,2.2728,2.2512,2.3242,625.13617,625.13239,625.13739,2.13E6,4.105E4,3.578E4,2.13E6,1,1,,,,,,,,,,DETECTED,625.13617,625.13239,625.13739,2.2728,2.2512,2.3242,2.13E6,4.105E4,3.578E4,2.13E6,0.0163,1.16,1.0367,1,-0.002,3,1
831,2.2844,2.2512,2.3119,863.17223,863.16846,863.17786,3.801E5,9.764E3,5.156E4,3.801E5,0,1,,,,,,,,,,DETECTED,863.17223,863.16846,863.17786,2.2844,2.2512,2.3119,3.801E5,9.764E3,5.156E4,3.801E5,0.0224,0.9149,1.1346,,,2,1
836,2.3048,2.2728,2.4429,341.08616,341.08493,341.08664,3.073E6,1.344E5,7.35E4,3.073E6,1,1,,,,,,,,,,DETECTED,341.08616,341.08493,341.08664,2.3048,2.2728,2.4429,3.073E6,1.344E5,7.35E4,3.073E6,0.032,1.7406,1.8782,1,0.0217,2,1
837,2.3119,2.2844,2.3859,175.0579,175.0574,175.05807,9.905E5,2.922E4,3.627E4,9.905E5,1,1,124,,,,,,,,,DETECTED,175.0579,175.0574,175.05807,2.3119,2.2844,2.3859,9.905E5,2.922E4,3.627E4,9.905E5,0.0249,1.6164,2.5904,1,0.0056,3,1
838,2.3119,2.2844,2.3741,255.04856,255.048,255.04884,1.672E5,5.011E3,2.063E4,1.672E5,0,1,124,,,,,,,,,DETECTED,255.04856,255.048,255.04884,2.3119,2.2844,2.3741,1.672E5,5.011E3,2.063E4,1.672E5,0.0236,1.6303,2.3145,,,3,1
839,2.3119,2.2728,2.4089,291.01159,291.01056,291.013,3.66E5,1.216E4,2.246E4,3.66E5,0,1,124,,,,,,,,,DETECTED,291.01159,291.01056,291.013,2.3119,2.2728,2.4089,3.66E5,1.216E4,2.246E4,3.66E5,0.0205,2.7026,4.4007,,,3,1
841,2.3119,2.2962,2.3626,547.16188,547.15857,547.16321,3.718E5,8.318E3,2.475E4,3.718E5,0,1,,,,,,,,,,DETECTED,547.16188,547.15857,547.16321,2.3119,2.2962,2.3626,3.718E5,8.318E3,2.475E4,3.718E5,0.0276,1.7613,4.2101,,,3,1
846,2.3242,2.2617,2.3963,503.13834,503.13605,503.14313,9.762E4,6.462E3,1.849E4,9.762E4,0,1,,,,,,,,,,DETECTED,503.13834,503.13605,503.14313,2.3242,2.2617,2.3963,9.762E4,6.462E3,1.849E4,9.762E4,0.0236,1.0766,0.8138,,,2,1
847,2.3242,2.2617,2.3859,575.11517,575.11249,575.12,6.533E5,3.614E4,5.34E4,6.533E5,1,1,,,,,,,,,,DETECTED,575.11517,575.11249,575.12,2.3242,2.2617,2.3859,6.533E5,3.614E4,5.34E4,6.533E5,0.0521,0.9932,1.0708,1,0.0057,2,1
850,2.3366,2.2728,2.4283,451.21733,451.21332,451.21875,4.003E6,1.067E5,3.41E4,4.003E6,1,1,,,,,,,,,,DETECTED,451.21733,451.21332,451.21875,2.3366,2.2728,2.4283,4.003E6,1.067E5,3.41E4,4.003E6,0.2315,1.946,0.4017,1,0.0055,4,1
853,2.3487,2.2844,2.4429,365.14314,365.14124,365.14545,2.108E5,9.673E3,1.53E4,2.108E5,0,1,,,,,,,,,,DETECTED,365.14314,365.14124,365.14545,2.3487,2.2844,2.4429,2.108E5,9.673E3,1.53E4,2.108E5,0.259,1.2127,2.125,,,2,1
854,2.3626,2.2728,2.4928,303.04907,303.04785,303.05093,2.305E5,1.432E4,1.131E4,2.305E5,0,1,17,,,,,,,,,DETECTED,303.04907,303.04785,303.05093,2.3626,2.2728,2.4928,2.305E5,1.432E4,1.131E4,2.305E5,0.0354,1.0868,1.3214,,,2,1
855,2.3626,2.2728,2.4678,325.09178,325.08936,325.09204,1.813E7,1.066E6,2.748E4,1.813E7,2,1,171,,,,,,,,,DETECTED,325.09178,325.08936,325.09204,2.3626,2.2728,2.4678,1.813E7,1.066E6,2.748E4,1.813E7,0.1006,2.5417,3.8517,2,-0.0188,4,1
856,2.3626,2.3242,2.4678,326.09459,326.09393,326.09512,2.759E6,1.422E5,9.34E4,2.759E6,1,1,171,,,,,,,,,DETECTED,326.09459,326.09393,326.09512,2.3626,2.3242,2.4678,2.759E6,1.422E5,9.34E4,2.759E6,0.1003,2.5438,3.7407,1,-0.0061,4,1
859,2.3626,2.3366,2.4283,373.11314,373.11096,373.11441,1.723E5,4.336E3,1.342E4,1.723E5,0,1,,,,,,,,,,DETECTED,373.11314,373.11096,373.11441,2.3626,2.3366,2.4283,1.723E5,4.336E3,1.342E4,1.723E5,0.0194,1.4955,3.2856,,,2,1
860,2.3626,2.3366,2.4678,393.07811,393.07614,393.0809,3.623E5,1.498E4,1.839E4,3.623E5,0,1,,,,,,,,,,DETECTED,393.07811,393.07614,393.0809,2.3626,2.3366,2.4678,3.623E5,1.498E4,1.839E4,3.623E5,0.0267,2.4345,3.5633,,,2,1
861,2.3741,2.3366,2.5053,147.04223,147.04211,147.04234,2.244E6,1.567E5,3.217E5,2.244E6,3,1,17,20,[M-H]-,2,148.04937,861;902,,,,DETECTED,147.04223,147.04211,147.04234,2.3741,2.3366,2.5053,2.244E6,1.567E5,3.217E5,2.244E6,0.1277,2.2487,3.4974,3,-0.021,3,1
863,2.3741,2.3366,2.4678,161.02123,161.02109,161.02142,2.84E5,2.003E4,6.348E4,2.84E5,0,1,17,,,,,,,,,DETECTED,161.02123,161.02109,161.02142,2.3741,2.3366,2.4678,2.84E5,2.003E4,6.348E4,2.84E5,0.0464,1.749,2.498,,,3,1
864,2.3741,2.2728,2.5426,163.03681,163.03648,163.03702,1.415E6,5.933E4,3.018E4,1.415E6,1,1,17,,,,,,,,,DETECTED,163.03681,163.03648,163.03702,2.3741,2.2728,2.5426,1.415E6,5.933E4,3.018E4,1.415E6,0.0247,3.0574,3.0929,1,0.0023,5,1
865,2.3741,2.1251,2.5426,173.0064,173.00569,173.00682,3.497E6,9.257E5,1.126E6,3.497E6,7,1,17,,,,,,,,,DETECTED,173.0064,173.00569,173.00682,2.3741,2.1251,2.5426,3.497E6,9.257E5,1.126E6,3.497E6,0.2947,0.8384,0.6767,7,-0.2378,2,1
869,2.3741,2.2051,2.4553,191.01826,191.01653,191.01949,1.494E6,1.977E5,4.883E5,1.494E6,4,1,17,,,,,,,,,DETECTED,191.01826,191.01653,191.01949,2.3741,2.2051,2.4553,1.494E6,1.977E5,4.883E5,1.494E6,0.2101,0.7404,0.4808,4,-0.1502,2,1
870,2.3741,2.2728,2.5426,191.03209,191.03165,191.03227,4.53E6,5.251E5,6.222E5,4.53E6,5,1,17,18,[M-H]-,2,192.03964,870;872,,,,DETECTED,191.03209,191.03165,191.03227,2.3741,2.2728,2.5426,4.53E6,5.251E5,6.222E5,4.53E6,0.1132,1.3316,1.3725,5,-0.0991,2,1
871,2.3741,2.3366,2.5053,235.0226,235.02243,235.02286,1.182E6,7.899E4,1.566E5,1.182E6,1,1,17,19,[M-H]-,2,236.03,874;871,,,,DETECTED,235.0226,235.02243,235.02286,2.3741,2.3366,2.5053,1.182E6,7.899E4,1.566E5,1.182E6,0.0408,2.2487,2.7004,1,0.0056,2,1
872,2.3741,2.3366,2.5303,237.03811,237.0378,237.03867,2.632E5,2.631E4,5.593E4,2.632E5,0,1,17,18,[M+FA]-,2,192.03964,870;872,,,,DETECTED,237.03811,237.0378,237.03867,2.3741,2.3366,2.5303,2.632E5,2.631E4,5.593E4,2.632E5,0.1021,2.5812,4.1624,,,2,1
873,2.3741,2.3366,2.5053,279.01268,279.01227,279.01294,9.601E5,7.155E4,1.515E5,9.601E5,1,1,17,,,,,,,,,DETECTED,279.01268,279.01227,279.01294,2.3741,2.3366,2.5053,9.601E5,7.155E4,1.515E5,9.601E5,0.0575,2.2487,3.4974,1,0.0039,2,1
874,2.3741,2.3366,2.5053,281.02832,281.02798,281.02887,6.623E5,5.276E4,1.08E5,6.623E5,0,1,17,19,[M+FA]-,2,236.03,874;871,,,,DETECTED,281.02832,281.02798,281.02887,2.3741,2.3366,2.5053,6.623E5,5.276E4,1.08E5,6.623E5,0.0753,2.2487,3.4974,,,2,1
878,2.3741,2.3242,2.6041,318.04713,318.04587,318.04883,7.408E6,2.747E5,1.277E4,7.408E6,2,1,17,,,,,,,,,DETECTED,318.04713,318.04587,318.04883,2.3741,2.3242,2.6041,7.408E6,2.747E5,1.277E4,7.408E6,0.0306,1.7026,2.1845,2,-0.0059,2,1
880,2.3741,2.3048,2.4429,357.11767,357.11694,357.1189,2.936E5,1.575E4,2.488E4,2.936E5,1,1,17,,,,,,,,,DETECTED,357.11767,357.11694,357.1189,2.3741,2.3048,2.4429,2.936E5,1.575E4,2.488E4,2.936E5,0.0586,1.0478,1.0721,1,0.0158,2,1
881,2.3741,2.3366,2.4678,371.0965,371.09561,371.09845,2.561E5,9.352E3,1.239E4,2.561E5,0,1,17,,,,,,,,,DETECTED,371.0965,371.09561,371.09845,2.3741,2.3366,2.4678,2.561E5,9.352E3,1.239E4,2.561E5,0.0256,1.8868,2.6547,,,2,1
882,2.3741,2.3366,2.4429,425.01323,425.0097,425.01468,2.328E5,7.983E3,1.724E4,2.328E5,0,1,17,,,,,,,,,DETECTED,425.01323,425.0097,425.01468,2.3741,2.3366,2.4429,2.328E5,7.983E3,1.724E4,2.328E5,0.0401,1.8335,2.2824,,,3,1
886,2.3741,2.3487,2.4283,461.07097,461.07037,461.07205,2.228E5,7.719E3,3.95E4,2.228E5,0,1,,,,,,,,,,DETECTED,461.07097,461.07037,461.07205,2.3741,2.3487,2.4283,2.228E5,7.719E3,3.95E4,2.228E5,0.0297,1.5696,3.146,,,2,1
888,2.3741,2.3487,2.4283,481.09743,481.09677,481.10208,4.211E6,8.167E4,5.912E4,4.211E6,1,1,,,,,,,,,,DETECTED,481.09743,481.09677,481.10208,2.3741,2.3487,2.4283,4.211E6,8.167E4,5.912E4,4.211E6,0.0163,0.9455,0.8089,1,-0.0025,3,1
889,2.3741,2.3487,2.4163,637.10474,637.10162,637.10529,1.865E7,3.953E5,5.972E5,1.865E7,1,1,,,,,,,,,,DETECTED,637.10474,637.10162,637.10529,2.3741,2.3487,2.4163,1.865E7,3.953E5,5.972E5,1.865E7,0.0193,1.1522,2.0624,1,-0.0042,4,1
892,2.3741,2.3487,2.4429,639.10519,639.10321,639.11053,5.176E5,1.308E4,1.983E4,5.176E5,1,1,,,,,,,,,,DETECTED,639.10519,639.10321,639.11053,2.3741,2.3487,2.4429,5.176E5,1.308E4,1.983E4,5.176E5,0.0204,1.4752,2.6494,1,0.0141,4,1
894,2.3741,2.3366,2.4678,651.18618,651.18188,651.18878,7.549E5,1.596E4,1.54E4,7.549E5,1,1,17,,,,,,,,,DETECTED,651.18618,651.18188,651.18878,2.3741,2.3366,2.4678,7.549E5,1.596E4,1.54E4,7.549E5,0.0168,0.9556,0.803,1,0.0091,3,1
895,2.3741,2.3487,2.4163,737.01731,737.01489,737.02362,1.759E5,4.079E3,1.131E4,1.759E5,0,1,,,,,,,,,,DETECTED,737.01731,737.01489,737.02362,2.3741,2.3487,2.4163,1.759E5,4.079E3,1.131E4,1.759E5,0.0209,1.2045,2.8166,,,3,1
902,2.3963,2.3366,2.5053,193.04744,193.04715,193.04787,2.68E5,2.094E4,4.377E4,2.68E5,0,1,17,20,[M+FA]-,2,148.04937,861;902,,,,DETECTED,193.04744,193.04715,193.04787,2.3963,2.3366,2.5053,2.68E5,2.094E4,4.377E4,2.68E5,0.0853,1.4128,1.8257,,,4,1
904,2.3963,2.3626,2.4803,369.08075,369.07965,369.08224,1.953E5,7.982E3,2.272E4,1.953E5,0,1,36,,,,,,,,,DETECTED,369.08075,369.07965,369.08224,2.3963,2.3626,2.4803,1.953E5,7.982E3,2.272E4,1.953E5,0.029,1.7461,1.4409,,,2,1
905,2.3963,2.3366,2.4429,385.07525,385.0737,385.07791,1.622E5,8.64E3,2.012E4,1.622E5,0,1,17,,,,,,,,,DETECTED,385.07525,385.0737,385.07791,2.3963,2.3366,2.4429,1.622E5,8.64E3,2.012E4,1.622E5,0.0518,0.8905,0.781,,,2,1
906,2.3963,2.3741,2.4803,576.12735,576.12396,576.12836,5.318E6,1.823E5,3.024E5,5.318E6,1,1,,,,,,,,,,DETECTED,576.12735,576.12396,576.12836,2.3963,2.3741,2.4803,5.318E6,1.823E5,3.024E5,5.318E6,0.0312,2.1953,4.0481,1,-0.0047,3,1
910,2.3963,2.3487,2.4429,895.66957,895.66718,895.67468,3.46E5,9.168E3,2.024E4,3.46E5,1,1,36,,,,,,,,,DETECTED,895.66957,895.66718,895.67468,2.3963,2.3487,2.4429,3.46E5,9.168E3,2.024E4,3.46E5,0.0262,0.9018,1.2316,1,0.0092,2,1
911,2.3963,2.3741,2.5053,1153.24791,1153.23975,1153.25269,4.219E5,1.656E4,2.567E4,4.219E5,0,1,,,,,,,,,,DETECTED,1153.24791,1153.23975,1153.25269,2.3963,2.3741,2.5053,4.219E5,1.656E4,2.567E4,4.219E5,0.0374,2.8816,2.8263,,,4,1
912,2.4089,2.3626,2.5181,355.0665,355.06494,355.06723,2.295E5,1.255E4,1.799E4,2.295E5,0,1,,,,,,,,,,DETECTED,355.0665,355.06494,355.06723,2.4089,2.3626,2.5181,2.295E5,1.255E4,1.799E4,2.295E5,0.0801,1.5999,1.9903,,,2,1
914,2.4089,2.3741,2.4429,471.11322,471.11041,471.11661,7.65E4,2.392E3,1.733E4,7.65E4,0,1,,,,,,,,,,DETECTED,471.11322,471.11041,471.11661,2.4089,2.3741,2.4429,7.65E4,2.392E3,1.733E4,7.65E4,0.0292,0.9885,0.9771,,,2,1
916,2.4163,2.3626,2.4678,720.65024,720.6463,720.6543,1.673E5,1.263E4,4.827E4,1.673E5,0,1,,,,,,,,,,DETECTED,720.65024,720.6463,720.6543,2.4163,2.3626,2.4678,1.673E5,1.263E4,4.827E4,1.673E5,0.0775,0.9796,0.9592,,,4,1
918,2.4283,2.3963,2.5053,125.05768,125.05748,125.05788,5.025E5,1.229E4,1.734E4,5.025E5,1,1,44,,,,,,,,,DETECTED,125.05768,125.05748,125.05788,2.4283,2.3963,2.5053,5.025E5,1.229E4,1.734E4,5.025E5,0.0202,1.8226,1.5351,1,0.0185,2,1
920,2.4283,2.3963,2.5181,169.04754,169.0472,169.04797,4.642E5,1.21E4,1.238E4,4.642E5,0,1,44,,,,,,,,,DETECTED,169.04754,169.0472,169.04797,2.4283,2.3963,2.5181,4.642E5,1.21E4,1.238E4,4.642E5,0.0216,1.8367,1.5756,,,2,1
921,2.4283,2.3963,2.5053,187.05834,187.0576,187.05862,3.5E5,9.825E3,1.39E4,3.5E5,0,1,44,,,,,,,,,DETECTED,187.05834,187.0576,187.05862,2.4283,2.3963,2.5053,3.5E5,9.825E3,1.39E4,3.5E5,0.0339,1.5482,1.4047,,,2,1
922,2.4283,2.3963,2.5426,229.06988,229.069,229.07002,3.831E6,9.468E4,2.188E4,3.831E6,1,1,44,,,,,,,,,DETECTED,229.06988,229.069,229.07002,2.4283,2.3963,2.5426,3.831E6,9.468E4,2.188E4,3.831E6,0.0204,1.7256,1.4883,1,-0.0064,3,1
923,2.4283,2.4089,2.5053,265.06981,265.06763,265.07022,2.982E5,9.307E3,1.409E4,2.982E5,0,1,74,,,,,,,,,DETECTED,265.06981,265.06763,265.07022,2.4283,2.4089,2.5053,2.982E5,9.307E3,1.409E4,2.982E5,0.0307,2.8717,14.5984,,,2,1
926,2.4283,2.3859,2.5053,355.10265,355.09964,355.10349,3.446E5,1.14E4,2.196E4,3.446E5,0,1,44,,,,,,,,,DETECTED,355.10265,355.09964,355.10349,2.4283,2.3859,2.5053,3.446E5,1.14E4,2.196E4,3.446E5,0.0218,1.4911,1.1552,,,2,1
927,2.4283,2.4089,2.4803,372.98479,372.98242,372.98636,1.329E5,3.125E3,1.148E4,1.329E5,0,1,,,,,,,,,,DETECTED,372.98479,372.98242,372.98636,2.4283,2.4089,2.4803,1.329E5,3.125E3,1.148E4,1.329E5,0.0197,1.6848,1.9058,,,2,1
928,2.4283,2.3741,2.5303,459.14961,459.14737,459.15125,1.876E6,6.347E4,1.43E4,1.876E6,1,1,44,,,,,,,,,DETECTED,459.14961,459.14737,459.15125,2.4283,2.3741,2.5303,1.876E6,6.347E4,1.43E4,1.876E6,0.0209,1.4737,1.7127,1,-0.0031,3,1
930,2.4283,2.3741,2.4678,623.12239,623.11908,623.12384,2.921E6,6.534E4,3.143E4,2.921E6,1,1,44,,,,,,,,,DETECTED,623.12239,623.11908,623.12384,2.4283,2.3741,2.4678,2.921E6,6.534E4,3.143E4,2.921E6,0.017,0.84,0.7657,1,-0.0246,3,1
933,2.4429,2.4089,2.4803,177.01629,177.01553,177.01651,1.778E5,7.486E3,2.553E4,1.778E5,0,1,74,,,,,,,,,DETECTED,177.01629,177.01553,177.01651,2.4429,2.4089,2.4803,1.778E5,7.486E3,2.553E4,1.778E5,0.0365,1.0492,1.0984,,,4,1
934,2.4429,2.4163,2.4803,267.04939,267.04877,267.0499,7.509E5,1.697E4,5.147E4,7.509E5,1,1,,,,,,,,,,DETECTED,267.04939,267.04877,267.0499,2.4429,2.4163,2.4803,7.509E5,1.697E4,5.147E4,7.509E5,0.0188,1.2014,0.9613,1,0.0056,2,1
935,2.4429,2.4089,2.5903,291.01291,291.01035,291.01358,5.838E5,2.547E4,1.913E4,5.838E5,1,1,74,,,,,,,,,DETECTED,291.01291,291.01035,291.01358,2.4429,2.4089,2.5903,5.838E5,2.547E4,1.913E4,5.838E5,0.0639,2.4878,2.3094,1,0.0023,3,1
938,2.4429,2.4089,2.5053,595.16527,595.16223,595.16595,1.876E6,5.875E4,2.697E4,1.876E6,1,1,74,,,,,,,,,DETECTED,595.16527,595.16223,595.16595,2.4429,2.4089,2.5053,1.876E6,5.875E4,2.697E4,1.876E6,0.1283,0.9784,0.877,1,-0.0068,4,1
941,2.4553,2.3626,2.6041,179.03176,179.03082,179.03296,4.305E5,2.013E4,1.95E4,4.305E5,0,1,46,,,,,,,,,DETECTED,179.03176,179.03082,179.03296,2.4553,2.3626,2.6041,4.305E5,2.013E4,1.95E4,4.305E5,0.0225,1.5055,0.8086,,,4,1
942,2.4553,2.4163,2.567,211.0224,211.02139,211.02266,1.438E5,6.905E3,1.259E4,1.438E5,0,1,46,,,,,,,,,DETECTED,211.0224,211.02139,211.02266,2.4553,2.4163,2.567,1.438E5,6.905E3,1.259E4,1.438E5,0.036,1.8312,30.7079,,,2,1
943,2.4553,2.3741,2.5785,281.0645,281.06281,281.06573,5.793E5,2.051E4,1.606E4,5.793E5,1,1,46,,,,,,,,,DETECTED,281.0645,281.06281,281.06573,2.4553,2.3741,2.5785,5.793E5,2.051E4,1.606E4,5.793E5,0.0212,1.0894,0.6398,1,0.0073,4,1
944,2.4553,2.4283,2.5181,349.14875,349.14694,349.14944,1.903E5,4.717E3,1.086E4,1.903E5,0,1,,,,,,,,,,DETECTED,349.14875,349.14694,349.14944,2.4553,2.4283,2.5181,1.903E5,4.717E3,1.086E4,1.903E5,0.019,2.5026,3.4197,,,2,1
945,2.4553,2.4163,2.5053,457.09778,457.0968,457.1022,2.932E5,7.832E3,1.327E4,2.932E5,0,1,46,,,,,,,,,DETECTED,457.09778,457.0968,457.1022,2.4553,2.4163,2.5053,2.932E5,7.832E3,1.327E4,2.932E5,0.0195,1.0409,0.7804,,,2,1
948,2.4553,2.4283,2.4928,792.06101,792.0545,792.06488,5.657E4,1.345E3,1.016E4,5.657E4,0,1,,,,,,,,,,DETECTED,792.06101,792.0545,792.06488,2.4553,2.4283,2.4928,5.657E4,1.345E3,1.016E4,5.657E4,0.0193,1.1937,1.3314,,,3,1
949,2.4678,2.4429,2.567,147.06318,147.06264,147.06331,3.975E5,1.347E4,1.828E4,3.975E5,0,1,16,,,,,,,,,DETECTED,147.06318,147.06264,147.06331,2.4678,2.4429,2.567,3.975E5,1.347E4,1.828E4,3.975E5,0.0283,3.7628,3.0709,,,2,1
950,2.4678,2.4429,2.5053,239.05418,239.05331,239.0544,5.944E4,1.571E3,1.502E4,5.944E4,0,1,,,,,,,,,,DETECTED,239.05418,239.05331,239.0544,2.4678,2.4429,2.5053,5.944E4,1.571E3,1.502E4,5.944E4,0.022,1.2534,1.5067,,,3,1
951,2.4803,2.2728,2.6771,165.01601,165.01546,165.01669,1.132E5,1.731E4,1.705E4,1.132E5,0,1,16,,,,,,,,,DETECTED,165.01601,165.01546,165.01669,2.4803,2.2728,2.6771,1.132E5,1.731E4,1.705E4,1.132E5,0.6215,0.974,0.889,,,3,1
952,2.4803,2.4553,2.567,181.04732,181.04665,181.04761,1.8E5,5.752E3,1.512E4,1.8E5,0,1,16,,,,,,,,,DETECTED,181.04732,181.04665,181.04761,2.4803,2.4553,2.567,1.8E5,5.752E3,1.512E4,1.8E5,0.0246,8.9574,2.4648,,,7,1
954,2.4803,2.4283,2.5303,261.13256,261.13214,261.13287,2.545E5,6.957E3,9.934E3,2.545E5,0,1,16,,,,,,,,,DETECTED,261.13256,261.13214,261.13287,2.4803,2.4283,2.5303,2.545E5,6.957E3,9.934E3,2.545E5,0.0225,1.1874,0.9844,,,2,1
955,2.4803,2.4429,2.5303,275.11168,275.11096,275.11203,1.861E5,5.382E3,1.513E4,1.861E5,0,1,16,,,,,,,,,DETECTED,275.11168,275.11096,275.11203,2.4803,2.4429,2.5303,1.861E5,5.382E3,1.513E4,1.861E5,0.0232,1.4556,1.6454,,,2,1
957,2.4803,2.3366,2.555,337.05471,337.05301,337.05624,1.008E5,1.023E4,1.054E4,1.008E5,0,1,16,,,,,,,,,DETECTED,337.05471,337.05301,337.05624,2.4803,2.3366,2.555,1.008E5,1.023E4,1.054E4,1.008E5,0.1626,0.7599,1.5389,,,2,1
958,2.4803,2.4429,2.5426,341.08643,341.08597,341.08679,1.377E6,4.577E4,7.35E4,1.377E6,1,1,16,,,,,,,,,DETECTED,341.08643,341.08597,341.08679,2.4803,2.4429,2.5426,1.377E6,4.577E4,7.35E4,1.377E6,0.0401,1.5836,1.8393,1,-0.0069,3,1
960,2.4803,2.4429,2.5426,385.07659,385.07513,385.07721,5.227E4,2.9E3,1.919E4,5.227E4,0,1,16,,,,,,,,,DETECTED,385.07659,385.07513,385.07721,2.4803,2.4429,2.5426,5.227E4,2.9E3,1.919E4,5.227E4,0.0623,1.3335,1.6669,,,2,1
961,2.4803,2.4553,2.5785,425.16423,425.1619,425.16702,3.55E5,1.187E4,1.516E4,3.55E5,0,1,16,,,,,,,,,DETECTED,425.16423,425.1619,425.16702,2.4803,2.4553,2.5785,3.55E5,1.187E4,1.516E4,3.55E5,0.0267,1.945,2.3579,,,3,1
962,2.4803,2.3963,2.5785,431.11839,431.11639,431.11871,4.172E6,1.307E5,2.384E4,4.172E6,2,1,16,,,,,,,,,DETECTED,431.11839,431.11639,431.11871,2.4803,2.3963,2.5785,4.172E6,1.307E5,2.384E4,4.172E6,0.0917,0.7794,0.3342,2,-0.0425,3,1
963,2.4803,2.3741,2.5785,449.20138,449.19824,449.2027,1.89E5,1.114E4,1.312E4,1.89E5,0,1,,,,,,,,,,DETECTED,449.20138,449.19824,449.2027,2.4803,2.3741,2.5785,1.89E5,1.114E4,1.312E4,1.89E5,0.0918,1.1238,1.226,,,2,1
964,2.4803,2.4429,2.5785,473.07242,473.07123,473.07389,1.404E5,7.998E3,3.223E4,1.404E5,0,1,16,,,,,,,,,DETECTED,473.07242,473.07123,473.07389,2.4803,2.4429,2.5785,1.404E5,7.998E3,3.223E4,1.404E5,0.0328,1.8136,2.6273,,,2,1
965,2.4803,2.4429,2.6771,475.08692,475.08426,475.09064,2.28E5,1.601E4,1.21E4,2.28E5,0,1,16,,,,,,,,,DETECTED,475.08692,475.08426,475.09064,2.4803,2.4429,2.6771,2.28E5,1.601E4,1.21E4,2.28E5,0.0843,2.9468,3.9578,,,3,1
967,2.4803,2.4163,2.5053,499.10475,499.10406,499.10599,1.123E5,4.669E3,1.769E4,1.123E5,0,1,,,,,,,,,,DETECTED,499.10475,499.10406,499.10599,2.4803,2.4163,2.5053,1.123E5,4.669E3,1.769E4,1.123E5,0.0336,0.6954,0.4441,,,2,1
968,2.4803,2.4553,2.5181,668.11238,668.10858,668.11371,3.341E5,7.11E3,3.076E4,3.341E5,0,1,,,,,,,,,,DETECTED,668.11238,668.10858,668.11371,2.4803,2.4553,2.5181,3.341E5,7.11E3,3.076E4,3.341E5,0.0181,1.0395,0.9875,,,4,1
971,2.4928,2.3963,2.7472,177.05262,177.05116,177.05295,9.893E5,1.404E5,1.722E4,9.893E5,3,1,16,,,,,,,,,DETECTED,177.05262,177.05116,177.05295,2.4928,2.3963,2.7472,9.893E5,1.404E5,1.722E4,9.893E5,0.1491,1.9606,3.1037,3,-0.0227,4,1
972,2.4928,2.4429,2.6041,321.06022,321.05936,321.06122,2.273E5,1.851E4,4.951E4,2.273E5,0,1,16,,,,,,,,,DETECTED,321.06022,321.05936,321.06122,2.4928,2.4429,2.6041,2.273E5,1.851E4,4.951E4,2.273E5,0.0824,1.6166,2.2331,,,3,1
973,2.4928,2.4678,2.5181,325.09174,325.0914,325.09189,4.854E6,1.267E5,1.007E6,4.854E6,1,1,16,21,[M-H]-,2,326.09894,978;973,,,,DETECTED,325.09174,325.0914,325.09189,2.4928,2.4678,2.5181,4.854E6,1.267E5,1.007E6,4.854E6,0.0219,1.0072,1.0145,1,-0.0102,4,1
976,2.4928,2.4678,2.5903,361.06813,361.06686,361.06906,3.058E5,1.461E4,2.546E4,3.058E5,0,1,,,,,,,,,,DETECTED,361.06813,361.06686,361.06906,2.4928,2.4678,2.5903,3.058E5,1.461E4,2.546E4,3.058E5,0.0807,1.0719,1.2658,,,3,1
978,2.4928,2.4678,2.5785,371.09707,371.09583,371.09756,7.392E5,2.435E4,1.239E4,7.392E5,1,1,16,21,[M+FA]-,2,326.09894,978;973,,,,DETECTED,371.09707,371.09583,371.09756,2.4928,2.4678,2.5785,7.392E5,2.435E4,1.239E4,7.392E5,0.0652,2.2162,3.0292,1,0.017,3,1
979,2.4928,2.4429,2.5181,385.11339,385.11221,385.11407,3.342E5,1.091E4,2.028E4,3.342E5,0,1,16,,,,,,,,,DETECTED,385.11339,385.11221,385.11407,2.4928,2.4429,2.5181,3.342E5,1.091E4,2.028E4,3.342E5,0.0302,0.8344,0.7052,,,3,1
980,2.4928,2.4678,2.5181,393.07966,393.07925,393.08063,7.87E4,2.094E3,1.715E4,7.87E4,0,1,16,,,,,,,,,DETECTED,393.07966,393.07925,393.08063,2.4928,2.4678,2.5181,7.87E4,2.094E3,1.715E4,7.87E4,0.0228,1.0072,1.0145,,,2,1
981,2.4928,2.4678,2.555,447.14989,447.14801,447.15082,3.263E6,6.698E4,4.283E4,3.263E6,1,1,,,,,,,,,,DETECTED,447.14989,447.14801,447.15082,2.4928,2.4678,2.555,3.263E6,6.698E4,4.283E4,3.263E6,0.0164,1.2056,0.9904,1,-0.0051,3,1
983,2.4928,2.4678,2.5303,720.15192,720.14655,720.15369,1.158E6,3.182E4,9.544E4,1.158E6,1,1,16,,,,,,,,,DETECTED,720.15192,720.14655,720.15369,2.4928,2.4678,2.5303,1.158E6,3.182E4,9.544E4,1.158E6,0.0258,1.2506,1.5013,1,0.0057,3,1
988,2.5053,2.4089,2.5785,295.04472,295.04251,295.04526,1.712E6,7.136E4,2.388E4,1.712E6,1,1,164,,,,,,,,,DETECTED,295.04472,295.04251,295.04526,2.5053,2.4089,2.5785,1.712E6,7.136E4,2.388E4,1.712E6,0.0315,2.1741,6.7689,1,0.0077,3,1
989,2.5053,2.4429,2.6041,297.0603,297.05905,297.06094,6.08E6,1.926E5,1.672E4,6.08E6,2,1,164,,,,,,,,,DETECTED,297.0603,297.05905,297.06094,2.5053,2.4429,2.6041,6.08E6,1.926E5,1.672E4,6.08E6,0.0264,0.5868,3.6691,2,0.006,5,1
990,2.5053,2.4803,2.567,308.0767,308.07501,308.07901,7.075E4,2.21E3,1.101E4,7.075E4,0,1,,,,,,,,,,DETECTED,308.0767,308.07501,308.07901,2.5053,2.4803,2.567,7.075E4,2.21E3,1.101E4,7.075E4,0.0265,1.733,3.4276,,,4,1
996,2.5053,2.4553,2.567,508.0999,508.09641,508.10263,1.227E6,4.033E4,2.75E4,1.227E6,1,2,72,,,,,,,,,DETECTED,508.0999,508.09641,508.10263,2.5053,2.4553,2.567,1.227E6,4.033E4,2.75E4,1.227E6,0.0292,1.0223,0.8061,1,-0.0052,3,2
997,2.5053,2.4553,2.5426,849.19004,849.1875,849.19373,6.035E4,2.144E3,1.219E4,6.035E4,0,1,72,,,,,,,,,DETECTED,849.19004,849.1875,849.19373,2.5053,2.4553,2.5426,6.035E4,2.144E3,1.219E4,6.035E4,0.0294,0.8729,0.7457,,,2,1
998,2.5053,2.4678,2.555,1017.19441,1017.1911,1017.20184,1.344E5,5.075E3,1.134E4,1.344E5,0,1,72,,,,,,,,,DETECTED,1017.19441,1017.1911,1017.20184,2.5053,2.4678,2.555,1.344E5,5.075E3,1.134E4,1.344E5,0.0332,1.0498,0.9461,,,3,1
1002,2.5181,2.4803,2.5903,285.05984,285.05774,285.06128,9.782E4,3.478E3,9.172E3,9.782E4,0,1,29,,,,,,,,,DETECTED,285.05984,285.05774,285.06128,2.5181,2.4803,2.5903,9.782E4,3.478E3,9.172E3,9.782E4,0.0227,1.4545,2.3913,,,4,1
1004,2.5181,2.4928,2.6041,433.20574,433.203,433.20886,1.621E5,5.331E3,1.942E4,1.621E5,0,1,,,,,,,,,,DETECTED,433.20574,433.203,433.20886,2.5181,2.4928,2.6041,1.621E5,5.331E3,1.942E4,1.621E5,0.0193,2.1977,1.6341,,,2,1
1005,2.5181,2.4283,2.5903,451.21647,451.21332,451.21857,2.706E5,1.591E4,2.645E4,2.706E5,0,1,,,,,,,,,,DETECTED,451.21647,451.21332,451.21857,2.5181,2.4283,2.5903,2.706E5,1.591E4,2.645E4,2.706E5,0.0317,0.9787,0.7527,,,2,1
1006,2.5181,2.4678,2.6659,463.05109,463.04791,463.05359,1.983E6,6.098E4,1.437E4,1.983E6,1,1,29,,,,,,,,,DETECTED,463.05109,463.04791,463.05359,2.5181,2.4678,2.6659,1.983E6,6.098E4,1.437E4,1.983E6,0.0252,3.8568,3.0408,1,0.0072,3,1
1010,2.5181,2.3963,2.6659,867.19097,867.18542,867.19727,1.916E5,1.826E4,1.21E4,1.916E5,0,1,29,,,,,,,,,DETECTED,867.19097,867.18542,867.19727,2.5181,2.3963,2.6659,1.916E5,1.826E4,1.21E4,1.916E5,0.096,1.1483,1.861,,,5,1
1012,2.5303,2.4678,2.6534,161.0213,161.021,161.02144,4.601E5,2.312E4,4.365E4,4.601E5,1,1,29,,,,,,,,,DETECTED,161.0213,161.021,161.02144,2.5303,2.4678,2.6534,4.601E5,2.312E4,4.365E4,4.601E5,0.0299,1.4861,4.067,1,0.009,3,1
1013,2.5303,2.4283,2.6771,221.04329,221.0426,221.0444,1.734E5,1.294E4,1.467E4,1.734E5,0,1,29,22,[M-H]-,2,222.05106,1013;1015,,,,DETECTED,221.04329,221.0426,221.0444,2.5303,2.4283,2.6771,1.734E5,1.294E4,1.467E4,1.734E5,0.1081,1.2219,1.1531,,,3,1
1014,2.5303,2.3963,2.6771,265.03384,265.03299,265.03442,5.155E5,7.286E4,1.092E4,5.155E5,1,1,16,,,,,,,,,DETECTED,265.03384,265.03299,265.03442,2.5303,2.3963,2.6771,5.155E5,7.286E4,1.092E4,5.155E5,0.1636,1.1308,1.2764,1,-0.0033,3,1
1015,2.5303,2.4803,2.6771,267.04976,267.04874,267.05011,9.376E6,2.897E5,3.331E4,9.376E6,2,1,29,22,[M+FA]-,2,222.05106,1013;1015,,,,DETECTED,267.04976,267.04874,267.05011,2.5303,2.4803,2.6771,9.376E6,2.897E5,3.331E4,9.376E6,0.0234,2.2653,2.6062,2,-0.0066,3,1
1020,2.5303,2.4928,2.555,591.09659,591.09448,591.10162,3.073E5,7.414E3,7.995E4,3.073E5,0,1,,,,,,,,,,DETECTED,591.09659,591.09448,591.10162,2.5303,2.4928,2.555,3.073E5,7.414E3,7.995E4,3.073E5,0.0189,0.8301,0.6601,,,3,1
1021,2.5426,2.5181,2.6659,339.05204,339.04883,339.05258,9.733E5,3.827E4,3.383E4,9.733E5,1,1,,,,,,,,,,DETECTED,339.05204,339.04883,339.05258,2.5426,2.5181,2.6659,9.733E5,3.827E4,3.383E4,9.733E5,0.0232,24.1427,2.8133,1,0.0056,3,1
1022,2.5426,2.5053,2.6041,355.10196,355.09964,355.10229,9E5,2.431E4,2.196E4,9E5,1,1,,,,,,,,,,DETECTED,355.10196,355.09964,355.10229,2.5426,2.5053,2.6041,9E5,2.431E4,2.196E4,9E5,0.0281,1.2655,1.1454,1,-0.0066,3,1
1023,2.5426,2.5181,2.6771,385.11282,385.11172,385.11478,2.177E5,1.257E4,1.95E4,2.177E5,0,1,,,,,,,,,,DETECTED,385.11282,385.11172,385.11478,2.5426,2.5181,2.6771,2.177E5,1.257E4,1.95E4,2.177E5,0.0234,2.832,3.0696,,,2,1
1024,2.555,2.5053,2.6041,235.05874,235.0567,235.05902,3.807E5,1.296E4,1.761E4,3.807E5,1,1,95,,,,,,,,,DETECTED,235.05874,235.0567,235.05902,2.555,2.5053,2.6041,3.807E5,1.296E4,1.761E4,3.807E5,0.0395,1.175,1.6476,1,0.009,2,1
1025,2.555,2.5053,2.6041,265.0699,265.06952,265.07111,5.983E5,1.909E4,1.56E4,5.983E5,1,1,95,,,,,,,,,DETECTED,265.0699,265.06952,265.07111,2.555,2.5053,2.6041,5.983E5,1.909E4,1.56E4,5.983E5,0.0308,1.2521,1.7986,1,-0.0051,2,1
1026,2.555,2.5303,2.6771,315.1071,315.10507,315.10776,9.945E5,2.393E4,1.399E4,9.945E5,1,1,,,,,,,,,,DETECTED,315.1071,315.10507,315.10776,2.555,2.5303,2.6771,9.945E5,2.393E4,1.399E4,9.945E5,0.0176,1.6788,0.9416,1,0.0056,4,1
1028,2.555,2.5181,2.7011,325.09169,325.0907,325.09201,9.42E6,3.81E5,7.039E4,9.42E6,3,1,95,,,,,,,,,DETECTED,325.09169,325.0907,325.09201,2.555,2.5181,2.7011,9.42E6,3.81E5,7.039E4,9.42E6,0.0256,1.8392,1.5554,3,-0.0101,4,1
1030,2.555,2.5303,2.6771,343.13797,343.13651,343.1395,6.472E5,2.399E4,2.347E4,6.472E5,1,1,,,,,,,,,,DETECTED,343.13797,343.13651,343.1395,2.555,2.5303,2.6771,6.472E5,2.399E4,2.347E4,6.472E5,0.0234,2.4429,1.4088,1,0.0073,3,1
1031,2.555,2.5303,2.6164,387.12824,387.1272,387.13019,9.991E5,2.556E4,4.596E4,9.991E5,1,1,,,,,,,,,,DETECTED,387.12824,387.1272,387.13019,2.555,2.5303,2.6164,9.991E5,2.556E4,4.596E4,9.991E5,0.0211,1.4649,1.3431,1,0.004,3,1
1033,2.555,2.4928,2.5785,457.1344,457.13354,457.1358,1.374E5,6.598E3,2.958E4,1.374E5,0,1,,,,,,,,,,DETECTED,457.1344,457.13354,457.1358,2.555,2.4928,2.5785,1.374E5,6.598E3,2.958E4,1.374E5,0.0648,0.6886,0.3772,,,2,1
1034,2.567,2.5303,2.6041,275.11166,275.11099,275.11234,3.703E5,8.5E3,1.093E4,3.703E5,1,1,161,,,,,,,,,DETECTED,275.11166,275.11099,275.11234,2.567,2.5303,2.6041,3.703E5,8.5E3,1.093E4,3.703E5,0.0197,1.0351,1.0116,1,0.0086,2,1
1036,2.567,2.5303,2.6041,459.14914,459.14578,459.15131,6.824E4,1.907E3,1.43E4,6.824E4,0,1,161,,,,,,,,,DETECTED,459.14914,459.14578,459.15131,2.567,2.5303,2.6041,6.824E4,1.907E3,1.43E4,6.824E4,0.0197,1.005,1.01,,,2,1
1037,2.567,2.5426,2.6041,471.11246,471.11038,471.11362,1.603E5,3.158E3,1.143E4,1.603E5,0,1,,,,,,,,,,DETECTED,471.11246,471.11038,471.11362,2.567,2.5426,2.6041,1.603E5,3.158E3,1.143E4,1.603E5,0.0178,2.0118,2.0173,,,2,1
1038,2.567,2.5426,2.6041,547.16294,547.16134,547.16418,3.739E5,6.742E3,3.529E4,3.739E5,1,1,,,,,,,,,,DETECTED,547.16294,547.16134,547.16418,2.567,2.5426,2.6041,3.739E5,6.742E3,3.529E4,3.739E5,0.0151,1.0307,1.839,1,0.0069,3,1
1039,2.567,2.5303,2.6286,577.13428,577.13007,577.13489,8.756E6,2.719E5,1.05E5,8.756E6,1,1,53,,,,,,,,,DETECTED,577.13428,577.13007,577.13489,2.567,2.5303,2.6286,8.756E6,2.719E5,1.05E5,8.756E6,0.027,2.8953,4.1794,1,0.0036,4,1
1042,2.567,2.5426,2.6041,709.11816,709.1123,709.11957,1.979E5,4.167E3,2.468E4,1.979E5,0,1,,,,,,,,,,DETECTED,709.11816,709.1123,709.11957,2.567,2.5426,2.6041,1.979E5,4.167E3,2.468E4,1.979E5,0.0177,1.2599,2.1453,,,2,1
1043,2.567,2.5426,2.6041,737.0767,737.07465,737.08044,5.997E4,1.588E3,2.066E4,5.997E4,0,1,,,,,,,,,,DETECTED,737.0767,737.07465,737.08044,2.567,2.5426,2.6041,5.997E4,1.588E3,2.066E4,5.997E4,0.0211,1.2599,1.5199,,,2,1
1044,2.5785,2.5426,2.6659,189.07399,189.07317,189.07422,9.569E5,2.018E4,1.089E4,9.569E5,1,1,53,,,,,,,,,DETECTED,189.07399,189.07317,189.07422,2.5785,2.5426,2.6659,9.569E5,2.018E4,1.089E4,9.569E5,0.0183,2.0289,2.2868,1,0.0162,2,1
1046,2.5785,2.555,2.6771,289.07031,289.07001,289.07196,1.333E6,5.623E4,5.885E4,1.333E6,0,1,53,,,,,,,,,DETECTED,289.07031,289.07001,289.07196,2.5785,2.555,2.6771,1.333E6,5.623E4,5.885E4,1.333E6,0.0317,2.7619,3.6647,,,3,1
1047,2.5785,2.5181,2.6659,305.06843,305.06678,305.06924,1.715E6,4.984E4,1.979E4,1.715E6,1,1,53,,,,,,,,,DETECTED,305.06843,305.06678,305.06924,2.5785,2.5181,2.6659,1.715E6,4.984E4,1.979E4,1.715E6,0.0214,1.0391,1.0656,1,-0.0062,3,1
1048,2.5785,2.555,2.6659,337.14897,337.14694,337.14957,1.85E5,5.671E3,9.363E3,1.85E5,0,1,53,,,,,,,,,DETECTED,337.14897,337.14694,337.14957,2.5785,2.555,2.6659,1.85E5,5.671E3,9.363E3,1.85E5,0.0255,3.8834,4.3581,,,2,1
1051,2.5903,2.555,2.6771,127.07357,127.07272,127.07369,1.912E6,5.671E4,1.362E4,1.912E6,1,1,53,23,[M-H]-,2,128.08061,1053;1051,,,,DETECTED,127.07357,127.07272,127.07369,2.5903,2.555,2.6771,1.912E6,5.671E4,1.362E4,1.912E6,0.0575,1.3674,1.4686,1,-0.0033,2,1
1052,2.5903,2.555,2.6771,171.06346,171.063,171.06366,2.033E6,5.97E4,1.744E4,2.033E6,1,1,53,,,,,,,,,DETECTED,171.06346,171.063,171.06366,2.5903,2.555,2.6771,2.033E6,5.97E4,1.744E4,2.033E6,0.0511,1.3999,1.3399,1,-0.005,2,1
1053,2.5903,2.5303,2.6659,173.07857,173.07835,173.0789,4.243E5,1.484E4,2.418E4,4.243E5,0,1,53,23,[M+FA]-,2,128.08061,1053;1051,,,,DETECTED,173.07857,173.07835,173.0789,2.5903,2.5303,2.6659,4.243E5,1.484E4,2.418E4,4.243E5,0.0195,1.0489,0.7463,,,3,1
1054,2.5903,2.5303,2.6771,215.09019,215.09004,215.09061,1.119E6,3.723E4,1.737E4,1.119E6,1,1,53,,,,,,,,,DETECTED,215.09019,215.09004,215.09061,2.5903,2.5303,2.6771,1.119E6,3.723E4,1.737E4,1.119E6,0.0187,0.9863,1.5427,1,0.0111,3,1
1055,2.5903,2.555,2.6771,231.08552,231.08476,231.08571,6.714E6,1.997E5,3.833E4,6.714E6,2,1,53,,,,,,,,,DETECTED,231.08552,231.08476,231.08571,2.5903,2.555,2.6771,6.714E6,1.997E5,3.833E4,6.714E6,0.048,1.3814,1.5263,2,-0.0066,3,1
1056,2.5903,2.5053,2.7011,587.06389,587.06036,587.06763,2.895E5,2.51E4,2.154E4,2.895E5,0,1,33,,,,,,,,,DETECTED,587.06389,587.06036,587.06763,2.5903,2.5053,2.7011,2.895E5,2.51E4,2.154E4,2.895E5,0.1494,1.26,1.6572,,,2,1
1062,2.6041,2.5426,2.6771,341.0861,341.08533,341.08679,1.171E6,5.053E4,3.547E4,1.171E6,1,1,33,,,,,,,,,DETECTED,341.0861,341.08533,341.08679,2.6041,2.5426,2.6771,1.171E6,5.053E4,3.547E4,1.171E6,0.1172,0.9307,1.6754,1,-0.0044,3,1
1064,2.6041,2.567,2.6771,401.1437,401.14282,401.14417,4.018E6,1.2E5,1.721E4,4.018E6,1,1,143,24,[M-H]-,2,402.1516,1064;1071,,,,DETECTED,401.1437,401.14282,401.14417,2.6041,2.567,2.6771,4.018E6,1.2E5,1.721E4,4.018E6,0.0273,1.4906,2.3589,1,0.0054,4,1
1065,2.6041,2.5785,2.6659,437.1202,437.11841,437.12189,7.947E5,2.275E4,2.725E4,7.947E5,1,1,,,,,,,,,,DETECTED,437.1202,437.11841,437.12189,2.6041,2.5785,2.6659,7.947E5,2.275E4,2.725E4,7.947E5,0.0283,1.3924,1.4051,1,0.0071,4,1
1071,2.6041,2.555,2.8097,447.15043,447.14783,447.15219,1.856E7,5.645E5,1.544E4,1.856E7,2,1,143,24,[M+FA]-,2,402.1516,1064;1071,,,,DETECTED,447.15043,447.14783,447.15219,2.6041,2.555,2.8097,1.856E7,5.645E5,1.544E4,1.856E7,0.0295,0.517,0.0133,2,-0.0061,4,1
1073,2.6041,2.555,2.6534,457.0971,457.09445,457.09897,1.873E5,6.052E3,2.139E4,1.873E5,0,1,33,,,,,,,,,DETECTED,457.0971,457.09445,457.09897,2.6041,2.555,2.6534,1.873E5,6.052E3,2.139E4,1.873E5,0.026,1.0022,1.4803,,,2,1
1074,2.6041,2.5785,2.6411,464.14,464.13922,464.14127,1.321E5,3.312E3,2.196E4,1.321E5,0,1,,,,,,,,,,DETECTED,464.14,464.13922,464.14127,2.6041,2.5785,2.6411,1.321E5,3.312E3,2.196E4,1.321E5,0.0235,1.2204,2.4774,,,2,1
1075,2.6041,2.5785,2.6411,501.06688,501.06485,501.06726,7.447E4,2.044E3,1.381E4,7.447E4,0,1,,,,,,,,,,DETECTED,501.06688,501.06485,501.06726,2.6041,2.5785,2.6411,7.447E4,2.044E3,1.381E4,7.447E4,0.0278,1.2204,1.0412,,,3,1
1076,2.6041,2.5785,2.6411,515.135,515.13446,515.13599,2.795E5,7.404E3,6.039E4,2.795E5,0,1,,,,,,,,,,DETECTED,515.135,515.13446,515.13599,2.6041,2.5785,2.6411,2.795E5,7.404E3,6.039E4,2.795E5,0.0242,1.2204,1.4409,,,2,1
1078,2.6041,2.5785,2.6534,767.15734,767.15424,767.15857,1.793E5,4.407E3,1.109E4,1.793E5,0,1,,,,,,,,,,DETECTED,767.15734,767.15424,767.15857,2.6041,2.5785,2.6534,1.793E5,4.407E3,1.109E4,1.793E5,0.0211,1.2916,0.9588,,,2,1
1079,2.6164,2.5903,2.6771,277.08125,277.0788,277.08136,1.012E6,2.646E4,3.675E4,1.012E6,1,1,,,,,,,,,,DETECTED,277.08125,277.0788,277.08136,2.6164,2.5903,2.6771,1.012E6,2.646E4,3.675E4,1.012E6,0.0212,1.3863,1.3725,1,0.0073,4,1
1081,2.6164,2.5903,2.6771,365.14356,365.14212,365.14395,2.786E5,7.612E3,1.251E4,2.786E5,0,1,,,,,,,,,,DETECTED,365.14356,365.14212,365.14395,2.6164,2.5903,2.6771,2.786E5,7.612E3,1.251E4,2.786E5,0.0195,1.4327,1.4745,,,2,1
1082,2.6164,2.5785,2.6771,371.09699,371.09622,371.09732,6.492E5,2.421E4,3.866E4,6.492E5,1,1,,,,,,,,,,DETECTED,371.09699,371.09622,371.09732,2.6164,2.5785,2.6771,6.492E5,2.421E4,3.866E4,6.492E5,0.0299,1.6263,1.7326,1,0.009,3,1
1083,2.6164,2.5903,2.6771,389.14335,389.14212,389.14395,4.351E5,9.866E3,1.261E4,4.351E5,1,1,,,,,,,,,,DETECTED,389.14335,389.14212,389.14395,2.6164,2.5903,2.6771,4.351E5,9.866E3,1.261E4,4.351E5,0.0176,1.2626,2.392,1,0.0162,2,1
1085,2.6286,2.6041,2.6771,235.05877,235.05745,235.05885,3.928E5,9.631E3,3.076E4,3.928E5,0,1,98,,,,,,,,,DETECTED,235.05877,235.05745,235.05885,2.6286,2.6041,2.6771,3.928E5,9.631E3,3.076E4,3.928E5,0.0186,1.4911,1.5922,,,3,1
1086,2.6286,2.6041,2.6771,265.06973,265.06863,265.06995,5.516E5,1.289E4,4.638E4,5.516E5,1,1,98,,,,,,,,,DETECTED,265.06973,265.06863,265.06995,2.6286,2.6041,2.6771,5.516E5,1.289E4,4.638E4,5.516E5,0.0181,1.4791,1.3236,1,0.009,2,1
1088,2.6286,2.5903,2.6659,361.06798,361.06454,361.06897,5.906E5,1.304E4,2.699E4,5.906E5,1,1,98,,,,,,,,,DETECTED,361.06798,361.06454,361.06897,2.6286,2.5903,2.6659,5.906E5,1.304E4,2.699E4,5.906E5,0.0177,1.2679,1.2118,1,0.0073,4,1
1089,2.6286,2.6041,2.6659,363.06666,363.06476,363.06686,1.524E5,3.406E3,2.184E4,1.524E5,0,1,,,,,,,,,,DETECTED,363.06666,363.06476,363.06686,2.6286,2.6041,2.6659,1.524E5,3.406E3,2.184E4,1.524E5,0.0189,1.2628,1.0929,,,4,1
1090,2.6286,2.5903,2.6659,387.16569,387.1644,387.16705,1.453E5,3.348E3,1.189E4,1.453E5,0,1,98,,,,,,,,,DETECTED,387.16569,387.1644,387.16705,2.6286,2.5903,2.6659,1.453E5,3.348E3,1.189E4,1.453E5,0.0194,0.8843,0.8813,,,2,1
1093,2.6286,2.6041,2.6771,431.19117,431.18921,431.1915,4.48E6,9.793E4,1.305E5,4.48E6,1,1,,,,,,,,,,DETECTED,431.19117,431.18921,431.1915,2.6286,2.6041,2.6771,4.48E6,9.793E4,1.305E5,4.48E6,0.0192,1.0377,0.916,1,-0.0066,3,1
1094,2.6286,2.6041,2.6659,443.02529,443.02374,443.02814,7.602E4,1.828E3,1.22E4,7.602E4,0,1,,,,,,,,,,DETECTED,443.02529,443.02374,443.02814,2.6286,2.6041,2.6659,7.602E4,1.828E3,1.22E4,7.602E4,0.0212,1.2628,1.1025,,,2,1
1096,2.6286,2.555,2.6895,576.12632,576.12396,576.12769,3.09E6,1.483E5,3.171E5,3.09E6,0,1,,,,,,,,,,DETECTED,576.12632,576.12396,576.12769,2.6286,2.555,2.6895,3.09E6,1.483E5,3.171E5,3.09E6,0.11,0.914,0.3761,,,4,1
1099,2.6286,2.5303,2.6895,720.65011,720.6463,720.65131,3.844E5,3.946E4,9.828E4,3.844E5,0,1,,,,,,,,,,DETECTED,720.65011,720.6463,720.65131,2.6286,2.5303,2.6895,3.844E5,3.946E4,9.828E4,3.844E5,0.1899,0.8098,0.6195,,,2,1
1100,2.6286,2.6041,2.7234,1153.24554,1153.23853,1153.25195,2.569E5,1.454E4,8.359E4,2.569E5,0,1,,,,,,,,,,DETECTED,1153.24554,1153.23853,1153.25195,2.6286,2.6041,2.7234,2.569E5,1.454E4,8.359E4,2.569E5,0.0566,2.4386,3.8772,,,3,1
1102,2.6411,2.6041,2.6659,297.06028,297.05984,297.06046,2.696E6,6.017E4,1.342E5,2.696E6,1,1,,,,,,,,,,DETECTED,297.06028,297.05984,297.06046,2.6411,2.6041,2.6659,2.696E6,6.017E4,1.342E5,2.696E6,0.0196,0.9989,1.0685,1,-0.0068,4,1
1103,2.6411,2.6041,2.6771,355.10168,355.10104,355.10312,4.44E5,1.223E4,1.1E4,4.44E5,1,1,,,,,,,,,,DETECTED,355.10168,355.10104,355.10312,2.6411,2.6041,2.6771,4.44E5,1.223E4,1.1E4,4.44E5,0.0296,1.244,1.2555,1,0.0164,4,1
1104,2.6411,2.6041,2.6771,459.14829,459.14709,459.15054,6.083E4,2.005E3,1.388E4,6.083E4,0,1,,,,,,,,,,DETECTED,459.14829,459.14709,459.15054,2.6411,2.6041,2.6771,6.083E4,2.005E3,1.388E4,6.083E4,0.0299,0.9874,0.9748,,,2,1
1105,2.6534,2.6041,2.6771,281.06485,281.06387,281.065,4.254E5,8.861E3,1.284E4,4.254E5,1,1,,,,,,,,,,DETECTED,281.06485,281.06387,281.065,2.6534,2.6041,2.6771,4.254E5,8.861E3,1.284E4,4.254E5,0.0207,0.6217,1.9307,1,0.0164,2,1
1106,2.6534,2.5426,2.6771,311.07562,311.07458,311.07623,2.314E5,1.152E4,1.141E4,2.314E5,0,1,,,,,,,,,,DETECTED,311.07562,311.07458,311.07623,2.6534,2.5426,2.6771,2.314E5,1.152E4,1.141E4,2.314E5,0.0835,0.62,0.2461,,,2,1
1108,2.6534,2.5785,2.6771,491.13883,491.13776,491.13956,3.033E5,8.754E3,2.217E4,3.033E5,0,1,,,,,,,,,,DETECTED,491.13883,491.13776,491.13956,2.6534,2.5785,2.6771,3.033E5,8.754E3,2.217E4,3.033E5,0.07,0.92,1.1214,,,6,1
1109,2.6534,2.6164,2.6771,517.15335,517.15137,517.1554,6.202E5,1.347E4,4.927E4,6.202E5,1,1,,,,,,,,,,DETECTED,517.15335,517.15137,517.1554,2.6534,2.6164,2.6771,6.202E5,1.347E4,4.927E4,6.202E5,0.0189,0.952,0.9853,1,0.009,3,1
1110,2.6659,2.6041,2.7472,207.06369,207.06313,207.064,8.674E5,5.948E4,1.275E4,8.674E5,2,1,,,,,,,,,,DETECTED,207.06369,207.06313,207.064,2.6659,2.6041,2.7472,8.674E5,5.948E4,1.275E4,8.674E5,0.0887,1.563,2.2395,2,-0.0052,3,1
1112,2.6659,2.6164,2.6895,443.15382,443.15195,443.15619,5.487E5,9.961E3,2.916E4,5.487E5,1,1,,,,,,,,,,DETECTED,443.15382,443.15195,443.15619,2.6659,2.6164,2.6895,5.487E5,9.961E3,2.916E4,5.487E5,0.0149,0.9711,0.096,1,0.0166,5,1
1115,2.6771,2.6534,2.8824,133.01193,133.01109,133.01228,1.79E7,1.022E6,2.923E5,1.79E7,4,1,91,,,,,,,,,DETECTED,133.01193,133.01109,133.01228,2.6771,2.6534,2.8824,1.79E7,1.022E6,2.923E5,1.79E7,0.031,4.1469,4.7187,4,-0.0056,3,1
1116,2.6771,2.6041,3.0243,133.02593,133.02536,133.02628,8.951E6,4.482E5,1.302E4,8.951E6,3,1,91,,,,,,,,,DETECTED,133.02593,133.02536,133.02628,2.6771,2.6041,3.0243,8.951E6,4.482E5,1.302E4,8.951E6,0.0312,3.105,4.5673,3,-0.0023,3,1
1118,2.6771,2.6286,2.8824,135.04163,135.04135,135.04211,1.113E6,5.513E4,2.144E4,1.113E6,1,1,91,,,,,,,,,DETECTED,135.04163,135.04135,135.04211,2.6771,2.6286,2.8824,1.113E6,5.513E4,2.144E4,1.113E6,0.0287,4.3831,12.6611,1,0.0102,4,1
1121,2.6771,2.6411,2.9369,180.0345,180.03416,180.03566,9.213E5,5.097E4,1.008E4,9.213E5,1,1,91,,,,,,,,,DETECTED,180.0345,180.03416,180.03566,2.6771,2.6411,2.9369,9.213E5,5.097E4,1.008E4,9.213E5,0.0303,4.4472,8.3099,1,0.0164,3,1
1123,2.6771,2.6286,2.9443,294.03345,294.03113,294.03525,9.655E5,6.937E4,1.191E4,9.655E5,2,1,91,,,,,,,,,DETECTED,294.03345,294.03113,294.03525,2.6771,2.6286,2.9443,9.655E5,6.937E4,1.191E4,9.655E5,0.031,3.5804,5.9698,2,0.0147,2,1
1126,2.6771,2.5785,2.7234,295.04486,295.04343,295.04523,7.06E7,2.621E6,1.7E5,7.06E7,2,1,91,,,,,,,,,DETECTED,295.04486,295.04343,295.04523,2.6771,2.5785,2.7234,7.06E7,2.621E6,1.7E5,7.06E7,0.0313,1.5707,2.5464,2,-0.0304,4,1
1130,2.6771,2.6534,2.7472,589.08294,589.0777,589.08344,7.327E6,2.039E5,9.004E4,7.327E6,1,1,91,,,,,,,,,DETECTED,589.08294,589.0777,589.08344,2.6771,2.6534,2.7472,7.327E6,2.039E5,9.004E4,7.327E6,0.0256,2.4177,3.1898,1,0.0068,2,1
1131,2.6771,2.6164,2.7472,591.09834,591.09454,591.10297,4.463E7,1.268E6,2.362E4,4.463E7,1,1,91,,,,,,,,,DETECTED,591.09834,591.09454,591.10297,2.6771,2.6164,2.7472,4.463E7,1.268E6,2.362E4,4.463E7,0.0262,2.4154,3.3152,1,0.0038,5,1
1133,2.6771,2.6534,2.7358,593.09899,593.09723,593.10223,1.815E6,5.18E4,7.635E4,1.815E6,0,1,91,,,,,,,,,DETECTED,593.09899,593.09723,593.10223,2.6771,2.6534,2.7358,1.815E6,5.18E4,7.635E4,1.815E6,0.026,2.4936,3.4438,,,5,1
1134,2.6771,2.6534,2.7472,613.07656,613.07178,613.08093,8.94E5,2.589E4,1.557E4,8.94E5,1,1,91,,,,,,,,,DETECTED,613.07656,613.07178,613.08093,2.6771,2.6534,2.7472,8.94E5,2.589E4,1.557E4,8.94E5,0.0259,2.6334,3.5499,1,0.0181,3,1
1137,2.6895,2.5903,3.0243,177.01683,177.01582,177.01715,1.977E7,1.091E6,2.567E4,1.977E7,5,1,91,,,,,,,,,DETECTED,177.01683,177.01582,177.01715,2.6895,2.5903,3.0243,1.977E7,1.091E6,2.567E4,1.977E7,0.0313,2.101,2.786,5,-0.0304,3,1
1140,2.6895,2.6041,2.7234,195.02677,195.02657,195.02742,6.281E5,2.698E4,1.329E4,6.281E5,1,1,91,,,,,,,,,DETECTED,195.02677,195.02657,195.02742,2.6895,2.6041,2.7234,6.281E5,2.698E4,1.329E4,6.281E5,0.0336,0.8035,0.7972,1,0.0156,2,1
1141,2.6895,2.5903,3.0333,293.03,293.0275,293.03055,9.894E6,6.974E5,4.254E4,9.894E6,3,1,91,,,,,,,,,DETECTED,293.03,293.0275,293.03055,2.6895,2.5903,3.0333,9.894E6,6.974E5,4.254E4,9.894E6,0.0313,2.3361,3.3439,3,-0.0163,2,1
1144,2.6895,2.6286,2.7126,295.07983,295.0795,295.08017,4.382E5,1.415E4,1E4,4.382E5,0,1,91,,,,,,,,,DETECTED,295.07983,295.0795,295.08017,2.6895,2.6286,2.7126,4.382E5,1.415E4,1E4,4.382E5,0.0319,0.8303,0.7378,,,2,1
1145,2.6895,2.6286,2.9111,311.03878,311.03769,311.03998,7.214E5,4.875E4,2.209E4,7.214E5,2,1,91,,,,,,,,,DETECTED,311.03878,311.03769,311.03998,2.6895,2.6286,2.9111,7.214E5,4.875E4,2.209E4,7.214E5,0.0315,2.2231,3.1251,2,0.009,2,1
1147,2.6895,2.6164,2.8223,363.03115,363.02859,363.0332,5.917E5,4.076E4,1E4,5.917E5,1,1,91,,,,,,,,,DETECTED,363.03115,363.02859,363.0332,2.6895,2.6164,2.8223,5.917E5,4.076E4,1E4,5.917E5,0.0656,1.1491,0.3632,1,0.0207,2,1
1149,2.6895,2.6411,2.8223,394.96802,394.96661,394.97116,8.252E5,4.279E4,1.121E4,8.252E5,1,1,91,,,,,,,,,DETECTED,394.96802,394.96661,394.97116,2.6895,2.6411,2.8223,8.252E5,4.279E4,1.121E4,8.252E5,0.0345,1.9367,2.6581,1,0.0074,3,1
1151,2.7011,2.6771,2.8097,729.13716,729.13342,729.14386,1.976E6,5.081E4,1.13E4,1.976E6,1,1,,,,,,,,,,DETECTED,729.13716,729.13342,729.14386,2.7011,2.6771,2.8097,1.976E6,5.081E4,1.13E4,1.976E6,0.0219,1.3845,1.3103,1,0.0057,4,1
1154,2.7126,2.6895,2.79,333.05827,333.05643,333.05969,2.173E5,7.85E3,2.216E4,2.173E5,0,1,96,,,,,,,,,DETECTED,333.05827,333.05643,333.05969,2.7126,2.6895,2.79,2.173E5,7.85E3,2.216E4,2.173E5,0.0291,2.1771,2.9274,,,3,1
1156,2.7126,2.6895,2.7667,651.15243,651.14673,651.15295,2.681E6,6.66E4,3.713E4,2.681E6,1,1,96,,,,,,,,,DETECTED,651.15243,651.14673,651.15295,2.7126,2.6895,2.7667,2.681E6,6.66E4,3.713E4,2.681E6,0.0239,1.9638,2.3012,1,0.0083,4,1
1157,2.7234,2.6895,2.8223,355.10221,355.10065,355.10294,1.623E7,4.024E5,6.148E4,1.623E7,1,1,96,,,,,,,,,DETECTED,355.10221,355.10065,355.10294,2.7234,2.6895,2.8223,1.623E7,4.024E5,6.148E4,1.623E7,0.0238,1.3815,1.1545,1,-0.0057,4,1
1158,2.7234,2.6895,2.79,431.19043,431.18845,431.19107,9.642E6,2.199E5,1.103E5,9.642E6,1,,96,,,,,,,,,DETECTED,431.19043,431.18845,431.19107,2.7234,2.6895,2.79,9.642E6,2.199E5,1.103E5,9.642E6,0.0185,1.4775,1.2534,1,-0.0041,,
1170,2.7537,2.7234,3.0243,179.03224,179.03154,179.03258,4.264E6,2.957E5,3.419E4,4.264E6,2,1,75,,,,,,,,,DETECTED,179.03224,179.03154,179.03258,2.7537,2.7234,3.0243,4.264E6,2.957E5,3.419E4,4.264E6,0.0788,3.0294,3.6191,2,0.0708,4,1
1171,2.7537,2.6534,2.842,249.03781,249.03685,249.03894,1.733E5,9.593E3,1.061E4,1.733E5,0,1,75,,,,,,,,,DETECTED,249.03781,249.03685,249.03894,2.7537,2.6534,2.842,1.733E5,9.593E3,1.061E4,1.733E5,0.0294,0.8546,0.9375,,,2,1
1173,2.7537,2.7234,3.0243,295.04494,295.04401,295.04526,4.919E7,2.546E6,2.681E5,4.919E7,5,1,75,,,,,,,,,DETECTED,295.04494,295.04401,295.04526,2.7537,2.7234,3.0243,4.919E7,2.546E6,2.681E5,4.919E7,0.0322,2.5586,2.8438,5,0.0036,4,1
1175,2.7537,2.7126,2.8097,295.07974,295.07947,295.08026,3.091E5,1.343E4,5.388E4,3.091E5,0,1,75,,,,,,,,,DETECTED,295.07974,295.07947,295.08026,2.7537,2.7126,2.8097,3.091E5,1.343E4,5.388E4,3.091E5,0.0317,1.1815,1.2812,,,3,1
1177,2.7537,2.6534,2.8097,317.02597,317.02355,317.0267,2.828E5,1.908E4,2.056E4,2.828E5,0,1,75,,,,,,,,,DETECTED,317.02597,317.02355,317.0267,2.7537,2.6534,2.8097,2.828E5,1.908E4,2.056E4,2.828E5,0.0572,0.7447,0.4077,,,2,1
1178,2.7537,2.7234,2.8097,377.17944,377.17883,377.18179,4.181E5,1.301E4,1.96E4,4.181E5,1,1,54,,,,,,,,,DETECTED,377.17944,377.17883,377.18179,2.7537,2.7234,2.8097,4.181E5,1.301E4,1.96E4,4.181E5,0.029,1.8007,2.2985,1,0.007,2,1
1180,2.7537,2.6286,2.8223,433.2058,433.20224,433.20639,1.411E7,3.807E5,3.565E4,1.411E7,2,1,75,,,,,,,,,DETECTED,433.2058,433.20224,433.20639,2.7537,2.6286,2.8223,1.411E7,3.807E5,3.565E4,1.411E7,0.0276,1.0181,0.5134,2,-0.0452,4,1
1181,2.7537,2.7234,2.7791,435.20963,435.20711,435.21082,3.237E5,7.474E3,3.986E4,3.237E5,0,1,,,,,,,,,,DETECTED,435.20963,435.20711,435.21082,2.7537,2.7234,2.7791,3.237E5,7.474E3,3.986E4,3.237E5,0.0307,0.9202,1.3947,,,4,1
1183,2.7667,2.7358,2.8676,329.08558,329.08383,329.08905,2.665E5,7.511E3,1.095E4,2.665E5,0,1,54,,,,,,,,,DETECTED,329.08558,329.08383,329.08905,2.7667,2.7358,2.8676,2.665E5,7.511E3,1.095E4,2.665E5,0.0204,1.8778,2.0463,,,3,1
1184,2.7667,2.7472,2.966,339.05212,339.04932,339.05283,2.558E6,7.713E4,2.083E4,2.558E6,1,1,,,,,,,,,,DETECTED,339.05212,339.04932,339.05283,2.7667,2.7472,2.966,2.558E6,7.713E4,2.083E4,2.558E6,0.0261,5.2036,3.1459,1,0.0056,2,1
1186,2.7667,2.7472,2.842,723.09383,723.08966,723.09473,5.181E5,1.379E4,2.898E4,5.181E5,1,1,,,,,,,,,,DETECTED,723.09383,723.08966,723.09473,2.7667,2.7472,2.842,5.181E5,1.379E4,2.898E4,5.181E5,0.0214,2.619,3.5986,1,0.0073,3,1
1187,2.7667,2.7358,2.8223,865.18411,865.17822,865.18695,4.958E5,2.051E4,7.763E4,4.958E5,1,1,54,,,,,,,,,DETECTED,865.18411,865.17822,865.18695,2.7667,2.7358,2.8223,4.958E5,2.051E4,7.763E4,4.958E5,0.0314,1.4004,1.8007,1,-0.0042,3,1
1188,2.7791,2.7234,2.875,351.12762,351.12604,351.12964,8.834E5,2.781E4,1.041E4,8.834E5,1,1,,,,,,,,,,DETECTED,351.12762,351.12604,351.12964,2.7791,2.7234,2.875,8.834E5,2.781E4,1.041E4,8.834E5,0.0771,1.1494,1.0278,1,0.0057,3,1
1190,2.79,2.7667,2.875,172.09476,172.09456,172.09521,1.211E5,5.235E3,9.979E3,1.211E5,0,1,,,,,,,,,,DETECTED,172.09476,172.09456,172.09521,2.79,2.7667,2.875,1.211E5,5.235E3,9.979E3,1.211E5,0.0362,2.4133,3.057,,,2,1
1192,2.79,2.7667,2.8549,255.12161,255.12082,255.12302,1.592E5,5.379E3,1.502E4,1.592E5,0,1,,,,,,,,,,DETECTED,255.12161,255.12082,255.12302,2.79,2.7667,2.8549,1.592E5,5.379E3,1.502E4,1.592E5,0.0271,1.6691,2.219,,,2,1
1193,2.79,2.7472,2.8676,407.10631,407.103,407.10941,1.935E5,1.023E4,1.91E4,1.935E5,0,1,,,,,,,,,,DETECTED,407.10631,407.103,407.10941,2.79,2.7472,2.8676,1.935E5,1.023E4,1.91E4,1.935E5,0.0571,1.4072,2.0467,,,2,1
1194,2.79,2.7667,2.842,429.07967,429.0788,429.08304,9.824E4,2.575E3,1.317E4,9.824E4,0,1,,,,,,,,,,DETECTED,429.07967,429.0788,429.08304,2.79,2.7667,2.842,9.824E4,2.575E3,1.317E4,9.824E4,0.022,1.6163,3.0827,,,2,1
1195,2.79,2.6895,2.8223,864.17655,864.17059,864.1817,2.429E5,2.125E4,6.758E4,2.429E5,0,1,,,,,,,,,,DETECTED,864.17655,864.17059,864.1817,2.79,2.6895,2.8223,2.429E5,2.125E4,6.758E4,2.429E5,0.1105,0.6605,0.321,,,4,1
1196,2.799,2.7667,2.8676,253.06958,253.06781,253.07085,2.999E5,9.891E3,1.633E4,2.999E5,1,1,,,,,,,,,,DETECTED,253.06958,253.06781,253.07085,2.799,2.7667,2.8676,2.999E5,9.891E3,1.633E4,2.999E5,0.0313,1.9192,2.2676,1,0.0072,2,1
1198,2.8097,2.7472,2.8824,147.04215,147.04178,147.04225,1.502E5,1.366E4,5.566E4,1.502E5,0,1,42,,,,,,,,,DETECTED,147.04215,147.04178,147.04225,2.8097,2.7472,2.8824,1.502E5,1.366E4,5.566E4,1.502E5,0.1192,1.0811,1.1622,,,3,1
1199,2.8097,2.79,2.8881,175.09452,175.0939,175.09494,4.485E5,1.05E4,8.086E3,4.485E5,1,1,,,,,,,,,,DETECTED,175.09452,175.0939,175.09494,2.8097,2.79,2.8881,4.485E5,1.05E4,8.086E3,4.485E5,0.0212,2.9662,2.8669,1,0.0181,2,1
1200,2.8097,2.7667,2.8974,211.05886,211.05801,211.05919,2.45E5,8.983E3,1.061E4,2.45E5,0,1,,,,,,,,,,DETECTED,211.05886,211.05801,211.05919,2.8097,2.7667,2.8974,2.45E5,8.983E3,1.061E4,2.45E5,0.0284,1.6013,1.5218,,,4,1
1201,2.8097,2.79,2.9111,217.1059,217.10564,217.10622,6.132E5,1.46E4,1.142E4,6.132E5,1,1,,,,,,,,,,DETECTED,217.1059,217.10564,217.10622,2.8097,2.79,2.9111,6.132E5,1.46E4,1.142E4,6.132E5,0.0168,1.638,2.762,1,0.0074,2,1
1202,2.8097,2.79,2.966,243.08515,243.08437,243.08577,2.686E5,1.162E4,8.889E3,2.686E5,1,1,,,,,,,,,,DETECTED,243.08515,243.08437,243.08577,2.8097,2.79,2.966,2.686E5,1.162E4,8.889E3,2.686E5,0.0284,7.3787,9.1385,1,0.0271,2,1
1206,2.8097,2.79,2.8549,319.13876,319.1366,319.14062,2.481E5,5.458E3,1.751E4,2.481E5,0,1,,,,,,,,,,DETECTED,319.13876,319.1366,319.14062,2.8097,2.79,2.8549,2.481E5,5.458E3,1.751E4,2.481E5,0.019,1.3574,1.5229,,,2,1
1216,2.8223,2.79,2.8824,161.02125,161.02075,161.02145,1.711E5,7.357E3,2.184E4,1.711E5,0,1,42,,,,,,,,,DETECTED,161.02125,161.02075,161.02145,2.8223,2.79,2.8824,1.711E5,7.357E3,2.184E4,1.711E5,0.0375,1.432,2.1362,,,6,1
1217,2.8223,2.7472,2.9201,193.04748,193.04686,193.04808,2.259E5,1.414E4,2.397E4,2.259E5,0,1,42,,,,,,,,,DETECTED,193.04748,193.04686,193.04808,2.8223,2.7472,2.9201,2.259E5,1.414E4,2.397E4,2.259E5,0.038,1.1521,2.1369,,,2,1
1218,2.8223,2.799,2.8824,201.07402,201.07347,201.07449,2.141E5,5.293E3,1.213E4,2.141E5,0,1,,,,,,,,,,DETECTED,201.07402,201.07347,201.07449,2.8223,2.799,2.8824,2.141E5,5.293E3,1.213E4,2.141E5,0.0206,1.6637,2.2388,,,2,1
1221,2.833,2.7472,3.0333,177.05229,177.05116,177.0527,1.141E5,2.096E4,3.114E4,1.141E5,0,1,,,,,,,,,,DETECTED,177.05229,177.05116,177.0527,2.833,2.7472,3.0333,1.141E5,2.096E4,3.114E4,1.141E5,0.18,1.6684,2.3368,,,3,1
1222,2.833,2.7472,3.0243,191.03174,191.03043,191.03204,2.807E5,4.427E4,7.159E4,2.807E5,1,1,42,,,,,,,,,DETECTED,191.03174,191.03043,191.03204,2.833,2.7472,3.0243,2.807E5,4.427E4,7.159E4,2.807E5,0.1692,1.6161,2.2322,1,-0.0035,3,1
1227,2.833,2.7472,3.0243,281.02774,281.02625,281.03128,1.288E5,2.148E4,3.053E4,1.288E5,0,1,,,,,,,,,,DETECTED,281.02774,281.02625,281.03128,2.833,2.7472,3.0243,1.288E5,2.148E4,3.053E4,1.288E5,0.221,1.6161,2.2322,,,2,1
1228,2.833,2.8097,2.875,369.11746,369.11694,369.11832,2.277E5,5.134E3,1.173E4,2.277E5,1,1,,,,,,,,,,DETECTED,369.11746,369.11694,369.11832,2.833,2.8097,2.875,2.277E5,5.134E3,1.173E4,2.277E5,0.0192,1.2518,0.9816,1,0.0056,2,1
1229,2.833,2.8097,2.8676,379.11275,379.11017,379.11349,1.645E5,3.341E3,1.839E4,1.645E5,0,1,,,,,,,,,,DETECTED,379.11275,379.11017,379.11349,2.833,2.8097,2.8676,1.645E5,3.341E3,1.839E4,1.645E5,0.0182,1.2456,2.2227,,,2,1
1230,2.833,2.799,2.8824,508.09749,508.0961,508.09878,1.651E5,5.196E3,1.591E4,1.651E5,0,1,,,,,,,,,,DETECTED,508.09749,508.0961,508.09878,2.833,2.799,2.8824,1.651E5,5.196E3,1.591E4,1.651E5,0.026,1.1202,1.0037,,,2,1
1232,2.842,2.7667,2.8881,365.14416,365.14255,365.14627,1.032E5,5.216E3,9.408E3,1.032E5,0,1,129,,,,,,,,,DETECTED,365.14416,365.14255,365.14627,2.842,2.7667,2.8881,1.032E5,5.216E3,9.408E3,1.032E5,0.0624,0.7773,0.6238,,,2,1
1234,2.842,2.8223,2.9369,433.20625,433.20514,433.20728,1.923E6,5.385E4,8.121E4,1.923E6,0,1,129,,,,,,,,,DETECTED,433.20625,433.20514,433.20728,2.842,2.8223,2.9369,1.923E6,5.385E4,8.121E4,1.923E6,0.0214,1.6081,1.7367,,,3,1
1235,2.842,2.8223,2.8974,468.04209,468.03952,468.04553,1.985E5,4.99E3,8.455E3,1.985E5,0,1,,,,,,,,,,DETECTED,468.04209,468.03952,468.04553,2.842,2.8223,2.8974,1.985E5,4.99E3,8.455E3,1.985E5,0.0241,1.5006,1.7323,,,2,1
1236,2.8549,2.7358,2.9888,163.03685,163.03638,163.03705,3.58E5,2.47E4,3.124E4,3.58E5,1,1,56,,,,,,,,,DETECTED,163.03685,163.03638,163.03705,2.8549,2.7358,2.9888,3.58E5,2.47E4,3.124E4,3.58E5,0.0232,0.6586,1.2694,1,0.0481,3,1
1237,2.8549,2.7667,2.9273,251.05391,251.05225,251.05507,2.018E5,9.442E3,1.226E4,2.018E5,0,1,56,,,,,,,,,DETECTED,251.05391,251.05225,251.05507,2.8549,2.7667,2.9273,2.018E5,9.442E3,1.226E4,2.018E5,0.0324,0.8721,1.5813,,,2,1
1238,2.8549,2.799,2.9796,281.06517,281.06351,281.06555,3.558E6,9.025E4,1.549E4,3.558E6,1,1,56,,,,,,,,,DETECTED,281.06517,281.06351,281.06555,2.8549,2.799,2.9796,3.558E6,9.025E4,1.549E4,3.558E6,0.0209,2.5656,1.3403,1,-0.0051,3,1
1239,2.8549,2.8223,2.8824,311.11237,311.11171,311.11264,1.155E5,2.784E3,1.019E4,1.155E5,0,1,56,,,,,,,,,DETECTED,311.11237,311.11171,311.11264,2.8549,2.8223,2.8824,1.155E5,2.784E3,1.019E4,1.155E5,0.0246,1.1052,0.9819,,,2,1
1240,2.8549,2.8223,2.9888,355.10219,355.09961,355.10385,2.277E6,4.732E4,9.783E3,2.277E6,1,1,56,,,,,,,,,DETECTED,355.10219,355.09961,355.10385,2.8549,2.8223,2.9888,2.277E6,4.732E4,9.783E3,2.277E6,0.0167,1.1657,1.1968,1,-0.0035,3,1
1244,2.8549,2.833,2.8974,541.11698,541.11572,541.11792,3.117E5,6.268E3,1.84E4,3.117E5,0,1,,,,,,,,,,DETECTED,541.11698,541.11572,541.11792,2.8549,2.833,2.8974,3.117E5,6.268E3,1.84E4,3.117E5,0.0176,1.8324,2.1274,,,3,1
1247,2.8549,2.8223,2.9888,865.18559,865.17822,865.18958,6.161E5,3.033E4,7.763E4,6.161E5,1,1,56,,,,,,,,,DETECTED,865.18559,865.17822,865.18958,2.8549,2.8223,2.9888,6.161E5,3.033E4,7.763E4,6.161E5,0.0295,2.5474,4.3718,1,0.0057,4,1
1248,2.8549,2.7791,2.9065,920.062,920.05554,920.07074,1.568E5,5.835E3,1.388E4,1.568E5,0,2,56,,,,,,,,,DETECTED,920.062,920.05554,920.07074,2.8549,2.7791,2.9065,1.568E5,5.835E3,1.388E4,1.568E5,0.0663,0.8514,0.6415,,,2,2
1249,2.8549,2.7667,2.9111,933.05136,933.04663,933.05817,4.314E5,1.853E4,3.424E4,4.314E5,1,1,56,,,,,,,,,DETECTED,933.05136,933.04663,933.05817,2.8549,2.7667,2.9111,4.314E5,1.853E4,3.424E4,4.314E5,0.053,0.9257,0.164,1,0.0075,6,1
1250,2.8676,2.842,2.9065,239.09013,239.08994,239.09038,9.633E4,2.389E3,1.13E4,9.633E4,0,1,,,,,,,,,,DETECTED,239.09013,239.08994,239.09038,2.8676,2.842,2.9065,9.633E4,2.389E3,1.13E4,9.633E4,0.021,1.2623,1.2303,,,4,1
1251,2.8676,2.8223,2.9705,337.05426,337.0528,337.05637,1.102E5,5.773E3,1.117E4,1.102E5,0,1,125,,,,,,,,,DETECTED,337.05426,337.0528,337.05637,2.8676,2.8223,2.9705,1.102E5,5.773E3,1.117E4,1.102E5,0.0587,1.6359,2.6862,,,4,1
1253,2.8676,2.8223,2.9273,720.65095,720.64716,720.6532,3.74E5,2.468E4,9.801E4,3.74E5,0,1,125,,,,,,,,,DETECTED,720.65095,720.64716,720.6532,2.8676,2.8223,2.9273,3.74E5,2.468E4,9.801E4,3.74E5,0.0859,1.1591,1.3181,,,2,1
1254,2.875,2.8549,2.9201,319.04432,319.04355,319.04489,1.262E5,2.882E3,9.795E3,1.262E5,0,1,,,,,,,,,,DETECTED,319.04432,319.04355,319.04489,2.875,2.8549,2.9201,1.262E5,2.882E3,9.795E3,1.262E5,0.0187,1.4976,1.6303,,,2,1
1256,2.875,2.8549,3.0333,441.13751,441.13153,441.1394,6.951E4,5.265E3,9.079E3,6.951E4,0,1,,,,,,,,,,DETECTED,441.13751,441.13153,441.1394,2.875,2.8549,3.0333,6.951E4,5.265E3,9.079E3,6.951E4,0.0288,4.4466,6.34,,,2,1
1259,2.875,2.8223,2.8974,958.04407,958.04254,958.04578,6.984E4,2.452E3,1.536E4,6.984E4,0,1,125,,,,,,,,,DETECTED,958.04407,958.04254,958.04578,2.875,2.8223,2.8974,6.984E4,2.452E3,1.536E4,6.984E4,0.094,0.7128,0.4257,,,2,1
1263,2.8881,2.8549,3.0333,371.0976,371.09454,371.09827,1.164E7,2.901E5,1.256E4,1.164E7,2,1,157,,,,,,,,,DETECTED,371.0976,371.09454,371.09827,2.8881,2.8549,3.0333,1.164E7,2.901E5,1.256E4,1.164E7,0.0215,1.7742,2.4388,2,0.0116,5,1
1267,2.8881,2.8676,2.9111,420.19981,420.19748,420.20233,8.868E4,1.451E3,1.025E4,8.868E4,0,1,157,,,,,,,,,DETECTED,420.19981,420.19748,420.20233,2.8881,2.8676,2.9111,8.868E4,1.451E3,1.025E4,8.868E4,0.0138,1.0579,1.3428,,,2,1
1269,2.8881,2.8676,2.9201,439.0839,439.08234,439.0849,2.688E5,5.729E3,3.757E4,2.688E5,1,1,157,,,,,,,,,DETECTED,439.0839,439.08234,439.0849,2.8881,2.8676,2.9201,2.688E5,5.729E3,3.757E4,2.688E5,0.0175,1.2775,1.8528,1,0.0058,2,1
1274,2.8881,2.875,2.9111,743.19498,743.19232,743.19598,2.866E5,4.391E3,3.776E4,2.866E5,1,1,,,,,,,,,,DETECTED,743.19498,743.19232,743.19598,2.8881,2.875,2.9111,2.866E5,4.391E3,3.776E4,2.866E5,0.0137,1.3726,1.4588,1,0.0042,3,1
1275,2.8974,2.875,2.9369,407.15421,407.15042,407.15601,7.591E4,1.873E3,9.653E3,7.591E4,0,1,,,,,,,,,,DETECTED,407.15421,407.15042,407.15601,2.8974,2.875,2.9369,7.591E4,1.873E3,9.653E3,7.591E4,0.0228,1.378,1.6033,,,3,1
1278,2.9065,2.8824,2.9535,363.1184,363.11728,363.11945,1.594E5,4.041E3,1.118E4,1.594E5,0,1,159,,,,,,,,,DETECTED,363.1184,363.11728,363.11945,2.9065,2.8824,2.9535,1.594E5,4.041E3,1.118E4,1.594E5,0.0223,1.3544,1.3124,,,2,1
1279,2.9065,2.8097,3.0243,409.11075,409.1087,409.11386,1.09E5,9.014E3,9.651E3,1.09E5,0,1,,,,,,,,,,DETECTED,409.11075,409.1087,409.11386,2.9065,2.8097,3.0243,1.09E5,9.014E3,9.651E3,1.09E5,0.0394,1.1087,2.3812,,,4,1
1280,2.9065,2.8881,2.9369,523.17894,523.17776,523.17938,1.066E5,2.148E3,1.628E4,1.066E5,0,1,,,,,,,,,,DETECTED,523.17894,523.17776,523.17938,2.9065,2.8881,2.9369,1.066E5,2.148E3,1.628E4,1.066E5,0.0183,1.3263,1.216,,,2,1
1283,2.9065,2.7537,3.0333,942.05186,942.04462,942.06201,2.746E5,2.086E4,1.336E4,2.746E5,0,1,159,,,,,,,,,DETECTED,942.05186,942.04462,942.06201,2.9065,2.7537,3.0333,2.746E5,2.086E4,1.336E4,2.746E5,0.1149,0.8665,0.541,,,3,1
1286,2.9201,2.8824,3.0745,135.0419,135.04147,135.04243,2.467E5,1.193E4,1.356E4,2.467E5,0,1,83,,,,,,,,,DETECTED,135.0419,135.04147,135.04243,2.9201,2.8824,3.0745,2.467E5,1.193E4,1.356E4,2.467E5,0.0344,2.482,2.8352,,,2,1
1288,2.9201,2.8824,2.9963,161.02119,161.02075,161.02147,1.514E5,6.719E3,1.34E4,1.514E5,0,1,83,,,,,,,,,DETECTED,161.02119,161.02075,161.02147,2.9201,2.8824,2.9963,1.514E5,6.719E3,1.34E4,1.514E5,0.0302,1.5103,1.4245,,,3,1
1289,2.9201,2.8974,3.0116,219.02748,219.02666,219.02768,1.96E5,7.466E3,1.043E4,1.96E5,0,1,83,,,,,,,,,DETECTED,219.02748,219.02666,219.02768,2.9201,2.8974,3.0116,1.96E5,7.466E3,1.043E4,1.96E5,0.03,2.2016,2.8197,,,3,1
1291,2.9201,2.8549,3.0116,307.04413,307.04202,307.04474,4.941E5,1.91E4,8.453E3,4.941E5,1,1,83,25,[M-H]-,2,308.05159,1291;1293,,,,DETECTED,307.04413,307.04202,307.04474,2.9201,2.8549,3.0116,4.941E5,1.91E4,8.453E3,4.941E5,0.0281,2.1675,2.8729,1,0.0117,4,1
1292,2.9201,2.8824,3.0745,309.06025,309.0585,309.06146,2.925E6,1.119E5,2.639E4,2.925E6,2,1,83,26,[M+FA]-,2,264.06168,1292;1307,,,,DETECTED,309.06025,309.0585,309.06146,2.9201,2.8824,3.0745,2.925E6,1.119E5,2.639E4,2.925E6,0.0265,1.9792,2.6031,2,-0.005,3,1
1293,2.9201,2.8881,3.0745,353.04998,353.04819,353.0502,2.8E6,8.623E4,1.398E4,2.8E6,1,1,83,25,[M+FA]-,2,308.05159,1291;1293,,,,DETECTED,353.04998,353.04819,353.0502,2.9201,2.8881,3.0745,2.8E6,8.623E4,1.398E4,2.8E6,0.0247,1.7495,2.2295,1,-0.0034,3,1
1301,2.9201,2.8676,3.0116,435.22248,435.21869,435.22314,1.019E7,2.464E5,8.924E4,1.019E7,1,1,83,,,,,,,,,DETECTED,435.22248,435.21869,435.22314,2.9201,2.8676,3.0116,1.019E7,2.464E5,8.924E4,1.019E7,0.0188,1.854,3.2547,1,-0.0067,4,1
1302,2.9201,2.8974,2.9535,437.22607,437.2251,437.22723,2.469E5,5.375E3,1.632E4,2.469E5,0,1,83,,,,,,,,,DETECTED,437.22607,437.2251,437.22723,2.9201,2.8974,2.9535,2.469E5,5.375E3,1.632E4,2.469E5,0.0194,1.0581,0.9751,,,4,1
1304,2.9201,2.8974,2.9705,475.0861,475.0838,475.09042,1.236E5,5.303E3,2.215E4,1.236E5,0,1,,,,,,,,,,DETECTED,475.0861,475.0838,475.09042,2.9201,2.8974,2.9705,1.236E5,5.303E3,2.215E4,1.236E5,0.0406,1.6138,3.351,,,2,1
1307,2.9273,2.8974,2.9888,263.05403,263.05356,263.05447,8.415E4,3.537E3,1.471E4,8.415E4,0,1,83,26,[M-H]-,2,264.06168,1292;1307,,,,DETECTED,263.05403,263.05356,263.05447,2.9273,2.8974,2.9888,8.415E4,3.537E3,1.471E4,8.415E4,0.0399,1.5282,2.0829,,,4,1
1309,2.9273,2.8824,2.9705,267.04891,267.04745,267.0495,1.253E5,5.155E3,9.553E3,1.253E5,0,1,83,,,,,,,,,DETECTED,267.04891,267.04745,267.0495,2.9273,2.8824,2.9705,1.253E5,5.155E3,9.553E3,1.253E5,0.0305,1.0111,1.1385,,,4,1
1310,2.9273,2.8881,3.0116,351.03394,351.03079,351.03464,3.107E5,1.159E4,1.55E4,3.107E5,0,1,83,,,,,,,,,DETECTED,351.03394,351.03079,351.03464,2.9273,2.8881,3.0116,3.107E5,1.159E4,1.55E4,3.107E5,0.0292,1.7041,1.6174,,,2,1
1312,2.9273,2.9111,2.9705,933.04961,933.04663,933.05371,1.65E5,5.055E3,4.069E4,1.65E5,0,1,,,,,,,,,,DETECTED,933.04961,933.04663,933.05371,2.9273,2.9111,2.9705,1.65E5,5.055E3,4.069E4,1.65E5,0.0247,1.8293,2.6586,,,3,1
1313,2.9369,2.9111,3.0116,439.18118,439.1778,439.18143,8.784E6,2.107E5,4.656E4,8.784E6,1,1,49,,,,,,,,,DETECTED,439.18118,439.1778,439.18143,2.9369,2.9111,3.0116,8.784E6,2.107E5,4.656E4,8.784E6,0.0212,1.6856,2.8774,1,0.0023,4,1
1316,2.9369,2.9111,3.0116,465.10175,465.10043,465.10254,5.555E5,1.292E4,1.134E4,5.555E5,0,1,49,,,,,,,,,DETECTED,465.10175,465.10043,465.10254,2.9369,2.9111,3.0116,5.555E5,1.292E4,1.134E4,5.555E5,0.0191,1.8267,2.235,,,3,1
1317,2.9369,2.9201,2.966,491.11684,491.11447,491.12027,1.896E5,3.67E3,4.332E4,1.896E5,0,1,,,,,,,,,,DETECTED,491.11684,491.11447,491.12027,2.9369,2.9201,2.966,1.896E5,3.67E3,4.332E4,1.896E5,0.0186,1.3683,1.7365,,,2,1
1318,2.9369,2.9111,2.9963,501.16038,501.15732,501.16129,2.654E6,4.896E4,2.746E4,2.654E6,1,1,49,,,,,,,,,DETECTED,501.16038,501.15732,501.16129,2.9369,2.9111,2.9963,2.654E6,4.896E4,2.746E4,2.654E6,0.0148,1.3454,1.1555,1,0.004,5,1
1319,2.9369,2.9111,2.9796,502.16223,502.15869,502.16772,4.168E5,8.708E3,1.901E4,4.168E5,0,1,49,,,,,,,,,DETECTED,502.16223,502.15869,502.16772,2.9369,2.9111,2.9796,4.168E5,8.708E3,1.901E4,4.168E5,0.0175,1.4588,1.6524,,,5,1
1322,2.9369,2.9201,2.9888,543.13205,543.12866,543.13293,2.843E5,6.124E3,1.228E4,2.843E5,0,1,,,,,,,,,,DETECTED,543.13205,543.12866,543.13293,2.9369,2.9201,2.9888,2.843E5,6.124E3,1.228E4,2.843E5,0.018,1.491,1.6452,,,2,1
1323,2.9369,2.9201,2.966,547.16086,547.15948,547.1618,1.25E5,2.726E3,5.513E4,1.25E5,0,1,,,,,,,,,,DETECTED,547.16086,547.15948,547.1618,2.9369,2.9201,2.966,1.25E5,2.726E3,5.513E4,1.25E5,0.0174,1.3683,1.7365,,,2,1
1324,2.9443,2.9111,3.0116,295.07949,295.07788,295.0813,1.07E5,3.092E3,8.173E3,1.07E5,0,1,49,,,,,,,,,DETECTED,295.07949,295.07788,295.0813,2.9443,2.9111,3.0116,1.07E5,3.092E3,8.173E3,1.07E5,0.0258,1.5855,0.3485,,,2,1
1325,2.9443,2.9201,2.9796,429.15114,429.14737,429.15414,1.761E5,4.124E3,1.001E4,1.761E5,0,1,,,,,,,,,,DETECTED,429.15114,429.14737,429.15414,2.9443,2.9201,2.9796,1.761E5,4.124E3,1.001E4,1.761E5,0.0207,1.0578,1.2161,,,3,1
1328,2.9535,2.9273,3.0008,413.14262,413.14056,413.14526,7.985E4,2.039E3,8.515E3,7.985E4,0,1,,,,,,,,,,DETECTED,413.14262,413.14056,413.14526,2.9535,2.9273,3.0008,7.985E4,2.039E3,8.515E3,7.985E4,0.0191,1.4051,2.2379,,,2,1
1329,2.9535,2.9201,3.0861,491.04636,491.04187,491.04761,1.752E6,5.016E4,1.559E4,1.752E6,1,1,49,,,,,,,,,DETECTED,491.04636,491.04187,491.04761,2.9535,2.9201,3.0861,1.752E6,5.016E4,1.559E4,1.752E6,0.0234,1.3554,1.0127,1,-0.0068,3,1
1330,2.966,2.9369,3.0243,415.06388,415.06183,415.06699,2.193E5,5.825E3,1.341E4,2.193E5,0,1,167,,,,,,,,,DETECTED,415.06388,415.06183,415.06699,2.966,2.9369,3.0243,2.193E5,5.825E3,1.341E4,2.193E5,0.0231,1.6031,1.5885,,,3,1
1332,2.966,2.8881,3.0678,493.09737,493.09479,493.099,1.219E6,3.331E4,1.602E4,1.219E6,1,1,167,,,,,,,,,DETECTED,493.09737,493.09479,493.099,2.966,2.8881,3.0678,1.219E6,3.331E4,1.602E4,1.219E6,0.0182,1.0215,0.5018,1,-0.0052,3,1
1333,2.966,2.9273,3.0525,720.64959,720.64673,720.65295,1.888E5,1.498E4,8.961E4,1.888E5,0,1,167,,,,,,,,,DETECTED,720.64959,720.64673,720.65295,2.966,2.9273,3.0525,1.888E5,1.498E4,8.961E4,1.888E5,0.0744,1.6189,2.2378,,,3,1
1335,2.9705,2.9443,3.0243,477.06611,477.06522,477.06723,7.873E5,2.104E4,3.318E4,7.873E5,1,1,,,,,,,,,,DETECTED,477.06611,477.06522,477.06723,2.9705,2.9443,3.0243,7.873E5,2.104E4,3.318E4,7.873E5,0.0232,2.1104,2.4659,1,0.0056,6,1
1336,2.9796,2.8974,3.0959,300.99773,300.99512,300.99805,3.854E6,1.472E5,4.708E4,3.854E6,2,1,27,,,,,,,,,DETECTED,300.99773,300.99512,300.99805,2.9796,2.8974,3.0959,3.854E6,1.472E5,4.708E4,3.854E6,0.0289,2.254,1.8383,2,-0.0068,4,1
1337,2.9796,2.9535,3.0243,399.12709,399.12607,399.1311,7.665E4,1.854E3,8.706E3,7.665E4,0,1,27,,,,,,,,,DETECTED,399.12709,399.12607,399.1311,2.9796,2.9535,3.0243,7.665E4,1.854E3,8.706E3,7.665E4,0.0169,1.3528,3.2071,,,2,1
1339,2.9796,2.9201,3.0333,447.18555,447.18417,447.18637,8.589E4,3.052E3,1.14E4,8.589E4,0,1,27,,,,,,,,,DETECTED,447.18555,447.18417,447.18637,2.9796,2.9201,3.0333,8.589E4,3.052E3,1.14E4,8.589E4,0.0212,0.9501,0.9813,,,2,1
1341,2.9796,2.9535,3.0243,517.15319,517.15088,517.15424,3.591E5,9.076E3,3.474E4,3.591E5,0,1,27,,,,,,,,,DETECTED,517.15319,517.15088,517.15424,2.9796,2.9535,3.0243,3.591E5,9.076E3,3.474E4,3.591E5,0.0231,1.2083,1.2079,,,3,1
1342,2.9888,2.966,3.0116,363.11801,363.11761,363.11854,1.901E5,3.873E3,2.484E4,1.901E5,0,1,27,,,,,,,,,DETECTED,363.11801,363.11761,363.11854,2.9888,2.966,3.0116,1.901E5,3.873E3,2.484E4,1.901E5,0.0231,1.002,1.2229,,,2,1
1345,2.9963,2.966,3.0633,429.07984,429.07687,429.08218,5.057E4,2.76E3,1.1E4,5.057E4,0,1,110,,,,,,,,,DETECTED,429.07984,429.07687,429.08218,2.9963,2.966,3.0633,5.057E4,2.76E3,1.1E4,5.057E4,0.0318,1.6072,2.2144,,,2,1
1346,2.9963,2.9705,3.0243,613.14996,613.14703,613.15149,7.138E4,1.884E3,2.28E4,7.138E4,0,1,110,,,,,,,,,DETECTED,613.14996,613.14703,613.15149,2.9963,2.9705,3.0243,7.138E4,1.884E3,2.28E4,7.138E4,0.0277,1.0448,1.0896,,,2,1
1347,3.0008,2.9705,3.0861,206.0799,206.07961,206.08034,1.3E6,4.021E4,1.108E4,1.3E6,1,1,149,,,,,,,,,DETECTED,206.0799,206.07961,206.08034,3.0008,2.9705,3.0861,1.3E6,4.021E4,1.108E4,1.3E6,0.0255,2.1394,2.8997,1,-0.008,2,1
1348,3.0008,2.9796,3.0418,609.14322,609.13928,609.1441,9.119E5,2.308E4,5.697E4,9.119E5,1,1,149,27,[2M+FA]-,2,282.07243,1350;1348,,,,DETECTED,609.14322,609.13928,609.1441,3.0008,2.9796,3.0418,9.119E5,2.308E4,5.697E4,9.119E5,0.0232,1.976,2.5233,1,0.0023,5,1
1349,3.0116,2.9535,3.0418,245.10057,245.09978,245.10086,8.98E4,3.606E3,1.922E4,8.98E4,0,1,,,,,,,,,,DETECTED,245.10057,245.09978,245.10086,3.0116,2.9535,3.0418,8.98E4,3.606E3,1.922E4,8.98E4,0.0534,0.7598,0.5197,,,2,1
1350,3.0116,2.9796,3.0959,281.06507,281.06323,281.06589,1.231E6,3.767E4,1.572E4,1.231E6,1,1,149,27,[M-H]-,2,282.07243,1350;1348,,,,DETECTED,281.06507,281.06323,281.06589,3.0116,2.9796,3.0959,1.231E6,3.767E4,1.572E4,1.231E6,0.0615,1.8488,2.3229,1,-0.0068,3,1
1351,3.0116,2.9443,3.0525,345.15359,345.15182,345.15475,2.131E5,8.377E3,1.489E4,2.131E5,0,1,155,,,,,,,,,DETECTED,345.15359,345.15182,345.15475,3.0116,2.9443,3.0525,2.131E5,8.377E3,1.489E4,2.131E5,0.0691,1.199,2.119,,,2,1
1353,3.0116,2.9443,3.0959,389.1432,389.14218,389.14465,4.203E5,1.409E4,1.267E4,4.203E5,1,1,155,,,,,,,,,DETECTED,389.1432,389.14218,389.14465,3.0116,2.9443,3.0959,4.203E5,1.409E4,1.267E4,4.203E5,0.183,1.4339,0.7447,1,0.0166,2,1
1354,3.0116,2.9369,3.1395,433.20667,433.20233,433.20712,5.795E6,2.16E5,6.929E4,5.795E6,2,1,149,,,,,,,,,DETECTED,433.20667,433.20233,433.20712,3.0116,2.9369,3.1395,5.795E6,2.16E5,6.929E4,5.795E6,0.0208,0.759,0.3281,2,-0.0525,2,1
1355,3.0116,2.9705,3.0678,451.12277,451.12103,451.12375,7.773E5,1.754E4,1.274E4,7.773E5,1,1,149,,,,,,,,,DETECTED,451.12277,451.12103,451.12375,3.0116,2.9705,3.0678,7.773E5,1.754E4,1.274E4,7.773E5,0.0225,1.3438,2.2073,1,-0.0051,3,1
1359,3.0333,2.9888,3.11,163.03747,163.03651,163.03761,1.099E7,3.38E5,3.434E4,1.099E7,2,1,149,,,,,,,,,DETECTED,163.03747,163.03651,163.03761,3.0333,2.9888,3.11,1.099E7,3.38E5,3.434E4,1.099E7,0.0302,1.4508,1.6998,2,-0.0141,4,1
1360,3.0333,2.9963,3.11,279.04986,279.04837,279.05023,1.245E7,3.684E5,9.146E3,1.245E7,2,1,149,,,,,,,,,DETECTED,279.04986,279.04837,279.05023,3.0333,2.9963,3.11,1.245E7,3.684E5,9.146E3,1.245E7,0.028,1.4382,1.6853,2,-0.0124,3,1
1364,3.0418,3.0243,3.0861,311.07568,311.07535,311.07645,4.486E5,1.03E4,4.274E4,4.486E5,1,1,,,,,,,,,,DETECTED,311.07568,311.07535,311.07645,3.0418,3.0243,3.0861,4.486E5,1.03E4,4.274E4,4.486E5,0.0216,1.5575,1.8354,1,0.0056,2,1
1366,3.0418,3.0116,3.11,339.10726,339.10452,339.10751,1.27E7,3.147E5,1.011E5,1.27E7,1,1,149,,,,,,,,,DETECTED,339.10726,339.10452,339.10751,3.0418,3.0116,3.11,1.27E7,3.147E5,1.011E5,1.27E7,0.0215,0.9574,1.1455,1,-0.0119,4,1
1369,3.0418,3.0243,3.0745,369.11727,369.11688,369.11832,3.2E5,5.951E3,1.756E4,3.2E5,1,1,,,,,,,,,,DETECTED,369.11727,369.11688,369.11832,3.0418,3.0243,3.0745,3.2E5,5.951E3,1.756E4,3.2E5,0.0161,1.2511,1.2577,1,0.013,2,1
1370,3.0418,2.9369,3.1577,377.18017,377.17892,377.18094,2.31E6,7.812E4,1.248E4,2.31E6,0,1,84,,,,,,,,,DETECTED,377.18017,377.17892,377.18094,3.0418,2.9369,3.1577,2.31E6,7.812E4,1.248E4,2.31E6,0.0275,2.4624,1.9877,,,3,1
1371,3.0418,3.0243,3.0861,385.11187,385.1113,385.11264,4.103E5,8.835E3,3.076E4,4.103E5,1,1,,,,,,,,,,DETECTED,385.11187,385.1113,385.11264,3.0418,3.0243,3.0861,4.103E5,8.835E3,3.076E4,4.103E5,0.0191,1.4926,1.7383,1,0.0073,2,1
1372,3.0418,2.9273,3.11,393.17455,393.17075,393.1752,1.383E6,3.504E4,1.672E4,1.383E6,1,1,84,28,[M-H]-,2,394.18211,1372;1373,,,,DETECTED,393.17455,393.17075,393.1752,3.0418,2.9273,3.11,1.383E6,3.504E4,1.672E4,1.383E6,0.0248,0.6485,0.1826,1,0.004,3,1
1373,3.0418,3.0116,3.2004,439.18059,439.17752,439.18289,7.882E6,1.945E5,8.506E3,7.882E6,1,1,84,28,[M+FA]-,2,394.18211,1372;1373,,,,DETECTED,439.18059,439.17752,439.18289,3.0418,3.0116,3.2004,7.882E6,1.945E5,8.506E3,7.882E6,0.0224,1.5466,1.9635,1,-0.0045,2,1
1374,3.0418,3.0243,3.0745,441.18321,441.18219,441.18521,1.874E5,4.416E3,3.277E4,1.874E5,0,1,,,,,,,,,,DETECTED,441.18321,441.18219,441.18521,3.0418,3.0243,3.0745,1.874E5,4.416E3,3.277E4,1.874E5,0.0227,1.4309,1.6405,,,3,1
1378,3.0525,2.9963,3.11,323.07525,323.07278,323.07648,1.345E5,5.494E3,1.428E4,1.345E5,0,1,158,,,,,,,,,DETECTED,323.07525,323.07278,323.07648,3.0525,2.9963,3.11,1.345E5,5.494E3,1.428E4,1.345E5,0.0302,1.0108,0.3969,,,2,1
1379,3.0525,3.0333,3.0745,407.06012,407.05963,407.06042,1.199E5,2.44E3,3.787E4,1.199E5,0,1,,,,,,,,,,DETECTED,407.06012,407.05963,407.06042,3.0525,3.0333,3.0745,1.199E5,2.44E3,3.787E4,1.199E5,0.0203,1.0715,1.1431,,,3,1
1383,3.0525,2.9443,3.0861,943.05552,943.0506,943.06421,1.699E5,7.193E3,1.43E4,1.699E5,0,1,158,,,,,,,,,DETECTED,943.05552,943.0506,943.06421,3.0525,2.9443,3.0861,1.699E5,7.193E3,1.43E4,1.699E5,0.0304,0.5541,0.4084,,,4,1
1384,3.0633,3.0418,3.0861,341.0862,341.08594,341.08655,2.579E5,5.077E3,7.245E4,2.579E5,0,1,,,,,,,,,,DETECTED,341.0862,341.08594,341.08655,3.0633,3.0418,3.0861,2.579E5,5.077E3,7.245E4,2.579E5,0.0186,1.0317,1.0635,,,2,1
1385,3.0633,3.0333,3.1273,501.16059,501.1582,501.16135,2.337E6,4.134E4,1.967E4,2.337E6,1,1,139,,,,,,,,,DETECTED,501.16059,501.1582,501.16135,3.0633,3.0333,3.1273,2.337E6,4.134E4,1.967E4,2.337E6,0.0147,1.0705,1.1071,1,-0.0051,5,1
1386,3.0633,3.0418,3.0861,561.13609,561.13446,561.1369,5.099E4,1.055E3,1.925E4,5.099E4,0,1,,,,,,,,,,DETECTED,561.13609,561.13446,561.1369,3.0633,3.0418,3.0861,5.099E4,1.055E3,1.925E4,5.099E4,0.02,1.0317,1.0635,,,2,1
1387,3.0678,3.0525,3.1273,345.15345,345.15207,345.15433,4.165E5,1.011E4,1.625E4,4.165E5,0,1,139,,,,,,,,,DETECTED,345.15345,345.15207,345.15433,3.0678,3.0525,3.1273,4.165E5,1.011E4,1.625E4,4.165E5,0.0182,2.4057,2.5816,,,2,1
1388,3.0678,3.0333,3.1469,431.18958,431.18774,431.19058,5.279E5,1.417E4,1.432E4,5.279E5,1,1,139,,,,,,,,,DETECTED,431.18958,431.18774,431.19058,3.0678,3.0333,3.1469,5.279E5,1.417E4,1.432E4,5.279E5,0.0192,1.5207,2.3912,1,0.004,2,1
1391,3.0745,2.9535,3.2124,299.01546,299.01389,299.01666,3.802E5,2.522E4,4.157E4,3.802E5,1,1,40,,,,,,,,,DETECTED,299.01546,299.01389,299.01666,3.0745,2.9535,3.2124,3.802E5,2.522E4,4.157E4,3.802E5,0.0312,1.0697,2.2425,1,0.019,3,1
1392,3.0745,3.0333,3.11,305.10431,305.10345,305.1062,2.044E5,6.736E3,2.527E4,2.044E5,0,1,,,,,,,,,,DETECTED,305.10431,305.10345,305.1062,3.0745,3.0333,3.11,2.044E5,6.736E3,2.527E4,2.044E5,0.0334,0.9298,1.0604,,,2,1
1393,3.0745,3.0525,3.1469,475.05275,475.04962,475.05475,1.559E6,5.323E4,1.182E5,1.559E6,1,1,40,,,,,,,,,DETECTED,475.05275,475.04962,475.05475,3.0745,3.0525,3.1469,1.559E6,5.323E4,1.182E5,1.559E6,0.0279,3.7395,4.9118,1,0.0074,2,1
1395,3.0745,3.0243,3.2552,477.06704,477.06378,477.06894,5.803E7,1.812E6,4.614E4,5.803E7,3,1,40,,,,,,,,,DETECTED,477.06704,477.06378,477.06894,3.0745,3.0243,3.2552,5.803E7,1.812E6,4.614E4,5.803E7,0.0256,2.2962,4.4593,3,-0.0044,7,1
1398,3.0745,3.0525,3.2004,479.06915,479.06488,479.07318,2.013E6,6.071E4,2.236E4,2.013E6,0,1,40,,,,,,,,,DETECTED,479.06915,479.06488,479.07318,3.0745,3.0525,3.2004,2.013E6,6.071E4,2.236E4,2.013E6,0.0247,3.1544,4.4955,,,7,1
1400,3.0745,3.0525,3.1198,499.04676,499.04483,499.04715,6.513E5,1.584E4,5.781E4,6.513E5,1,1,40,,,,,,,,,DETECTED,499.04676,499.04483,499.04715,3.0745,3.0525,3.1198,6.513E5,1.584E4,5.781E4,6.513E5,0.0247,1.3774,2.9981,1,0.0091,3,1
1402,3.0745,3.0525,3.1469,576.98781,576.98639,576.99133,5.502E5,1.529E4,1.657E4,5.502E5,1,1,40,,,,,,,,,DETECTED,576.98781,576.98639,576.99133,3.0745,3.0525,3.1469,5.502E5,1.529E4,1.657E4,5.502E5,0.0239,2.7119,3.2349,1,0.0139,4,1
1404,3.0745,3.0633,3.11,957.13484,957.133,957.13757,4.184E5,7.434E3,4.729E4,4.184E5,0,1,,,,,,,,,,DETECTED,957.13484,957.133,957.13757,3.0745,3.0633,3.11,4.184E5,7.434E3,4.729E4,4.184E5,0.0178,2.08,3.3004,,,4,1
1405,3.0861,3.0678,3.1395,473.07288,473.07181,473.07489,1.533E5,5.305E3,1.979E4,1.533E5,0,1,,,,,,,,,,DETECTED,473.07288,473.07181,473.07489,3.0861,3.0678,3.1395,1.533E5,5.305E3,1.979E4,1.533E5,0.035,1.9609,2.3585,,,6,1
1406,3.0861,3.0525,3.2004,476.05571,476.05408,476.05829,3.106E5,1.195E4,9.634E3,3.106E5,1,1,40,,,,,,,,,DETECTED,476.05571,476.05408,476.05829,3.0861,3.0525,3.2004,3.106E5,1.195E4,9.634E3,3.106E5,0.0302,1.7811,2.1226,1,0.0143,3,1
1409,3.0861,3.0633,3.11,953.11004,953.1084,953.11542,4.61E5,1.035E4,3.941E4,4.61E5,1,1,,,,,,,,,,DETECTED,953.11004,953.1084,953.11542,3.0861,3.0633,3.11,4.61E5,1.035E4,3.941E4,4.61E5,0.0213,1.1436,0.6016,1,0.0041,2,1
1412,3.0959,3.0745,3.1822,443.15194,443.14941,443.15546,5.343E5,1.582E4,1.007E4,5.343E5,1,1,30,,,,,,,,,DETECTED,443.15194,443.14941,443.15546,3.0959,3.0745,3.1822,5.343E5,1.582E4,1.007E4,5.343E5,0.0282,2.6729,4.0567,1,0.0114,3,1
1413,3.0959,3.0745,3.1668,489.1585,489.15421,489.16055,1.063E6,2.913E4,1.339E4,1.063E6,1,1,30,,,,,,,,,DETECTED,489.1585,489.15421,489.16055,3.0959,3.0745,3.1668,1.063E6,2.913E4,1.339E4,1.063E6,0.0261,2.7473,3.4348,1,0.0098,3,1
1414,3.0959,3.0745,3.1395,939.13439,939.13104,939.14221,3.499E5,6.011E3,1.509E4,3.499E5,0,1,,,,,,,,,,DETECTED,939.13439,939.13104,939.14221,3.0959,3.0745,3.1395,3.499E5,6.011E3,1.509E4,3.499E5,0.0146,1.2148,2.4815,,,2,1
1417,3.11,3.0745,3.205,461.07292,461.07007,461.0741,7.38E5,2.485E4,2.017E4,7.38E5,1,1,30,,,,,,,,,DETECTED,461.07292,461.07007,461.0741,3.11,3.0745,3.205,7.38E5,2.485E4,2.017E4,7.38E5,0.0307,1.9792,2.9825,1,0.004,4,1
1419,3.11,3.0525,3.3171,463.08786,463.08459,463.0914,3.832E7,1.424E6,2.435E4,3.832E7,2,1,30,,,,,,,,,DETECTED,463.08786,463.08459,463.0914,3.11,3.0525,3.3171,3.832E7,1.424E6,2.435E4,3.832E7,0.0562,1.7082,1.6837,2,-0.0181,4,1
1424,3.1198,3.0959,3.1668,357.11715,357.11642,357.11865,3.375E5,7.529E3,1.639E4,3.375E5,0,1,,,,,,,,,,DETECTED,357.11715,357.11642,357.11865,3.1198,3.0959,3.1668,3.375E5,7.529E3,1.639E4,3.375E5,0.018,1.2842,1.1094,,,2,1
1425,3.1198,3.0861,3.1714,385.11108,385.10895,385.11285,5.553E5,1.452E4,1.226E4,5.553E5,1,1,30,,,,,,,,,DETECTED,385.11108,385.10895,385.11285,3.1198,3.0861,3.1714,5.553E5,1.452E4,1.226E4,5.553E5,0.0255,1.2666,1.1078,1,-0.0025,3,1
1427,3.1198,3.0959,3.2907,493.09606,493.09344,493.0994,7.807E5,1.936E4,1.099E4,7.807E5,1,1,,,,,,,,,,DETECTED,493.09606,493.09344,493.0994,3.1198,3.0959,3.2907,7.807E5,1.936E4,1.099E4,7.807E5,0.0156,1.6803,2.5705,1,0.0098,2,1
1428,3.1198,3.0745,3.205,531.07184,531.06891,531.07361,4.24E5,1.676E4,9.478E3,4.24E5,1,1,30,,,,,,,,,DETECTED,531.07184,531.06891,531.07361,3.1198,3.0745,3.205,4.24E5,1.676E4,9.478E3,4.24E5,0.0387,1.9553,1.1419,1,-0.0042,2,1
1430,3.1198,3.0861,3.1822,743.13793,743.13361,743.13995,6.073E5,1.9E4,2.203E4,6.073E5,1,1,,,,,,,,,,DETECTED,743.13793,743.13361,743.13995,3.1198,3.0861,3.1822,6.073E5,1.9E4,2.203E4,6.073E5,0.4172,1.1707,3.3994,1,0.0132,4,1
1431,3.1273,3.11,3.2552,163.03709,163.03651,163.03735,1.445E6,5.37E4,3.831E4,1.445E6,1,1,24,,,,,,,,,DETECTED,163.03709,163.03651,163.03735,3.1273,3.11,3.2552,1.445E6,5.37E4,3.831E4,1.445E6,0.0278,2.5164,3.0126,1,0.0162,4,1
1432,3.1395,3.11,3.1668,133.01145,133.01088,133.01158,1.97E6,6.27E4,1.361E5,1.97E6,1,1,24,,,,,,,,,DETECTED,133.01145,133.01088,133.01158,3.1395,3.11,3.1668,1.97E6,6.27E4,1.361E5,1.97E6,0.0281,0.9621,0.9242,1,-0.0082,3,1
1433,3.1395,3.11,3.3621,141.01649,141.01619,141.01761,8.347E5,3.788E4,1.998E4,8.347E5,0,1,7,,,,,,,,,DETECTED,141.01649,141.01619,141.01761,3.1395,3.11,3.3621,8.347E5,3.788E4,1.998E4,8.347E5,0.0311,3.4856,5.8345,,,4,1
1434,3.1395,3.11,3.2862,185.00631,185.00522,185.00664,1.213E6,5.125E4,2.42E4,1.213E6,1,1,7,,,,,,,,,DETECTED,185.00631,185.00522,185.00664,3.1395,3.11,3.2862,1.213E6,5.125E4,2.42E4,1.213E6,0.0317,3.4264,3.6705,1,0.0114,2,1
1435,3.1395,3.11,3.3017,279.04946,279.04724,279.05026,4.003E6,1.374E5,1.189E4,4.003E6,1,1,24,,,,,,,,,DETECTED,279.04946,279.04724,279.05026,3.1395,3.11,3.3017,4.003E6,1.374E5,1.189E4,4.003E6,0.0273,1.2953,1.2743,1,0.0023,3,1
1438,3.1395,3.11,3.2907,307.04509,307.04367,307.0459,1.397E7,6.157E5,2.249E5,1.397E7,2,1,7,,,,,,,,,DETECTED,307.04509,307.04367,307.0459,3.1395,3.11,3.2907,1.397E7,6.157E5,2.249E5,1.397E7,0.0332,3.3396,4.3998,2,0.0508,4,1
1441,3.1395,3.11,3.2907,308.04783,308.04651,308.05038,1.975E6,7.941E4,3.157E4,1.975E6,1,1,7,,,,,,,,,DETECTED,308.04783,308.04651,308.05038,3.1395,3.11,3.2907,1.975E6,7.941E4,3.157E4,1.975E6,0.0309,3.267,3.4692,1,-0.0048,4,1
1442,3.1395,3.11,3.1822,347.03624,347.03455,347.03751,9.158E4,2.721E3,1.184E4,9.158E4,0,1,24,,,,,,,,,DETECTED,347.03624,347.03455,347.03751,3.1395,3.11,3.1822,9.158E4,2.721E3,1.184E4,9.158E4,0.0307,1.2235,1.3726,,,3,1
1443,3.1395,3.1198,3.188,383.13257,383.13162,383.13541,1.976E5,4.977E3,1.378E4,1.976E5,0,1,,,,,,,,,,DETECTED,383.13257,383.13162,383.13541,3.1395,3.1198,3.188,1.976E5,4.977E3,1.378E4,1.976E5,0.022,1.675,3.048,,,2,1
1444,3.1395,3.1198,3.188,461.10941,461.10754,461.11148,1.382E5,3.465E3,1.138E4,1.382E5,0,1,,,,,,,,,,DETECTED,461.10941,461.10754,461.11148,3.1395,3.1198,3.188,1.382E5,3.465E3,1.138E4,1.382E5,0.0167,1.6549,2.0958,,,2,1
1448,3.1395,3.1198,3.1822,597.17786,597.17438,597.17847,4.127E5,7.686E3,1.773E4,4.127E5,0,1,,,,,,,,,,DETECTED,597.17786,597.17438,597.17847,3.1395,3.1198,3.1822,4.127E5,7.686E3,1.773E4,4.127E5,0.0151,1.2569,1.1861,,,3,1
1451,3.1469,3.11,3.2647,491.0819,491.07886,491.08392,9.18E5,2.728E4,8.501E3,9.18E5,0,1,7,,,,,,,,,DETECTED,491.0819,491.07886,491.08392,3.1469,3.11,3.2647,9.18E5,2.728E4,8.501E3,9.18E5,0.0229,1.727,1.1838,,,2,1
1452,3.1577,3.1395,3.188,419.11724,419.11618,419.11942,6.848E4,1.676E3,2.354E4,6.848E4,0,1,,,,,,,,,,DETECTED,419.11724,419.11618,419.11942,3.1577,3.1395,3.188,6.848E4,1.676E3,2.354E4,6.848E4,0.0229,1.3342,1.6683,,,2,1
1454,3.1714,3.1273,3.2004,345.15351,345.15207,345.15448,7.449E4,2.286E3,1.566E4,7.449E4,0,1,79,,,,,,,,,DETECTED,345.15351,345.15207,345.15448,3.1714,3.1273,3.2004,7.449E4,2.286E3,1.566E4,7.449E4,0.0217,0.8301,0.6601,,,2,1
1455,3.1714,3.1198,3.205,435.22178,435.22092,435.22302,1.428E6,2.772E4,3.649E4,1.428E6,0,1,79,,,,,,,,,DETECTED,435.22178,435.22092,435.22302,3.1714,3.1198,3.205,1.428E6,2.772E4,3.649E4,1.428E6,0.0162,1.5918,1.923,,,3,1
1456,3.1714,3.0745,3.205,457.07641,457.07495,457.07919,2.424E5,1.277E4,1.995E4,2.424E5,1,1,79,,,,,,,,,DETECTED,457.07641,457.07495,457.07919,3.1714,3.0745,3.205,2.424E5,1.277E4,1.995E4,2.424E5,0.0739,0.8436,0.3399,1,0.0074,5,1
1457,3.1714,3.1577,3.2124,551.26895,551.26611,551.26947,1.541E6,3.293E4,6.074E4,1.541E6,1,1,,,,,,,,,,DETECTED,551.26895,551.26611,551.26947,3.1714,3.1577,3.2124,1.541E6,3.293E4,6.074E4,1.541E6,0.0185,1.6741,2.0279,1,0.0023,3,1
1459,3.1822,3.1577,3.205,415.19462,415.19388,415.19556,1.087E5,2.022E3,9.616E3,1.087E5,0,1,123,,,,,,,,,DETECTED,415.19462,415.19388,415.19556,3.1822,3.1577,3.205,1.087E5,2.022E3,9.616E3,1.087E5,0.0159,1.2041,1.3059,,,3,1
1460,3.1822,3.1273,3.205,427.15778,427.15656,427.15955,5.107E4,1.84E3,1.266E4,5.107E4,0,1,123,,,,,,,,,DETECTED,427.15778,427.15656,427.15955,3.1822,3.1273,3.205,5.107E4,1.84E3,1.266E4,5.107E4,0.0433,0.707,0.414,,,2,1
1462,3.1822,3.1668,3.2198,491.1187,491.11609,491.12012,1.554E5,3.211E3,1.016E4,1.554E5,0,1,,,,,,,,,,DETECTED,491.1187,491.11609,491.12012,3.1822,3.1668,3.2198,1.554E5,3.211E3,1.016E4,1.554E5,0.0194,1.889,2.5913,,,2,1
1465,3.2004,3.1395,3.2552,339.10689,339.10608,339.1073,1.508E6,2.955E4,1.261E4,1.508E6,1,1,35,,,,,,,,,DETECTED,339.10689,339.10608,339.1073,3.2004,3.1395,3.2552,1.508E6,2.955E4,1.261E4,1.508E6,0.0164,1.3747,1.4944,1,-0.0052,3,1
1466,3.2004,3.1714,3.2755,369.11781,369.11667,369.11874,1.091E6,2.128E4,8.83E3,1.091E6,1,1,35,,,,,,,,,DETECTED,369.11781,369.11667,369.11874,3.2004,3.1714,3.2755,1.091E6,2.128E4,8.83E3,1.091E6,0.0162,1.4488,1.2948,1,-0.0035,3,1
1467,3.2004,3.1577,3.2307,377.17977,377.17868,377.18112,2.238E5,9.839E3,3.762E4,2.238E5,0,1,35,,,,,,,,,DETECTED,377.17977,377.17868,377.18112,3.2004,3.1577,3.2307,2.238E5,9.839E3,3.762E4,2.238E5,0.0477,0.8538,0.7075,,,2,1
1469,3.2004,3.1822,3.2552,399.12646,399.12418,399.12796,2.468E5,5.171E3,1.276E4,2.468E5,0,1,35,,,,,,,,,DETECTED,399.12646,399.12418,399.12796,3.2004,3.1822,3.2552,2.468E5,5.171E3,1.276E4,2.468E5,0.0176,1.6749,5.7041,,,2,1
1471,3.2004,3.0861,3.2647,479.24715,479.2449,479.2496,2.817E5,1.508E4,2.51E4,2.817E5,0,1,35,,,,,,,,,DETECTED,479.24715,479.2449,479.2496,3.2004,3.0861,3.2647,2.817E5,1.508E4,2.51E4,2.817E5,0.0233,0.7882,0.3179,,,3,1
1472,3.205,3.11,3.2552,193.04837,193.04704,193.04848,7.441E6,2.396E5,1.238E4,7.441E6,1,1,35,,,,,,,,,DETECTED,193.04837,193.04704,193.04848,3.205,3.11,3.2552,7.441E6,2.396E5,1.238E4,7.441E6,0.0393,1.9731,2.8953,1,-0.0114,3,1
1473,3.205,3.1822,3.2552,309.06062,309.05987,309.06079,1.114E7,3.584E5,6.182E5,1.114E7,1,1,35,,,,,,,,,DETECTED,309.06062,309.05987,309.06079,3.205,3.1822,3.2552,1.114E7,3.584E5,6.182E5,1.114E7,0.0406,1.9713,2.8415,1,0.0023,4,1
1474,3.205,3.1822,3.2552,377.04771,377.04585,377.04996,2.886E5,8.253E3,1.869E4,2.886E5,0,1,35,,,,,,,,,DETECTED,377.04771,377.04585,377.04996,3.205,3.1822,3.2552,2.886E5,8.253E3,1.869E4,2.886E5,0.0316,1.9443,3.0013,,,2,1
1475,3.205,3.188,3.2352,619.12362,619.12189,619.12482,1.409E5,2.999E3,1.032E4,1.409E5,0,1,,,,,,,,,,DETECTED,619.12362,619.12189,619.12482,3.205,3.188,3.2352,1.409E5,2.999E3,1.032E4,1.409E5,0.0194,1.2752,1.4726,,,3,1
1478,3.2198,3.1714,3.2907,323.07537,323.07315,323.07654,1.158E5,5.213E3,1.053E4,1.158E5,0,1,63,,,,,,,,,DETECTED,323.07537,323.07315,323.07654,3.2198,3.1714,3.2907,1.158E5,5.213E3,1.053E4,1.158E5,0.0363,1.2917,1.6749,,,2,1
1480,3.2198,3.188,3.3171,399.0623,399.06015,399.06299,1.138E6,3.161E4,3.469E4,1.138E6,1,1,63,,,,,,,,,DETECTED,399.0623,399.06015,399.06299,3.2198,3.188,3.3171,1.138E6,3.161E4,3.469E4,1.138E6,0.0242,1.7123,2.0562,1,0.0023,2,1
1482,3.2198,3.188,3.2647,799.12607,799.12225,799.13129,3.941E5,9.475E3,8.68E3,3.941E5,1,1,63,,,,,,,,,DETECTED,799.12607,799.12225,799.13129,3.2198,3.188,3.2647,3.941E5,9.475E3,8.68E3,3.941E5,0.0226,1.4992,2.1181,1,0.0074,3,1
1487,3.2307,3.1714,3.2862,505.09808,505.09476,505.10199,2.862E6,6.869E4,1.015E4,2.862E6,1,1,175,,,,,,,,,DETECTED,505.09808,505.09476,505.10199,3.2307,3.1714,3.2862,2.862E6,6.869E4,1.015E4,2.862E6,0.0236,1.3623,1.317,1,-0.0052,4,1
1489,3.2307,3.205,3.3289,549.0883,549.08344,549.08862,5.12E6,1.302E5,3.345E4,5.12E6,1,1,175,,,,,,,,,DETECTED,549.0883,549.08344,549.08862,3.2307,3.205,3.3289,5.12E6,1.302E5,3.345E4,5.12E6,0.0273,1.3441,1.3142,1,-0.0069,4,1
1494,3.2352,3.2124,3.3171,255.12189,255.12086,255.1228,4.818E5,1.285E4,1.109E4,4.818E5,1,1,68,,,,,,,,,DETECTED,255.12189,255.12086,255.1228,3.2352,3.2124,3.3171,4.818E5,1.285E4,1.109E4,4.818E5,0.0231,1.8379,6.6987,1,0.004,2,1
1496,3.2427,3.188,3.2862,241.10602,241.10544,241.10651,8.029E5,1.959E4,2.107E4,8.029E5,1,1,68,,,,,,,,,DETECTED,241.10602,241.10544,241.10651,3.2427,3.188,3.2862,8.029E5,1.959E4,2.107E4,8.029E5,0.017,0.8801,0.5687,1,0.0039,2,1
1498,3.2427,3.2307,3.3289,377.18018,377.17834,377.18106,2.126E5,7.115E3,1.27E4,2.126E5,0,1,68,,,,,,,,,DETECTED,377.18018,377.17834,377.18106,3.2427,3.2307,3.3289,2.126E5,7.115E3,1.27E4,2.126E5,0.0272,3.6706,5.8172,,,4,1
1501,3.2427,3.2307,3.3063,449.1069,449.10434,449.11087,1.504E5,3.986E3,1.196E4,1.504E5,0,1,,,,,,,,,,DETECTED,449.1069,449.10434,449.11087,3.2427,3.2307,3.3063,1.504E5,3.986E3,1.196E4,1.504E5,0.0227,5.1623,7.8899,,,2,1
1502,3.2427,3.1577,3.3063,477.10298,477.1019,477.10431,1.325E6,5.263E4,2.618E4,1.325E6,2,1,68,,,,,,,,,DETECTED,477.10298,477.1019,477.10431,3.2427,3.1577,3.3063,1.325E6,5.263E4,2.618E4,1.325E6,0.0881,1.1017,0.5562,2,-0.0673,2,1
1503,3.2427,3.205,3.2755,489.1596,489.15826,489.16052,7.405E4,2.077E3,9.296E3,7.405E4,0,1,68,,,,,,,,,DETECTED,489.1596,489.15826,489.16052,3.2427,3.205,3.2755,7.405E4,2.077E3,9.296E3,7.405E4,0.0246,0.9348,0.7295,,,2,1
1505,3.2427,3.2307,3.2907,539.21049,539.20624,539.21399,3.868E5,7.669E3,1.618E4,3.868E5,0,1,,,,,,,,,,DETECTED,539.21049,539.20624,539.21399,3.2427,3.2307,3.2907,3.868E5,7.669E3,1.618E4,3.868E5,0.0171,2.2498,4.1597,,,3,1
1506,3.2427,3.2124,3.3017,593.14898,593.1441,593.15308,1.003E6,2.22E4,1.226E4,1.003E6,1,1,68,,,,,,,,,DETECTED,593.14898,593.1441,593.15308,3.2427,3.2124,3.3017,1.003E6,2.22E4,1.226E4,1.003E6,0.0196,1.0303,0.6147,1,-0.0051,5,1
1508,3.2427,3.2124,3.2862,723.16175,723.15863,723.16473,1.028E5,2.381E3,1.044E4,1.028E5,0,1,68,,,,,,,,,DETECTED,723.16175,723.15863,723.16473,3.2427,3.2124,3.2862,1.028E5,2.381E3,1.044E4,1.028E5,0.0187,1.2184,0.9628,,,3,1
1509,3.2552,3.2352,3.3354,153.08917,153.0889,153.08984,4.735E5,1.21E4,2.209E4,4.735E5,1,1,,,,,,,,,,DETECTED,153.08917,153.0889,153.08984,3.2552,3.2352,3.3354,4.735E5,1.21E4,2.209E4,4.735E5,0.0262,3.2827,4.2035,1,0.0135,2,1
1510,3.2552,3.1198,3.4494,171.06298,171.06238,171.06343,1.646E5,2.015E4,1.282E4,1.646E5,0,1,,,,,,,,,,DETECTED,171.06298,171.06238,171.06343,3.2552,3.1198,3.4494,1.646E5,2.015E4,1.282E4,1.646E5,0.1104,1.1289,1.3358,,,2,1
1511,3.2552,3.2352,3.3289,197.07902,197.07806,197.07961,2.933E5,7.503E3,1.584E4,2.933E5,0,1,,,,,,,,,,DETECTED,197.07902,197.07806,197.07961,3.2552,3.2352,3.3289,2.933E5,7.503E3,1.584E4,2.933E5,0.0222,1.8102,2.5206,,,2,1
1512,3.2552,3.2352,3.2862,215.0902,215.08905,215.09105,5.58E4,1.414E3,1.265E4,5.58E4,0,1,,,,,,,,,,DETECTED,215.0902,215.08905,215.09105,3.2552,3.2352,3.2862,5.58E4,1.414E3,1.265E4,5.58E4,0.0245,1.278,1.556,,,2,1
1513,3.2552,3.2307,3.4211,257.10167,257.10022,257.10217,6.042E6,1.675E5,7.894E3,6.042E6,2,1,,,,,,,,,,DETECTED,257.10167,257.10022,257.10217,3.2552,3.2307,3.4211,6.042E6,1.675E5,7.894E3,6.042E6,0.0237,2.4425,2.5011,2,-0.0052,3,1
1514,3.2552,3.2352,3.3017,279.08294,279.08228,279.08377,1.558E5,4.146E3,1.706E4,1.558E5,0,1,,,,,,,,,,DETECTED,279.08294,279.08228,279.08377,3.2552,3.2352,3.3017,1.558E5,4.146E3,1.706E4,1.558E5,0.024,1.6677,2.8908,,,2,1
1516,3.2647,3.2427,3.3063,461.14345,461.13998,461.14493,1.922E5,4.531E3,1.612E4,1.922E5,0,1,,,,,,,,,,DETECTED,461.14345,461.13998,461.14493,3.2647,3.2427,3.3063,1.922E5,4.531E3,1.612E4,1.922E5,0.0282,1.6232,1.222,,,2,1
1518,3.2647,3.2427,3.3289,547.23644,547.2348,547.23907,5.064E5,1.244E4,2.514E4,5.064E5,1,1,106,,,,,,,,,DETECTED,547.23644,547.2348,547.23907,3.2647,3.2427,3.3289,5.064E5,1.244E4,2.514E4,5.064E5,0.0323,1.5702,2.4955,1,0.0056,3,1
1520,3.2755,3.2427,3.3171,189.05244,189.05219,189.05295,9.39E4,2.673E3,1.245E4,9.39E4,0,1,106,,,,,,,,,DETECTED,189.05244,189.05219,189.05295,3.2755,3.2427,3.3171,9.39E4,2.673E3,1.245E4,9.39E4,0.0307,1.1347,2.3316,,,5,1
1521,3.2755,3.2552,3.5049,193.04804,193.04668,193.04828,2.451E6,9.111E4,1.145E4,2.451E6,2,1,59,,,,,,,,,DETECTED,193.04804,193.04668,193.04828,3.2755,3.2552,3.5049,2.451E6,9.111E4,1.145E4,2.451E6,0.0253,2.4552,3.0426,2,-0.0159,5,1
1522,3.2755,3.188,3.3621,199.09462,199.0937,199.09509,1.64E5,9.685E3,8.605E3,1.64E5,0,1,59,,,,,,,,,DETECTED,199.09462,199.0937,199.09509,3.2755,3.188,3.3621,1.64E5,9.685E3,8.605E3,1.64E5,0.0537,1.0757,1.0928,,,2,1
1523,3.2755,3.2427,3.3171,251.054,251.05315,251.05582,1.591E5,4.5E3,1.389E4,1.591E5,0,1,106,,,,,,,,,DETECTED,251.054,251.05315,251.05582,3.2755,3.2427,3.3171,1.591E5,4.5E3,1.389E4,1.591E5,0.0253,1.1347,2.3366,,,2,1
1524,3.2755,3.2552,3.3354,259.11691,259.11669,259.11774,9.269E5,1.865E4,2.975E4,9.269E5,0,1,,,,,,,,,,DETECTED,259.11691,259.11669,259.11774,3.2755,3.2552,3.3354,9.269E5,1.865E4,2.975E4,9.269E5,0.0171,1.4472,2.2722,,,3,1
1525,3.2755,3.2427,3.3171,293.0652,293.06485,293.06555,6.871E5,1.85E4,6.437E4,6.871E5,1,1,106,,,,,,,,,DETECTED,293.0652,293.06485,293.06555,3.2755,3.2427,3.3171,6.871E5,1.85E4,6.437E4,6.871E5,0.0279,1.1347,2.0927,1,-0.0035,3,1
1527,3.2755,3.2552,3.4802,309.06047,309.05865,309.06076,1.075E7,3.86E5,2.519E4,1.075E7,2,1,59,,,,,,,,,DETECTED,309.06047,309.05865,309.06076,3.2755,3.2552,3.4802,1.075E7,3.86E5,2.519E4,1.075E7,0.028,2.3844,4.9871,2,-0.0085,4,1
1530,3.2755,3.2552,3.3171,327.10667,327.10464,327.10754,9.246E4,2.341E3,1.395E4,9.246E4,0,1,,,,,,,,,,DETECTED,327.10667,327.10464,327.10754,3.2755,3.2552,3.3171,9.246E4,2.341E3,1.395E4,9.246E4,0.0226,1.524,3.3773,,,2,1
1531,3.2755,3.2552,3.3289,377.04736,377.04517,377.04996,8.577E4,2.841E3,1.378E4,8.577E4,0,1,59,,,,,,,,,DETECTED,377.04736,377.04517,377.04996,3.2755,3.2552,3.3289,8.577E4,2.841E3,1.378E4,8.577E4,0.0282,1.8132,2.5511,,,2,1
1532,3.2755,3.2552,3.3289,497.11135,497.11035,497.11343,1.673E5,4.568E3,1.866E4,1.673E5,0,1,,,,,,,,,,DETECTED,497.11135,497.11035,497.11343,3.2755,3.2552,3.3289,1.673E5,4.568E3,1.866E4,1.673E5,0.0229,1.8132,3.8401,,,3,1
1535,3.2755,3.2552,3.3017,669.23197,669.23151,669.23401,1.154E5,2.109E3,2.217E4,1.154E5,0,1,,,,,,,,,,DETECTED,669.23197,669.23151,669.23401,3.2755,3.2552,3.3017,1.154E5,2.109E3,2.217E4,1.154E5,0.0172,1.1451,2.1818,,,2,1
1537,3.2907,3.2755,3.3289,383.13398,383.13281,383.13464,6.347E4,1.688E3,2.358E4,6.347E4,0,1,94,,,,,,,,,DETECTED,383.13398,383.13281,383.13464,3.2907,3.2755,3.3289,6.347E4,1.688E3,2.358E4,6.347E4,0.02,1.7512,2.5024,,,2,1
1538,3.2907,3.2647,3.3289,415.1945,415.19299,415.19785,3.184E5,6.998E3,1.077E4,3.184E5,1,1,,,,,,,,,,DETECTED,415.1945,415.19299,415.19785,3.2907,3.2647,3.3289,3.184E5,6.998E3,1.077E4,3.184E5,0.0211,1.773,1.9069,1,0.0041,3,1
1539,3.2907,3.2755,3.3289,743.13767,743.13599,743.14099,2.757E5,6.064E3,2.837E4,2.757E5,1,1,,,,,,,,,,DETECTED,743.13767,743.13599,743.14099,3.2907,3.2755,3.3289,2.757E5,6.064E3,2.837E4,2.757E5,0.0194,1.7512,1.7376,1,0.0058,3,1
1541,3.3017,3.188,3.4802,433.07634,433.07336,433.077,8.338E6,2.281E5,2.277E4,8.338E6,2,1,94,,,,,,,,,DETECTED,433.07634,433.07336,433.077,3.3017,3.188,3.4802,8.338E6,2.281E5,2.277E4,8.338E6,0.0233,0.6253,0.1554,2,-0.0853,4,1
1544,3.3017,3.2647,3.3474,479.24734,479.24652,479.24951,2.511E5,1.02E4,3.979E4,2.511E5,1,1,94,,,,,,,,,DETECTED,479.24734,479.24652,479.24951,3.3017,3.2647,3.3474,2.511E5,1.02E4,3.979E4,2.511E5,0.032,1.1176,1.2352,1,-0.0035,3,1
1545,3.3017,3.2755,3.3289,501.06507,501.06387,501.06714,1.152E5,2.985E3,3.576E4,1.152E5,0,1,94,,,,,,,,,DETECTED,501.06507,501.06387,501.06714,3.3017,3.2755,3.3289,1.152E5,2.985E3,3.576E4,1.152E5,0.0283,1.0178,1.0357,,,2,1
1547,3.3063,3.2862,3.3866,241.10579,241.10506,241.10628,2.826E5,8.854E3,8.766E3,2.826E5,0,1,128,,,,,,,,,DETECTED,241.10579,241.10506,241.10628,3.3063,3.2862,3.3866,2.826E5,8.854E3,8.766E3,2.826E5,0.0264,1.9292,2.7957,,,2,1
1548,3.3063,3.2907,3.3621,409.1478,409.14679,409.14874,2.124E5,5.663E3,1.677E4,2.124E5,0,1,,,,,,,,,,DETECTED,409.1478,409.14679,409.14874,3.3063,3.2907,3.3621,2.124E5,5.663E3,1.677E4,2.124E5,0.023,1.9084,2.5289,,,2,1
1549,3.3063,3.2755,3.3621,509.20242,509.19788,509.20276,9.024E6,1.982E5,1.282E4,9.024E6,1,1,128,,,,,,,,,DETECTED,509.20242,509.19788,509.20276,3.3063,3.2755,3.3621,9.024E6,1.982E5,1.282E4,9.024E6,0.0239,1.4013,1.5792,1,0.0023,3,1
1551,3.3063,3.2907,3.3354,545.17575,545.17328,545.17871,2.191E5,4.891E3,2.588E4,2.191E5,0,1,,,,,,,,,,DETECTED,545.17575,545.17328,545.17871,3.3063,3.2907,3.3354,2.191E5,4.891E3,2.588E4,2.191E5,0.0389,1.4381,1.4744,,,4,1
1553,3.3171,3.2907,3.4077,435.12703,435.12607,435.1304,1.05E6,2.183E4,8.597E3,1.05E6,1,1,141,,,,,,,,,DETECTED,435.12703,435.12607,435.1304,3.3171,3.2907,3.4077,1.05E6,2.183E4,8.597E3,1.05E6,0.0162,3.3882,2.6343,1,0.0073,3,1
1555,3.3171,3.2907,3.3621,487.12306,487.12106,487.12399,7.778E5,1.518E4,3.85E4,7.778E5,1,1,141,,,,,,,,,DETECTED,487.12306,487.12106,487.12399,3.3171,3.2907,3.3621,7.778E5,1.518E4,3.85E4,7.778E5,0.0178,1.0717,1.1321,1,-0.0052,2,1
1557,3.3171,3.2862,3.3758,505.09837,505.09647,505.10129,3.163E5,8.272E3,1.38E4,3.163E5,0,1,141,,,,,,,,,DETECTED,505.09837,505.09647,505.10129,3.3171,3.2862,3.3758,3.163E5,8.272E3,1.38E4,3.163E5,0.0195,1.3487,0.2599,,,4,1
1560,3.3289,3.3017,3.4256,431.18983,431.18689,431.19083,6.746E5,2.371E4,3.351E4,6.746E5,0,1,127,,,,,,,,,DETECTED,431.18983,431.18689,431.19083,3.3289,3.3017,3.4256,6.746E5,2.371E4,3.351E4,6.746E5,0.0224,2.4579,4.6815,,,2,1
1561,3.3289,3.3063,3.3621,441.1961,441.19568,441.19733,1.175E5,2.488E3,2.077E4,1.175E5,0,1,,,,,,,,,,DETECTED,441.1961,441.19568,441.19733,3.3289,3.3063,3.3621,1.175E5,2.488E3,2.077E4,1.175E5,0.0171,1.2362,0.9357,,,2,1
1570,3.3354,3.205,3.4369,285.03714,285.03403,285.03894,3.089E5,1.294E4,9.609E3,3.089E5,0,1,127,,,,,,,,,DETECTED,285.03714,285.03403,285.03894,3.3354,3.205,3.4369,3.089E5,1.294E4,9.609E3,3.089E5,0.0306,0.8311,10.2212,,,2,1
1574,3.3354,3.2755,3.645,461.07225,461.06973,461.07538,3.18E7,1.078E6,2.151E4,3.18E7,3,1,127,,,,,,,,,DETECTED,461.07225,461.06973,461.07538,3.3354,3.2755,3.645,3.18E7,1.078E6,2.151E4,3.18E7,0.0279,2.074,2.6322,3,-0.0127,4,1
1576,3.3354,3.3063,3.3866,475.14348,475.14331,475.14496,5.245E5,1.275E4,1.553E4,5.245E5,1,1,127,,,,,,,,,DETECTED,475.14348,475.14331,475.14496,3.3354,3.3063,3.3866,5.245E5,1.275E4,1.553E4,5.245E5,0.0379,1.5165,1.489,1,0.0182,3,1
1580,3.3354,3.3171,3.3712,909.16036,909.15765,909.16486,5.421E5,1.344E4,3.788E4,5.421E5,1,1,,,,,,,,,,DETECTED,909.16036,909.15765,909.16486,3.3354,3.3171,3.3712,5.421E5,1.344E4,3.788E4,5.421E5,0.0889,1.2407,1.4344,1,0.0165,4,1
1583,3.3474,3.3171,3.4494,293.06481,293.06366,293.06622,9.334E5,2.538E4,1.028E4,9.334E5,1,1,31,,,,,,,,,DETECTED,293.06481,293.06366,293.06622,3.3474,3.3171,3.4494,9.334E5,2.538E4,1.028E4,9.334E5,0.0205,1.3165,1.1318,1,0.0079,4,1
1584,3.3474,3.3289,3.3866,349.18465,349.18384,349.18622,1.179E5,2.681E3,1.843E4,1.179E5,0,1,,,,,,,,,,DETECTED,349.18465,349.18384,349.18622,3.3474,3.3289,3.3866,1.179E5,2.681E3,1.843E4,1.179E5,0.02,1.5562,1.9096,,,2,1
1585,3.3474,3.3063,3.4211,395.18914,395.18741,395.19009,8.273E5,2.154E4,1.348E4,8.273E5,1,1,31,,,,,,,,,DETECTED,395.18914,395.18741,395.19009,3.3474,3.3063,3.4211,8.273E5,2.154E4,1.348E4,8.273E5,0.02,1.1374,1.2835,1,0.0096,3,1
1587,3.3474,3.2427,3.5003,447.09262,447.09045,447.0932,1.648E7,4.633E5,1.253E4,1.648E7,2,1,31,,,,,,,,,DETECTED,447.09262,447.09045,447.0932,3.3474,3.2427,3.5003,1.648E7,4.633E5,1.253E4,1.648E7,0.0241,0.5297,1.9824,2,-0.0097,4,1
1589,3.3474,3.3171,3.4077,449.09621,449.09265,449.09848,4.249E5,1.194E4,2.636E4,4.249E5,0,1,31,,,,,,,,,DETECTED,449.09621,449.09265,449.09848,3.3474,3.3171,3.4077,4.249E5,1.194E4,2.636E4,4.249E5,0.0244,1.4849,2.0136,,,4,1
1590,3.3474,3.2862,3.4494,475.08649,475.08514,475.08884,1.575E5,9.245E3,9.342E3,1.575E5,0,1,127,,,,,,,,,DETECTED,475.08649,475.08514,475.08884,3.3474,3.2862,3.4494,1.575E5,9.245E3,9.342E3,1.575E5,0.0453,1.2461,1.4161,,,2,1
1594,3.3621,3.3354,3.4077,379.19501,379.19363,379.19681,9.587E4,2.806E3,8.586E3,9.587E4,0,1,,,,,,,,,,DETECTED,379.19501,379.19363,379.19681,3.3621,3.3354,3.4077,9.587E4,2.806E3,8.586E3,9.587E4,0.0256,1.3808,1.4738,,,2,1
1595,3.3758,3.3474,3.4077,353.12216,353.12158,353.12292,1.621E5,3.742E3,1.063E4,1.621E5,0,1,101,,,,,,,,,DETECTED,353.12216,353.12158,353.12292,3.3758,3.3474,3.4077,1.621E5,3.742E3,1.063E4,1.621E5,0.0197,1.0101,0.8415,,,2,1
1596,3.3758,3.3289,3.4369,377.18024,377.17911,377.18231,2.295E5,8.966E3,1.159E4,2.295E5,0,1,101,,,,,,,,,DETECTED,377.18024,377.17911,377.18231,3.3758,3.3289,3.4369,2.295E5,8.966E3,1.159E4,2.295E5,0.0181,0.9842,0.8535,,,2,1
1597,3.3758,3.3474,3.4077,553.2259,553.22491,553.22681,4.505E5,9.682E3,2.766E4,4.505E5,1,1,101,,,,,,,,,DETECTED,553.2259,553.22491,553.22681,3.3758,3.3474,3.4077,4.505E5,9.682E3,2.766E4,4.505E5,0.0183,1.0211,0.6555,1,0.004,3,1
1599,3.3866,3.3474,3.4211,435.22181,435.22079,435.22321,1.124E5,2.59E3,1.213E4,1.124E5,0,1,,,,,,,,,,DETECTED,435.22181,435.22079,435.22321,3.3866,3.3474,3.4211,1.124E5,2.59E3,1.213E4,1.124E5,0.0221,0.9397,0.9547,,,2,1
1602,3.394,3.2427,3.4494,403.1118,403.10883,403.11353,3.97E5,2.547E4,9.116E3,3.97E5,1,1,,,,,,,,,,DETECTED,403.1118,403.10883,403.11353,3.394,3.2427,3.4494,3.97E5,2.547E4,9.116E3,3.97E5,0.1181,0.6678,0.3187,1,-0.0262,4,1
1603,3.394,3.3474,3.5003,419.22717,419.22522,419.22861,3.833E6,1.118E5,1.248E4,3.833E6,1,1,174,,,,,,,,,DETECTED,419.22717,419.22522,419.22861,3.394,3.3474,3.5003,3.833E6,1.118E5,1.248E4,3.833E6,0.0203,1.8133,1.3333,1,0.0452,2,1
1604,3.394,3.3712,3.4893,451.10274,451.1004,451.103,3.895E6,1.112E5,2.742E4,3.895E6,1,1,41,,,,,,,,,DETECTED,451.10274,451.1004,451.103,3.394,3.3712,3.4893,3.895E6,1.112E5,2.742E4,3.895E6,0.026,1.7177,2.083,1,0.0023,3,1
1605,3.394,3.3171,3.4494,549.25248,549.25006,549.25378,1.144E6,3.752E4,3.672E4,1.144E6,1,1,41,,,,,,,,,DETECTED,549.25248,549.25006,549.25378,3.394,3.3171,3.4494,1.144E6,3.752E4,3.672E4,1.144E6,0.0588,1.4232,1.12,1,0.0218,4,1
1606,3.394,3.3474,3.4256,565.24529,565.24304,565.24652,8.348E4,2.726E3,8.274E3,8.348E4,0,1,174,,,,,,,,,DETECTED,565.24529,565.24304,565.24652,3.394,3.3474,3.4256,8.348E4,2.726E3,8.274E3,8.348E4,0.0282,0.8346,0.5796,,,2,1
1607,3.394,3.3354,3.4802,571.21534,571.2132,571.21906,1.574E5,8.159E3,1.438E4,1.574E5,0,1,41,,,,,,,,,DETECTED,571.21534,571.2132,571.21906,3.394,3.3354,3.4802,1.574E5,8.159E3,1.438E4,1.574E5,0.042,1.1256,1.1038,,,4,1
1615,3.4135,3.3866,3.4494,477.10307,477.10275,477.10354,2.846E6,5.797E4,9.108E4,2.846E6,1,1,,,,,,,,,,DETECTED,477.10307,477.10275,477.10354,3.4135,3.3866,3.4494,2.846E6,5.797E4,9.108E4,2.846E6,0.0166,1.1771,1.267,1,-0.0035,4,1
1617,3.4135,3.3474,3.4369,479.24773,479.24637,479.25034,8.589E4,5.388E3,2.38E4,8.589E4,0,1,,,,,,,,,,DETECTED,479.24773,479.24637,479.25034,3.4135,3.3474,3.4369,8.589E4,5.388E3,2.38E4,8.589E4,0.0381,0.6773,0.3547,,,2,1
1618,3.4211,3.4032,3.4494,335.11161,335.10983,335.11246,6.849E4,1.421E3,1.047E4,6.849E4,0,1,,,,,,,,,,DETECTED,335.11161,335.10983,335.11246,3.4211,3.4032,3.4494,6.849E4,1.421E3,1.047E4,6.849E4,0.0217,1.2913,0.931,,,2,1
1619,3.4256,3.3758,3.5161,327.14305,327.14035,327.14447,3.193E5,8.623E3,1.156E4,3.193E5,1,1,103,,,,,,,,,DETECTED,327.14305,327.14035,327.14447,3.4256,3.3758,3.5161,3.193E5,8.623E3,1.156E4,3.193E5,0.0236,2.0268,2.6631,1,0.0061,3,1
1620,3.4256,3.4135,3.4893,487.12356,487.12149,487.12857,5.76E4,1.877E3,1.084E4,5.76E4,0,1,103,,,,,,,,,DETECTED,487.12356,487.12149,487.12857,3.4256,3.4135,3.4893,5.76E4,1.877E3,1.084E4,5.76E4,0.0583,3.1269,3.6022,,,2,1
1621,3.4256,3.4077,3.5003,491.08186,491.08017,491.08316,9.213E5,2.336E4,2.459E4,9.213E5,1,1,103,,,,,,,,,DETECTED,491.08186,491.08017,491.08316,3.4256,3.4077,3.5003,9.213E5,2.336E4,2.459E4,9.213E5,0.0289,2.3874,2.8991,1,0.0023,3,1
1622,3.4256,3.4077,3.5003,525.22056,525.21814,525.22485,2.251E5,9.858E3,2.761E4,2.251E5,0,1,43,,,,,,,,,DETECTED,525.22056,525.21814,525.22485,3.4256,3.4077,3.5003,2.251E5,9.858E3,2.761E4,2.251E5,0.018,2.5849,1.9631,,,4,1
1623,3.4256,3.3758,3.4802,549.0868,549.08344,549.09076,1.153E5,3.624E3,1.341E4,1.153E5,0,1,103,,,,,,,,,DETECTED,549.0868,549.08344,549.09076,3.4256,3.3758,3.4802,1.153E5,3.624E3,1.341E4,1.153E5,0.0225,1.0476,2.4969,,,2,1
1625,3.4256,3.4077,3.4494,591.20261,591.20031,591.2038,1.052E5,2.034E3,1.984E4,1.052E5,0,1,,,,,,,,,,DETECTED,591.20261,591.20031,591.2038,3.4256,3.4077,3.4494,1.052E5,2.034E3,1.984E4,1.052E5,0.0182,1.1641,1.7235,,,2,1
1626,3.4369,3.4135,3.4802,219.06393,219.06374,219.06468,6.536E4,1.909E3,1.198E4,6.536E4,0,1,103,,,,,,,,,DETECTED,219.06393,219.06374,219.06468,3.4369,3.4135,3.4802,6.536E4,1.909E3,1.198E4,6.536E4,0.0255,1.423,1.1403,,,2,1
1627,3.4369,3.4077,3.5049,281.06427,281.0639,281.065,7.919E4,3.753E3,8.34E3,7.919E4,0,1,116,,,,,,,,,DETECTED,281.06427,281.0639,281.065,3.4369,3.4077,3.5049,7.919E4,3.753E3,8.34E3,7.919E4,0.0475,1.6623,2.7222,,,2,1
1628,3.4369,3.4032,3.5789,323.07577,323.07358,323.07681,4.19E5,1.907E4,7.93E3,4.19E5,2,1,103,,,,,,,,,DETECTED,323.07577,323.07358,323.07681,3.4369,3.4032,3.5789,4.19E5,1.907E4,7.93E3,4.19E5,0.0562,2.2784,3.1168,2,-0.0068,2,1
1629,3.4369,3.4077,3.5543,367.0646,367.06241,367.06644,2.518E5,9.077E3,1.069E4,2.518E5,0,1,103,,,,,,,,,DETECTED,367.0646,367.06241,367.06644,3.4369,3.4077,3.5543,2.518E5,9.077E3,1.069E4,2.518E5,0.0253,1.6011,1.8104,,,2,1
1632,3.4369,3.4211,3.5003,449.1067,449.10504,449.10913,3.24E5,7.568E3,1.186E4,3.24E5,1,1,,,,,,,,,,DETECTED,449.1067,449.10504,449.10913,3.4369,3.4211,3.5003,3.24E5,7.568E3,1.186E4,3.24E5,0.0202,1.8049,1.9676,1,0.0073,6,1
1633,3.4369,3.4135,3.4893,489.13568,489.1319,489.13812,1.164E5,2.68E3,1.088E4,1.164E5,0,1,103,,,,,,,,,DETECTED,489.13568,489.1319,489.13812,3.4369,3.4135,3.4893,1.164E5,2.68E3,1.088E4,1.164E5,0.0189,1.0523,1.4349,,,4,1
1634,3.4494,3.4135,3.5269,131.06837,131.06784,131.06853,5.401E5,1.831E4,8.937E3,5.401E5,1,1,116,,,,,,,,,DETECTED,131.06837,131.06784,131.06853,3.4494,3.4135,3.5269,5.401E5,1.831E4,8.937E3,5.401E5,0.0295,1.3859,1.3168,1,-0.0068,2,1
1635,3.4494,3.3866,3.5269,173.07875,173.0782,173.07915,2.655E5,1.072E4,9.343E3,2.655E5,1,1,116,,,,,,,,,DETECTED,173.07875,173.0782,173.07915,3.4494,3.3866,3.5269,2.655E5,1.072E4,9.343E3,2.655E5,0.0324,1.0758,1.4658,1,0.013,2,1
1636,3.4494,3.4211,3.5003,395.18897,395.18771,395.19147,1.453E5,4.143E3,1.012E4,1.453E5,0,1,121,,,,,,,,,DETECTED,395.18897,395.18771,395.19147,3.4494,3.4211,3.5003,1.453E5,4.143E3,1.012E4,1.453E5,0.0252,1.3697,1.3005,,,2,1
1637,3.4494,3.4077,3.471,397.14711,397.14557,397.14774,7.499E4,1.909E3,1.221E4,7.499E4,0,1,,,,,,,,,,DETECTED,397.14711,397.14557,397.14774,3.4494,3.4077,3.471,7.499E4,1.909E3,1.221E4,7.499E4,0.0204,0.7584,0.8062,,,2,1
1640,3.4494,3.3712,3.5789,463.08606,463.08353,463.08746,7.994E5,4.576E4,9.05E4,7.994E5,0,1,121,,,,,,,,,DETECTED,463.08606,463.08353,463.08746,3.4494,3.3712,3.5789,7.994E5,4.576E4,9.05E4,7.994E5,0.1368,1.328,3.034,,,3,1
1641,3.4602,3.4369,3.5161,259.11688,259.11627,259.11743,2.04E5,5.29E3,1.318E4,2.04E5,0,1,43,,,,,,,,,DETECTED,259.11688,259.11627,259.11743,3.4602,3.4369,3.5161,2.04E5,5.29E3,1.318E4,2.04E5,0.0227,1.5476,3.324,,,2,1
1642,3.4602,3.4369,3.5451,391.06548,391.06488,391.06671,7.016E5,1.777E4,9.56E3,7.016E5,1,1,,,,,,,,,,DETECTED,391.06548,391.06488,391.06671,3.4602,3.4369,3.5451,7.016E5,1.777E4,9.56E3,7.016E5,0.0196,1.4499,1.5291,1,0.004,2,1
1646,3.4602,3.4135,3.6359,477.06559,477.06433,477.06879,1.328E5,2.21E4,6.041E4,1.328E5,0,1,,,,,,,,,,DETECTED,477.06559,477.06433,477.06879,3.4602,3.4135,3.6359,1.328E5,2.21E4,6.041E4,1.328E5,0.2092,2.3816,3.7632,,,2,1
1649,3.471,3.4369,3.5269,243.12132,243.12039,243.12192,2.206E5,5.418E3,1.014E4,2.206E5,1,1,43,,,,,,,,,DETECTED,243.12132,243.12039,243.12192,3.471,3.4369,3.5269,2.206E5,5.418E3,1.014E4,2.206E5,0.0201,1.4864,1.3923,1,0.0132,2,1
1650,3.471,3.4494,3.5543,385.12796,385.12543,385.12854,1.874E6,4.186E4,2.665E4,1.874E6,1,1,,,,,,,,,,DETECTED,385.12796,385.12543,385.12854,3.471,3.4494,3.5543,1.874E6,4.186E4,2.665E4,1.874E6,0.0187,1.2549,1.26,1,-0.0035,3,1
1652,3.471,3.4369,3.6284,415.19609,415.19351,415.19669,6.328E6,1.559E5,1.873E4,6.328E6,1,1,43,,,,,,,,,DETECTED,415.19609,415.19351,415.19669,3.471,3.4369,3.6284,6.328E6,1.559E5,1.873E4,6.328E6,0.0214,1.3271,2.4322,1,-0.0051,5,1
1655,3.471,3.4494,3.568,477.10301,477.10223,477.10568,4.365E5,1.479E4,1.102E4,4.365E5,1,1,43,,,,,,,,,DETECTED,477.10301,477.10223,477.10568,3.471,3.4494,3.568,4.365E5,1.479E4,1.102E4,4.365E5,0.0257,2.1045,2.3797,1,0.0041,2,1
1656,3.471,3.4369,3.5049,479.24776,479.24615,479.25034,2.818E5,8.667E3,2.38E4,2.818E5,1,1,43,,,,,,,,,DETECTED,479.24776,479.24615,479.25034,3.471,3.4369,3.5049,2.818E5,8.667E3,2.38E4,2.818E5,0.0296,0.9979,1.4923,1,0.0116,3,1
1657,3.471,3.4077,3.5634,523.21818,523.21442,523.21979,6.525E6,2.694E5,9.726E3,6.525E6,2,1,43,,,,,,,,,DETECTED,523.21818,523.21442,523.21979,3.471,3.4077,3.5634,6.525E6,2.694E5,9.726E3,6.525E6,0.0416,0.7272,0.8543,2,-0.0534,4,1
1660,3.4802,3.4602,3.5161,271.05895,271.05853,271.05966,7.743E4,1.924E3,1.181E4,7.743E4,0,1,,,,,,,,,,DETECTED,271.05895,271.05853,271.05966,3.4802,3.4602,3.5161,7.743E4,1.924E3,1.181E4,7.743E4,0.0326,1.3963,1.5291,,,2,1
1661,3.4802,3.4494,3.5543,433.11182,433.11063,433.11353,9.099E5,2.631E4,1.078E4,9.099E5,1,1,,,,,,,,,,DETECTED,433.11182,433.11063,433.11353,3.4802,3.4494,3.5543,9.099E5,2.631E4,1.078E4,9.099E5,0.0225,2.0959,3.0899,1,-0.0035,2,1
1662,3.4802,3.4602,3.5406,435.12751,435.12537,435.1293,2.663E5,6.723E3,1.312E4,2.663E5,0,1,,,,,,,,,,DETECTED,435.12751,435.12537,435.1293,3.4802,3.4602,3.5406,2.663E5,6.723E3,1.312E4,2.663E5,0.0219,1.741,1.2691,,,5,1
1663,3.4802,3.4602,3.5049,481.13286,481.13211,481.13361,1.002E5,2.115E3,1.764E4,1.002E5,0,1,,,,,,,,,,DETECTED,481.13286,481.13211,481.13361,3.4802,3.4602,3.5049,1.002E5,2.115E3,1.764E4,1.002E5,0.0206,1.1158,1.0673,,,2,1
1666,3.4893,3.471,3.5543,549.25411,549.25092,549.255,2.915E6,4.948E4,1.677E4,2.915E6,1,1,,,,,,,,,,DETECTED,549.25411,549.25092,549.255,3.4893,3.471,3.5543,2.915E6,4.948E4,1.677E4,2.915E6,0.014,1.2403,0.904,1,-0.0035,4,1
1668,3.4893,3.471,3.5269,551.25675,551.25439,551.25946,1.13E5,2.378E3,1.61E4,1.13E5,0,1,,,,,,,,,,DETECTED,551.25675,551.25439,551.25946,3.4893,3.471,3.5269,1.13E5,2.378E3,1.61E4,1.13E5,0.018,1.5208,1.6379,,,4,1
1670,3.5003,3.4802,3.5269,423.12825,423.12741,423.12869,6.053E4,1.326E3,1.454E4,6.053E4,0,1,,,,,,,,,,DETECTED,423.12825,423.12741,423.12869,3.5003,3.4802,3.5269,6.053E4,1.326E3,1.454E4,6.053E4,0.0215,1.1612,1.3223,,,2,1
1671,3.5003,3.471,3.5543,435.18506,435.18472,435.1857,5.814E5,1.391E4,1.051E4,5.814E5,1,1,144,29,[M-H]-,2,436.19303,1672;1671,,,,DETECTED,435.18506,435.18472,435.1857,3.5003,3.471,3.5543,5.814E5,1.391E4,1.051E4,5.814E5,0.0233,1.3744,1.3204,1,-0.0052,5,1
1672,3.5003,3.471,3.5789,481.19193,481.18744,481.19382,1.204E6,2.575E4,8.072E3,1.204E6,1,1,144,29,[M+FA]-,2,436.19303,1672;1671,,,,DETECTED,481.19193,481.18744,481.19382,3.5003,3.471,3.5789,1.204E6,2.575E4,8.072E3,1.204E6,0.0174,1.2837,1.2479,1,-0.0068,3,1
1674,3.5003,3.4802,3.5269,567.20499,567.20282,567.20587,4.963E5,1.012E4,1.398E5,4.963E5,1,1,,,,,,,,,,DETECTED,567.20499,567.20282,567.20587,3.5003,3.4802,3.5269,4.963E5,1.012E4,1.398E5,4.963E5,0.0191,1.1612,1.3223,1,0.0181,3,1
1675,3.5049,3.4802,3.5406,447.1288,447.12851,447.13021,6.288E4,1.688E3,1.236E4,6.288E4,0,1,4,,,,,,,,,DETECTED,447.1288,447.12851,447.13021,3.5049,3.4802,3.5406,6.288E4,1.688E3,1.236E4,6.288E4,0.0296,1.2242,2.1494,,,2,1
1676,3.5049,3.4802,3.568,489.10308,489.10129,489.10333,2.038E6,5.404E4,8.09E4,2.038E6,1,1,4,,,,,,,,,DETECTED,489.10308,489.10129,489.10333,3.5049,3.4802,3.568,2.038E6,5.404E4,8.09E4,2.038E6,0.0311,1.9202,4.8948,1,0.0061,4,1
1678,3.5049,3.4802,3.5913,533.09302,533.08911,533.09357,3.455E6,9.178E4,4.848E4,3.455E6,1,1,4,,,,,,,,,DETECTED,533.09302,533.08911,533.09357,3.5049,3.4802,3.5913,3.455E6,9.178E4,4.848E4,3.455E6,0.0352,1.8092,2.1826,1,0.0044,4,1
1681,3.5161,3.5003,3.5634,263.09392,263.09366,263.0947,1.499E5,3.708E3,8.196E3,1.499E5,0,1,,,,,,,,,,DETECTED,263.09392,263.09366,263.0947,3.5161,3.5003,3.5634,1.499E5,3.708E3,8.196E3,1.499E5,0.0307,1.7254,2.7171,,,2,1
1682,3.5161,3.4893,3.568,543.03855,543.03351,543.04315,3.779E5,9.042E3,1.282E4,3.779E5,1,1,,,,,,,,,,DETECTED,543.03855,543.03351,543.04315,3.5161,3.4893,3.568,3.779E5,9.042E3,1.282E4,3.779E5,0.0211,2.3037,2.5695,1,0.0073,2,1
1685,3.5314,3.5049,3.5913,395.1895,395.18802,395.19147,1.112E5,3.681E3,1.271E4,1.112E5,0,1,34,,,,,,,,,DETECTED,395.1895,395.18802,395.19147,3.5314,3.5049,3.5913,1.112E5,3.681E3,1.271E4,1.112E5,0.0373,1.6271,1.8051,,,2,1
1688,3.5314,3.4802,3.5634,487.1453,487.14438,487.14917,4.035E6,1.047E5,1.712E4,4.035E6,1,1,34,,,,,,,,,DETECTED,487.1453,487.14438,487.14917,3.5314,3.4802,3.5634,4.035E6,1.047E5,1.712E4,4.035E6,0.0215,0.8063,0.5908,1,-0.0188,4,1
1691,3.5314,3.5049,3.5913,537.19526,537.19421,537.19653,4.68E5,9.684E3,1.341E4,4.68E5,1,1,34,,,,,,,,,DETECTED,537.19526,537.19421,537.19653,3.5314,3.5049,3.5913,4.68E5,9.684E3,1.341E4,4.68E5,0.0175,1.4113,1.2702,1,0.0023,4,1
1692,3.5406,3.4802,3.5913,309.05952,309.05884,309.06012,7.741E4,3.339E3,1.353E4,7.741E4,0,1,1,,,,,,,,,DETECTED,309.05952,309.05884,309.06012,3.5406,3.4802,3.5913,7.741E4,3.339E3,1.353E4,7.741E4,0.0251,0.9206,0.8561,,,2,1
1693,3.5406,3.5161,3.6284,347.16953,347.16718,347.17041,5.369E5,1.206E4,1.187E4,5.369E5,1,1,,,,,,,,,,DETECTED,347.16953,347.16718,347.17041,3.5406,3.5161,3.6284,5.369E5,1.206E4,1.187E4,5.369E5,0.0185,2.8091,2.1857,1,0.0068,3,1
1694,3.5406,3.5161,3.6284,459.12862,459.12772,459.13095,8.059E4,3.145E3,9.433E3,8.059E4,0,1,,,,,,,,,,DETECTED,459.12862,459.12772,459.13095,3.5406,3.5161,3.6284,8.059E4,3.145E3,9.433E3,8.059E4,0.0456,2.2941,6.9064,,,2,1
1695,3.5406,3.4893,3.5789,503.08055,503.07852,503.08145,1.674E5,8.15E3,2.146E4,1.674E5,0,1,1,,,,,,,,,DETECTED,503.08055,503.07852,503.08145,3.5406,3.4893,3.5789,1.674E5,8.15E3,2.146E4,1.674E5,0.0497,0.8739,0.6103,,,3,1
1696,3.5406,3.4893,3.5789,547.06892,547.06689,547.07147,6.118E4,2.459E3,1.006E4,6.118E4,0,1,1,,,,,,,,,DETECTED,547.06892,547.06689,547.07147,3.5406,3.4893,3.5789,6.118E4,2.459E3,1.006E4,6.118E4,0.0418,0.8739,0.6236,,,2,1
1698,3.5451,3.5269,3.5913,549.19502,549.19299,549.19733,2.557E5,5.398E3,9.455E3,2.557E5,1,1,,,,,,,,,,DETECTED,549.19502,549.19299,549.19733,3.5451,3.5269,3.5913,2.557E5,5.398E3,9.455E3,2.557E5,0.0218,1.6561,1.9944,1,0.0115,3,1
1699,3.5543,3.5269,3.6807,131.06845,131.06773,131.06863,8.463E5,2.586E4,6.924E3,8.463E5,1,1,25,,,,,,,,,DETECTED,131.06845,131.06773,131.06863,3.5543,3.5269,3.6807,8.463E5,2.586E4,6.924E3,8.463E5,0.0301,1.9383,1.7946,1,-0.0051,2,1
1700,3.5543,3.5269,3.6694,173.07882,173.07779,173.07924,4.73E5,1.472E4,8.814E3,4.73E5,1,1,25,,,,,,,,,DETECTED,173.07882,173.07779,173.07924,3.5543,3.5269,3.6694,4.73E5,1.472E4,8.814E3,4.73E5,0.0262,1.8275,1.8476,1,-0.0035,2,1
1704,3.5543,3.5314,3.568,551.13828,551.1377,551.1402,3.015E5,6.121E3,1.101E5,3.015E5,1,1,,,,,,,,,,DETECTED,551.13828,551.1377,551.1402,3.5543,3.5314,3.568,3.015E5,6.121E3,1.101E5,3.015E5,0.02,0.8006,0.6013,1,0.004,3,1
1705,3.5634,3.5314,3.6284,243.12147,243.12102,243.12173,1.103E5,3.768E3,9.382E3,1.103E5,0,1,25,,,,,,,,,DETECTED,243.12147,243.12102,243.12173,3.5634,3.5314,3.6284,1.103E5,3.768E3,9.382E3,1.103E5,0.0279,1.2016,2.5362,,,2,1
1709,3.568,3.5161,3.6284,431.18977,431.18747,431.1911,5.349E5,1.369E4,2.583E4,5.349E5,1,1,25,,,,,,,,,DETECTED,431.18977,431.18747,431.1911,3.568,3.5161,3.6284,5.349E5,1.369E4,2.583E4,5.349E5,0.0198,1.2752,1.8155,1,-0.008,2,1
1710,3.568,3.5451,3.6176,551.21303,551.20898,551.2135,5.134E6,1.184E5,3.61E4,5.134E6,1,1,146,,,,,,,,,DETECTED,551.21303,551.20898,551.2135,3.568,3.5451,3.6176,5.134E6,1.184E5,3.61E4,5.134E6,0.021,1.8991,2.6562,1,0.0023,4,1
1713,3.568,3.5543,3.6051,595.29372,595.28729,595.29791,5.155E4,1.396E3,1.85E4,5.155E4,0,1,146,,,,,,,,,DETECTED,595.29372,595.28729,595.29791,3.568,3.5543,3.6051,5.155E4,1.396E3,1.85E4,5.155E4,0.0243,1.8514,2.7028,,,2,1
1714,3.568,3.5543,3.6051,625.30152,625.29926,625.30255,1.58E5,2.92E3,9.736E3,1.58E5,0,1,,,,,,,,,,DETECTED,625.30152,625.29926,625.30255,3.568,3.5543,3.6051,1.58E5,2.92E3,9.736E3,1.58E5,0.0155,1.8204,1.6775,,,3,1
1717,3.5789,3.5543,3.6694,307.0436,307.04221,307.04422,1.074E5,5.613E3,1.881E4,1.074E5,0,1,146,,,,,,,,,DETECTED,307.0436,307.04221,307.04422,3.5789,3.5543,3.6694,1.074E5,5.613E3,1.881E4,1.074E5,0.0348,2.3406,3.8977,,,2,1
1718,3.5789,3.5543,3.6603,385.12789,385.12509,385.12854,1.438E6,3.871E4,1.654E4,1.438E6,1,1,146,,,,,,,,,DETECTED,385.12789,385.12509,385.12854,3.5789,3.5543,3.6603,1.438E6,3.871E4,1.654E4,1.438E6,0.0248,1.913,2.4404,1,0.0056,3,1
1719,3.5789,3.5543,3.6284,433.11227,433.11169,433.11536,2.22E5,5.469E3,1.17E4,2.22E5,0,1,146,,,,,,,,,DETECTED,433.11227,433.11169,433.11536,3.5789,3.5543,3.6284,2.22E5,5.469E3,1.17E4,2.22E5,0.0235,1.3017,1.0614,,,2,1
1720,3.5789,3.4893,3.6359,435.22171,435.21912,435.22253,1.772E6,4.104E4,1.669E4,1.772E6,1,1,146,,,,,,,,,DETECTED,435.22171,435.21912,435.22253,3.5789,3.4893,3.6359,1.772E6,4.104E4,1.669E4,1.772E6,0.0186,0.7301,1.4803,1,-0.0051,3,1
1721,3.5789,3.5543,3.6176,461.10795,461.10721,461.10959,2.672E5,6.104E3,9.068E3,2.672E5,1,1,146,,,,,,,,,DETECTED,461.10795,461.10721,461.10959,3.5789,3.5543,3.6176,2.672E5,6.104E3,9.068E3,2.672E5,0.0222,1.4035,1.8342,1,0.009,2,1
1722,3.5789,3.5543,3.6359,487.12391,487.11966,487.12463,1.937E6,4.498E4,4.088E4,1.937E6,1,1,146,,,,,,,,,DETECTED,487.12391,487.11966,487.12463,3.5789,3.5543,3.6359,1.937E6,4.498E4,4.088E4,1.937E6,0.0287,1.2044,1.4725,1,-0.0068,2,1
1724,3.5789,3.5634,3.6359,539.2113,539.20978,539.21362,3.382E5,8.048E3,7.794E3,3.382E5,1,1,,,,,,,,,,DETECTED,539.2113,539.20978,539.21362,3.5789,3.5634,3.6359,3.382E5,8.048E3,7.794E3,3.382E5,0.0269,1.7863,2.4258,1,0.0073,2,1
1725,3.5913,3.5634,3.645,519.11004,519.10535,519.11145,1.58E5,4.997E3,1.26E4,1.58E5,0,1,146,,,,,,,,,DETECTED,519.11004,519.10535,519.11145,3.5913,3.5634,3.645,1.58E5,4.997E3,1.26E4,1.58E5,0.0275,7.2023,1.5385,,,3,1
1732,3.6051,3.5634,3.6882,187.09448,187.09367,187.09482,2.735E5,8.678E3,8.413E3,2.735E5,1,1,86,,,,,,,,,DETECTED,187.09448,187.09367,187.09482,3.6051,3.5634,3.6882,2.735E5,8.678E3,8.413E3,2.735E5,0.0252,1.4934,1.6985,1,0.0147,2,1
1733,3.6051,3.5003,3.6807,531.16911,531.16473,531.17499,2.379E5,1.021E4,9.142E3,2.379E5,1,1,86,,,,,,,,,DETECTED,531.16911,531.16473,531.17499,3.6051,3.5003,3.6807,2.379E5,1.021E4,9.142E3,2.379E5,0.2955,0.9364,0.7992,1,0.0164,3,1
1734,3.6176,3.4494,3.7781,147.04224,147.04185,147.04266,2.027E6,5.316E4,9.615E3,2.027E6,0,1,22,,,,,,,,,DETECTED,147.04224,147.04185,147.04266,3.6176,3.4494,3.7781,2.027E6,5.316E4,9.615E3,2.027E6,0.0198,0.5245,1.5793,,,3,1
1735,3.6176,3.5913,3.7373,165.05284,165.05208,165.05304,2.523E6,5.928E4,1.119E4,2.523E6,1,1,22,,,,,,,,,DETECTED,165.05284,165.05208,165.05304,3.6176,3.5913,3.7373,2.523E6,5.928E4,1.119E4,2.523E6,0.0188,1.2174,1.5167,1,-0.0051,2,1
1736,3.6176,3.5789,3.7602,207.06385,207.06215,207.06404,2.874E6,6.873E4,9.144E3,2.874E6,1,1,22,,,,,,,,,DETECTED,207.06385,207.06215,207.06404,3.6176,3.5789,3.7602,2.874E6,6.873E4,9.144E3,2.874E6,0.0191,1.4312,1.6468,1,-0.0068,3,1
1738,3.6176,3.5913,3.6752,349.14853,349.14633,349.15005,2.689E5,6.56E3,7.338E3,2.689E5,0,1,22,,,,,,,,,DETECTED,349.14853,349.14633,349.15005,3.6176,3.5913,3.6752,2.689E5,6.56E3,7.338E3,2.689E5,0.0238,1.1629,0.7374,,,2,1
1740,3.6176,3.5634,3.6882,417.21168,417.20837,417.2121,7.173E6,1.832E5,1.39E4,7.173E6,1,1,22,,,,,,,,,DETECTED,417.21168,417.20837,417.2121,3.6176,3.5634,3.6882,7.173E6,1.832E5,1.39E4,7.173E6,0.0211,1.1451,1.0461,1,-0.0205,3,1
1742,3.6176,3.5913,3.7373,433.2052,433.20258,433.20862,3.988E5,1.105E4,8.801E3,3.988E5,1,1,22,,,,,,,,,DETECTED,433.2052,433.20258,433.20862,3.6176,3.5913,3.7373,3.988E5,1.105E4,8.801E3,3.988E5,0.0206,2.121,2.6883,1,0.0131,2,1
1744,3.6176,3.5789,3.7068,479.24765,479.24551,479.25018,4.807E5,1.116E4,1.037E4,4.807E5,1,1,22,,,,,,,,,DETECTED,479.24765,479.24551,479.25018,3.6176,3.5789,3.7068,4.807E5,1.116E4,1.037E4,4.807E5,0.0176,1.3279,1.7179,1,0.0074,3,1
1745,3.6176,3.5913,3.6959,507.22176,507.21881,507.22339,2.006E6,4.485E4,7.859E3,2.006E6,1,1,22,30,[M-H]-,3,508.22892,1745;1747;1748,,,,DETECTED,507.22176,507.21881,507.22339,3.6176,3.5913,3.6959,2.006E6,4.485E4,7.859E3,2.006E6,0.0227,1.0334,0.6519,1,-0.0084,3,1
1747,3.6176,3.5913,3.645,543.19702,543.19299,543.19794,1.446E5,3.638E3,2.157E4,1.446E5,0,1,22,30,[M+Cl]-,3,508.22892,1745;1747,,,,DETECTED,543.19702,543.19299,543.19794,3.6176,3.5913,3.645,1.446E5,3.638E3,2.157E4,1.446E5,0.0243,1.0219,0.8799,,,4,1
1748,3.6176,3.5913,3.7114,553.22831,553.22418,553.22913,6.03E6,1.619E5,7.23E4,6.03E6,1,1,22,30,[M+FA]-,3,508.22892,1745;1748,,,,DETECTED,553.22831,553.22418,553.22913,3.6176,3.5913,3.7114,6.03E6,1.619E5,7.23E4,6.03E6,0.1632,1.0041,2.9632,1,-0.0101,4,1
1750,3.6176,3.5913,3.6603,555.23052,555.22839,555.23303,2.369E5,5.54E3,7.565E3,2.369E5,0,1,22,,,,,,,,,DETECTED,555.23052,555.22839,555.23303,3.6176,3.5913,3.6603,2.369E5,5.54E3,7.565E3,2.369E5,0.025,1.1376,0.6925,,,4,1
1751,3.6284,3.6006,3.7297,471.12851,471.12766,471.13333,2.646E6,7.713E4,9.549E3,2.646E6,2,1,,,,,,,,,,DETECTED,471.12851,471.12766,471.13333,3.6284,3.6006,3.7297,2.646E6,7.713E4,9.549E3,2.646E6,0.0207,1.3154,3.7279,2,-0.0052,4,1
1754,3.6359,3.5543,3.6807,601.22385,601.2196,601.22986,8.208E4,4.391E3,7.102E3,8.208E4,0,1,,,,,,,,,,DETECTED,601.22385,601.2196,601.22986,3.6359,3.5543,3.6807,8.208E4,4.391E3,7.102E3,8.208E4,0.0579,0.8057,0.4206,,,2,1
1755,3.645,3.6176,3.8645,394.96923,394.96756,394.97028,7.909E5,2.699E4,9.474E3,7.909E5,1,1,122,,,,,,,,,DETECTED,394.96923,394.96756,394.97028,3.645,3.6176,3.8645,7.909E5,2.699E4,9.474E3,7.909E5,0.0239,3.7837,2.8724,1,-0.0035,3,1
1756,3.645,3.6176,3.7114,461.10817,461.10687,461.11032,3.835E5,9.72E3,7.336E3,3.835E5,1,1,122,,,,,,,,,DETECTED,461.10817,461.10687,461.11032,3.645,3.6176,3.7114,3.835E5,9.72E3,7.336E3,3.835E5,0.0238,1.1806,1.6135,1,0.004,2,1
1757,3.645,3.6176,3.7114,477.10284,477.10202,477.10541,1.821E5,5.36E3,1.161E4,1.821E5,0,1,122,,,,,,,,,DETECTED,477.10284,477.10202,477.10541,3.645,3.6176,3.7114,1.821E5,5.36E3,1.161E4,1.821E5,0.0268,1.9816,2.5616,,,2,1
1760,3.645,3.6284,3.6752,583.23576,583.2334,583.23646,2.012E5,4.439E3,2.789E4,2.012E5,0,1,122,,,,,,,,,DETECTED,583.23576,583.2334,583.23646,3.645,3.6284,3.6752,2.012E5,4.439E3,2.789E4,2.012E5,0.0207,1.4143,2.9334,,,3,1
1761,3.6557,3.6284,3.6959,391.10131,391.10034,391.10181,1.741E5,4.167E3,1.194E4,1.741E5,0,1,,,,,,,,,,DETECTED,391.10131,391.10034,391.10181,3.6557,3.6284,3.6959,1.741E5,4.167E3,1.194E4,1.741E5,0.0205,1.3635,1.6527,,,2,1
1762,3.6557,3.6284,3.7114,415.19534,415.19342,415.19623,8.301E5,1.987E4,2.162E4,8.301E5,1,1,122,,,,,,,,,DETECTED,415.19534,415.19342,415.19623,3.6557,3.6284,3.7114,8.301E5,1.987E4,2.162E4,8.301E5,0.0359,1.1107,0.9935,1,-0.0052,3,1
1763,3.6557,3.568,3.7602,461.23738,461.23462,461.24084,3.648E5,1.686E4,1.905E4,3.648E5,1,1,122,,,,,,,,,DETECTED,461.23738,461.23462,461.24084,3.6557,3.568,3.7602,3.648E5,1.686E4,1.905E4,3.648E5,0.0248,1.3684,0.456,1,-0.0035,2,1
1766,3.6649,3.6359,3.6882,435.22057,435.21994,435.22156,1.065E5,3.539E3,2.958E4,1.065E5,0,1,,,,,,,,,,DETECTED,435.22057,435.21994,435.22156,3.6649,3.6359,3.6882,1.065E5,3.539E3,2.958E4,1.065E5,0.0329,0.9025,0.8049,,,2,1
1767,3.6649,3.645,3.7418,547.06982,547.06604,547.07532,2.957E5,8.013E3,8.657E3,2.957E5,0,1,8,,,,,,,,,DETECTED,547.06982,547.06604,547.07532,3.6649,3.645,3.7418,2.957E5,8.013E3,8.657E3,2.957E5,0.0219,1.8749,1.5877,,,2,1
1770,3.6694,3.6284,3.7899,447.09139,447.08884,447.09329,1.084E5,6.822E3,2.146E4,1.084E5,0,1,8,,,,,,,,,DETECTED,447.09139,447.08884,447.09329,3.6694,3.6284,3.7899,1.084E5,6.822E3,2.146E4,1.084E5,0.0272,1.9694,2.8751,,,2,1
1771,3.6694,3.645,3.7068,503.08009,503.07953,503.08521,1.332E5,3.466E3,2.279E4,1.332E5,0,1,8,,,,,,,,,DETECTED,503.08009,503.07953,503.08521,3.6694,3.645,3.7068,1.332E5,3.466E3,2.279E4,1.332E5,0.0218,1.2644,1.4655,,,2,1
1773,3.6694,3.6284,3.6882,603.24134,603.23889,603.24402,5.581E4,1.328E3,1.05E4,5.581E4,0,1,8,,,,,,,,,DETECTED,603.24134,603.23889,603.24402,3.6694,3.6284,3.6882,5.581E4,1.328E3,1.05E4,5.581E4,0.0186,0.7292,0.4921,,,2,1
1774,3.6752,3.645,3.7206,259.11664,259.11542,259.1174,7.668E4,2.084E3,7.201E3,7.668E4,0,1,,,,,,,,,,DETECTED,259.11664,259.11542,259.1174,3.6752,3.645,3.7206,7.668E4,2.084E3,7.201E3,7.668E4,0.023,1.5153,1.8771,,,2,1
1776,3.6882,3.645,3.8416,137.02136,137.02094,137.02155,3.567E5,1.927E4,1.994E4,3.567E5,1,1,81,,,,,,,,,DETECTED,137.02136,137.02094,137.02155,3.6882,3.645,3.8416,3.567E5,1.927E4,1.994E4,3.567E5,0.0316,2.8727,1.1852,1,-0.0035,4,1
1779,3.6882,3.6752,3.7206,539.21102,539.21051,539.21216,9.801E4,1.865E3,1.249E4,9.801E4,0,1,,,,,,,,,,DETECTED,539.21102,539.21051,539.21216,3.6882,3.6752,3.7206,9.801E4,1.865E3,1.249E4,9.801E4,0.0192,1.7455,1.9526,,,2,1
1780,3.6882,3.6694,3.7114,554.22845,554.22583,554.22913,3.046E5,6.046E3,4.292E4,3.046E5,0,1,81,,,,,,,,,DETECTED,554.22845,554.22583,554.22913,3.6882,3.6694,3.7114,3.046E5,6.046E3,4.292E4,3.046E5,0.018,1.1158,1.0619,,,4,1
1781,3.6959,3.6752,3.7678,391.06488,391.06213,391.06598,2.347E5,5.949E3,9.352E3,2.347E5,1,1,,,,,,,,,,DETECTED,391.06488,391.06213,391.06598,3.6959,3.6752,3.7678,2.347E5,5.949E3,9.352E3,2.347E5,0.0215,2.018,2.7751,1,0.0074,2,1
1782,3.7068,3.6807,3.7602,245.1373,245.13701,245.13776,6.88E5,1.619E4,2.002E4,6.88E5,1,1,,,,,,,,,,DETECTED,245.1373,245.13701,245.13776,3.7068,3.6807,3.7602,6.88E5,1.619E4,2.002E4,6.88E5,0.0211,1.4134,1.4901,1,-0.0068,2,1
1783,3.7114,3.6807,3.7899,435.10733,435.10498,435.10764,4.787E6,1.469E5,1.249E4,4.787E6,2,1,,,,,,,,,,DETECTED,435.10733,435.10498,435.10764,3.7114,3.6807,3.7899,4.787E6,1.469E5,1.249E4,4.787E6,0.0296,2.2939,3.3088,2,-0.0097,4,1
1785,3.7206,3.6959,3.7899,391.10158,391.09772,391.10251,1.923E5,6.032E3,1.738E4,1.923E5,0,1,37,,,,,,,,,DETECTED,391.10158,391.09772,391.10251,3.7206,3.6959,3.7899,1.923E5,6.032E3,1.738E4,1.923E5,0.0229,1.9052,2.8388,,,2,1
1786,3.7206,3.6959,3.7418,425.1786,425.17731,425.1796,5.215E4,1.272E3,1.351E4,5.215E4,0,1,37,,,,,,,,,DETECTED,425.1786,425.17731,425.1796,3.7206,3.6959,3.7418,5.215E4,1.272E3,1.351E4,5.215E4,0.0243,0.9301,0.8603,,,3,1
1787,3.7206,3.6959,3.7373,487.15845,487.15836,487.15927,1.122E5,1.935E3,1.75E4,1.122E5,0,1,37,,,,,,,,,DETECTED,487.15845,487.15836,487.15927,3.7206,3.6959,3.7373,1.122E5,1.935E3,1.75E4,1.122E5,0.0166,0.8377,1.1378,,,2,1
1789,3.7206,3.6557,3.7856,551.24782,551.24506,551.25214,9.947E5,2.183E4,1.467E4,9.947E5,1,1,37,,,,,,,,,DETECTED,551.24782,551.24506,551.25214,3.7206,3.6557,3.7856,9.947E5,2.183E4,1.467E4,9.947E5,0.0175,0.7135,1.5303,1,-0.0035,2,1
1790,3.7206,3.6959,3.7678,603.23807,603.23633,603.24408,5.519E4,1.68E3,1.041E4,5.519E4,0,1,37,,,,,,,,,DETECTED,603.23807,603.23633,603.24408,3.7206,3.6959,3.7678,5.519E4,1.68E3,1.041E4,5.519E4,0.0221,1.4565,1.2761,,,2,1
1792,3.7297,3.6959,3.8703,193.04766,193.04698,193.04816,3.39E5,1.178E4,8.331E3,3.39E5,1,1,112,,,,,,,,,DETECTED,193.04766,193.04698,193.04816,3.7297,3.6959,3.8703,3.39E5,1.178E4,8.331E3,3.39E5,0.0233,2.608,3.2709,1,0.0023,2,1
1793,3.7297,3.7114,3.7856,415.19506,415.19305,415.1965,7.817E4,3.517E3,1.762E4,7.817E4,0,1,,,,,,,,,,DETECTED,415.19506,415.19305,415.1965,3.7297,3.7114,3.7856,7.817E4,3.517E3,1.762E4,7.817E4,0.0432,2.0228,3.0457,,,2,1
1794,3.7297,3.6882,3.8313,417.21198,417.20889,417.21503,6.024E6,1.521E5,1.032E4,6.024E6,1,1,112,,,,,,,,,DETECTED,417.21198,417.20889,417.21503,3.7297,3.6882,3.8313,6.024E6,1.521E5,1.032E4,6.024E6,0.0238,1.3337,1.4729,1,-0.0143,3,1
1796,3.7418,3.7114,3.7899,473.14377,473.14136,473.14758,2.671E5,6.174E3,9.544E3,2.671E5,1,1,58,,,,,,,,,DETECTED,473.14377,473.14136,473.14758,3.7418,3.7114,3.7899,2.671E5,6.174E3,9.544E3,2.671E5,0.0198,1.369,2.4371,1,0.004,5,1
1798,3.7418,3.7251,3.7678,537.19462,537.19299,537.19739,5.256E4,1.174E3,1.205E4,5.256E4,0,1,58,,,,,,,,,DETECTED,537.19462,537.19299,537.19739,3.7418,3.7251,3.7678,5.256E4,1.174E3,1.205E4,5.256E4,0.0249,1.279,1.5579,,,2,1
1799,3.7418,3.7206,3.8313,547.21515,547.21143,547.2204,2.595E5,6.916E3,9.292E3,2.595E5,0,1,58,,,,,,,,,DETECTED,547.21515,547.21143,547.2204,3.7418,3.7206,3.8313,2.595E5,6.916E3,9.292E3,2.595E5,0.0223,1.9218,2.9417,,,2,1
1800,3.7509,3.7297,3.7856,445.14867,445.14648,445.14905,1.019E6,2.037E4,4.045E4,1.019E6,1,1,108,,,,,,,,,DETECTED,445.14867,445.14648,445.14905,3.7509,3.7297,3.7856,1.019E6,2.037E4,4.045E4,1.019E6,0.0215,1.7893,2.2735,1,0.0041,3,1
1803,3.7509,3.7206,3.7856,503.15411,503.15302,503.15543,1.457E5,3.187E3,1.078E4,1.457E5,0,1,108,,,,,,,,,DETECTED,503.15411,503.15302,503.15543,3.7509,3.7206,3.7856,1.457E5,3.187E3,1.078E4,1.457E5,0.0188,1.2583,1.0218,,,4,1
1805,3.7602,3.7068,3.8972,531.16907,531.16663,531.1731,2.781E5,1.464E4,1.188E4,2.781E5,0,1,108,,,,,,,,,DETECTED,531.16907,531.16663,531.1731,3.7602,3.7068,3.8972,2.781E5,1.464E4,1.188E4,2.781E5,0.0439,1.8288,2.6202,,,3,1
1806,3.7602,3.7373,3.7899,543.03818,543.03436,543.04193,1.239E5,3.084E3,1.666E4,1.239E5,0,1,108,,,,,,,,,DETECTED,543.03818,543.03436,543.04193,3.7602,3.7373,3.7899,1.239E5,3.084E3,1.666E4,1.239E5,0.0215,1.1468,1.2454,,,3,1
1807,3.7678,3.7418,3.8008,583.23696,583.23468,583.23956,2.272E5,5.302E3,1.9E4,2.272E5,0,1,,,,,,,,,,DETECTED,583.23696,583.23468,583.23956,3.7678,3.7418,3.8008,2.272E5,5.302E3,1.9E4,2.272E5,0.0215,1.361,1.3269,,,3,1
1808,3.7735,3.7373,3.8267,487.12286,487.11948,487.12485,2.819E5,6.153E3,8.621E3,2.819E5,1,1,,,,,,,,,,DETECTED,487.12286,487.11948,487.12485,3.7735,3.7373,3.8267,2.819E5,6.153E3,8.621E3,2.819E5,0.0163,1.1063,6.4797,1,0.0086,3,1
1810,3.7735,3.7206,3.8008,549.23109,549.22754,549.23395,1.805E5,7.47E3,1.703E4,1.805E5,0,1,,,,,,,,,,DETECTED,549.23109,549.22754,549.23395,3.7735,3.7206,3.8008,1.805E5,7.47E3,1.703E4,1.805E5,0.0396,0.7578,0.5697,,,2,1
1813,3.7856,3.7602,3.837,245.13689,245.13576,245.13728,1.746E5,4.672E3,8.577E3,1.746E5,0,1,,,,,,,,,,DETECTED,245.13689,245.13576,245.13728,3.7856,3.7602,3.837,1.746E5,4.672E3,8.577E3,1.746E5,0.0233,1.3977,1.0129,,,2,1
1817,3.7856,3.7735,3.8117,463.30818,463.30789,463.30865,1.071E5,1.933E3,2.579E4,1.071E5,0,1,,,,,,,,,,DETECTED,463.30818,463.30789,463.30865,3.7856,3.7735,3.8117,1.071E5,1.933E3,2.579E4,1.071E5,0.0174,1.5863,2.1727,,,2,1
1820,3.7899,3.7735,3.821,417.2472,417.24697,417.24774,2.836E5,4.895E3,2.62E4,2.836E5,1,1,88,,,,,,,,,DETECTED,417.2472,417.24697,417.24774,3.7899,3.7735,3.821,2.836E5,4.895E3,2.62E4,2.836E5,0.016,1.235,1.637,1,0.0074,2,1
1821,3.7899,3.7678,3.8645,423.16361,423.16129,423.16608,7.174E5,1.574E4,8.102E3,7.174E5,1,1,88,,,,,,,,,DETECTED,423.16361,423.16129,423.16608,3.7899,3.7678,3.8645,7.174E5,1.574E4,8.102E3,7.174E5,0.0191,2.1673,2.5488,1,0.0057,4,1
1822,3.7899,3.7678,3.8117,453.22547,453.22324,453.22641,5.106E5,8.782E3,2.333E4,5.106E5,1,1,,,,,,,,,,DETECTED,453.22547,453.22324,453.22641,3.7899,3.7678,3.8117,5.106E5,8.782E3,2.333E4,5.106E5,0.016,1.1696,1.4523,1,0.004,4,1
1826,3.7899,3.7602,3.8926,463.25512,463.25159,463.2565,2.355E7,4.655E5,1.477E4,2.355E7,2,1,88,,,,,,,,,DETECTED,463.25512,463.25159,463.2565,3.7899,3.7602,3.8926,2.355E7,4.655E5,1.477E4,2.355E7,0.0167,1.4409,1.5191,2,-0.0095,3,1
1834,3.8008,3.7206,3.938,521.12923,521.125,521.13391,6.863E6,1.753E5,1.011E4,6.863E6,2,1,3,,,,,,,,,DETECTED,521.12923,521.125,521.13391,3.8008,3.7206,3.938,6.863E6,1.753E5,1.011E4,6.863E6,0.0272,0.6813,1.8846,2,-0.0085,4,1
1836,3.8008,3.7781,3.8542,523.13224,523.13019,523.13647,2.467E5,6.318E3,1.413E4,2.467E5,0,1,3,,,,,,,,,DETECTED,523.13224,523.13019,523.13647,3.8008,3.7781,3.8542,2.467E5,6.318E3,1.413E4,2.467E5,0.028,1.4424,1.9085,,,4,1
1838,3.8008,3.7781,3.8542,595.29302,595.2901,595.29773,1.463E5,3.939E3,8.745E3,1.463E5,0,1,3,,,,,,,,,DETECTED,595.29302,595.2901,595.29773,3.8008,3.7781,3.8542,1.463E5,3.939E3,8.745E3,1.463E5,0.0286,1.4618,1.4806,,,2,1
1839,3.8117,3.7418,3.8926,385.14921,385.14777,385.15256,1.433E6,3.389E4,1.382E4,1.433E6,1,1,3,,,,,,,,,DETECTED,385.14921,385.14777,385.15256,3.8117,3.7418,3.8926,1.433E6,3.389E4,1.382E4,1.433E6,0.0172,1.1453,0.5861,1,-0.0035,3,1
1840,3.8117,3.7899,3.8748,391.101,391.09772,391.10211,2.496E5,5.525E3,8.602E3,2.496E5,1,1,3,,,,,,,,,DETECTED,391.101,391.09772,391.10211,3.8117,3.7899,3.8748,2.496E5,5.525E3,8.602E3,2.496E5,0.0166,1.524,1.2827,1,0.0058,2,1
1841,3.8117,3.7856,3.8822,551.24753,551.24524,551.25085,9.729E5,2.344E4,1.467E4,9.729E5,1,1,3,,,,,,,,,DETECTED,551.24753,551.24524,551.25085,3.8117,3.7856,3.8822,9.729E5,2.344E4,1.467E4,9.729E5,0.0193,1.5108,2.3614,1,-0.0052,2,1
1842,3.8117,3.7856,3.8416,553.2255,553.22369,553.22614,7.132E5,1.767E4,5.356E4,7.132E5,1,1,3,,,,,,,,,DETECTED,553.2255,553.22369,553.22614,3.8117,3.7856,3.8416,7.132E5,1.767E4,5.356E4,7.132E5,0.023,1.4667,0.8574,1,-0.0069,6,1
1843,3.821,3.8008,3.8822,549.2312,549.22778,549.23254,4.798E5,1.444E4,3.817E4,4.798E5,1,1,,,,,,,,,,DETECTED,549.2312,549.22778,549.23254,3.821,3.8008,3.8822,4.798E5,1.444E4,3.817E4,4.798E5,0.0329,1.9873,2.4529,1,-0.0052,5,1
1844,3.8267,3.8117,3.8542,593.21915,593.2171,593.22009,7.46E4,1.297E3,2.528E4,7.46E4,0,1,,,,,,,,,,DETECTED,593.21915,593.2171,593.22009,3.8267,3.8117,3.8542,7.46E4,1.297E3,2.528E4,7.46E4,0.0158,1.4171,1.8342,,,2,1
1845,3.837,3.8008,3.8926,283.1168,283.116,283.11832,2.737E5,7.57E3,1.039E4,2.737E5,1,1,120,,,,,,,,,DETECTED,283.1168,283.116,283.11832,3.837,3.8008,3.8926,2.737E5,7.57E3,1.039E4,2.737E5,0.023,1.1116,0.6367,1,0.0137,2,1
1846,3.837,3.8117,3.8972,329.15891,329.15787,329.15945,4.119E5,1.168E4,1.374E4,4.119E5,1,1,120,,,,,,,,,DETECTED,329.15891,329.15787,329.15945,3.837,3.8117,3.8972,4.119E5,1.168E4,1.374E4,4.119E5,0.0277,2.0636,2.5667,1,0.0087,3,1
1847,3.837,3.8117,3.8645,405.11583,405.11389,405.11774,5.987E4,1.603E3,9.958E3,5.987E4,0,1,120,,,,,,,,,DETECTED,405.11583,405.11389,405.11774,3.837,3.8117,3.8645,5.987E4,1.603E3,9.958E3,5.987E4,0.027,1.0425,1.0512,,,2,1
1848,3.8542,3.837,3.8868,383.13377,383.13196,383.13623,5.337E4,1.249E3,8.042E3,5.337E4,0,1,11,,,,,,,,,DETECTED,383.13377,383.13196,383.13623,3.8542,3.837,3.8868,5.337E4,1.249E3,8.042E3,5.337E4,0.0219,1.4475,2.5841,,,2,1
1850,3.8542,3.837,3.8868,547.21521,547.21375,547.21698,1.876E5,4.524E3,2.062E4,1.876E5,0,1,11,,,,,,,,,DETECTED,547.21521,547.21375,547.21698,3.8542,3.837,3.8868,1.876E5,4.524E3,2.062E4,1.876E5,0.0233,1.4475,2.4296,,,2,1
1851,3.86,3.837,3.8868,475.15779,475.15414,475.16129,7.668E4,1.967E3,1.189E4,7.668E4,0,1,11,,,,,,,,,DETECTED,475.15779,475.15414,475.16129,3.86,3.837,3.8868,7.668E4,1.967E3,1.189E4,7.668E4,0.0242,1.0848,1.3692,,,2,1
1852,3.86,3.8313,3.9723,501.16155,501.15796,501.16272,1.121E7,3.778E5,2.93E4,1.121E7,2,1,11,,,,,,,,,DETECTED,501.16155,501.15796,501.16272,3.86,3.8313,3.9723,1.121E7,3.778E5,2.93E4,1.121E7,0.0551,2.0336,2.7789,2,-0.0109,4,1
1855,3.8748,3.86,3.9195,413.21458,413.2131,413.21649,1.56E5,4.041E3,1.608E4,1.56E5,0,1,,,,,,,,,,DETECTED,413.21458,413.2131,413.21649,3.8748,3.86,3.9195,1.56E5,4.041E3,1.608E4,1.56E5,0.0376,2.0044,2.7271,,,2,1
1857,3.8822,3.8645,3.9092,447.06826,447.06717,447.07016,1.698E5,4.236E3,5.19E4,1.698E5,0,1,,,,,,,,,,DETECTED,447.06826,447.06717,447.07016,3.8822,3.8645,3.9092,1.698E5,4.236E3,5.19E4,1.698E5,0.0269,1.2603,1.5207,,,2,1
1860,3.8868,3.8645,3.9934,471.12901,471.12643,471.13077,5.174E6,1.137E5,1.033E4,5.174E6,1,1,92,,,,,,,,,DETECTED,471.12901,471.12643,471.13077,3.8868,3.8645,3.9934,5.174E6,1.137E5,1.033E4,5.174E6,0.0215,1.4737,1.4806,1,-0.008,3,1
1863,3.8868,3.8703,3.9195,539.11262,539.11108,539.11633,5.946E4,1.429E3,7.714E3,5.946E4,0,1,92,,,,,,,,,DETECTED,539.11262,539.11108,539.11633,3.8868,3.8703,3.9195,5.946E4,1.429E3,7.714E3,5.946E4,0.0222,1.4888,3.242,,,2,1
1864,3.8868,3.8703,3.9092,551.20973,551.20874,551.21051,6.706E5,1.206E4,5.617E4,6.706E5,1,1,92,,,,,,,,,DETECTED,551.20973,551.20874,551.21051,3.8868,3.8703,3.9092,6.706E5,1.206E4,5.617E4,6.706E5,0.0202,1.3987,1.9067,1,0.0023,6,1
1865,3.9017,3.8822,3.978,549.23212,549.22864,549.23712,3.607E5,1.07E4,1.676E4,3.607E5,1,1,,,,,,,,,,DETECTED,549.23212,549.22864,549.23712,3.9017,3.8822,3.978,3.607E5,1.07E4,1.676E4,3.607E5,0.0243,2.4053,3.2072,1,0.004,2,1
1866,3.9092,3.8645,3.9529,515.17452,515.16931,515.17804,5.818E4,2.374E3,1.035E4,5.818E4,0,1,173,,,,,,,,,DETECTED,515.17452,515.16931,515.17804,3.9092,3.8645,3.9529,5.818E4,2.374E3,1.035E4,5.818E4,0.02,0.9891,0.9783,,,2,1
1868,3.9149,3.8972,3.9529,481.11297,481.1105,481.11655,8.99E4,2.697E3,1.407E4,8.99E4,0,1,,,,,,,,,,DETECTED,481.11297,481.1105,481.11655,3.9149,3.8972,3.9529,8.99E4,2.697E3,1.407E4,8.99E4,0.029,1.5668,2.6785,,,2,1
1869,3.9149,3.8748,3.938,493.20632,493.2045,493.20941,1.494E5,3.339E3,1.236E4,1.494E5,0,1,173,,,,,,,,,DETECTED,493.20632,493.2045,493.20941,3.9149,3.8748,3.938,1.494E5,3.339E3,1.236E4,1.494E5,0.0187,0.8512,0.3831,,,2,1
1871,3.9288,3.9092,3.978,447.06952,447.06778,447.0704,5.567E5,1.595E4,7.85E4,5.567E5,1,1,,,,,,,,,,DETECTED,447.06952,447.06778,447.0704,3.9288,3.9092,3.978,5.567E5,1.595E4,7.85E4,5.567E5,0.0248,1.7566,5.346,1,-0.0035,3,1
1873,3.938,3.9149,3.9934,209.11576,209.11497,209.11613,1.312E5,3.32E3,7.807E3,1.312E5,0,1,87,,,,,,,,,DETECTED,209.11576,209.11497,209.11613,3.938,3.9149,3.9934,1.312E5,3.32E3,7.807E3,1.312E5,0.0229,1.7779,1.3601,,,2,1
1874,3.938,3.9149,4.0025,227.12658,227.12582,227.12672,4.468E5,1.091E4,7.978E3,4.468E5,1,1,87,,,,,,,,,DETECTED,227.12658,227.12582,227.12672,3.938,3.9149,4.0025,4.468E5,1.091E4,7.978E3,4.468E5,0.0214,1.6807,1.3837,1,-0.0035,2,1
1876,3.9425,3.9017,3.978,271.05905,271.05807,271.05997,5.624E4,1.767E3,7.866E3,5.624E4,0,1,87,,,,,,,,,DETECTED,271.05905,271.05807,271.05997,3.9425,3.9017,3.978,5.624E4,1.767E3,7.866E3,5.624E4,0.0266,0.9348,1.1943,,,2,1
1878,3.9425,3.9017,4.0138,711.39008,711.3869,711.39142,6.049E5,2.796E4,4.529E4,6.049E5,1,1,87,,,,,,,,,DETECTED,711.39008,711.3869,711.39142,3.9425,3.9017,4.0138,6.049E5,2.796E4,4.529E4,6.049E5,0.083,1.1255,1.0353,1,-0.0189,4,1
1879,3.9575,3.9288,3.9826,371.12296,371.12189,371.12366,8.306E4,1.802E3,8.937E3,8.306E4,0,1,,,,,,,,,,DETECTED,371.12296,371.12189,371.12366,3.9575,3.9288,3.9826,8.306E4,1.802E3,8.937E3,8.306E4,0.0177,0.9386,0.7515,,,2,1
1882,3.9575,3.9195,3.9826,679.36847,679.36377,679.37012,4.262E6,5.708E4,5.878E4,4.262E6,1,1,160,,,,,,,,,DETECTED,679.36847,679.36377,679.37012,3.9575,3.9195,3.9826,4.262E6,5.708E4,5.878E4,4.262E6,0.0087,1.2,1.2961,1,-0.008,4,1
1883,3.9575,3.938,3.978,679.86484,679.8595,679.86932,2.483E5,2.995E3,6.971E3,2.483E5,0,1,160,,,,,,,,,DETECTED,679.86484,679.8595,679.86932,3.9575,3.938,3.978,2.483E5,2.995E3,6.971E3,2.483E5,0.0095,1.0446,1.2603,,,2,1
1888,3.9723,3.9529,4.0025,445.11223,445.11093,445.11392,1.543E5,3.277E3,1.212E4,1.543E5,0,1,,,,,,,,,,DETECTED,445.11223,445.11093,445.11392,3.9723,3.9529,4.0025,1.543E5,3.277E3,1.212E4,1.543E5,0.0186,1.4654,1.8614,,,2,1
1889,3.978,3.9471,4.0138,413.21528,413.21356,413.21844,2.099E5,4.705E3,7.745E3,2.099E5,0,1,13,,,,,,,,,DETECTED,413.21528,413.21356,413.21844,3.978,3.9471,4.0138,2.099E5,4.705E3,7.745E3,2.099E5,0.0197,1.6634,0.9435,,,2,1
1890,3.978,3.962,4.0464,459.22234,459.21918,459.22351,3.849E5,9.234E3,1.058E4,3.849E5,1,1,13,,,,,,,,,DETECTED,459.22234,459.21918,459.22351,3.978,3.962,4.0464,3.849E5,9.234E3,1.058E4,3.849E5,0.0199,2.191,2.2865,1,0.0069,2,1
1891,3.978,3.938,4.0345,461.10854,461.10739,461.11169,2.815E5,7.077E3,7.959E3,2.815E5,1,1,13,,,,,,,,,DETECTED,461.10854,461.10739,461.11169,3.978,3.938,4.0345,2.815E5,7.077E3,7.959E3,2.815E5,0.0204,1.2,0.4614,1,0.0085,2,1
1892,3.978,3.8313,4.0242,461.23712,461.23462,461.23969,1.223E5,6.91E3,1.433E4,1.223E5,0,1,13,,,,,,,,,DETECTED,461.23712,461.23462,461.23969,3.978,3.8313,4.0242,1.223E5,6.91E3,1.433E4,1.223E5,0.0352,0.6571,0.4095,,,2,1
1893,3.9826,3.9677,4.0242,501.13743,501.13477,501.14093,2.362E5,5.08E3,1.657E4,2.362E5,0,1,13,,,,,,,,,DETECTED,501.13743,501.13477,501.14093,3.9826,3.9677,4.0242,2.362E5,5.08E3,1.657E4,2.362E5,0.0197,1.4065,5.256,,,3,1
1894,3.9826,3.9677,4.0242,537.23164,537.23022,537.23376,1.974E5,4.014E3,1.319E4,1.974E5,0,1,13,,,,,,,,,DETECTED,537.23164,537.23022,537.23376,3.9826,3.9677,4.0242,1.974E5,4.014E3,1.319E4,1.974E5,0.0189,1.6592,1.7024,,,4,1
1895,3.9934,3.9723,4.0242,521.19869,521.19531,521.20032,8.635E4,2.098E3,1.153E4,8.635E4,0,1,,,,,,,,,,DETECTED,521.19869,521.19531,521.20032,3.9934,3.9723,4.0242,8.635E4,2.098E3,1.153E4,8.635E4,0.2199,1.2283,1.9205,,,3,1
1896,3.998,3.9826,4.0464,503.24926,503.2468,503.2536,5.068E4,1.438E3,1.645E4,5.068E4,0,1,150,,,,,,,,,DETECTED,503.24926,503.2468,503.2536,3.998,3.9826,4.0464,5.068E4,1.438E3,1.645E4,5.068E4,0.0161,2.0769,3.1539,,,2,1
1897,4.0025,3.9826,4.0345,505.26492,505.26385,505.26935,9.651E4,2.302E3,2.991E4,9.651E4,0,1,150,,,,,,,,,DETECTED,505.26492,505.26385,505.26935,4.0025,3.9826,4.0345,9.651E4,2.302E3,2.991E4,9.651E4,0.0191,1.3035,1.6071,,,2,1
1898,4.0025,3.9826,4.0464,519.18411,519.18243,519.18835,1.029E5,2.47E3,1.325E4,1.029E5,0,1,,,,,,,,,,DETECTED,519.18411,519.18243,519.18835,4.0025,3.9826,4.0464,1.029E5,2.47E3,1.325E4,1.029E5,0.0253,1.6023,1.7432,,,2,1
1900,4.0138,3.9934,4.0464,523.3443,523.34106,523.3457,8.943E4,2.044E3,9.018E3,8.943E4,0,1,100,31,[M-H]-,2,524.35184,1900;1901,,,,DETECTED,523.3443,523.34106,523.3457,4.0138,3.9934,4.0464,8.943E4,2.044E3,9.018E3,8.943E4,0.0218,1.2971,1.7239,,,2,1
1901,4.0138,3.962,4.0647,569.35031,569.34656,569.35199,5.81E5,1.34E4,9.896E3,5.81E5,1,1,100,31,[M+FA]-,2,524.35184,1900;1901,,,,DETECTED,569.35031,569.34656,569.35199,4.0138,3.962,4.0647,5.81E5,1.34E4,9.896E3,5.81E5,0.0177,0.9538,1.9653,1,0.004,3,1
1911,4.0242,3.998,4.0837,417.24658,417.24484,417.24774,1.832E6,3.786E4,1.062E4,1.832E6,1,1,26,,,,,,,,,DETECTED,417.24658,417.24484,417.24774,4.0242,3.998,4.0837,1.832E6,3.786E4,1.062E4,1.832E6,0.0201,1.5464,1.6443,1,-0.0046,3,1
1912,4.0242,4.0025,4.1358,453.22589,453.22244,453.22665,1.228E6,3.106E4,1.421E4,1.228E6,0,1,26,32,[M+Cl]-,2,418.25675,1914;1912,,,,DETECTED,453.22589,453.22244,453.22665,4.0242,4.0025,4.1358,1.228E6,3.106E4,1.421E4,1.228E6,0.021,3.0409,1.886,,,7,1
1914,4.0242,3.9471,4.1415,463.25522,463.25223,463.25668,4.149E7,1.063E6,1.451E4,4.149E7,3,1,26,32,[M+FA]-,2,418.25675,1914;1912,,,,DETECTED,463.25522,463.25223,463.25668,4.0242,3.9471,4.1415,4.149E7,1.063E6,1.451E4,4.149E7,0.0211,3.0004,1.9202,3,-0.008,5,1
1926,4.0345,3.9288,4.095,385.12597,385.12454,385.1282,1.629E5,8.365E3,1.322E4,1.629E5,0,1,26,,,,,,,,,DETECTED,385.12597,385.12454,385.1282,4.0345,3.9288,4.095,1.629E5,8.365E3,1.322E4,1.629E5,0.0285,0.8055,0.6184,,,2,1
1927,4.0345,3.978,4.1473,427.15743,427.15488,427.15918,2.059E5,9.071E3,8.936E3,2.059E5,0,1,,,,,,,,,,DETECTED,427.15743,427.15488,427.15918,4.0345,3.978,4.1473,2.059E5,9.071E3,8.936E3,2.059E5,0.0539,2.0509,1.8892,,,2,1
1931,4.0464,4.0242,4.0722,339.17884,339.17667,339.18246,6.93E4,1.629E3,1.8E4,6.93E4,0,1,,,,,,,,,,DETECTED,339.17884,339.17667,339.18246,4.0464,4.0242,4.0722,6.93E4,1.629E3,1.8E4,6.93E4,0.0225,1.0783,1.1566,,,2,1
1932,4.051,4.0242,4.1549,371.16956,371.16711,371.17114,6.846E5,1.837E4,1.036E4,6.846E5,1,1,52,,,,,,,,,DETECTED,371.16956,371.16711,371.17114,4.051,4.0242,4.1549,6.846E5,1.837E4,1.036E4,6.846E5,0.0212,2.2713,2.6139,1,0.0057,3,1
1933,4.051,4.0345,4.0837,413.14197,413.14133,413.14359,8.741E4,2.059E3,1.078E4,8.741E4,0,1,52,,,,,,,,,DETECTED,413.14197,413.14133,413.14359,4.051,4.0345,4.0837,8.741E4,2.059E3,1.078E4,8.741E4,0.0239,1.4947,2.2606,,,2,1
1934,4.051,4.0242,4.1415,459.15083,459.14688,459.15396,7.811E5,2.006E4,1.165E4,7.811E5,1,1,52,,,,,,,,,DETECTED,459.15083,459.14688,459.15396,4.051,4.0242,4.1415,7.811E5,2.006E4,1.165E4,7.811E5,0.0206,2.084,2.9731,1,0.004,3,1
1935,4.0601,4.0345,4.0837,415.15761,415.15582,415.1601,6.27E4,1.676E3,1.216E4,6.27E4,0,1,52,,,,,,,,,DETECTED,415.15761,415.15582,415.1601,4.0601,4.0345,4.0837,6.27E4,1.676E3,1.216E4,6.27E4,0.0251,0.9607,0.8247,,,2,1
1937,4.0601,4.0389,4.1237,507.22143,507.21753,507.22211,9.752E5,1.954E4,1.337E4,9.752E5,1,1,136,,,,,,,,,DETECTED,507.22143,507.21753,507.22211,4.0601,4.0389,4.1237,9.752E5,1.954E4,1.337E4,9.752E5,0.0171,1.705,1.8461,1,0.0069,3,1
1938,4.0647,3.9934,4.1162,391.19527,391.19229,391.19861,1.383E5,4.698E3,6.966E3,1.383E5,0,1,136,,,,,,,,,DETECTED,391.19527,391.19229,391.19861,4.0647,3.9934,4.1162,1.383E5,4.698E3,6.966E3,1.383E5,0.0211,0.8896,0.5928,,,2,1
1940,4.0647,4.0389,4.1162,567.33416,567.33112,567.33594,2.263E5,5.544E3,9.182E3,2.263E5,0,1,136,,,,,,,,,DETECTED,567.33416,567.33112,567.33594,4.0647,4.0389,4.1162,2.263E5,5.544E3,9.182E3,2.263E5,0.0188,1.6224,2.0907,,,3,1
1942,4.0722,4.0083,4.1025,533.23611,533.23395,533.23804,4.048E5,1.603E4,2.166E4,4.048E5,0,1,166,,,,,,,,,DETECTED,533.23611,533.23395,533.23804,4.0722,4.0083,4.1025,4.048E5,1.603E4,2.166E4,4.048E5,0.0301,0.7584,0.5596,,,4,1
1943,4.0722,4.0464,4.184,551.24685,551.24335,551.25256,1.824E5,5.862E3,1.039E4,1.824E5,0,1,166,,,,,,,,,DETECTED,551.24685,551.24335,551.25256,4.0722,4.0464,4.184,1.824E5,5.862E3,1.039E4,1.824E5,0.0208,2.8646,4.5809,,,2,1
1944,4.0837,4.0601,4.1549,301.03285,301.02921,301.03336,5.558E4,2.247E3,8.191E3,5.558E4,0,1,,,,,,,,,,DETECTED,301.03285,301.02921,301.03336,4.0837,4.0601,4.1549,5.558E4,2.247E3,8.191E3,5.558E4,0.0301,2.0083,3.4871,,,2,1
1946,4.1116,4.0895,4.1594,285.1325,285.13162,285.1329,1.135E5,2.721E3,7.718E3,1.135E5,0,1,82,,,,,,,,,DETECTED,285.1325,285.13162,285.1329,4.1116,4.0895,4.1594,1.135E5,2.721E3,7.718E3,1.135E5,0.0192,1.7554,1.6459,,,2,1
1947,4.1116,4.0837,4.1415,417.24612,417.24423,417.24832,5.81E4,1.909E3,1.101E4,5.81E4,0,1,82,,,,,,,,,DETECTED,417.24612,417.24423,417.24832,4.1116,4.0837,4.1415,5.81E4,1.909E3,1.101E4,5.81E4,0.0289,1.0364,1.0729,,,2,1
1948,4.1116,4.0242,4.1415,461.23794,461.23538,461.23969,1.957E5,9.781E3,1.748E4,1.957E5,0,1,82,,,,,,,,,DETECTED,461.23794,461.23538,461.23969,4.1116,4.0242,4.1415,1.957E5,9.781E3,1.748E4,1.957E5,0.0266,0.6756,0.3588,,,2,1
1949,4.1116,4.0837,4.1898,535.25405,535.24982,535.25488,3.672E6,7.661E4,3.396E4,3.672E6,1,1,82,,,,,,,,,DETECTED,535.25405,535.24982,535.25488,4.1116,4.0837,4.1898,3.672E6,7.661E4,3.396E4,3.672E6,0.0175,1.2106,1.2704,1,-0.0126,4,1
1952,4.1162,4.095,4.1549,283.11667,283.11618,283.11789,8.014E4,1.878E3,7.84E3,8.014E4,0,1,82,,,,,,,,,DETECTED,283.11667,283.11618,283.11789,4.1162,4.095,4.1549,8.014E4,1.878E3,7.84E3,8.014E4,0.02,1.5317,1.4406,,,2,1
1953,4.1162,4.0722,4.1415,385.15052,385.14923,385.15274,5.986E4,1.968E3,8.515E3,5.986E4,0,1,82,,,,,,,,,DETECTED,385.15052,385.14923,385.15274,4.1162,4.0722,4.1415,5.986E4,1.968E3,8.515E3,5.986E4,0.0504,0.7886,0.5147,,,2,1
1954,4.1237,4.1025,4.2013,533.23746,533.23309,533.23828,8.56E5,2.668E4,3.974E4,8.56E5,1,1,,,,,,,,,,DETECTED,533.23746,533.23309,533.23828,4.1237,4.1025,4.2013,8.56E5,2.668E4,3.974E4,8.56E5,0.0228,2.7061,2.5329,1,-0.0052,2,1
1956,4.1358,4.0345,4.1731,187.09437,187.09396,187.09494,5.491E4,3.209E3,7.925E3,5.491E4,0,1,,,,,,,,,,DETECTED,187.09437,187.09396,187.09494,4.1358,4.0345,4.1731,5.491E4,3.209E3,7.925E3,5.491E4,0.0854,0.6841,0.5144,,,2,1
1958,4.1358,4.1162,4.184,599.20963,599.20612,599.21082,6.929E4,2.043E3,1.146E4,6.929E4,0,1,,,,,,,,,,DETECTED,599.20963,599.20612,599.21082,4.1358,4.1162,4.184,6.929E4,2.043E3,1.146E4,6.929E4,0.0259,1.7281,2.7725,,,3,1
1959,4.1549,4.1358,4.2013,493.22787,493.22696,493.2287,4.936E5,1.687E4,4.877E4,4.936E5,0,1,,,,,,,,,,DETECTED,493.22787,493.22696,493.2287,4.1549,4.1358,4.2013,4.936E5,1.687E4,4.877E4,4.936E5,0.0403,1.7172,2.173,,,3,1
1960,4.1731,4.1415,4.2476,461.23813,461.23517,461.2402,4.699E5,1.116E4,1.193E4,4.699E5,1,1,,,,,,,,,,DETECTED,461.23813,461.23517,461.2402,4.1731,4.1415,4.2476,4.699E5,1.116E4,1.193E4,4.699E5,0.0219,1.3161,1.9855,1,0.0041,2,1
1961,4.1731,4.1116,4.1898,531.22098,531.21954,531.22559,2.039E5,5.942E3,1.246E4,2.039E5,0,1,,,,,,,,,,DETECTED,531.22098,531.21954,531.22559,4.1731,4.1116,4.1898,2.039E5,5.942E3,1.246E4,2.039E5,0.0263,0.6858,0.3682,,,2,1
1962,4.184,4.0083,4.615,323.01259,323.01138,323.01465,1.263E5,5.08E4,4.04E4,1.263E5,0,1,,,,,,,,,,DETECTED,323.01259,323.01138,323.01465,4.184,4.0083,4.615,1.263E5,5.08E4,4.04E4,1.263E5,0.515,1.7266,2.4532,,,5,1
1963,4.184,4.1237,4.2591,339.07035,339.06876,339.0715,1.16E6,2.526E4,6.25E3,1.16E6,1,1,51,33,[M-H]-,2,340.0777,1964;1963,,,,DETECTED,339.07035,339.06876,339.0715,4.184,4.1237,4.2591,1.16E6,2.526E4,6.25E3,1.16E6,0.0184,0.8658,1.1062,1,-0.0052,3,1
1964,4.184,4.1549,4.2418,385.07597,385.07251,385.0766,7.419E5,1.538E4,8.522E3,7.419E5,1,1,51,33,[M+FA]-,2,340.0777,1964;1963,,,,DETECTED,385.07597,385.07251,385.0766,4.184,4.1549,4.2418,7.419E5,1.538E4,8.522E3,7.419E5,0.0181,1.2555,1.1087,1,-0.0035,3,1
1969,4.184,4.1415,4.2591,593.12561,593.12244,593.12939,1.653E5,4.878E3,7.006E3,1.653E5,0,1,51,,,,,,,,,DETECTED,593.12561,593.12244,593.12939,4.184,4.1415,4.2591,1.653E5,4.878E3,7.006E3,1.653E5,0.0247,1.1216,1.286,,,3,1
1970,4.1898,4.1415,4.3575,463.25412,463.25165,463.25659,5.609E6,1.619E5,1.381E4,5.609E6,1,1,,,,,,,,,,DETECTED,463.25412,463.25165,463.25659,4.1898,4.1415,4.3575,5.609E6,1.619E5,1.381E4,5.609E6,0.0225,1.4728,1.7275,1,-0.0035,4,1
1972,4.1955,4.1162,4.2533,567.33458,567.33118,567.33752,2.233E5,8.137E3,6.54E3,2.233E5,0,1,140,,,,,,,,,DETECTED,567.33458,567.33118,567.33752,4.1955,4.1162,4.2533,2.233E5,8.137E3,6.54E3,2.233E5,0.0832,0.7959,1.6134,,,3,1
1973,4.2013,4.1731,4.2207,445.11045,445.10876,445.11285,6.441E4,1.445E3,9.448E3,6.441E4,0,1,140,,,,,,,,,DETECTED,445.11045,445.10876,445.11285,4.2013,4.1731,4.2207,6.441E4,1.445E3,9.448E3,6.441E4,0.0211,0.8439,1.0725,,,2,1
1974,4.2161,4.1898,4.2646,535.25129,535.24988,535.25244,2.655E5,8.957E3,1.549E4,2.655E5,0,1,107,,,,,,,,,DETECTED,535.25129,535.24988,535.25244,4.2161,4.1898,4.2646,2.655E5,8.957E3,1.549E4,2.655E5,0.0314,1.338,1.6717,,,3,1
1975,4.2207,4.2013,4.2646,493.22747,493.22495,493.23178,3.481E5,8.802E3,2.043E4,3.481E5,0,1,107,,,,,,,,,DETECTED,493.22747,493.22495,493.23178,4.2207,4.2013,4.2646,3.481E5,8.802E3,2.043E4,3.481E5,0.0203,1.6027,1.9502,,,3,1
1976,4.2282,4.2013,4.3517,533.23666,533.23297,533.23865,7.609E5,2.511E4,2.231E4,7.609E5,1,1,107,,,,,,,,,DETECTED,533.23666,533.23297,533.23865,4.2282,4.2013,4.3517,7.609E5,2.511E4,2.231E4,7.609E5,0.0218,3.0568,3.5927,1,-0.0052,2,1
1977,4.2327,4.2161,4.2646,599.20904,599.20599,599.2113,6.315E4,1.418E3,7.731E3,6.315E4,0,1,,,,,,,,,,DETECTED,599.20904,599.20599,599.2113,4.2327,4.2161,4.2646,6.315E4,1.418E3,7.731E3,6.315E4,0.0212,1.4597,1.6284,,,3,1
1978,4.2327,4.1731,4.2691,709.37161,709.36816,709.37781,7.382E4,2.922E3,7.332E3,7.382E4,0,1,107,,,,,,,,,DETECTED,709.37161,709.36816,709.37781,4.2327,4.1731,4.2691,7.382E4,2.922E3,7.332E3,7.382E4,0.0309,0.8968,0.5304,,,3,1
1981,4.2533,4.2373,4.284,341.19512,341.194,341.19577,6.336E4,1.274E3,8.365E3,6.336E4,0,1,39,,,,,,,,,DETECTED,341.19512,341.194,341.19577,4.2533,4.2373,4.284,6.336E4,1.274E3,8.365E3,6.336E4,0.0183,1.4559,1.8387,,,2,1
1982,4.2533,4.2373,4.3167,585.23111,585.22913,585.23718,1.2E5,3.377E3,9.071E3,1.2E5,0,1,39,,,,,,,,,DETECTED,585.23111,585.22913,585.23718,4.2533,4.2373,4.3167,1.2E5,3.377E3,9.071E3,1.2E5,0.0207,2.2955,2.8179,,,3,1
1983,4.2646,4.2476,4.2977,507.24285,507.24203,507.24557,1.35E5,2.983E3,1.913E4,1.35E5,0,1,,,,,,,,,,DETECTED,507.24285,507.24203,507.24557,4.2646,4.2476,4.2977,1.35E5,2.983E3,1.913E4,1.35E5,0.0205,1.4724,1.8057,,,2,1
1984,4.2795,4.2591,4.3258,225.11101,225.10997,225.11148,5.512E4,1.532E3,7.46E3,5.512E4,0,1,,,,,,,,,,DETECTED,225.11101,225.10997,225.11148,4.2795,4.2591,4.3258,5.512E4,1.532E3,7.46E3,5.512E4,0.0251,1.6368,2.6596,,,2,1
1987,4.2931,4.0083,4.5319,308.99674,308.99597,308.99765,1.284E5,4.162E4,2.526E4,1.284E5,0,1,,,,,,,,,,DETECTED,308.99674,308.99597,308.99765,4.2931,4.0083,4.5319,1.284E5,4.162E4,2.526E4,1.284E5,0.385,0.9192,0.8384,,,14,1
1988,4.2931,4.2116,4.4079,309.13287,309.13181,309.13428,1.267E6,4.204E4,7.282E3,1.267E6,1,1,130,,,,,,,,,DETECTED,309.13287,309.13181,309.13428,4.2931,4.2116,4.4079,1.267E6,4.204E4,7.282E3,1.267E6,0.026,0.9553,0.6287,1,-0.0217,3,1
1989,4.2931,4.2646,4.3212,331.11448,331.11313,331.1156,5.553E4,1.192E3,7.066E3,5.553E4,0,1,130,,,,,,,,,DETECTED,331.11448,331.11313,331.1156,4.2931,4.2646,4.3212,5.553E4,1.192E3,7.066E3,5.553E4,0.0168,0.9932,1.2492,,,2,1
1990,4.2931,4.2646,4.3316,353.1222,353.12115,353.12369,9.808E4,1.955E3,7.743E3,9.808E4,0,1,130,,,,,,,,,DETECTED,353.1222,353.12115,353.12369,4.2931,4.2646,4.3316,9.808E4,1.955E3,7.743E3,9.808E4,0.0145,1.1199,3.0992,,,2,1
1991,4.2931,4.2749,4.3167,505.26319,505.26245,505.2677,7.073E4,1.206E3,1.316E4,7.073E4,0,1,130,,,,,,,,,DETECTED,505.26319,505.26245,505.2677,4.2931,4.2749,4.3167,7.073E4,1.206E3,1.316E4,7.073E4,0.0149,1.1476,1.0352,,,2,1
1992,4.3034,4.284,4.3361,579.2387,579.23438,579.24078,7.626E4,1.889E3,7.026E3,7.626E4,0,1,,,,,,,,,,DETECTED,579.2387,579.23438,579.24078,4.3034,4.284,4.3361,7.626E4,1.889E3,7.026E3,7.626E4,0.0226,1.5079,1.996,,,3,1
1993,4.3167,4.2646,4.4228,471.14906,471.14664,471.15292,2.962E5,1.372E4,1.39E4,2.962E5,0,1,,,,,,,,,,DETECTED,471.14906,471.14664,471.15292,4.3167,4.2646,4.4228,2.962E5,1.372E4,1.39E4,2.962E5,0.0291,1.436,1.7091,,,3,1
1994,4.3258,4.2646,4.393,493.22772,493.22525,493.23178,3.133E5,1.197E4,2.043E4,3.133E5,0,1,,,,,,,,,,DETECTED,493.22772,493.22525,493.23178,4.3258,4.2646,4.393,3.133E5,1.197E4,2.043E4,3.133E5,0.023,1.0935,1.0349,,,3,1
1996,4.3361,4.3167,4.3884,537.15782,537.15649,537.15948,7.72E4,2.086E3,7.8E3,7.72E4,0,1,,,,,,,,,,DETECTED,537.15782,537.15649,537.15948,4.3361,4.3167,4.3884,7.72E4,2.086E3,7.8E3,7.72E4,0.0254,1.8436,1.9269,,,2,1
1997,4.3407,4.3258,4.3735,535.25154,535.25018,535.2522,3.478E5,7.752E3,6.472E4,3.478E5,1,1,47,34,[M-H]-,2,536.25866,1997;1998,,,,DETECTED,535.25154,535.25018,535.2522,4.3407,4.3258,4.3735,3.478E5,7.752E3,6.472E4,3.478E5,0.0186,1.6011,2.1686,1,0.0041,3,1
1998,4.3407,4.3212,4.3826,581.25671,581.25262,581.26074,2.672E5,5.502E3,1.394E4,2.672E5,1,1,47,34,[M+FA]-,2,536.25866,1997;1998,,,,DETECTED,581.25671,581.25262,581.26074,4.3407,4.3212,4.3826,2.672E5,5.502E3,1.394E4,2.672E5,0.0177,1.5174,1.7255,1,0.0058,3,1
1999,4.3407,4.3034,4.4021,711.38869,711.3847,711.39014,3.132E5,1.139E4,2.287E4,3.132E5,0,1,47,,,,,,,,,DETECTED,711.38869,711.3847,711.39014,4.3407,4.3034,4.4021,3.132E5,1.139E4,2.287E4,3.132E5,0.0187,1.4347,1.0847,,,4,1
2003,4.3975,4.3735,4.4672,157.08395,157.08357,157.08415,2.147E5,5.941E3,7.293E3,2.147E5,0,1,151,,,,,,,,,DETECTED,157.08395,157.08357,157.08415,4.3975,4.3735,4.4672,2.147E5,5.941E3,7.293E3,2.147E5,0.0268,1.6467,1.74,,,2,1
2004,4.3975,4.3735,4.4478,199.09487,199.09441,199.09512,1.494E5,4.384E3,8.664E3,1.494E5,0,1,151,,,,,,,,,DETECTED,199.09487,199.09441,199.09512,4.3975,4.3735,4.4478,1.494E5,4.384E3,8.664E3,1.494E5,0.0271,1.6778,26.9496,,,2,1
2006,4.4079,4.3826,4.4432,387.16417,387.1633,387.16619,4.793E5,1.149E4,3.418E4,4.793E5,1,1,,,,,,,,,,DETECTED,387.16417,387.1633,387.16619,4.4079,4.3826,4.4432,4.793E5,1.149E4,3.418E4,4.793E5,0.0218,1.4513,1.271,1,-0.0035,3,1
2007,4.4154,4.393,4.4805,493.22752,493.22571,493.23041,4.736E5,1.097E4,1.129E4,4.736E5,0,1,,,,,,,,,,DETECTED,493.22752,493.22571,493.23041,4.4154,4.393,4.4805,4.736E5,1.097E4,1.129E4,4.736E5,0.02,1.667,1.5789,,,3,1
2008,4.4154,4.3517,4.4432,533.23584,533.23297,533.23706,1.237E5,5.847E3,2.231E4,1.237E5,0,1,,,,,,,,,,DETECTED,533.23584,533.23297,533.23706,4.4154,4.3517,4.4432,1.237E5,5.847E3,2.231E4,1.237E5,0.0389,0.7181,0.4361,,,2,1
2010,4.4432,4.3884,4.4987,407.29885,407.29483,407.30206,4.073E5,1.362E4,6.844E3,4.073E5,0,1,,,,,,,,,,DETECTED,407.29885,407.29483,407.30206,4.4432,4.3884,4.4987,4.073E5,1.362E4,6.844E3,4.073E5,0.0396,1.0483,0.8416,,,3,1
2011,4.4523,4.4341,4.4805,507.2049,507.20291,507.20609,8.531E4,1.903E3,1.556E4,8.531E4,0,1,,,,,,,,,,DETECTED,507.2049,507.20291,507.20609,4.4523,4.4341,4.4805,8.531E4,1.903E3,1.556E4,8.531E4,0.0213,1.2745,1.5437,,,2,1
2012,4.4729,4.2013,4.5204,385.12695,385.12451,385.12894,9.553E4,1.061E4,1.746E4,9.553E4,0,1,,,,,,,,,,DETECTED,385.12695,385.12451,385.12894,4.4729,4.2013,4.5204,9.553E4,1.061E4,1.746E4,9.553E4,0.051,0.5874,0.1792,,,2,1
2013,4.4805,4.4478,4.5364,711.39003,711.38434,711.39838,4.253E5,1.287E4,1.115E4,4.253E5,0,1,,,,,,,,,,DETECTED,711.39003,711.38434,711.39838,4.4805,4.4478,4.5364,4.253E5,1.287E4,1.115E4,4.253E5,0.0249,1.5357,1.9063,,,4,1
2016,4.4987,4.4729,4.5319,881.39288,881.38452,881.39459,2.876E5,6.847E3,2.304E4,2.876E5,0,1,,,,,,,,,,DETECTED,881.39288,881.38452,881.39459,4.4987,4.4729,4.5319,2.876E5,6.847E3,2.304E4,2.876E5,0.0237,1.8236,1.0812,,,3,1
2017,4.5146,4.1898,4.8406,246.99884,246.99818,246.99954,1.366E5,5.192E4,3E4,1.366E5,0,1,,,,,,,,,,DETECTED,246.99884,246.99818,246.99954,4.5146,4.1898,4.8406,1.366E5,5.192E4,3E4,1.366E5,0.359,1.0017,1.0034,,,13,1
2018,4.5146,4.4942,4.5637,533.23616,533.23352,533.24115,8.302E4,2.359E3,1.325E4,8.302E4,0,1,80,,,,,,,,,DETECTED,533.23616,533.23352,533.24115,4.5146,4.4942,4.5637,8.302E4,2.359E3,1.325E4,8.302E4,0.022,1.6999,1.7106,,,2,1
2019,4.5146,4.4987,4.541,579.24002,579.23914,579.24353,5.688E4,1.19E3,8.319E3,5.688E4,0,1,80,,,,,,,,,DETECTED,579.24002,579.23914,579.24353,4.5146,4.4987,4.541,5.688E4,1.19E3,8.319E3,5.688E4,0.0203,1.328,1.5663,,,2,1
2020,4.5204,4.4987,4.5637,519.25654,519.2536,519.25842,1.085E5,2.597E3,6.104E3,1.085E5,0,1,,,,,,,,,,DETECTED,519.25654,519.2536,519.25842,4.5204,4.4987,4.5637,1.085E5,2.597E3,6.104E3,1.085E5,0.0205,1.2067,1.338,,,3,1
2024,4.5592,4.5204,4.6241,385.12722,385.12442,385.12973,1.302E5,4.516E3,7.34E3,1.302E5,0,1,64,,,,,,,,,DETECTED,385.12722,385.12442,385.12973,4.5592,4.5204,4.6241,1.302E5,4.516E3,7.34E3,1.302E5,0.0281,1.2606,0.8033,,,2,1
2025,4.5592,4.5319,4.6092,709.37387,709.36945,709.37878,1.242E5,3.628E3,1.009E4,1.242E5,0,1,64,,,,,,,,,DETECTED,709.37387,709.36945,709.37878,4.5592,4.5319,4.6092,1.242E5,3.628E3,1.009E4,1.242E5,0.0224,1.4164,1.5142,,,4,1
2026,4.574,4.5546,4.6047,579.27739,579.27271,579.27924,5.348E4,1.327E3,9.5E3,5.348E4,0,1,,,,,,,,,,DETECTED,579.27739,579.27271,579.27924,4.574,4.5546,4.6047,5.348E4,1.327E3,9.5E3,5.348E4,0.0223,1.2898,1.5131,,,2,1
2028,4.6047,4.5501,4.6732,309.13265,309.13162,309.13333,2.854E5,8.46E3,7.128E3,2.854E5,1,1,,,,,,,,,,DETECTED,309.13265,309.13162,309.13333,4.6047,4.5501,4.6732,2.854E5,8.46E3,7.128E3,2.854E5,0.0203,0.9568,1.5067,1,0.0068,2,1
2029,4.6092,4.5901,4.6641,533.30881,533.30444,533.31134,2.123E5,5.389E3,8.284E3,2.123E5,0,1,,,,,,,,,,DETECTED,533.30881,533.30444,533.31134,4.6092,4.5901,4.6641,2.123E5,5.389E3,8.284E3,2.123E5,0.0218,1.5702,2.5445,,,3,1
2030,4.6298,4.6092,4.6686,693.37897,693.37439,693.38208,1.167E5,2.762E3,7.462E3,1.167E5,0,1,,,,,,,,,,DETECTED,693.37897,693.37439,693.38208,4.6298,4.6092,4.6686,1.167E5,2.762E3,7.462E3,1.167E5,0.022,1.6699,2.0045,,,3,1
2031,4.6459,4.6241,4.701,579.27666,579.27454,579.28094,6.278E4,2.183E3,7.121E3,6.278E4,0,1,,,,,,,,,,DETECTED,579.27666,579.27454,579.28094,4.6459,4.6241,4.701,6.278E4,2.183E3,7.121E3,6.278E4,0.0208,1.7652,2.8914,,,2,1
2032,4.6595,4.6356,4.7113,553.3553,553.35388,553.35883,7.616E4,2.325E3,9.541E3,7.616E4,0,1,,,,,,,,,,DETECTED,553.3553,553.35388,553.35883,4.6595,4.6356,4.7113,7.616E4,2.325E3,9.541E3,7.616E4,0.0259,1.5809,2.5283,,,2,1
2034,4.6686,4.574,4.7639,270.98596,270.98441,270.98676,7.671E4,4.685E3,7.253E3,7.671E4,0,1,,,,,,,,,,DETECTED,270.98596,270.98441,270.98676,4.6686,4.574,4.7639,7.671E4,4.685E3,7.253E3,7.671E4,0.0619,0.9548,1.1564,,,14,1
2036,4.6787,4.6595,4.746,696.39859,696.396,696.4035,3.536E5,9.382E3,7.555E3,3.536E5,0,1,9,,,,,,,,,DETECTED,696.39859,696.396,696.4035,4.6787,4.6595,4.746,3.536E5,9.382E3,7.555E3,3.536E5,0.0233,1.9312,2.7279,,,4,1
2037,4.6861,4.6641,4.7249,673.28141,673.27844,673.28308,1.447E5,3.351E3,1.013E4,1.447E5,0,1,9,,,,,,,,,DETECTED,673.28141,673.27844,673.28308,4.6861,4.6641,4.7249,1.447E5,3.351E3,1.013E4,1.447E5,0.0202,1.2235,1.4923,,,3,1
2038,4.7067,4.655,4.746,709.37306,709.3678,709.37488,8.386E4,2.496E3,7.025E3,8.386E4,0,1,,,,,,,,,,DETECTED,709.37306,709.3678,709.37488,4.7067,4.655,4.746,8.386E4,2.496E3,7.025E3,8.386E4,0.0224,0.9456,0.6336,,,3,1
2041,4.7295,4.6787,4.7639,385.12712,385.12567,385.1279,1.039E5,4.401E3,7.66E3,1.039E5,0,1,,,,,,,,,,DETECTED,385.12712,385.12567,385.1279,4.7295,4.6787,4.7639,1.039E5,4.401E3,7.66E3,1.039E5,0.0476,0.8584,0.9067,,,2,1
2045,4.746,4.7204,4.7982,503.33568,503.33444,503.33713,3.507E5,9.375E3,1.024E4,3.507E5,1,1,,,,,,,,,,DETECTED,503.33568,503.33444,503.33713,4.746,4.7204,4.7982,3.507E5,9.375E3,1.024E4,3.507E5,0.0248,2.0209,8.9629,1,0.0069,3,1
2047,4.7833,4.6641,4.9827,279.0055,279.00482,279.00659,1.567E5,2.169E4,2.11E4,1.567E5,0,1,,,,,,,,,,DETECTED,279.0055,279.00482,279.00659,4.7833,4.6641,4.9827,1.567E5,2.169E4,2.11E4,1.567E5,0.1189,1.3357,1.7052,,,17,1
2050,4.7833,4.3975,4.8667,355.01916,355.01779,355.02103,1.097E5,3.013E4,2.983E4,1.097E5,0,1,,,,,,,,,,DETECTED,355.01916,355.01779,355.02103,4.7833,4.3975,4.8667,1.097E5,3.013E4,2.983E4,1.097E5,0.3115,0.608,0.2159,,,5,1
2051,4.7833,4.746,4.8178,695.40045,695.39557,695.40161,4.52E6,9.761E4,1.323E4,4.52E6,1,1,,,,,,,,,,DETECTED,695.40045,695.39557,695.40161,4.7833,4.746,4.8178,4.52E6,9.761E4,1.323E4,4.52E6,0.0187,1.0195,1.1309,1,-0.0126,5,1
2054,4.7924,4.7639,4.8406,385.12707,385.1264,385.12784,1.075E5,3.99E3,8.176E3,1.075E5,0,1,,,,,,,,,,DETECTED,385.12707,385.1264,385.12784,4.7924,4.7639,4.8406,1.075E5,3.99E3,8.176E3,1.075E5,0.0301,1.2167,3.6518,,,2,1
2057,4.8224,4.7924,4.8872,673.34032,673.33673,673.34344,1.055E6,2.082E4,1.164E4,1.055E6,1,1,5,35,[M-H]-,2,674.34693,2057;2060,,,,DETECTED,673.34032,673.33673,673.34344,4.8224,4.7924,4.8872,1.055E6,2.082E4,1.164E4,1.055E6,0.0157,1.1583,1.0279,1,-0.0098,4,1
2058,4.8224,4.7982,4.8918,674.34105,674.33466,674.34619,3.291E5,6.81E3,7.232E3,3.291E5,0,1,5,,,,,,,,,DETECTED,674.34105,674.33466,674.34619,4.8224,4.7982,4.8918,3.291E5,6.81E3,7.232E3,3.291E5,0.0161,1.3235,1.1753,,,4,1
2060,4.8224,4.7982,4.8667,719.34446,719.34076,719.34772,1.047E6,1.937E4,3.721E4,1.047E6,1,1,5,35,[M+FA]-,2,674.34693,2057;2060,,,,DETECTED,719.34446,719.34076,719.34772,4.8224,4.7982,4.8667,1.047E6,1.937E4,3.721E4,1.047E6,0.0134,1.1253,1.1037,1,-0.008,3,1
2063,4.8224,4.8039,4.8406,787.32654,787.32117,787.32965,5.766E4,1.105E3,1.821E4,5.766E4,0,1,5,,,,,,,,,DETECTED,787.32654,787.32117,787.32965,4.8224,4.8039,4.8406,5.766E4,1.105E3,1.821E4,5.766E4,0.0187,0.9941,0.9881,,,2,1
2064,4.8461,4.8269,4.8963,242.17395,242.17329,242.17436,9.769E4,2.332E3,6.939E3,9.769E4,0,1,,,,,,,,,,DETECTED,242.17395,242.17329,242.17436,4.8461,4.8269,4.8963,9.769E4,2.332E3,6.939E3,9.769E4,0.0228,2.395,2.2297,,,2,1
2067,4.8872,4.8575,5.0258,227.1267,227.12512,227.12706,1.246E6,3.408E4,7.441E3,1.246E6,1,1,,,,,,,,,,DETECTED,227.1267,227.12512,227.12706,4.8872,4.8575,5.0258,1.246E6,3.408E4,7.441E3,1.246E6,0.0221,1.5065,1.2792,1,-0.008,3,1
2071,4.9563,4.9336,4.9827,673.24593,673.24042,673.24951,9.42E4,2.173E3,9.904E3,9.42E4,0,1,,,,,,,,,,DETECTED,673.24593,673.24042,673.24951,4.9563,4.9336,4.9827,9.42E4,2.173E3,9.904E3,9.42E4,0.0248,1.0786,1.2449,,,3,1
2073,5.0066,4.9827,5.0749,671.32204,671.31677,671.32642,1.242E5,3.341E3,8.156E3,1.242E5,0,1,70,,,,,,,,,DETECTED,671.32204,671.31677,671.32642,5.0066,4.9827,5.0749,1.242E5,3.341E3,8.156E3,1.242E5,0.0211,1.6941,1.6794,,,3,1
2074,5.0066,4.9769,5.0692,689.33363,689.32898,689.34009,3.67E5,9.639E3,1.015E4,3.67E5,1,1,70,,,,,,,,,DETECTED,689.33363,689.32898,689.34009,5.0066,4.9769,5.0692,3.67E5,9.639E3,1.015E4,3.67E5,0.0224,1.4662,1.6011,1,0.0042,3,1
2075,5.0066,4.9827,5.0304,735.33428,735.33191,735.33734,6.115E4,1.471E3,6.942E3,6.115E4,0,1,70,,,,,,,,,DETECTED,735.33428,735.33191,735.33734,5.0066,4.9827,5.0304,6.115E4,1.471E3,6.942E3,6.115E4,0.0235,0.9951,1.196,,,2,1
2076,5.0201,4.9169,5.1159,238.99264,238.9921,238.99307,1.137E5,1.218E4,2.635E4,1.137E5,0,1,165,,,,,,,,,DETECTED,238.99264,238.9921,238.99307,5.0201,4.9169,5.1159,1.137E5,1.218E4,2.635E4,1.137E5,0.0811,0.9647,0.9293,,,13,1
2078,5.0201,4.9518,5.2279,264.98994,264.98926,264.9902,3.763E5,3.87E4,1.848E4,3.763E5,2,1,165,,,,,,,,,DETECTED,264.98994,264.98926,264.9902,5.0201,4.9518,5.2279,3.763E5,3.87E4,1.848E4,3.763E5,0.0849,1.9216,2.8302,2,-0.026,13,1
2079,5.0201,4.7158,5.2982,373.00924,373.00729,373.01077,8.326E4,3.188E4,2.741E4,8.326E4,0,1,,,,,,,,,,DETECTED,373.00924,373.00729,373.01077,5.0201,4.7158,5.2982,8.326E4,3.188E4,2.741E4,8.326E4,0.5341,0.9571,0.9143,,,2,1
2082,5.091,5.0692,5.1377,213.14733,213.14682,213.14778,6.435E4,1.771E3,7.25E3,6.435E4,0,1,,,,,,,,,,DETECTED,213.14733,213.14682,213.14778,5.091,5.0692,5.1377,6.435E4,1.771E3,7.25E3,6.435E4,0.024,1.5729,2.629,,,2,1
2083,5.1205,5.0749,5.2743,296.99633,296.99594,296.99704,2.771E5,2.209E4,1.712E4,2.771E5,1,1,111,,,,,,,,,DETECTED,296.99633,296.99594,296.99704,5.1205,5.0749,5.2743,2.771E5,2.209E4,1.712E4,2.771E5,0.0535,2.214,4.1782,1,0.0023,14,1
2084,5.1205,5.0852,5.2697,517.31598,517.31183,517.31683,3.199E6,1.012E5,6.749E3,3.199E6,2,1,111,,,,,,,,,DETECTED,517.31598,517.31183,517.31683,5.1205,5.0852,5.2697,3.199E6,1.012E5,6.749E3,3.199E6,0.0413,2.2292,2.8547,2,-0.0126,4,1
2086,5.1205,5.101,5.1821,585.30034,585.29803,585.30396,7.874E4,2.492E3,1.177E4,7.874E4,0,1,111,,,,,,,,,DETECTED,585.30034,585.29803,585.30396,5.1205,5.101,5.1821,7.874E4,2.492E3,1.177E4,7.874E4,0.0805,2.0837,5.4811,,,2,1
2087,5.1205,5.091,5.1775,671.26442,671.25964,671.26782,1.426E5,3.952E3,7.44E3,1.426E5,0,1,111,,,,,,,,,DETECTED,671.26442,671.25964,671.26782,5.1205,5.091,5.1775,1.426E5,3.952E3,7.44E3,1.426E5,0.03,1.2273,1.2903,,,3,1
2089,5.1526,5.132,5.1879,287.22084,287.22015,287.22131,5.843E4,1.383E3,8.647E3,5.843E4,0,1,,,,,,,,,,DETECTED,287.22084,287.22015,287.22131,5.1526,5.132,5.1879,5.843E4,1.383E3,8.647E3,5.843E4,0.0197,1.3573,2.1328,,,2,1
2092,5.172,5.1526,5.2982,549.33989,549.33655,549.3443,9.177E4,4.905E3,8.548E3,9.177E4,0,1,,,,,,,,,,DETECTED,549.33989,549.33655,549.3443,5.172,5.1526,5.2982,9.177E4,4.905E3,8.548E3,9.177E4,0.0436,3.7444,6.764,,,2,1
2094,5.1982,5.051,5.2279,717.32546,717.32086,717.33099,7.277E4,3.68E3,8.027E3,7.277E4,0,1,,,,,,,,,,DETECTED,717.32546,717.32086,717.33099,5.1982,5.051,5.2279,7.277E4,3.68E3,8.027E3,7.277E4,0.0701,0.6011,0.1748,,,2,1
2099,5.2576,5.1262,5.2879,503.33565,503.33368,503.33789,3.009E5,2.272E4,1.02E4,3.009E5,0,1,,,,,,,,,,DETECTED,503.33565,503.33368,503.33789,5.2576,5.1262,5.2879,3.009E5,2.272E4,1.02E4,3.009E5,0.0942,0.6251,0.2909,,,3,1
2103,5.3222,5.2788,5.4204,501.31981,501.31769,501.32156,1.011E5,6.774E3,1.037E4,1.011E5,0,1,,,,,,,,,,DETECTED,501.31981,501.31769,501.32156,5.3222,5.2788,5.4204,1.011E5,6.774E3,1.037E4,1.011E5,0.0762,1.6323,2.1501,,,2,1
2106,5.3649,5.304,5.4601,240.98844,240.98784,240.98897,1.793E5,1.09E4,2.289E4,1.793E5,0,1,135,,,,,,,,,DETECTED,240.98844,240.98784,240.98897,5.3649,5.304,5.4601,1.793E5,1.09E4,2.289E4,1.793E5,0.0442,1.2807,2.0976,,,11,1
2107,5.3649,5.3176,5.4601,251.09022,251.0889,251.09088,6.828E4,3.123E3,7.19E3,6.828E4,0,1,135,,,,,,,,,DETECTED,251.09022,251.0889,251.09088,5.3649,5.3176,5.4601,6.828E4,3.123E3,7.19E3,6.828E4,0.032,1.5061,0.3603,,,2,1
2108,5.3649,5.3297,5.4083,519.32998,519.32751,519.33392,6.958E4,2.208E3,8.022E3,6.958E4,0,1,135,,,,,,,,,DETECTED,519.32998,519.32751,519.33392,5.3649,5.3297,5.4083,6.958E4,2.208E3,8.022E3,6.958E4,0.0253,1.116,1.4382,,,2,1
2109,5.4026,5.374,5.4304,693.37867,693.37573,693.38464,7.764E4,2.185E3,7.074E3,7.764E4,0,1,,,,,,,,,,DETECTED,693.37867,693.37573,693.38464,5.4026,5.374,5.4304,7.764E4,2.185E3,7.074E3,7.764E4,0.0266,1.0444,1.1804,,,2,1
2111,5.4204,5.3832,5.638,193.08438,193.08284,193.08458,1.055E6,4.116E4,8.812E3,1.055E6,1,1,,,,,,,,,,DETECTED,193.08438,193.08284,193.08458,5.4204,5.3832,5.638,1.055E6,4.116E4,8.812E3,1.055E6,0.0283,2.3868,3.0308,1,-0.008,2,1
2113,5.435,5.3695,5.5309,503.33527,503.33133,503.33731,1.5E5,8.265E3,1.692E4,1.5E5,0,1,148,,,,,,,,,DETECTED,503.33527,503.33133,503.33731,5.435,5.3695,5.5309,1.5E5,8.265E3,1.692E4,1.5E5,0.0463,1.2324,1.3928,,,3,1
2115,5.435,5.4158,5.475,695.39272,695.38849,695.39447,7.343E4,2.196E3,1.235E4,7.343E4,0,1,148,,,,,,,,,DETECTED,695.39272,695.38849,695.39447,5.435,5.4158,5.475,7.343E4,2.196E3,1.235E4,7.343E4,0.0285,1.544,2.7498,,,3,1
2116,5.4544,5.4304,5.4886,693.37829,693.3761,693.38019,1.442E5,3.641E3,1.36E4,1.442E5,0,1,,,,,,,,,,DETECTED,693.37829,693.3761,693.38019,5.4544,5.4304,5.4886,1.442E5,3.641E3,1.36E4,1.442E5,0.0229,1.1904,1.3607,,,4,1
2117,5.5144,5.4795,5.638,256.98357,256.98297,256.98413,3.061E5,1.467E4,1.181E4,3.061E5,1,1,,,,,,,,,,DETECTED,256.98357,256.98297,256.98413,5.5144,5.4795,5.638,3.061E5,1.467E4,1.181E4,3.061E5,0.0353,2.6399,4.0518,1,0.0069,13,1
2119,5.5309,5.4204,5.6128,501.32006,501.3172,501.32388,3.589E5,1.83E4,1.037E4,3.589E5,0,1,,,,,,,,,,DETECTED,501.32006,501.3172,501.32388,5.5309,5.4204,5.6128,3.589E5,1.83E4,1.037E4,3.589E5,0.052,0.8537,0.594,,,3,1
2120,5.5458,5.5189,5.6026,489.35618,489.35428,489.35849,1.412E5,3.46E3,6.425E3,1.412E5,0,1,,,,,,,,,,DETECTED,489.35618,489.35428,489.35849,5.5458,5.5189,5.6026,1.412E5,3.46E3,6.425E3,1.412E5,0.0212,1.6962,1.8295,,,2,1
2121,5.5652,5.5413,5.6471,177.08889,177.08801,177.08919,6.279E4,2.316E3,6.292E3,6.279E4,0,1,133,,,,,,,,,DETECTED,177.08889,177.08801,177.08919,5.5652,5.5413,5.6471,6.279E4,2.316E3,6.292E3,6.279E4,0.0297,2.2095,2.6331,,,2,1
2122,5.5652,5.3443,5.638,305.00183,305.00128,305.00272,1.171E5,1.668E4,2.336E4,1.171E5,0,1,133,,,,,,,,,DETECTED,305.00183,305.00128,305.00272,5.5652,5.3443,5.638,1.171E5,1.668E4,2.336E4,1.171E5,0.0916,0.6648,0.3296,,,12,1
2123,5.5698,5.5413,5.6471,253.14247,253.14142,253.14319,8.096E4,3.198E3,5.594E3,8.096E4,0,1,133,,,,,,,,,DETECTED,253.14247,253.14142,253.14319,5.5698,5.5413,5.6471,8.096E4,3.198E3,5.594E3,8.096E4,0.0286,1.7416,2.8458,,,2,1
2126,5.6231,5.6026,5.6562,471.30975,471.30856,471.31152,7.207E4,1.812E3,8.289E3,7.207E4,0,1,145,,,,,,,,,DETECTED,471.30975,471.30856,471.31152,5.6231,5.6026,5.6562,7.207E4,1.812E3,8.289E3,7.207E4,0.0272,1.3026,1.4602,,,2,1
2127,5.6231,5.598,5.6607,515.29804,515.29523,515.30182,6.289E4,1.652E3,7.179E3,6.289E4,0,1,145,,,,,,,,,DETECTED,515.29804,515.29523,515.30182,5.6231,5.598,5.6607,6.289E4,1.652E3,7.179E3,6.289E4,0.0249,1.2479,1.3701,,,2,1
2128,5.6516,5.6231,5.7206,519.32959,519.32654,519.33398,1.189E5,3.779E3,6.458E3,1.189E5,0,1,,,,,,,,,,DETECTED,519.32959,519.32654,519.33398,5.6516,5.6231,5.7206,1.189E5,3.779E3,6.458E3,1.189E5,0.0264,1.6928,2.6588,,,3,1
2130,5.6665,5.6128,5.716,501.31979,501.31799,501.32111,2.363E5,9.429E3,1.684E4,2.363E5,0,1,,,,,,,,,,DETECTED,501.31979,501.31799,501.32111,5.6665,5.6128,5.716,2.363E5,9.429E3,1.684E4,2.363E5,0.0245,0.9608,0.9904,,,2,1
2133,5.6933,5.6516,5.7582,320.99591,320.99536,320.99652,8.332E4,6.132E3,3.08E4,8.332E4,0,1,,,,,,,,,,DETECTED,320.99591,320.99536,320.99652,5.6933,5.6516,5.7582,8.332E4,6.132E3,3.08E4,8.332E4,0.0843,1.2798,1.5597,,,15,1
2134,5.7069,5.638,5.7682,503.3354,503.33255,503.3363,2.864E5,1.537E4,1.148E4,2.864E5,1,1,,,,,,,,,,DETECTED,503.3354,503.33255,503.3363,5.7069,5.638,5.7682,2.864E5,1.537E4,1.148E4,2.864E5,0.0676,0.9231,0.7141,1,-0.0438,3,1
2136,5.74,5.6978,5.906,314.98685,314.98483,314.98758,1.651E5,8.013E3,6.82E3,1.651E5,0,1,,,,,,,,,,DETECTED,314.98685,314.98483,314.98758,5.74,5.6978,5.906,1.651E5,8.013E3,6.82E3,1.651E5,0.0366,2.4925,2.2355,,,16,1
2138,5.7728,5.7445,5.9297,274.97448,274.97397,274.97644,1.325E5,6.687E3,5.927E3,1.325E5,0,1,,,,,,,,,,DETECTED,274.97448,274.97397,274.97644,5.7728,5.7445,5.9297,1.325E5,6.687E3,5.927E3,1.325E5,0.0322,2.9378,4.9243,,,2,1
2139,5.8195,5.7876,5.849,501.31951,501.31839,501.32196,5.555E4,1.956E3,1.356E4,5.555E4,0,1,,,,,,,,,,DETECTED,501.31951,501.31839,501.32196,5.8195,5.7876,5.849,5.555E4,1.956E3,1.356E4,5.555E4,0.035,0.9621,0.9242,,,2,1
2140,5.8286,5.8013,5.8581,503.33465,503.33191,503.33664,1.287E5,3.62E3,1.326E4,1.287E5,0,1,45,36,[M-H]-,2,504.34212,2141;2140,,,,DETECTED,503.33465,503.33191,503.33664,5.8286,5.8013,5.8581,1.287E5,3.62E3,1.326E4,1.287E5,0.026,1.0394,1.4263,,,2,1
2141,5.8286,5.8013,5.9106,549.34051,549.33563,549.34534,6.777E4,2.967E3,5.955E3,6.777E4,0,1,45,36,[M+FA]-,2,504.34212,2141;2140,,,,DETECTED,549.34051,549.33563,549.34534,5.8286,5.8013,5.9106,6.777E4,2.967E3,5.955E3,6.777E4,0.0748,1.9467,2.8165,,,2,1
2143,5.8535,5.7876,5.8866,517.31441,517.31226,517.31635,2.387E5,6.549E3,9.163E3,2.387E5,0,1,,,,,,,,,,DETECTED,517.31441,517.31226,517.31635,5.8535,5.7876,5.8866,2.387E5,6.549E3,9.163E3,2.387E5,0.0231,0.7909,0.6362,,,3,1
2145,5.8821,5.8581,5.9197,503.33491,503.33197,503.33749,6.325E4,2.094E3,1.314E4,6.325E4,0,1,,,,,,,,,,DETECTED,503.33491,503.33197,503.33749,5.8821,5.8581,5.9197,6.325E4,2.094E3,1.314E4,6.325E4,0.0286,1.2831,1.5662,,,2,1
2147,5.8924,5.8639,5.9537,331.24713,331.24536,331.24835,1.041E5,3.058E3,6.056E3,1.041E5,0,1,,,,,,,,,,DETECTED,331.24713,331.24536,331.24835,5.8924,5.8639,5.9537,1.041E5,3.058E3,6.056E3,1.041E5,0.0225,1.7319,2.4073,,,2,1
2148,5.9583,5.906,6.0526,499.30459,499.30081,499.30798,2.121E5,7.61E3,5.859E3,2.121E5,0,1,12,,,,,,,,,DETECTED,499.30459,499.30081,499.30798,5.9583,5.906,6.0526,2.121E5,7.61E3,5.859E3,2.121E5,0.0275,1.5097,2.0574,,,2,1
2149,5.964,5.9388,6.0663,293.17423,293.17331,293.17517,5.868E5,1.808E4,9.479E3,5.868E5,1,1,12,,,,,,,,,DETECTED,293.17423,293.17331,293.17517,5.964,5.9388,6.0663,5.868E5,1.808E4,9.479E3,5.868E5,0.0261,2.5332,2.3505,1,-0.0035,3,1
2150,5.964,5.9343,6.0117,501.31952,501.3165,501.32202,1.714E5,5.079E3,1.054E4,1.714E5,0,1,12,,,,,,,,,DETECTED,501.31952,501.3165,501.32202,5.964,5.9343,6.0117,1.714E5,5.079E3,1.054E4,1.714E5,0.0301,1.3018,1.6481,,,3,1
2151,6.0903,6.0617,6.2549,309.16897,309.16785,309.17032,2.881E5,1.02E4,6.8E3,2.881E5,1,1,162,,,,,,,,,DETECTED,309.16897,309.16785,309.17032,6.0903,6.0617,6.2549,2.881E5,1.02E4,6.8E3,2.881E5,0.0223,3.0837,7.5524,1,0.0058,2,1
2152,6.0903,6.0663,6.1629,485.3261,485.32236,485.32748,1.23E6,3.494E4,9.963E3,1.23E6,1,1,162,,,,,,,,,DETECTED,485.3261,485.32236,485.32748,6.0903,6.0663,6.1629,1.23E6,3.494E4,9.963E3,1.23E6,0.0264,1.8411,2.5299,1,0.0041,2,1
2154,6.1194,6.1058,6.1434,517.31358,517.31268,517.31506,5.823E4,1.261E3,2.036E4,5.823E4,0,1,,,,,,,,,,DETECTED,517.31358,517.31268,517.31506,6.1194,6.1058,6.1434,5.823E4,1.261E3,2.036E4,5.823E4,0.0206,1.3789,1.7577,,,2,1
2155,6.1389,6.1103,6.2412,487.34115,487.33884,487.34409,6.182E5,3.014E4,2.225E4,6.182E5,1,1,170,37,[M-H]-,2,488.34785,2155;2156,,,,DETECTED,487.34115,487.33884,487.34409,6.1389,6.1103,6.2412,6.182E5,3.014E4,2.225E4,6.182E5,0.0411,1.9842,2.7582,1,0.0069,3,1
2156,6.1389,6.1012,6.2549,533.34547,533.34216,533.34814,3.651E5,1.802E4,9.316E3,3.651E5,1,1,170,37,[M+FA]-,2,488.34785,2155;2156,,,,DETECTED,533.34547,533.34216,533.34814,6.1389,6.1012,6.2549,3.651E5,1.802E4,9.316E3,3.651E5,0.0582,2.1413,2.8194,1,-0.008,3,1
2157,6.1866,6.1538,6.2503,239.12644,239.12556,239.12727,6.51E4,2.449E3,7.608E3,6.51E4,0,1,,,,,,,,,,DETECTED,239.12644,239.12556,239.12727,6.1866,6.1538,6.2503,6.51E4,2.449E3,7.608E3,6.51E4,0.0322,1.4707,2.2497,,,2,1
2159,6.3278,6.2412,6.5747,487.3423,487.33807,487.34409,2.703E6,2.41E5,1.782E4,2.703E6,4,1,23,,,,,,,,,DETECTED,487.3423,487.33807,487.34409,6.3278,6.2412,6.5747,2.703E6,2.41E5,1.782E4,2.703E6,0.0888,1.6144,1.9632,4,-0.056,3,1
2160,6.3278,6.2549,6.4873,555.32652,555.32306,555.33209,1.814E5,1.399E4,6.622E3,1.814E5,0,1,23,,,,,,,,,DETECTED,555.32652,555.32306,555.33209,6.3278,6.2549,6.4873,1.814E5,1.399E4,6.622E3,1.814E5,0.0429,1.5797,1.4036,,,3,1
2163,6.3437,6.2549,6.561,533.34601,533.3432,533.34979,5.719E5,5.611E4,6.336E3,5.719E5,0,1,23,,,,,,,,,DETECTED,533.34601,533.3432,533.34979,6.3437,6.2549,6.561,5.719E5,5.611E4,6.336E3,5.719E5,0.0863,1.3659,1.1465,,,3,1
2164,6.4053,6.3619,6.9862,194.07988,194.07864,194.08008,4.335E6,1.838E5,1.483E4,4.335E6,2,1,,,,,,,,,,DETECTED,194.07988,194.07864,194.08008,6.4053,6.3619,6.9862,4.335E6,1.838E5,1.483E4,4.335E6,0.0322,1.8393,1.982,2,-0.0171,3,1
2166,6.4302,6.3859,6.6257,293.17446,293.1734,293.17493,1.296E6,4.903E4,8.307E3,1.296E6,1,1,,,,,,,,,,DETECTED,293.17446,293.1734,293.17493,6.4302,6.3859,6.6257,1.296E6,4.903E4,8.307E3,1.296E6,0.0306,1.6449,1.6519,1,-0.0135,3,1
2167,6.4781,6.4554,6.5055,489.35591,489.35309,489.35883,7.353E4,2.004E3,1.475E4,7.353E4,0,1,,,,,,,,,,DETECTED,489.35591,489.35309,489.35883,6.4781,6.4554,6.5055,7.353E4,2.004E3,1.475E4,7.353E4,0.0252,1.1001,1.2002,,,2,1
2168,6.5009,6.4736,6.5883,485.32495,485.32355,485.32855,8.318E4,5.065E3,1.342E4,8.318E4,0,1,,,,,,,,,,DETECTED,485.32495,485.32355,485.32855,6.5009,6.4736,6.5883,8.318E4,5.065E3,1.342E4,8.318E4,0.0765,2.1008,3.2016,,,2,1
2170,6.5383,6.5009,6.6725,263.16342,263.16238,263.1644,1.423E5,7.565E3,6.207E3,1.423E5,0,1,,,,,,,,,,DETECTED,263.16342,263.16238,263.1644,6.5383,6.5009,6.6725,1.423E5,7.565E3,6.207E3,1.423E5,0.0369,2.4346,3.8579,,,2,1
2171,6.5792,6.5474,6.678,266.10162,266.1004,266.10275,1.667E5,5.813E3,6.445E3,1.667E5,0,1,,,,,,,,,,DETECTED,266.10162,266.1004,266.10275,6.5792,6.5474,6.678,1.667E5,5.813E3,6.445E3,1.667E5,0.0275,1.8651,2.0031,,,2,1
2172,6.6212,6.5883,6.6679,485.32487,485.32297,485.32681,9.926E4,4.286E3,1.356E4,9.926E4,0,1,,,,,,,,,,DETECTED,485.32487,485.32297,485.32681,6.6212,6.5883,6.6679,9.926E4,4.286E3,1.356E4,9.926E4,0.0402,1.2123,1.4246,,,2,1
2173,6.6348,6.6075,6.7053,473.36126,473.35953,473.36282,2.948E5,1.013E4,1.421E4,2.948E5,1,1,172,,,,,,,,,DETECTED,473.36126,473.35953,473.36282,6.6348,6.6075,6.7053,2.948E5,1.013E4,1.421E4,2.948E5,0.0285,1.8733,1.9884,1,0.0023,3,1
2174,6.6406,6.6121,6.6916,439.35089,439.34845,439.35373,5.511E4,1.981E3,5.852E3,5.511E4,0,1,172,,,,,,,,,DETECTED,439.35089,439.34845,439.35373,6.6406,6.6121,6.6916,5.511E4,1.981E3,5.852E3,5.511E4,0.0343,1.394,1.8658,,,2,1
2176,6.7757,6.7371,6.8088,485.32599,485.32407,485.32706,1.204E6,3.982E4,1.284E4,1.204E6,1,1,38,38,[M-H]-,2,486.33257,2177;2176,,,,DETECTED,485.32599,485.32407,485.32706,6.7757,6.7371,6.8088,1.204E6,3.982E4,1.284E4,1.204E6,0.0312,1.0801,1.4423,1,-0.008,4,1
2177,6.7757,6.7417,6.8225,531.33006,531.32843,531.33453,2.744E5,1.014E4,1.246E4,2.744E5,0,1,38,38,[M+FA]-,2,486.33257,2177;2176,,,,DETECTED,531.33006,531.32843,531.33453,6.7757,6.7417,6.8225,2.744E5,1.014E4,1.246E4,2.744E5,0.0517,1.2996,2.7085,,,3,1
2178,6.7815,6.7098,6.8225,503.33509,503.33359,503.33658,1.071E5,5.083E3,8.048E3,1.071E5,0,1,,,,,,,,,,DETECTED,503.33509,503.33359,503.33658,6.7815,6.7098,6.8225,1.071E5,5.083E3,8.048E3,1.071E5,0.0302,0.7856,0.5143,,,3,1
2179,6.8374,6.8088,6.968,485.32524,485.32318,485.32709,3.971E5,2.746E4,1.448E4,3.971E5,2,1,,,,,,,,,,DETECTED,485.32524,485.32318,485.32709,6.8374,6.8088,6.968,3.971E5,2.746E4,1.448E4,3.971E5,0.0658,2.552,3.7163,2,-0.008,3,1
2180,6.917,6.8897,6.9543,487.34017,487.33847,487.34155,1.042E5,3.205E3,1.394E4,1.042E5,0,1,,,,,,,,,,DETECTED,487.34017,487.33847,487.34155,6.917,6.8897,6.9543,1.042E5,3.205E3,1.394E4,1.042E5,0.0289,1.1839,1.5239,,,3,1
2181,6.9452,6.9215,7.0269,356.24219,356.24091,356.24417,6.943E4,2.472E3,6.641E3,6.943E4,0,1,,,,,,,,,,DETECTED,356.24219,356.24091,356.24417,6.9452,6.9215,7.0269,6.943E4,2.472E3,6.641E3,6.943E4,0.0284,1.9965,2.2158,,,2,1
2182,6.9862,6.9215,7.036,755.41431,755.41132,755.41772,6.22E4,3.554E3,9.306E3,6.22E4,0,1,,,,,,,,,,DETECTED,755.41431,755.41132,755.41772,6.9862,6.9215,7.036,6.22E4,3.554E3,9.306E3,6.22E4,0.0405,0.8849,0.7104,,,3,1
2183,7.0542,6.9725,7.3126,485.3266,485.32315,485.32727,6.104E6,3.641E5,1.353E4,6.104E6,4,1,15,,,,,,,,,DETECTED,485.3266,485.32315,485.32727,7.0542,6.9725,7.3126,6.104E6,3.641E5,1.353E4,6.104E6,0.0507,1.2468,1.2173,4,-0.0457,4,1
2185,7.0542,6.9817,7.1829,531.33028,531.32654,531.33197,9.489E5,5.446E4,7.563E3,9.489E5,1,1,15,,,,,,,,,DETECTED,531.33028,531.32654,531.33197,7.0542,6.9817,7.1829,9.489E5,5.446E4,7.563E3,9.489E5,0.0488,1.3226,1.1824,1,0.0172,4,1
2186,7.0542,6.9908,7.1683,553.3115,553.30841,553.31427,2.029E5,1.145E4,6.777E3,2.029E5,0,1,15,,,,,,,,,DETECTED,553.3115,553.30841,553.31427,7.0542,6.9908,7.1683,2.029E5,1.145E4,6.777E3,2.029E5,0.0392,1.3175,1.3058,,,3,1
2187,7.0691,7.0224,7.1874,277.14235,277.14108,277.14352,6.722E4,4.137E3,6.054E3,6.722E4,0,1,,,,,,,,,,DETECTED,277.14235,277.14108,277.14352,7.0691,7.0224,7.1874,6.722E4,4.137E3,6.054E3,6.722E4,0.0549,1.793,1.8315,,,2,1
2188,7.1124,7.0497,7.1829,753.39647,753.39081,753.40143,5.354E4,3.157E3,6.746E3,5.354E4,0,1,,,,,,,,,,DETECTED,753.39647,753.39081,753.40143,7.1124,7.0497,7.1829,5.354E4,3.157E3,6.746E3,5.354E4,0.0475,1.0615,1.0697,,,2,1
2190,7.2342,7.2011,7.2761,471.34495,471.34265,471.34811,5.217E4,1.723E3,5.815E3,5.217E4,0,1,,,,,,,,,,DETECTED,471.34495,471.34265,471.34811,7.2342,7.2011,7.2761,5.217E4,1.723E3,5.815E3,5.217E4,0.0271,1.1329,1.0053,,,2,1
2191,7.2989,7.2716,7.3499,469.32921,469.32687,469.33267,7.133E4,2.108E3,6.988E3,7.133E4,0,1,,,,,,,,,,DETECTED,469.32921,469.32687,469.33267,7.2989,7.2716,7.3499,7.133E4,2.108E3,6.988E3,7.133E4,0.0246,1.5199,2.0868,,,2,1
2192,7.3818,7.3545,7.5479,233.15224,233.15169,233.1526,1.283E5,9.205E3,1.545E4,1.283E5,0,1,,,,,,,,,,DETECTED,233.15224,233.15169,233.1526,7.3818,7.3545,7.5479,1.283E5,9.205E3,1.545E4,1.283E5,0.0584,3.54,7.5158,,,2,1
2195,7.4207,7.359,7.5434,471.34557,471.34369,471.34625,4.619E5,3.441E4,9.045E3,4.619E5,2,1,142,39,[M-H]-,2,472.35257,2195;2196,,,,DETECTED,471.34557,471.34369,471.34625,7.4207,7.359,7.5434,4.619E5,3.441E4,9.045E3,4.619E5,0.0656,2.0409,2.2365,2,-0.0275,3,1
2196,7.4207,7.3681,7.5388,517.35049,517.34857,517.35345,1.36E5,8.418E3,6.24E3,1.36E5,0,1,142,39,[M+FA]-,2,472.35257,2195;2196,,,,DETECTED,517.35049,517.34857,517.35345,7.4207,7.3681,7.5388,1.36E5,8.418E3,6.24E3,1.36E5,0.0538,1.5995,2.3181,,,3,1
2197,7.4207,7.3772,7.506,539.33209,539.32867,539.33508,5.892E4,2.841E3,6.291E3,5.892E4,0,1,142,,,,,,,,,DETECTED,539.33209,539.32867,539.33508,7.4207,7.3772,7.506,5.892E4,2.841E3,6.291E3,5.892E4,0.0375,1.4815,1.8852,,,2,1
2198,7.4207,7.3818,7.557,633.37592,633.37152,633.37933,6.359E5,2.516E4,5.985E3,6.359E5,1,1,142,,,,,,,,,DETECTED,633.37592,633.37152,633.37933,7.4207,7.3818,7.557,6.359E5,2.516E4,5.985E3,6.359E5,0.0323,1.8746,2.0048,1,-0.0126,4,1
2200,7.4878,7.4444,7.6482,221.15241,221.15141,221.15291,9.615E5,3.646E4,6.596E3,9.615E5,1,1,,,,,,,,,,DETECTED,221.15241,221.15141,221.15291,7.4878,7.4444,7.6482,9.615E5,3.646E4,6.596E3,9.615E5,0.0297,1.647,1.5454,1,-0.0126,3,1
2201,7.5343,7.5014,7.5707,469.33033,469.32843,469.33145,6.884E4,2.217E3,7.033E3,6.884E4,0,1,168,,,,,,,,,DETECTED,469.33033,469.32843,469.33145,7.5343,7.5014,7.5707,6.884E4,2.217E3,7.033E3,6.884E4,0.0279,1.0549,1.2803,,,2,1
2202,7.5343,7.5014,7.5901,663.38512,663.38196,663.38678,1.914E5,6.911E3,6.929E3,1.914E5,0,1,168,,,,,,,,,DETECTED,663.38512,663.38196,663.38678,7.5343,7.5014,7.5901,1.914E5,6.911E3,6.929E3,1.914E5,0.0354,1.329,1.5388,,,3,1
2203,7.6105,7.5434,7.6482,471.34596,471.34384,471.34662,8.058E5,3.401E4,3.287E4,8.058E5,2,1,0,40,[M-H]-,2,472.35281,2204;2203,,,,DETECTED,471.34596,471.34384,471.34662,7.6105,7.5434,7.6482,8.058E5,3.401E4,3.287E4,8.058E5,0.0372,0.9252,0.9633,2,-0.0239,3,1
2204,7.6105,7.5388,7.6482,517.35059,517.34723,517.35284,2.84E5,1.195E4,6.517E3,2.84E5,0,1,0,40,[M+FA]-,2,472.35281,2204;2203,,,,DETECTED,517.35059,517.34723,517.35284,7.6105,7.5388,7.6482,2.84E5,1.195E4,6.517E3,2.84E5,0.0382,0.6516,1.0508,,,3,1
2205,7.6105,7.5661,7.6573,539.33202,539.32965,539.3338,8.255E4,3.427E3,6.665E3,8.255E4,0,1,0,,,,,,,,,DETECTED,539.33202,539.32965,539.3338,7.6105,7.5661,7.6573,8.255E4,3.427E3,6.665E3,8.255E4,0.0353,1.0672,1.3172,,,2,1
2206,7.6901,7.6482,7.8707,471.3457,471.34277,471.34708,4.898E5,3.145E4,6.989E3,4.898E5,1,1,69,41,[M-H]-,2,472.35264,2206;2207,,,,DETECTED,471.3457,471.34277,471.34708,7.6901,7.6482,7.8707,4.898E5,3.145E4,6.989E3,4.898E5,0.0464,1.9663,2.3131,1,0.0023,3,1
2207,7.6901,7.6482,7.8288,517.35051,517.34723,517.35199,1.901E5,1.232E4,6.851E3,1.901E5,0,1,69,41,[M+FA]-,2,472.35264,2206;2207,,,,DETECTED,517.35051,517.34723,517.35199,7.6901,7.6482,7.8288,1.901E5,1.232E4,6.851E3,1.901E5,0.396,2.164,2.5326,,,3,1
2209,7.7787,7.7505,7.806,931.47929,931.47437,931.48553,7.719E4,2.119E3,8.319E3,7.719E4,0,1,,,,,,,,,,DETECTED,931.47929,931.47437,931.48553,7.7787,7.7505,7.806,7.719E4,2.119E3,8.319E3,7.719E4,0.0256,0.9834,1.1367,,,4,1
2211,7.7924,7.7651,7.8243,947.47237,947.4668,947.47461,7.758E4,2.032E3,6.781E3,7.758E4,0,1,,,,,,,,,,DETECTED,947.47237,947.4668,947.47461,7.7924,7.7651,7.8243,7.758E4,2.032E3,6.781E3,7.758E4,0.0244,1.1648,1.3429,,,3,1
2212,7.8243,7.7969,7.8798,452.27552,452.27298,452.27658,9.668E4,3.252E3,7.718E3,9.668E4,0,1,,,,,,,,,,DETECTED,452.27552,452.27298,452.27658,7.8243,7.7969,7.8798,9.668E4,3.252E3,7.718E3,9.668E4,0.0301,1.6727,1.7065,,,2,1
2213,7.8616,7.8288,7.9366,540.3274,540.32465,540.3299,1.375E5,4.664E3,5.782E3,1.375E5,0,1,,,,,,,,,,DETECTED,540.3274,540.32465,540.3299,7.8616,7.8288,7.9366,1.375E5,4.664E3,5.782E3,1.375E5,0.0286,1.6485,1.4774,,,3,1
2214,7.9038,7.8288,8.0377,469.33019,469.32642,469.33112,9.659E5,2.948E4,6.104E3,9.659E5,1,1,163,42,[M-H]-,2,470.33685,2214;2215,,,,DETECTED,469.33019,469.32642,469.33112,7.9038,7.8288,8.0377,9.659E5,2.948E4,6.104E3,9.659E5,0.0274,1.8635,1.6068,1,-0.008,3,1
2215,7.9038,7.8753,7.9867,515.33445,515.33209,515.33649,1.755E5,5.372E3,5.406E3,1.755E5,0,1,163,42,[M+FA]-,2,470.33685,2214;2215,,,,DETECTED,515.33445,515.33209,515.33649,7.9038,7.8753,7.9867,1.755E5,5.372E3,5.406E3,1.755E5,0.0277,1.7211,2.2487,,,3,1
2216,8.0605,8.0332,8.1899,250.14258,250.1409,250.14301,1.723E5,5.798E3,5.732E3,1.723E5,0,1,,,,,,,,,,DETECTED,250.14258,250.1409,250.14301,8.0605,8.0332,8.1899,1.723E5,5.798E3,5.732E3,1.723E5,0.0235,2.738,2.8726,,,2,1
2217,8.1024,7.9867,8.1525,311.16649,311.16537,311.16721,6.213E4,6.095E3,1.022E4,6.213E4,0,1,,,,,,,,,,DETECTED,311.16649,311.16537,311.16721,8.1024,7.9867,8.1525,6.213E4,6.095E3,1.022E4,6.213E4,0.1346,0.7164,0.4329,,,2,1
2218,8.2172,8.1525,8.3511,311.16654,311.1658,311.16721,8.409E4,9.713E3,1.602E4,8.409E4,0,1,,,,,,,,,,DETECTED,311.16654,311.1658,311.16721,8.2172,8.1525,8.3511,8.409E4,9.713E3,1.602E4,8.409E4,0.1103,1.5349,2.0697,,,2,1
2219,8.2354,8.2035,8.3137,249.14713,249.14635,249.14807,7.439E4,3.076E3,7.471E3,7.439E4,0,1,,,,,,,,,,DETECTED,249.14713,249.14635,249.14807,8.2354,8.2035,8.3137,7.439E4,3.076E3,7.471E3,7.439E4,0.0332,1.7287,1.8257,,,2,1
2220,8.2682,8.249,8.3046,999.54447,999.53986,999.55481,8.342E4,1.982E3,6.827E3,8.342E4,0,1,,,,,,,,,,DETECTED,999.54447,999.53986,999.55481,8.2682,8.249,8.3046,8.342E4,1.982E3,6.827E3,8.342E4,0.0254,1.2562,1.5994,,,3,1
2221,8.3319,8.2955,8.3647,769.42986,769.42627,769.43152,2.052E5,5.858E3,8.413E3,2.052E5,0,1,,,,,,,,,,DETECTED,769.42986,769.42627,769.43152,8.3319,8.2955,8.3647,2.052E5,5.858E3,8.413E3,2.052E5,0.0216,1.0248,2.5596,,,3,1
2222,8.392,8.3647,8.5022,769.43018,769.4234,769.43372,1.727E5,6.381E3,5.774E3,1.727E5,0,1,,,,,,,,,,DETECTED,769.43018,769.4234,769.43372,8.392,8.3647,8.5022,1.727E5,6.381E3,5.774E3,1.727E5,0.0269,2.1933,2.441,,,3,1
2226,8.4658,8.3511,8.6567,311.16646,311.16568,311.16769,9.541E4,1.232E4,9.923E3,9.541E4,0,1,,,,,,,,,,DETECTED,311.16646,311.16568,311.16769,8.4658,8.3511,8.6567,9.541E4,1.232E4,9.923E3,9.541E4,0.092,1.3321,1.6549,,,2,1
2229,8.4795,8.4567,8.5441,785.42459,785.41852,785.42749,2.259E5,6.636E3,1.478E4,2.259E5,0,1,,,,,,,,,,DETECTED,785.42459,785.41852,785.42749,8.4795,8.4567,8.5441,2.259E5,6.636E3,1.478E4,2.259E5,0.0254,2.2079,1.3993,,,3,1
2231,8.6009,8.5669,8.7169,513.35564,513.35333,513.3595,5.485E5,1.876E4,6.623E3,5.485E5,1,1,102,43,[M-H]-,2,514.36259,2232;2231,,,,DETECTED,513.35564,513.35333,513.3595,8.6009,8.5669,8.7169,5.485E5,1.876E4,6.623E3,5.485E5,0.0269,1.7979,1.5256,1,-0.0035,3,1
2232,8.6009,8.5714,8.6805,559.36047,559.35663,559.36194,1.437E5,4.498E3,6.385E3,1.437E5,0,1,102,43,[M+FA]-,2,514.36259,2232;2231,,,,DETECTED,559.36047,559.35663,559.36194,8.6009,8.5714,8.6805,1.437E5,4.498E3,6.385E3,1.437E5,0.0223,1.4465,1.6781,,,3,1
2233,8.6431,8.6203,8.675,863.49117,863.48346,863.49811,6.977E4,1.96E3,1.045E4,6.977E4,0,1,134,,,,,,,,,DETECTED,863.49117,863.48346,863.49811,8.6431,8.6203,8.675,6.977E4,1.96E3,1.045E4,6.977E4,0.026,1.1998,1.6163,,,3,1
2234,8.6431,8.6158,8.6987,910.49966,910.49207,910.50854,9.404E4,3.104E3,6.525E3,9.404E4,0,1,134,,,,,,,,,DETECTED,910.49966,910.49207,910.50854,8.6431,8.6158,8.6987,9.404E4,3.104E3,6.525E3,9.404E4,0.0284,1.4347,2.3655,,,3,1
2235,8.6659,8.634,8.7123,750.44885,750.44458,750.45135,1.52E5,4.487E3,7.126E3,1.52E5,0,1,,,,,,,,,,DETECTED,750.44885,750.44458,750.45135,8.6659,8.634,8.7123,1.52E5,4.487E3,7.126E3,1.52E5,0.0381,1.153,1.0309,,,3,1
2238,8.7214,8.6896,8.7964,861.47601,861.4704,861.4848,1.575E5,4.578E3,6.761E3,1.575E5,0,1,138,,,,,,,,,DETECTED,861.47601,861.4704,861.4848,8.7214,8.6896,8.7964,1.575E5,4.578E3,6.761E3,1.575E5,0.0216,1.3976,1.2082,,,4,1
2239,8.7214,8.6941,8.7782,879.48617,879.48328,879.49207,1.084E5,3.205E3,5.806E3,1.084E5,0,1,138,44,[M-H]-,2,880.4925,2240;2239,,,,DETECTED,879.48617,879.48328,879.49207,8.7214,8.6941,8.7782,1.084E5,3.205E3,5.806E3,1.084E5,0.0251,1.3839,1.3016,,,3,1
2240,8.7214,8.6987,8.7691,925.48977,925.4823,925.49542,1.162E5,3.164E3,7.502E3,1.162E5,0,1,138,44,[M+FA]-,2,880.4925,2240;2239,,,,DETECTED,925.48977,925.4823,925.49542,8.7214,8.6987,8.7691,1.162E5,3.164E3,7.502E3,1.162E5,0.0224,1.8387,1.9764,,,4,1
2242,8.7782,8.7545,8.8656,455.35017,455.34711,455.35175,7.168E4,2.673E3,7.451E3,7.168E4,0,1,,,,,,,,,,DETECTED,455.35017,455.34711,455.35175,8.7782,8.7545,8.8656,7.168E4,2.673E3,7.451E3,7.168E4,0.0274,2.3429,2.3686,,,2,1
2244,8.7918,8.7691,8.8474,837.49262,837.4881,837.49866,8.102E4,2.155E3,5.85E3,8.102E4,0,1,,,,,,,,,,DETECTED,837.49262,837.4881,837.49866,8.7918,8.7691,8.8474,8.102E4,2.155E3,5.85E3,8.102E4,0.0239,1.3749,1.6061,,,3,1
2245,9.0014,8.9576,9.0379,134.89156,134.89124,134.89178,4.196E5,1.42E4,2.646E4,4.196E5,1,1,21,,,,,,,,,DETECTED,134.89156,134.89124,134.89178,9.0014,8.9576,9.0379,4.196E5,1.42E4,2.646E4,4.196E5,0.0316,0.9064,0.7491,1,-0.0051,5,1
2248,9.0014,8.9621,9.0698,523.33689,523.33484,523.33923,6.976E4,2.743E3,6.262E3,6.976E4,0,1,21,,,,,,,,,DETECTED,523.33689,523.33484,523.33923,9.0014,8.9621,9.0698,6.976E4,2.743E3,6.262E3,6.976E4,0.0299,1.8995,1.4772,,,2,1
2249,9.0014,8.9348,9.0935,555.27498,555.27179,555.27893,3.028E5,9.397E3,5.624E3,3.028E5,1,1,21,,,,,,,,,DETECTED,555.27498,555.27179,555.27893,9.0014,8.9348,9.0935,3.028E5,9.397E3,5.624E3,3.028E5,0.0252,0.944,0.7649,1,0.0087,5,1
2251,9.0059,8.9248,9.19,455.35022,455.34729,455.35275,3.073E5,1.955E4,5.585E3,3.073E5,1,1,21,45,[M-H]-,2,456.35758,2251;2252,,,,DETECTED,455.35022,455.34729,455.35275,9.0059,8.9248,9.19,3.073E5,1.955E4,5.585E3,3.073E5,0.0537,1.4337,1.4203,1,0.0058,3,1
2252,9.0059,8.9348,9.1299,501.35586,501.35358,501.35858,1.301E5,8.067E3,6.459E3,1.301E5,0,1,21,45,[M+FA]-,2,456.35758,2251;2252,,,,DETECTED,501.35586,501.35358,501.35858,9.0059,8.9348,9.1299,1.301E5,8.067E3,6.459E3,1.301E5,0.0405,1.4474,1.5782,,,3,1
2255,9.2911,9.2638,9.3275,747.44632,747.44275,747.44965,7.124E4,1.775E3,6.754E3,7.124E4,0,1,,,,,,,,,,DETECTED,747.44632,747.44275,747.44965,9.2911,9.2638,9.3275,7.124E4,1.775E3,6.754E3,7.124E4,0.0213,2.0433,1.2036,,,3,1
2259,9.3378,9.3139,9.3752,763.43989,763.43719,763.4425,7.04E4,1.657E3,6.845E3,7.04E4,0,1,176,,,,,,,,,DETECTED,763.43989,763.43719,763.4425,9.3378,9.3139,9.3752,7.04E4,1.657E3,6.845E3,7.04E4,0.0178,1.3971,1.4677,,,4,1
2260,9.3433,9.2264,9.3946,325.18205,325.18079,325.18286,8.171E4,5.474E3,1.645E4,8.171E4,0,1,176,,,,,,,,,DETECTED,325.18205,325.18079,325.18286,9.3433,9.2264,9.3946,8.171E4,5.474E3,1.645E4,8.171E4,0.0245,0.7193,0.4386,,,2,1
2261,9.3479,9.3184,9.4037,144.92056,144.92033,144.92064,1.344E6,5.03E4,1.659E5,1.344E6,2,1,73,,,,,,,,,DETECTED,144.92056,144.92033,144.92064,9.3479,9.3184,9.4037,1.344E6,5.03E4,1.659E5,1.344E6,0.033,1.4479,4.3103,2,-0.0181,8,1
2262,9.3479,9.3184,9.4082,145.92046,145.92033,145.92075,1.122E5,4.244E3,1.212E4,1.122E5,0,1,73,,,,,,,,,DETECTED,145.92046,145.92033,145.92075,9.3479,9.3184,9.4082,1.122E5,4.244E3,1.212E4,1.122E5,0.0315,1.5252,58.0218,,,8,1
2264,9.6341,9.6068,9.7079,746.45404,746.44641,746.46045,9.348E4,2.92E3,5.74E3,9.348E4,0,1,,,,,,,,,,DETECTED,746.45404,746.44641,746.46045,9.6341,9.6068,9.7079,9.348E4,2.92E3,5.74E3,9.348E4,0.0257,1.8055,1.8014,,,3,1
2266,10.077,10.0269,10.1325,851.50808,851.49878,851.51324,7.798E4,3.501E3,7.876E3,7.798E4,0,1,,,,,,,,,,DETECTED,851.50808,851.49878,851.51324,10.077,10.0269,10.1325,7.798E4,3.501E3,7.876E3,7.798E4,0.0405,1.0548,0.8916,,,3,1
2267,10.4221,10.3994,10.4959,832.52661,832.52252,832.53113,5.729E4,2.482E3,7.826E3,5.729E4,0,1,,,,,,,,,,DETECTED,832.52661,832.52252,832.53113,10.4221,10.3994,10.4959,5.729E4,2.482E3,7.826E3,5.729E4,0.0496,2.121,4.1406,,,3,1
2268,10.5004,10.3903,10.7718,581.52246,581.51813,581.52557,9.562E4,1.569E4,6.673E3,9.562E4,0,1,,,,,,,,,,DETECTED,581.52246,581.51813,581.52557,10.5004,10.3903,10.7718,9.562E4,1.569E4,6.673E3,9.562E4,0.1438,1.7184,2.4536,,,3,1
2269,10.8323,10.7991,10.9479,981.57629,981.56934,981.57935,5.073E5,1.71E4,6.686E3,5.073E5,0,1,28,,,,,,,,,DETECTED,981.57629,981.56934,981.57935,10.8323,10.7991,10.9479,5.073E5,1.71E4,6.686E3,5.073E5,0.0246,2.0726,3.9349,,,4,1
2270,10.8323,10.8037,10.8469,983.57866,983.5719,983.58386,8.401E4,2.018E3,1.086E4,8.401E4,0,1,28,,,,,,,,,DETECTED,983.57866,983.5719,983.58386,10.8323,10.8037,10.8469,8.401E4,2.018E3,1.086E4,8.401E4,0.024,0.755,0.593,,,4,1
2271,11.2093,11.1852,11.3401,819.52204,819.51666,819.52667,9.716E5,3.094E4,8.453E3,9.716E5,1,1,85,,,,,,,,,DETECTED,819.52204,819.51666,819.52667,11.2093,11.1852,11.3401,9.716E5,3.094E4,8.453E3,9.716E5,0.0267,2.4919,2.9698,1,-0.0035,6,1
2272,11.2093,11.1943,11.2366,821.52445,821.52167,821.52637,1.187E5,2.906E3,3.083E4,1.187E5,0,1,85,,,,,,,,,DETECTED,821.52445,821.52167,821.52637,11.2093,11.1943,11.2366,1.187E5,2.906E3,3.083E4,1.187E5,0.0285,1.4139,1.8279,,,6,1
2274,11.2797,11.2457,11.3343,621.43287,621.42743,621.43604,5.133E4,1.954E3,5.486E3,5.133E4,0,1,,,,,,,,,,DETECTED,621.43287,621.42743,621.43604,11.2797,11.2457,11.3343,5.133E4,1.954E3,5.486E3,5.133E4,0.0255,1.3033,1.3647,,,2,1
2275,11.4343,11.3024,11.4673,312.83362,312.83304,312.83417,6.667E4,6.245E3,1.785E4,6.667E4,0,1,,,,,,,,,,DETECTED,312.83362,312.83304,312.83417,11.4343,11.3024,11.4673,6.667E4,6.245E3,1.785E4,6.667E4,0.0726,0.6253,0.2506,,,3,1
2277,11.5708,11.5468,11.6172,821.53483,821.5332,821.5412,1.338E5,3.485E3,9.062E3,1.338E5,0,1,,,,,,,,,,DETECTED,821.53483,821.5332,821.5412,11.5708,11.5468,11.6172,1.338E5,3.485E3,9.062E3,1.338E5,0.0236,1.625,2.2972,,,3,1
